{"credit":"Made with Blockbench","texture_size":[32,32],"textures":{"0":"elitecreatures:azgad_weapon/azgadtex4","7":"elitecreatures:azgad_weapon/azgadtex8","8":"elitecreatures:azgad_weapon/flare","particle":"elitecreatures:azgad_weapon/azgadtex4"},"elements":[{"from":[7,-7,7],"to":[9,2,9],"rotation":{"angle":0,"axis":"y","origin":[0,-3,0]},"faces":{"north":{"uv":[9.75,0,8.75,4.5],"texture":"#0"},"east":{"uv":[8.75,0,7.75,4.5],"texture":"#0"},"south":{"uv":[9.75,0,8.75,4.5],"texture":"#0"},"west":{"uv":[7.75,0,8.75,4.5],"texture":"#0"},"up":{"uv":[9.75,4.5,8.75,5.5],"rotation":90,"texture":"#0"},"down":{"uv":[9.75,5.5,8.75,4.5],"rotation":270,"texture":"#0"}}},{"from":[-1.7,-10,3.3],"to":[-1.7,-7,6.1],"rotation":{"angle":-45,"axis":"y","origin":[-0.3,-4,16.1]},"faces":{"north":{"uv":[6,0,6,7.25],"texture":"#0"},"east":{"uv":[16,4,14,5.5],"texture":"#0"},"south":{"uv":[6.5,0,6.5,7.25],"texture":"#0"},"west":{"uv":[14,4,16,5.5],"texture":"#0"},"up":{"uv":[7,0,10.5,0],"rotation":90,"texture":"#0"},"down":{"uv":[7,0.5,10.5,0.5],"rotation":270,"texture":"#0"}}},{"from":[-1.6,-7.5,3.3],"to":[-1.6,-4.5,6.1],"rotation":{"angle":-45,"axis":"y","origin":[-0.2,-2,16.1]},"faces":{"north":{"uv":[6,0,6,7.25],"texture":"#0"},"east":{"uv":[16,4,14,5.5],"texture":"#0"},"south":{"uv":[6.5,0,6.5,7.25],"texture":"#0"},"west":{"uv":[14,4,16,5.5],"texture":"#0"},"up":{"uv":[7,0,10.5,0],"rotation":90,"texture":"#0"},"down":{"uv":[7,0.5,10.5,0.5],"rotation":270,"texture":"#0"}}},{"from":[-1.6,-10,10],"to":[-1.6,-7,13],"rotation":{"angle":45,"axis":"y","origin":[-0.3,-4,0.1]},"faces":{"north":{"uv":[6.5,0,6.5,7.25],"texture":"#0"},"east":{"uv":[14,4,16,5.5],"texture":"#0"},"south":{"uv":[6,0,6,7.25],"texture":"#0"},"west":{"uv":[16,4,14,5.5],"texture":"#0"},"up":{"uv":[10.5,0,7,0],"rotation":90,"texture":"#0"},"down":{"uv":[10.5,0.5,7,0.5],"rotation":270,"texture":"#0"}}},{"from":[17.8,-10,10],"to":[17.8,-7,13],"rotation":{"angle":-45,"axis":"y","origin":[16.5,-4,0.1]},"faces":{"north":{"uv":[6.5,0,6.5,7.25],"texture":"#0"},"east":{"uv":[14,4,16,5.5],"texture":"#0"},"south":{"uv":[6,0,6,7.25],"texture":"#0"},"west":{"uv":[16,4,14,5.5],"texture":"#0"},"up":{"uv":[10.5,0,7,0],"rotation":90,"texture":"#0"},"down":{"uv":[10.5,0.5,7,0.5],"rotation":270,"texture":"#0"}}},{"from":[17.9,-10,3.3],"to":[17.9,-7,6.1],"rotation":{"angle":45,"axis":"y","origin":[16.5,-4,16.1]},"faces":{"north":{"uv":[6,0,6,7.25],"texture":"#0"},"east":{"uv":[16,4,14,5.5],"texture":"#0"},"south":{"uv":[6.5,0,6.5,7.25],"texture":"#0"},"west":{"uv":[14,4,16,5.5],"texture":"#0"},"up":{"uv":[7,0,10.5,0],"rotation":90,"texture":"#0"},"down":{"uv":[7,0.5,10.5,0.5],"rotation":270,"texture":"#0"}}},{"from":[17.7,-7.5,10],"to":[17.7,-4.5,13],"rotation":{"angle":-45,"axis":"y","origin":[16.4,-2,0.1]},"faces":{"north":{"uv":[6.5,0,6.5,7.25],"texture":"#0"},"east":{"uv":[14,4,16,5.5],"texture":"#0"},"south":{"uv":[6,0,6,7.25],"texture":"#0"},"west":{"uv":[16,4,14,5.5],"texture":"#0"},"up":{"uv":[10.5,0,7,0],"rotation":90,"texture":"#0"},"down":{"uv":[10.5,0.5,7,0.5],"rotation":270,"texture":"#0"}}},{"from":[-1.5,-7.5,10],"to":[-1.5,-4.5,13],"rotation":{"angle":45,"axis":"y","origin":[-0.2,-2,0.1]},"faces":{"north":{"uv":[6.5,0,6.5,7.25],"texture":"#0"},"east":{"uv":[14,4,16,5.5],"texture":"#0"},"south":{"uv":[6,0,6,7.25],"texture":"#0"},"west":{"uv":[16,4,14,5.5],"texture":"#0"},"up":{"uv":[10.5,0,7,0],"rotation":90,"texture":"#0"},"down":{"uv":[10.5,0.5,7,0.5],"rotation":270,"texture":"#0"}}},{"from":[17.8,-7.5,3.3],"to":[17.8,-4.5,6.1],"rotation":{"angle":45,"axis":"y","origin":[16.4,-2,16.1]},"faces":{"north":{"uv":[6,0,6,7.25],"texture":"#0"},"east":{"uv":[16,4,14,5.5],"texture":"#0"},"south":{"uv":[6.5,0,6.5,7.25],"texture":"#0"},"west":{"uv":[14,4,16,5.5],"texture":"#0"},"up":{"uv":[7,0,10.5,0],"rotation":90,"texture":"#0"},"down":{"uv":[7,0.5,10.5,0.5],"rotation":270,"texture":"#0"}}},{"from":[3.1,7,8],"to":[6.1,9.8,8],"rotation":{"angle":0,"axis":"y","origin":[8.6,9,16.1]},"faces":{"north":{"uv":[14,5.5,16,4],"rotation":90,"texture":"#0"},"east":{"uv":[7,0,10.5,0],"rotation":90,"texture":"#0"},"south":{"uv":[16,5.5,14,4],"rotation":270,"texture":"#0"},"west":{"uv":[7,0.5,10.5,0.5],"rotation":90,"texture":"#0"},"up":{"uv":[6,7.25,6,0],"rotation":270,"texture":"#0"},"down":{"uv":[6.5,7.25,6.5,0],"rotation":270,"texture":"#0"}}},{"from":[3.1,4.1,8],"to":[6.1,7.1,8],"rotation":{"angle":0,"axis":"y","origin":[8.6,25,16.1]},"faces":{"north":{"uv":[16,5.5,14,4],"rotation":90,"texture":"#0"},"east":{"uv":[10.5,0,7,0],"rotation":90,"texture":"#0"},"south":{"uv":[14,5.5,16,4],"rotation":270,"texture":"#0"},"west":{"uv":[10.5,0.5,7,0.5],"rotation":90,"texture":"#0"},"up":{"uv":[6.5,7.25,6.5,0],"rotation":270,"texture":"#0"},"down":{"uv":[6,7.25,6,0],"rotation":270,"texture":"#0"}}},{"from":[9.9,7,8],"to":[12.9,9.8,8],"rotation":{"angle":0,"axis":"y","origin":[19.4,9,16.1]},"faces":{"north":{"uv":[14,4,16,5.5],"rotation":90,"texture":"#0"},"east":{"uv":[7,0.5,10.5,0.5],"rotation":90,"texture":"#0"},"south":{"uv":[16,4,14,5.5],"rotation":270,"texture":"#0"},"west":{"uv":[7,0,10.5,0],"rotation":90,"texture":"#0"},"up":{"uv":[6,0,6,7.25],"rotation":270,"texture":"#0"},"down":{"uv":[6.5,0,6.5,7.25],"rotation":270,"texture":"#0"}}},{"from":[9.9,4.1,8],"to":[12.9,7.1,8],"rotation":{"angle":0,"axis":"y","origin":[19.4,25,16.1]},"faces":{"north":{"uv":[16,4,14,5.5],"rotation":90,"texture":"#0"},"east":{"uv":[10.5,0.5,7,0.5],"rotation":90,"texture":"#0"},"south":{"uv":[14,4,16,5.5],"rotation":270,"texture":"#0"},"west":{"uv":[10.5,0,7,0],"rotation":90,"texture":"#0"},"up":{"uv":[6.5,0,6.5,7.25],"rotation":270,"texture":"#0"},"down":{"uv":[6,0,6,7.25],"rotation":270,"texture":"#0"}}},{"from":[8,4.1,9.4],"to":[8,7.1,12.4],"rotation":{"angle":0,"axis":"y","origin":[8.6,25,-0.1]},"faces":{"north":{"uv":[10.5,0,7,0],"rotation":90,"texture":"#0"},"east":{"uv":[16,4,14,5.5],"rotation":90,"texture":"#0"},"south":{"uv":[10.5,0.5,7,0.5],"rotation":90,"texture":"#0"},"west":{"uv":[14,4,16,5.5],"rotation":270,"texture":"#0"},"up":{"uv":[6.5,0,6.5,7.25],"texture":"#0"},"down":{"uv":[6,0,6,7.25],"rotation":180,"texture":"#0"}}},{"from":[8,7,9.4],"to":[8,9.8,12.4],"rotation":{"angle":0,"axis":"y","origin":[8.6,9,-0.1]},"faces":{"north":{"uv":[7,0,10.5,0],"rotation":90,"texture":"#0"},"east":{"uv":[14,4,16,5.5],"rotation":90,"texture":"#0"},"south":{"uv":[7,0.5,10.5,0.5],"rotation":90,"texture":"#0"},"west":{"uv":[16,4,14,5.5],"rotation":270,"texture":"#0"},"up":{"uv":[6,0,6,7.25],"texture":"#0"},"down":{"uv":[6.5,0,6.5,7.25],"rotation":180,"texture":"#0"}}},{"from":[10,7,11.4],"to":[10,9.8,14.4],"rotation":{"angle":45,"axis":"y","origin":[8,7,10.9]},"faces":{"north":{"uv":[7,0,10.5,0],"rotation":90,"texture":"#0"},"east":{"uv":[14,4,16,5.5],"rotation":90,"texture":"#0"},"south":{"uv":[7,0.5,10.5,0.5],"rotation":90,"texture":"#0"},"west":{"uv":[16,4,14,5.5],"rotation":270,"texture":"#0"},"up":{"uv":[6,0,6,7.25],"texture":"#0"},"down":{"uv":[6.5,0,6.5,7.25],"rotation":180,"texture":"#0"}}},{"from":[10,4.1,11.4],"to":[10,7.1,14.4],"rotation":{"angle":45,"axis":"y","origin":[8,7,10.9]},"faces":{"north":{"uv":[10.5,0,7,0],"rotation":90,"texture":"#0"},"east":{"uv":[16,4,14,5.5],"rotation":90,"texture":"#0"},"south":{"uv":[10.5,0.5,7,0.5],"rotation":90,"texture":"#0"},"west":{"uv":[14,4,16,5.5],"rotation":270,"texture":"#0"},"up":{"uv":[6.5,0,6.5,7.25],"texture":"#0"},"down":{"uv":[6,0,6,7.25],"rotation":180,"texture":"#0"}}},{"from":[9.5,7,20],"to":[9.5,9.8,23],"rotation":{"angle":-45,"axis":"y","origin":[20,7,10.9]},"faces":{"north":{"uv":[7,0,10.5,0],"rotation":90,"texture":"#0"},"east":{"uv":[16,5.5,14,4],"rotation":270,"texture":"#0"},"south":{"uv":[7,0.5,10.5,0.5],"rotation":90,"texture":"#0"},"west":{"uv":[14,5.5,16,4],"rotation":90,"texture":"#0"},"up":{"uv":[6,0,6,7.25],"texture":"#0"},"down":{"uv":[6.5,0,6.5,7.25],"rotation":180,"texture":"#0"}}},{"from":[9.5,4.1,20],"to":[9.5,7.1,23],"rotation":{"angle":-45,"axis":"y","origin":[20,7,10.9]},"faces":{"north":{"uv":[10.5,0,7,0],"rotation":90,"texture":"#0"},"east":{"uv":[14,5.5,16,4],"rotation":270,"texture":"#0"},"south":{"uv":[10.5,0.5,7,0.5],"rotation":90,"texture":"#0"},"west":{"uv":[16,5.5,14,4],"rotation":90,"texture":"#0"},"up":{"uv":[6.5,0,6.5,7.25],"texture":"#0"},"down":{"uv":[6,0,6,7.25],"rotation":180,"texture":"#0"}}},{"from":[8,4.1,3.6],"to":[8,7.1,6.6],"rotation":{"angle":0,"axis":"y","origin":[8.6,25,16.1]},"faces":{"north":{"uv":[10.5,0.5,7,0.5],"rotation":90,"texture":"#0"},"east":{"uv":[16,5.5,14,4],"rotation":90,"texture":"#0"},"south":{"uv":[10.5,0,7,0],"rotation":90,"texture":"#0"},"west":{"uv":[14,5.5,16,4],"rotation":270,"texture":"#0"},"up":{"uv":[6.5,7.25,6.5,0],"texture":"#0"},"down":{"uv":[6,7.25,6,0],"rotation":180,"texture":"#0"}}},{"from":[8,7,3.6],"to":[8,9.8,6.6],"rotation":{"angle":0,"axis":"y","origin":[8.6,9,16.1]},"faces":{"north":{"uv":[7,0.5,10.5,0.5],"rotation":90,"texture":"#0"},"east":{"uv":[14,5.5,16,4],"rotation":90,"texture":"#0"},"south":{"uv":[7,0,10.5,0],"rotation":90,"texture":"#0"},"west":{"uv":[16,5.5,14,4],"rotation":270,"texture":"#0"},"up":{"uv":[6,7.25,6,0],"texture":"#0"},"down":{"uv":[6.5,7.25,6.5,0],"rotation":180,"texture":"#0"}}},{"from":[10,4.1,1.6],"to":[10,7.1,4.6],"rotation":{"angle":-45,"axis":"y","origin":[8,7,5.1]},"faces":{"north":{"uv":[10.5,0.5,7,0.5],"rotation":90,"texture":"#0"},"east":{"uv":[16,5.5,14,4],"rotation":90,"texture":"#0"},"south":{"uv":[10.5,0,7,0],"rotation":90,"texture":"#0"},"west":{"uv":[14,5.5,16,4],"rotation":270,"texture":"#0"},"up":{"uv":[6.5,7.25,6.5,0],"texture":"#0"},"down":{"uv":[6,7.25,6,0],"rotation":180,"texture":"#0"}}},{"from":[10,7,1.6],"to":[10,9.8,4.6],"rotation":{"angle":-45,"axis":"y","origin":[8,7,5.1]},"faces":{"north":{"uv":[7,0.5,10.5,0.5],"rotation":90,"texture":"#0"},"east":{"uv":[14,5.5,16,4],"rotation":90,"texture":"#0"},"south":{"uv":[7,0,10.5,0],"rotation":90,"texture":"#0"},"west":{"uv":[16,5.5,14,4],"rotation":270,"texture":"#0"},"up":{"uv":[6,7.25,6,0],"texture":"#0"},"down":{"uv":[6.5,7.25,6.5,0],"rotation":180,"texture":"#0"}}},{"from":[9.5,7,-7],"to":[9.5,9.8,-4],"rotation":{"angle":45,"axis":"y","origin":[20,7,5.1]},"faces":{"north":{"uv":[7,0.5,10.5,0.5],"rotation":90,"texture":"#0"},"east":{"uv":[16,4,14,5.5],"rotation":270,"texture":"#0"},"south":{"uv":[7,0,10.5,0],"rotation":90,"texture":"#0"},"west":{"uv":[14,4,16,5.5],"rotation":90,"texture":"#0"},"up":{"uv":[6,7.25,6,0],"texture":"#0"},"down":{"uv":[6.5,7.25,6.5,0],"rotation":180,"texture":"#0"}}},{"from":[9.5,4.1,-7],"to":[9.5,7.1,-4],"rotation":{"angle":45,"axis":"y","origin":[20,7,5.1]},"faces":{"north":{"uv":[10.5,0.5,7,0.5],"rotation":90,"texture":"#0"},"east":{"uv":[14,4,16,5.5],"rotation":270,"texture":"#0"},"south":{"uv":[10.5,0,7,0],"rotation":90,"texture":"#0"},"west":{"uv":[16,4,14,5.5],"rotation":90,"texture":"#0"},"up":{"uv":[6.5,7.25,6.5,0],"texture":"#0"},"down":{"uv":[6,7.25,6,0],"rotation":180,"texture":"#0"}}},{"from":[3.1,-10.5,-1.6],"to":[6.1,-7.5,-1.6],"rotation":{"angle":45,"axis":"y","origin":[16,-5,-0.3]},"faces":{"north":{"uv":[16,4,14,5.5],"texture":"#0"},"east":{"uv":[6.5,0,6.5,7.25],"texture":"#0"},"south":{"uv":[14,4,16,5.5],"texture":"#0"},"west":{"uv":[6,0,6,7.25],"texture":"#0"},"up":{"uv":[7,0,10.5,0],"texture":"#0"},"down":{"uv":[7,0.5,10.5,0.5],"texture":"#0"}}},{"from":[3.1,-8,-1.5],"to":[6.1,-5,-1.5],"rotation":{"angle":45,"axis":"y","origin":[16,-2.5,-0.2]},"faces":{"north":{"uv":[16,4,14,5.5],"texture":"#0"},"east":{"uv":[6.5,0,6.5,7.25],"texture":"#0"},"south":{"uv":[14,4,16,5.5],"texture":"#0"},"west":{"uv":[6,0,6,7.25],"texture":"#0"},"up":{"uv":[7,0,10.5,0],"texture":"#0"},"down":{"uv":[7,0.5,10.5,0.5],"texture":"#0"}}},{"from":[10,-10.5,-1.7],"to":[12.8,-7.5,-1.7],"rotation":{"angle":-45,"axis":"y","origin":[0,-5,-0.3]},"faces":{"north":{"uv":[14,4,16,5.5],"texture":"#0"},"east":{"uv":[6,0,6,7.25],"texture":"#0"},"south":{"uv":[16,4,14,5.5],"texture":"#0"},"west":{"uv":[6.5,0,6.5,7.25],"texture":"#0"},"up":{"uv":[10.5,0,7,0],"texture":"#0"},"down":{"uv":[10.5,0.5,7,0.5],"texture":"#0"}}},{"from":[10,-8,-1.6],"to":[12.8,-5,-1.6],"rotation":{"angle":-45,"axis":"y","origin":[0,-2.5,-0.2]},"faces":{"north":{"uv":[14,4,16,5.5],"texture":"#0"},"east":{"uv":[6,0,6,7.25],"texture":"#0"},"south":{"uv":[16,4,14,5.5],"texture":"#0"},"west":{"uv":[6.5,0,6.5,7.25],"texture":"#0"},"up":{"uv":[10.5,0,7,0],"texture":"#0"},"down":{"uv":[10.5,0.5,7,0.5],"texture":"#0"}}},{"from":[3.1,-10.5,17.6],"to":[6.1,-7.5,17.6],"rotation":{"angle":-45,"axis":"y","origin":[16,-5,16.3]},"faces":{"north":{"uv":[16,4,14,5.5],"texture":"#0"},"east":{"uv":[6.5,0,6.5,7.25],"texture":"#0"},"south":{"uv":[14,4,16,5.5],"texture":"#0"},"west":{"uv":[6,0,6,7.25],"texture":"#0"},"up":{"uv":[7,0,10.5,0],"texture":"#0"},"down":{"uv":[7,0.5,10.5,0.5],"texture":"#0"}}},{"from":[3.1,-8,17.5],"to":[6.1,-5,17.5],"rotation":{"angle":-45,"axis":"y","origin":[16,-2.5,16.2]},"faces":{"north":{"uv":[16,4,14,5.5],"texture":"#0"},"east":{"uv":[6.5,0,6.5,7.25],"texture":"#0"},"south":{"uv":[14,4,16,5.5],"texture":"#0"},"west":{"uv":[6,0,6,7.25],"texture":"#0"},"up":{"uv":[7,0,10.5,0],"texture":"#0"},"down":{"uv":[7,0.5,10.5,0.5],"texture":"#0"}}},{"from":[10,-10.5,17.7],"to":[12.8,-7.5,17.7],"rotation":{"angle":45,"axis":"y","origin":[0,-5,16.3]},"faces":{"north":{"uv":[14,4,16,5.5],"texture":"#0"},"east":{"uv":[6,0,6,7.25],"texture":"#0"},"south":{"uv":[16,4,14,5.5],"texture":"#0"},"west":{"uv":[6.5,0,6.5,7.25],"texture":"#0"},"up":{"uv":[10.5,0,7,0],"texture":"#0"},"down":{"uv":[10.5,0.5,7,0.5],"texture":"#0"}}},{"from":[10,-8,17.6],"to":[12.8,-5,17.6],"rotation":{"angle":45,"axis":"y","origin":[0,-2.5,16.2]},"faces":{"north":{"uv":[14,4,16,5.5],"texture":"#0"},"east":{"uv":[6,0,6,7.25],"texture":"#0"},"south":{"uv":[16,4,14,5.5],"texture":"#0"},"west":{"uv":[6.5,0,6.5,7.25],"texture":"#0"},"up":{"uv":[10.5,0,7,0],"texture":"#0"},"down":{"uv":[10.5,0.5,7,0.5],"texture":"#0"}}},{"from":[12.3,1,6.9],"to":[14.3,3,9.1],"rotation":{"angle":-45,"axis":"z","origin":[0,4,0]},"faces":{"north":{"uv":[8.75,4.5,7.75,5.5],"texture":"#0"},"east":{"uv":[8.75,5.5,7.75,6.5],"texture":"#0"},"south":{"uv":[8.75,4.5,7.75,5.5],"texture":"#0"},"west":{"uv":[8.75,5.5,7.75,6.5],"texture":"#0"},"up":{"uv":[7.75,6.5,8.75,5.5],"rotation":90,"texture":"#0"},"down":{"uv":[7.75,6.5,8.75,5.5],"rotation":270,"texture":"#0"}}},{"from":[13.3,0,7],"to":[15.3,2,9],"rotation":{"angle":-45,"axis":"z","origin":[0,4,0]},"faces":{"north":{"uv":[8.75,4.5,7.75,5.5],"texture":"#0"},"east":{"uv":[8.75,5.5,7.75,6.5],"texture":"#0"},"south":{"uv":[8.75,4.5,7.75,5.5],"texture":"#0"},"west":{"uv":[8.75,5.5,7.75,6.5],"texture":"#0"},"up":{"uv":[7.75,6.5,8.75,5.5],"rotation":90,"texture":"#0"},"down":{"uv":[7.75,6.5,8.75,5.5],"rotation":270,"texture":"#0"}}},{"from":[6.5,-13,8],"to":[9.5,-7,8],"rotation":{"angle":0,"axis":"y","origin":[0,4,0]},"faces":{"north":{"uv":[13.75,4,12.25,7],"texture":"#0"},"east":{"uv":[12.25,4,12.25,7],"texture":"#0"},"south":{"uv":[13.75,4,12.25,7],"texture":"#0"},"west":{"uv":[12.25,4,12.25,7],"texture":"#0"},"up":{"uv":[12,6,12,4],"rotation":90,"texture":"#0"},"down":{"uv":[12,6,12,4],"rotation":270,"texture":"#0"}}},{"from":[8,-13,7],"to":[8,-7,9],"rotation":{"angle":0,"axis":"y","origin":[0,4,0]},"faces":{"north":{"uv":[12.25,4,12.25,7],"texture":"#0"},"east":{"uv":[13.5,4,12.5,7],"texture":"#0"},"south":{"uv":[12.25,4,12.25,7],"texture":"#0"},"west":{"uv":[13.5,4,12.5,7],"texture":"#0"},"up":{"uv":[12,4,12,6],"rotation":180,"texture":"#0"},"down":{"uv":[12,4,12,6],"rotation":180,"texture":"#0"}}},{"from":[6,2,6],"to":[10,12,10],"rotation":{"angle":0,"axis":"y","origin":[6,0,0]},"faces":{"north":{"uv":[7.5,3,9.5,8],"texture":"#7"},"east":{"uv":[7.5,3,9.5,8],"texture":"#7"},"south":{"uv":[7.5,3,9.5,8],"texture":"#7"},"west":{"uv":[7.5,3,9.5,8],"texture":"#7"},"up":{"uv":[7.5,8,9.5,10],"texture":"#7"},"down":{"uv":[7.5,8,9.5,10],"texture":"#7"}}},{"from":[-2.63613,9,7.91131],"to":[6.36387,18,7.91131],"rotation":{"angle":0,"axis":"y","origin":[-1.13613,24.5,12.91131]},"faces":{"north":{"uv":[0,7,9,16],"texture":"#8"},"east":{"uv":[0,9.5,0,0],"texture":"#8"},"south":{"uv":[9,7,0,16],"texture":"#8"},"west":{"uv":[0,9.5,0,0],"texture":"#8"},"up":{"uv":[0,0,5.5,0],"rotation":180,"texture":"#8"},"down":{"uv":[0,0,5.5,0],"rotation":180,"texture":"#8"}}},{"from":[7,12,7],"to":[9,14,9],"rotation":{"angle":0,"axis":"y","origin":[15,5.75,8]},"faces":{"north":{"uv":[7.75,2.25,8.75,1.25],"texture":"#0"},"east":{"uv":[8.75,2.25,7.75,1.25],"texture":"#0"},"south":{"uv":[8.75,2.25,7.75,1.25],"texture":"#0"},"west":{"uv":[8.75,2.25,7.75,1.25],"texture":"#0"},"up":{"uv":[9.75,4.5,8.75,5.5],"rotation":180,"texture":"#0"},"down":{"uv":[9.75,5.5,8.75,4.5],"rotation":180,"texture":"#0"}}}],"gui_light":"front","display":{"thirdperson_righthand":{"translation":[0,10.5,2],"scale":[0.7,0.7,0.7]},"thirdperson_lefthand":{"translation":[0,10.5,2],"scale":[0.7,0.7,0.7]},"firstperson_righthand":{"rotation":[-165,80,170],"translation":[2.25,6.75,-1.25],"scale":[0.63672,0.63672,0.63672]},"firstperson_lefthand":{"rotation":[-165,80,170],"translation":[2.25,6.75,-1.25],"scale":[0.63672,0.63672,0.63672]},"ground":{"rotation":[45,0,0],"translation":[0,5.25,0],"scale":[0.35,0.35,0.35]},"gui":{"rotation":[0,0,-45],"translation":[3.75,3.5,-2],"scale":[0.715,0.715,0.715]},"head":{"rotation":[-135.5,0,0],"translation":[0,20.5,4.75],"scale":[0,0,0]},"fixed":{"rotation":[0,-90,0],"translation":[-0.5,9.25,-4.75],"scale":[1.4,1.4,1.4]}},"groups":[0,{"name":"group","origin":[16.2,1,0.1],"color":0,"children":[1,2,3,4,5,6,7,8,{"name":"group","origin":[13.4,27,16.1],"color":0,"children":[9,10,11,12]},{"name":"group","origin":[14,9,10.9],"color":0,"children":[13,14,15,16,17,18]},{"name":"group","origin":[14,9,5.1],"color":0,"children":[19,20,21,22,23,24]},{"name":"group","origin":[16,0,-0.2],"color":0,"children":[25,26,27,28]},{"name":"group","origin":[16,0,-0.2],"color":0,"children":[29,30,31,32]}]},33,34,35,36,37,38,39]}