{"credit":"Made with Blockbench","textures":{"0":"elitecreatures:azgad_weapon/azgadtex4","2":"elitecreatures:azgad_weapon/azgadtex1","4":"elitecreatures:azgad_weapon/azgadtex6","6":"elitecreatures:azgad_weapon/eye","7":"elitecreatures:azgad_weapon/azgadtex8","8":"elitecreatures:azgad_weapon/flare","particle":"elitecreatures:azgad_weapon/azgadtex4"},"elements":[{"from":[7,-10,7],"to":[9,-1,9],"rotation":{"angle":0,"axis":"y","origin":[0,-6,0]},"faces":{"north":{"uv":[9.75,0,8.75,4.5],"texture":"#0"},"east":{"uv":[8.75,0,7.75,4.5],"texture":"#0"},"south":{"uv":[9.75,0,8.75,4.5],"texture":"#0"},"west":{"uv":[7.75,0,8.75,4.5],"texture":"#0"},"up":{"uv":[9.75,4.5,8.75,5.5],"rotation":90,"texture":"#0"},"down":{"uv":[9.75,5.5,8.75,4.5],"rotation":270,"texture":"#0"}}},{"from":[7,-1,7],"to":[9,8,9],"rotation":{"angle":0,"axis":"y","origin":[0,-6,0]},"faces":{"north":{"uv":[9.75,0,8.75,4.5],"texture":"#0"},"east":{"uv":[8.75,0,7.75,4.5],"texture":"#0"},"south":{"uv":[9.75,0,8.75,4.5],"texture":"#0"},"west":{"uv":[7.75,0,8.75,4.5],"texture":"#0"},"up":{"uv":[9.75,4.5,8.75,5.5],"rotation":90,"texture":"#0"},"down":{"uv":[9.75,5.5,8.75,4.5],"rotation":270,"texture":"#0"}}},{"from":[7,8,7],"to":[9,17,9],"rotation":{"angle":0,"axis":"y","origin":[0,-6,0]},"faces":{"north":{"uv":[9.75,0,8.75,4.5],"texture":"#0"},"east":{"uv":[8.75,0,7.75,4.5],"texture":"#0"},"south":{"uv":[9.75,0,8.75,4.5],"texture":"#0"},"west":{"uv":[7.75,0,8.75,4.5],"texture":"#0"},"up":{"uv":[9.75,4.5,8.75,5.5],"rotation":90,"texture":"#0"},"down":{"uv":[9.75,5.5,8.75,4.5],"rotation":270,"texture":"#0"}}},{"from":[-1.7,-6,3.3],"to":[-1.7,-3,6.1],"rotation":{"angle":-45,"axis":"y","origin":[-0.3,0,16.1]},"faces":{"north":{"uv":[6,0,6,7.25],"texture":"#0"},"east":{"uv":[16,4,14,5.5],"texture":"#0"},"south":{"uv":[6.5,0,6.5,7.25],"texture":"#0"},"west":{"uv":[14,4,16,5.5],"texture":"#0"},"up":{"uv":[7,0,10.5,0],"rotation":90,"texture":"#0"},"down":{"uv":[7,0.5,10.5,0.5],"rotation":270,"texture":"#0"}}},{"from":[-1.6,-3.5,3.3],"to":[-1.6,-0.5,6.1],"rotation":{"angle":-45,"axis":"y","origin":[-0.2,2,16.1]},"faces":{"north":{"uv":[6,0,6,7.25],"texture":"#0"},"east":{"uv":[16,4,14,5.5],"texture":"#0"},"south":{"uv":[6.5,0,6.5,7.25],"texture":"#0"},"west":{"uv":[14,4,16,5.5],"texture":"#0"},"up":{"uv":[7,0,10.5,0],"rotation":90,"texture":"#0"},"down":{"uv":[7,0.5,10.5,0.5],"rotation":270,"texture":"#0"}}},{"from":[-1.6,-6,10],"to":[-1.6,-3,13],"rotation":{"angle":45,"axis":"y","origin":[-0.3,0,0.1]},"faces":{"north":{"uv":[6.5,0,6.5,7.25],"texture":"#0"},"east":{"uv":[14,4,16,5.5],"texture":"#0"},"south":{"uv":[6,0,6,7.25],"texture":"#0"},"west":{"uv":[16,4,14,5.5],"texture":"#0"},"up":{"uv":[10.5,0,7,0],"rotation":90,"texture":"#0"},"down":{"uv":[10.5,0.5,7,0.5],"rotation":270,"texture":"#0"}}},{"from":[17.8,-6,10],"to":[17.8,-3,13],"rotation":{"angle":-45,"axis":"y","origin":[16.5,0,0.1]},"faces":{"north":{"uv":[6.5,0,6.5,7.25],"texture":"#0"},"east":{"uv":[14,4,16,5.5],"texture":"#0"},"south":{"uv":[6,0,6,7.25],"texture":"#0"},"west":{"uv":[16,4,14,5.5],"texture":"#0"},"up":{"uv":[10.5,0,7,0],"rotation":90,"texture":"#0"},"down":{"uv":[10.5,0.5,7,0.5],"rotation":270,"texture":"#0"}}},{"from":[17.9,-6,3.3],"to":[17.9,-3,6.1],"rotation":{"angle":45,"axis":"y","origin":[16.5,0,16.1]},"faces":{"north":{"uv":[6,0,6,7.25],"texture":"#0"},"east":{"uv":[16,4,14,5.5],"texture":"#0"},"south":{"uv":[6.5,0,6.5,7.25],"texture":"#0"},"west":{"uv":[14,4,16,5.5],"texture":"#0"},"up":{"uv":[7,0,10.5,0],"rotation":90,"texture":"#0"},"down":{"uv":[7,0.5,10.5,0.5],"rotation":270,"texture":"#0"}}},{"from":[17.7,-3.5,10],"to":[17.7,-0.5,13],"rotation":{"angle":-45,"axis":"y","origin":[16.4,2,0.1]},"faces":{"north":{"uv":[6.5,0,6.5,7.25],"texture":"#0"},"east":{"uv":[14,4,16,5.5],"texture":"#0"},"south":{"uv":[6,0,6,7.25],"texture":"#0"},"west":{"uv":[16,4,14,5.5],"texture":"#0"},"up":{"uv":[10.5,0,7,0],"rotation":90,"texture":"#0"},"down":{"uv":[10.5,0.5,7,0.5],"rotation":270,"texture":"#0"}}},{"from":[17.8,-3.5,3.3],"to":[17.8,-0.5,6.1],"rotation":{"angle":45,"axis":"y","origin":[16.4,2,16.1]},"faces":{"north":{"uv":[6,0,6,7.25],"texture":"#0"},"east":{"uv":[16,4,14,5.5],"texture":"#0"},"south":{"uv":[6.5,0,6.5,7.25],"texture":"#0"},"west":{"uv":[14,4,16,5.5],"texture":"#0"},"up":{"uv":[7,0,10.5,0],"rotation":90,"texture":"#0"},"down":{"uv":[7,0.5,10.5,0.5],"rotation":270,"texture":"#0"}}},{"from":[-1.5,-3.5,10],"to":[-1.5,-0.5,13],"rotation":{"angle":45,"axis":"y","origin":[-0.2,2,0.1]},"faces":{"north":{"uv":[6.5,0,6.5,7.25],"texture":"#0"},"east":{"uv":[14,4,16,5.5],"texture":"#0"},"south":{"uv":[6,0,6,7.25],"texture":"#0"},"west":{"uv":[16,4,14,5.5],"texture":"#0"},"up":{"uv":[10.5,0,7,0],"rotation":90,"texture":"#0"},"down":{"uv":[10.5,0.5,7,0.5],"rotation":270,"texture":"#0"}}},{"from":[3.1,-6.5,-1.6],"to":[6.1,-3.5,-1.6],"rotation":{"angle":45,"axis":"y","origin":[16,-1,-0.3]},"faces":{"north":{"uv":[16,4,14,5.5],"texture":"#0"},"east":{"uv":[6.5,0,6.5,7.25],"texture":"#0"},"south":{"uv":[14,4,16,5.5],"texture":"#0"},"west":{"uv":[6,0,6,7.25],"texture":"#0"},"up":{"uv":[7,0,10.5,0],"texture":"#0"},"down":{"uv":[7,0.5,10.5,0.5],"texture":"#0"}}},{"from":[3.1,-4,-1.5],"to":[6.1,-1,-1.5],"rotation":{"angle":45,"axis":"y","origin":[16,1.5,-0.2]},"faces":{"north":{"uv":[16,4,14,5.5],"texture":"#0"},"east":{"uv":[6.5,0,6.5,7.25],"texture":"#0"},"south":{"uv":[14,4,16,5.5],"texture":"#0"},"west":{"uv":[6,0,6,7.25],"texture":"#0"},"up":{"uv":[7,0,10.5,0],"texture":"#0"},"down":{"uv":[7,0.5,10.5,0.5],"texture":"#0"}}},{"from":[10,-6.5,-1.7],"to":[12.8,-3.5,-1.7],"rotation":{"angle":-45,"axis":"y","origin":[0,-1,-0.3]},"faces":{"north":{"uv":[14,4,16,5.5],"texture":"#0"},"east":{"uv":[6,0,6,7.25],"texture":"#0"},"south":{"uv":[16,4,14,5.5],"texture":"#0"},"west":{"uv":[6.5,0,6.5,7.25],"texture":"#0"},"up":{"uv":[10.5,0,7,0],"texture":"#0"},"down":{"uv":[10.5,0.5,7,0.5],"texture":"#0"}}},{"from":[10,-4,-1.6],"to":[12.8,-1,-1.6],"rotation":{"angle":-45,"axis":"y","origin":[0,1.5,-0.2]},"faces":{"north":{"uv":[14,4,16,5.5],"texture":"#0"},"east":{"uv":[6,0,6,7.25],"texture":"#0"},"south":{"uv":[16,4,14,5.5],"texture":"#0"},"west":{"uv":[6.5,0,6.5,7.25],"texture":"#0"},"up":{"uv":[10.5,0,7,0],"texture":"#0"},"down":{"uv":[10.5,0.5,7,0.5],"texture":"#0"}}},{"from":[3.1,-6.5,17.6],"to":[6.1,-3.5,17.6],"rotation":{"angle":-45,"axis":"y","origin":[16,-1,16.3]},"faces":{"north":{"uv":[16,4,14,5.5],"texture":"#0"},"east":{"uv":[6.5,0,6.5,7.25],"texture":"#0"},"south":{"uv":[14,4,16,5.5],"texture":"#0"},"west":{"uv":[6,0,6,7.25],"texture":"#0"},"up":{"uv":[7,0,10.5,0],"texture":"#0"},"down":{"uv":[7,0.5,10.5,0.5],"texture":"#0"}}},{"from":[3.1,-4,17.5],"to":[6.1,-1,17.5],"rotation":{"angle":-45,"axis":"y","origin":[16,1.5,16.2]},"faces":{"north":{"uv":[16,4,14,5.5],"texture":"#0"},"east":{"uv":[6.5,0,6.5,7.25],"texture":"#0"},"south":{"uv":[14,4,16,5.5],"texture":"#0"},"west":{"uv":[6,0,6,7.25],"texture":"#0"},"up":{"uv":[7,0,10.5,0],"texture":"#0"},"down":{"uv":[7,0.5,10.5,0.5],"texture":"#0"}}},{"from":[10,-6.5,17.7],"to":[12.8,-3.5,17.7],"rotation":{"angle":45,"axis":"y","origin":[0,-1,16.3]},"faces":{"north":{"uv":[14,4,16,5.5],"texture":"#0"},"east":{"uv":[6,0,6,7.25],"texture":"#0"},"south":{"uv":[16,4,14,5.5],"texture":"#0"},"west":{"uv":[6.5,0,6.5,7.25],"texture":"#0"},"up":{"uv":[10.5,0,7,0],"texture":"#0"},"down":{"uv":[10.5,0.5,7,0.5],"texture":"#0"}}},{"from":[10,-4,17.6],"to":[12.8,-1,17.6],"rotation":{"angle":45,"axis":"y","origin":[0,1.5,16.2]},"faces":{"north":{"uv":[14,4,16,5.5],"texture":"#0"},"east":{"uv":[6,0,6,7.25],"texture":"#0"},"south":{"uv":[16,4,14,5.5],"texture":"#0"},"west":{"uv":[6.5,0,6.5,7.25],"texture":"#0"},"up":{"uv":[10.5,0,7,0],"texture":"#0"},"down":{"uv":[10.5,0.5,7,0.5],"texture":"#0"}}},{"from":[12.3,-2,6.9],"to":[14.3,0,9.1],"rotation":{"angle":-45,"axis":"z","origin":[0,1,0]},"faces":{"north":{"uv":[8.75,4.5,7.75,5.5],"texture":"#0"},"east":{"uv":[8.75,5.5,7.75,6.5],"texture":"#0"},"south":{"uv":[8.75,4.5,7.75,5.5],"texture":"#0"},"west":{"uv":[8.75,5.5,7.75,6.5],"texture":"#0"},"up":{"uv":[7.75,6.5,8.75,5.5],"rotation":90,"texture":"#0"},"down":{"uv":[7.75,6.5,8.75,5.5],"rotation":270,"texture":"#0"}}},{"from":[13.3,-3,7],"to":[15.3,-1,9],"rotation":{"angle":-45,"axis":"z","origin":[0,1,0]},"faces":{"north":{"uv":[8.75,4.5,7.75,5.5],"texture":"#0"},"east":{"uv":[8.75,5.5,7.75,6.5],"texture":"#0"},"south":{"uv":[8.75,4.5,7.75,5.5],"texture":"#0"},"west":{"uv":[8.75,5.5,7.75,6.5],"texture":"#0"},"up":{"uv":[7.75,6.5,8.75,5.5],"rotation":90,"texture":"#0"},"down":{"uv":[7.75,6.5,8.75,5.5],"rotation":270,"texture":"#0"}}},{"from":[6.5,-16,8],"to":[9.5,-10,8],"rotation":{"angle":0,"axis":"y","origin":[0,1,0]},"faces":{"north":{"uv":[13.75,4,12.25,7],"texture":"#0"},"east":{"uv":[12.25,4,12.25,7],"texture":"#0"},"south":{"uv":[13.75,4,12.25,7],"texture":"#0"},"west":{"uv":[12.25,4,12.25,7],"texture":"#0"},"up":{"uv":[12,6,12,4],"rotation":90,"texture":"#0"},"down":{"uv":[12,6,12,4],"rotation":270,"texture":"#0"}}},{"from":[8,-16,7],"to":[8,-10,9],"rotation":{"angle":0,"axis":"y","origin":[0,1,0]},"faces":{"north":{"uv":[12.25,4,12.25,7],"texture":"#0"},"east":{"uv":[13.5,4,12.5,7],"texture":"#0"},"south":{"uv":[12.25,4,12.25,7],"texture":"#0"},"west":{"uv":[13.5,4,12.5,7],"texture":"#0"},"up":{"uv":[12,4,12,6],"rotation":180,"texture":"#0"},"down":{"uv":[12,4,12,6],"rotation":180,"texture":"#0"}}},{"from":[-1.7,10,3.3],"to":[-1.7,13,6.1],"rotation":{"angle":-45,"axis":"y","origin":[-0.3,7,16.1]},"faces":{"north":{"uv":[6,7.25,6,0],"texture":"#0"},"east":{"uv":[16,5.5,14,4],"texture":"#0"},"south":{"uv":[6.5,7.25,6.5,0],"texture":"#0"},"west":{"uv":[14,5.5,16,4],"texture":"#0"},"up":{"uv":[10.5,0.5,7,0.5],"rotation":270,"texture":"#0"},"down":{"uv":[10.5,0,7,0],"rotation":90,"texture":"#0"}}},{"from":[-1.6,7.5,3.3],"to":[-1.6,10.5,6.1],"rotation":{"angle":-45,"axis":"y","origin":[-0.2,5,16.1]},"faces":{"north":{"uv":[6,7.25,6,0],"texture":"#0"},"east":{"uv":[16,5.5,14,4],"texture":"#0"},"south":{"uv":[6.5,7.25,6.5,0],"texture":"#0"},"west":{"uv":[14,5.5,16,4],"texture":"#0"},"up":{"uv":[10.5,0.5,7,0.5],"rotation":270,"texture":"#0"},"down":{"uv":[10.5,0,7,0],"rotation":90,"texture":"#0"}}},{"from":[-2,17,3.8],"to":[8,22,3.8],"rotation":{"angle":0,"axis":"y","origin":[14,21.5,4]},"faces":{"north":{"uv":[11,4.25,16,6.75],"texture":"#2"},"east":{"uv":[0,0,0,2.5],"texture":"#2"},"south":{"uv":[16,4.25,11,6.75],"texture":"#2"},"west":{"uv":[0,0,0,2.5],"texture":"#2"},"up":{"uv":[11,4.25,16,4.25],"texture":"#2"},"down":{"uv":[11,4.25,16,4.25],"texture":"#2"}}},{"from":[8,17,3.8],"to":[18,22,3.8],"rotation":{"angle":0,"axis":"y","origin":[14,21.5,4]},"faces":{"north":{"uv":[16,4.25,11,6.75],"texture":"#2"},"east":{"uv":[0,0,0,2.5],"texture":"#2"},"south":{"uv":[11,4.25,16,6.75],"texture":"#2"},"west":{"uv":[0,0,0,2.5],"texture":"#2"},"up":{"uv":[16,4.25,11,4.25],"texture":"#2"},"down":{"uv":[16,4.25,11,4.25],"texture":"#2"}}},{"from":[-1.6,10,10],"to":[-1.6,13,13],"rotation":{"angle":45,"axis":"y","origin":[-0.3,7,0.1]},"faces":{"north":{"uv":[6.5,7.25,6.5,0],"texture":"#0"},"east":{"uv":[14,5.5,16,4],"texture":"#0"},"south":{"uv":[6,7.25,6,0],"texture":"#0"},"west":{"uv":[16,5.5,14,4],"texture":"#0"},"up":{"uv":[7,0.5,10.5,0.5],"rotation":270,"texture":"#0"},"down":{"uv":[7,0,10.5,0],"rotation":90,"texture":"#0"}}},{"from":[17.8,10,10],"to":[17.8,13,13],"rotation":{"angle":-45,"axis":"y","origin":[16.5,7,0.1]},"faces":{"north":{"uv":[6.5,7.25,6.5,0],"texture":"#0"},"east":{"uv":[14,5.5,16,4],"texture":"#0"},"south":{"uv":[6,7.25,6,0],"texture":"#0"},"west":{"uv":[16,5.5,14,4],"texture":"#0"},"up":{"uv":[7,0.5,10.5,0.5],"rotation":270,"texture":"#0"},"down":{"uv":[7,0,10.5,0],"rotation":90,"texture":"#0"}}},{"from":[17.9,10,3.3],"to":[17.9,13,6.1],"rotation":{"angle":45,"axis":"y","origin":[16.5,7,16.1]},"faces":{"north":{"uv":[6,7.25,6,0],"texture":"#0"},"east":{"uv":[16,5.5,14,4],"texture":"#0"},"south":{"uv":[6.5,7.25,6.5,0],"texture":"#0"},"west":{"uv":[14,5.5,16,4],"texture":"#0"},"up":{"uv":[10.5,0.5,7,0.5],"rotation":270,"texture":"#0"},"down":{"uv":[10.5,0,7,0],"rotation":90,"texture":"#0"}}},{"from":[17.7,7.5,10],"to":[17.7,10.5,13],"rotation":{"angle":-45,"axis":"y","origin":[16.4,5,0.1]},"faces":{"north":{"uv":[6.5,7.25,6.5,0],"texture":"#0"},"east":{"uv":[14,5.5,16,4],"texture":"#0"},"south":{"uv":[6,7.25,6,0],"texture":"#0"},"west":{"uv":[16,5.5,14,4],"texture":"#0"},"up":{"uv":[7,0.5,10.5,0.5],"rotation":270,"texture":"#0"},"down":{"uv":[7,0,10.5,0],"rotation":90,"texture":"#0"}}},{"from":[17.8,7.5,3.3],"to":[17.8,10.5,6.1],"rotation":{"angle":45,"axis":"y","origin":[16.4,5,16.1]},"faces":{"north":{"uv":[6,7.25,6,0],"texture":"#0"},"east":{"uv":[16,5.5,14,4],"texture":"#0"},"south":{"uv":[6.5,7.25,6.5,0],"texture":"#0"},"west":{"uv":[14,5.5,16,4],"texture":"#0"},"up":{"uv":[10.5,0.5,7,0.5],"rotation":270,"texture":"#0"},"down":{"uv":[10.5,0,7,0],"rotation":90,"texture":"#0"}}},{"from":[-1.5,7.5,10],"to":[-1.5,10.5,13],"rotation":{"angle":45,"axis":"y","origin":[-0.2,5,0.1]},"faces":{"north":{"uv":[6.5,7.25,6.5,0],"texture":"#0"},"east":{"uv":[14,5.5,16,4],"texture":"#0"},"south":{"uv":[6,7.25,6,0],"texture":"#0"},"west":{"uv":[16,5.5,14,4],"texture":"#0"},"up":{"uv":[7,0.5,10.5,0.5],"rotation":270,"texture":"#0"},"down":{"uv":[7,0,10.5,0],"rotation":90,"texture":"#0"}}},{"from":[3.1,10.5,-1.6],"to":[6.1,13.5,-1.6],"rotation":{"angle":45,"axis":"y","origin":[16,8,-0.3]},"faces":{"north":{"uv":[16,5.5,14,4],"texture":"#0"},"east":{"uv":[6.5,7.25,6.5,0],"texture":"#0"},"south":{"uv":[14,5.5,16,4],"texture":"#0"},"west":{"uv":[6,7.25,6,0],"texture":"#0"},"up":{"uv":[7,0.5,10.5,0.5],"texture":"#0"},"down":{"uv":[7,0,10.5,0],"texture":"#0"}}},{"from":[3.1,8,-1.5],"to":[6.1,11,-1.5],"rotation":{"angle":45,"axis":"y","origin":[16,5.5,-0.2]},"faces":{"north":{"uv":[16,5.5,14,4],"texture":"#0"},"east":{"uv":[6.5,7.25,6.5,0],"texture":"#0"},"south":{"uv":[14,5.5,16,4],"texture":"#0"},"west":{"uv":[6,7.25,6,0],"texture":"#0"},"up":{"uv":[7,0.5,10.5,0.5],"texture":"#0"},"down":{"uv":[7,0,10.5,0],"texture":"#0"}}},{"from":[10,10.5,-1.7],"to":[12.8,13.5,-1.7],"rotation":{"angle":-45,"axis":"y","origin":[0,8,-0.3]},"faces":{"north":{"uv":[14,5.5,16,4],"texture":"#0"},"east":{"uv":[6,7.25,6,0],"texture":"#0"},"south":{"uv":[16,5.5,14,4],"texture":"#0"},"west":{"uv":[6.5,7.25,6.5,0],"texture":"#0"},"up":{"uv":[10.5,0.5,7,0.5],"texture":"#0"},"down":{"uv":[10.5,0,7,0],"texture":"#0"}}},{"from":[10,8,-1.6],"to":[12.8,11,-1.6],"rotation":{"angle":-45,"axis":"y","origin":[0,5.5,-0.2]},"faces":{"north":{"uv":[14,5.5,16,4],"texture":"#0"},"east":{"uv":[6,7.25,6,0],"texture":"#0"},"south":{"uv":[16,5.5,14,4],"texture":"#0"},"west":{"uv":[6.5,7.25,6.5,0],"texture":"#0"},"up":{"uv":[10.5,0.5,7,0.5],"texture":"#0"},"down":{"uv":[10.5,0,7,0],"texture":"#0"}}},{"from":[3.1,10.5,17.6],"to":[6.1,13.5,17.6],"rotation":{"angle":-45,"axis":"y","origin":[16,8,16.3]},"faces":{"north":{"uv":[16,5.5,14,4],"texture":"#0"},"east":{"uv":[6.5,7.25,6.5,0],"texture":"#0"},"south":{"uv":[14,5.5,16,4],"texture":"#0"},"west":{"uv":[6,7.25,6,0],"texture":"#0"},"up":{"uv":[7,0.5,10.5,0.5],"texture":"#0"},"down":{"uv":[7,0,10.5,0],"texture":"#0"}}},{"from":[3.1,8,17.5],"to":[6.1,11,17.5],"rotation":{"angle":-45,"axis":"y","origin":[16,5.5,16.2]},"faces":{"north":{"uv":[16,5.5,14,4],"texture":"#0"},"east":{"uv":[6.5,7.25,6.5,0],"texture":"#0"},"south":{"uv":[14,5.5,16,4],"texture":"#0"},"west":{"uv":[6,7.25,6,0],"texture":"#0"},"up":{"uv":[7,0.5,10.5,0.5],"texture":"#0"},"down":{"uv":[7,0,10.5,0],"texture":"#0"}}},{"from":[10,10.5,17.7],"to":[12.8,13.5,17.7],"rotation":{"angle":45,"axis":"y","origin":[0,8,16.3]},"faces":{"north":{"uv":[14,5.5,16,4],"texture":"#0"},"east":{"uv":[6,7.25,6,0],"texture":"#0"},"south":{"uv":[16,5.5,14,4],"texture":"#0"},"west":{"uv":[6.5,7.25,6.5,0],"texture":"#0"},"up":{"uv":[10.5,0.5,7,0.5],"texture":"#0"},"down":{"uv":[10.5,0,7,0],"texture":"#0"}}},{"from":[10,8,17.6],"to":[12.8,11,17.6],"rotation":{"angle":45,"axis":"y","origin":[0,5.5,16.2]},"faces":{"north":{"uv":[14,5.5,16,4],"texture":"#0"},"east":{"uv":[6,7.25,6,0],"texture":"#0"},"south":{"uv":[16,5.5,14,4],"texture":"#0"},"west":{"uv":[6.5,7.25,6.5,0],"texture":"#0"},"up":{"uv":[10.5,0.5,7,0.5],"texture":"#0"},"down":{"uv":[10.5,0,7,0],"texture":"#0"}}},{"from":[4,17,5],"to":[12,26,11],"rotation":{"angle":0,"axis":"y","origin":[6,0,0]},"faces":{"north":{"uv":[0,11.5,4,16],"texture":"#7"},"east":{"uv":[4,11.5,7,16],"texture":"#7"},"south":{"uv":[0,11.5,4,16],"texture":"#7"},"west":{"uv":[4,11.5,7,16],"texture":"#7"},"up":{"uv":[12,0,16,3],"texture":"#7"},"down":{"uv":[12,0,16,3],"texture":"#7"}}},{"from":[5,10,3.7],"to":[11,19,3.7],"rotation":{"angle":0,"axis":"y","origin":[6,0,0]},"faces":{"north":{"uv":[13,4.5,16,9],"texture":"#4"},"east":{"uv":[13,4.5,13,9],"texture":"#4"},"south":{"uv":[13,4.5,16,9],"texture":"#4"},"west":{"uv":[13,4.5,13,9],"texture":"#4"},"up":{"uv":[0,0,3,0],"texture":"#4"},"down":{"uv":[0,0,3,0],"texture":"#4"}}},{"from":[5,10,12.3],"to":[11,19,12.3],"rotation":{"angle":0,"axis":"y","origin":[6,0,16]},"faces":{"north":{"uv":[16,4.5,13,9],"texture":"#4"},"east":{"uv":[13,4.5,13,9],"texture":"#4"},"south":{"uv":[16,4.5,13,9],"texture":"#4"},"west":{"uv":[13,4.5,13,9],"texture":"#4"},"up":{"uv":[0,0,3,0],"texture":"#4"},"down":{"uv":[0,0,3,0],"texture":"#4"}}},{"from":[-2,16,4],"to":[3,27,12],"rotation":{"angle":0,"axis":"y","origin":[6,0,0]},"faces":{"north":{"uv":[9.5,10.5,12,16],"texture":"#4"},"east":{"uv":[12,10.5,16,16],"texture":"#4"},"south":{"uv":[12,10.5,9.5,16],"texture":"#4"},"west":{"uv":[12,10.5,16,16],"texture":"#4"},"up":{"uv":[7,12,9.5,16],"texture":"#4"},"down":{"uv":[7,12,9.5,16],"texture":"#4"}}},{"from":[8,19.15,3.9],"to":[18,27.15,3.9],"rotation":{"angle":0,"axis":"y","origin":[12.9,5.25,8]},"faces":{"north":{"uv":[16,16,11,12],"texture":"#0"},"east":{"uv":[11,16,11,12],"texture":"#0"},"south":{"uv":[11,16,16,12],"texture":"#0"},"west":{"uv":[11,16,11,12],"texture":"#0"},"up":{"uv":[0,0,5,0],"rotation":180,"texture":"#0"},"down":{"uv":[0,0,5,0],"rotation":180,"texture":"#0"}}},{"from":[-2,19.15,3.9],"to":[8,27.15,3.9],"rotation":{"angle":0,"axis":"y","origin":[15.1,5.25,8]},"faces":{"north":{"uv":[11,16,16,12],"texture":"#0"},"east":{"uv":[11,16,11,12],"texture":"#0"},"south":{"uv":[16,16,11,12],"texture":"#0"},"west":{"uv":[11,16,11,12],"texture":"#0"},"up":{"uv":[5,0,0,0],"rotation":180,"texture":"#0"},"down":{"uv":[5,0,0,0],"rotation":180,"texture":"#0"}}},{"from":[8,19.15,12.1],"to":[18,27.15,12.1],"rotation":{"angle":0,"axis":"y","origin":[12.9,5.25,8]},"faces":{"north":{"uv":[16,16,11,12],"texture":"#0"},"east":{"uv":[11,16,11,12],"texture":"#0"},"south":{"uv":[11,16,16,12],"texture":"#0"},"west":{"uv":[11,16,11,12],"texture":"#0"},"up":{"uv":[0,0,5,0],"rotation":180,"texture":"#0"},"down":{"uv":[0,0,5,0],"rotation":180,"texture":"#0"}}},{"from":[-2,19.15,12.1],"to":[8,27.15,12.1],"rotation":{"angle":0,"axis":"y","origin":[15.1,5.25,8]},"faces":{"north":{"uv":[11,16,16,12],"texture":"#0"},"east":{"uv":[11,16,11,12],"texture":"#0"},"south":{"uv":[16,16,11,12],"texture":"#0"},"west":{"uv":[11,16,11,12],"texture":"#0"},"up":{"uv":[5,0,0,0],"rotation":180,"texture":"#0"},"down":{"uv":[5,0,0,0],"rotation":180,"texture":"#0"}}},{"from":[13,16,4],"to":[18,27,12],"rotation":{"angle":0,"axis":"y","origin":[22,1,0]},"faces":{"north":{"uv":[12,10.5,9.5,16],"texture":"#4"},"east":{"uv":[16,10.5,12,16],"texture":"#4"},"south":{"uv":[9.5,10.5,12,16],"texture":"#4"},"west":{"uv":[16,10.5,12,16],"texture":"#4"},"up":{"uv":[9.5,12,7,16],"texture":"#4"},"down":{"uv":[9.5,12,7,16],"texture":"#4"}}},{"from":[13,16,4],"to":[18,27,12],"rotation":{"angle":0,"axis":"y","origin":[22,1,0]},"faces":{"north":{"uv":[12,10.5,9.5,16],"texture":"#4"},"east":{"uv":[16,10.5,12,16],"texture":"#4"},"south":{"uv":[9.5,10.5,12,16],"texture":"#4"},"west":{"uv":[16,10.5,12,16],"texture":"#4"},"up":{"uv":[9.5,12,7,16],"texture":"#4"},"down":{"uv":[9.5,12,7,16],"texture":"#4"}}},{"from":[5,18.5,4.9],"to":[11,24.5,4.9],"rotation":{"angle":0,"axis":"y","origin":[22,0,0]},"faces":{"north":{"uv":[11,1.5,5,7.5],"texture":"#6"},"east":{"uv":[3,0.5,3,6.5],"texture":"#6"},"south":{"uv":[5,1.5,11,7.5],"texture":"#6"},"west":{"uv":[3,0.5,3,6.5],"texture":"#6"},"up":{"uv":[5,0,0,0],"texture":"#6"},"down":{"uv":[5,0,0,0],"texture":"#6"}}},{"from":[5,18.5,11.1],"to":[11,24.5,11.1],"rotation":{"angle":0,"axis":"y","origin":[22,0,16]},"faces":{"north":{"uv":[11,1.5,5,7.5],"texture":"#6"},"east":{"uv":[3,0.5,3,6.5],"texture":"#6"},"south":{"uv":[5,1.5,11,7.5],"texture":"#6"},"west":{"uv":[3,0.5,3,6.5],"texture":"#6"},"up":{"uv":[5,0,0,0],"texture":"#6"},"down":{"uv":[5,0,0,0],"texture":"#6"}}},{"from":[-3,27,-11],"to":[4,29,-9],"rotation":{"angle":45,"axis":"x","origin":[-9,1,0]},"faces":{"north":{"uv":[16,9.5,12.5,10.5],"texture":"#2"},"east":{"uv":[12.25,10,11.25,9],"texture":"#2"},"south":{"uv":[3.5,5.5,0,4.5],"texture":"#2"},"west":{"uv":[12.25,10,11.25,9],"texture":"#2"},"up":{"uv":[12.5,9.5,16,10.5],"texture":"#2"},"down":{"uv":[0,4.5,3.5,5.5],"texture":"#2"}}},{"from":[-3,27,25],"to":[4,29,27],"rotation":{"angle":-45,"axis":"x","origin":[-9,1,16]},"faces":{"north":{"uv":[0,5.5,3.5,4.5],"texture":"#2"},"east":{"uv":[11.25,10,12.25,9],"texture":"#2"},"south":{"uv":[12.5,9.5,16,10.5],"texture":"#2"},"west":{"uv":[11.25,10,12.25,9],"texture":"#2"},"up":{"uv":[12.5,10.5,16,9.5],"texture":"#2"},"down":{"uv":[0,5.5,3.5,4.5],"texture":"#2"}}},{"from":[-3,14,-11],"to":[4,16,-9],"rotation":{"angle":-45,"axis":"x","origin":[-9,42,0]},"faces":{"north":{"uv":[16,10.5,12.5,9.5],"texture":"#2"},"east":{"uv":[12.25,9,11.25,10],"texture":"#2"},"south":{"uv":[3.5,4.5,0,5.5],"texture":"#2"},"west":{"uv":[12.25,9,11.25,10],"texture":"#2"},"up":{"uv":[0,5.5,3.5,4.5],"texture":"#2"},"down":{"uv":[12.5,10.5,16,9.5],"texture":"#2"}}},{"from":[-3,14,25],"to":[4,16,27],"rotation":{"angle":45,"axis":"x","origin":[-9,42,16]},"faces":{"north":{"uv":[0,4.5,3.5,5.5],"texture":"#2"},"east":{"uv":[11.25,9,12.25,10],"texture":"#2"},"south":{"uv":[12.5,10.5,16,9.5],"texture":"#2"},"west":{"uv":[11.25,9,12.25,10],"texture":"#2"},"up":{"uv":[0,4.5,3.5,5.5],"texture":"#2"},"down":{"uv":[12.5,9.5,16,10.5],"texture":"#2"}}},{"from":[12,14,-11],"to":[19,16,-9],"rotation":{"angle":-45,"axis":"x","origin":[25,42,0]},"faces":{"north":{"uv":[12.5,10.5,16,9.5],"texture":"#2"},"east":{"uv":[11.25,9,12.25,10],"texture":"#2"},"south":{"uv":[0,4.5,3.5,5.5],"texture":"#2"},"west":{"uv":[11.25,9,12.25,10],"texture":"#2"},"up":{"uv":[3.5,5.5,0,4.5],"texture":"#2"},"down":{"uv":[16,10.5,12.5,9.5],"texture":"#2"}}},{"from":[12,14,25],"to":[19,16,27],"rotation":{"angle":45,"axis":"x","origin":[25,42,16]},"faces":{"north":{"uv":[3.5,4.5,0,5.5],"texture":"#2"},"east":{"uv":[12.25,9,11.25,10],"texture":"#2"},"south":{"uv":[16,10.5,12.5,9.5],"texture":"#2"},"west":{"uv":[12.25,9,11.25,10],"texture":"#2"},"up":{"uv":[3.5,4.5,0,5.5],"texture":"#2"},"down":{"uv":[16,9.5,12.5,10.5],"texture":"#2"}}},{"from":[12,27,25],"to":[19,29,27],"rotation":{"angle":-45,"axis":"x","origin":[25,1,16]},"faces":{"north":{"uv":[3.5,5.5,0,4.5],"texture":"#2"},"east":{"uv":[12.25,10,11.25,9],"texture":"#2"},"south":{"uv":[16,9.5,12.5,10.5],"texture":"#2"},"west":{"uv":[12.25,10,11.25,9],"texture":"#2"},"up":{"uv":[16,10.5,12.5,9.5],"texture":"#2"},"down":{"uv":[3.5,5.5,0,4.5],"texture":"#2"}}},{"from":[12,27,-11],"to":[19,29,-9],"rotation":{"angle":45,"axis":"x","origin":[25,1,0]},"faces":{"north":{"uv":[12.5,9.5,16,10.5],"texture":"#2"},"east":{"uv":[11.25,10,12.25,9],"texture":"#2"},"south":{"uv":[0,5.5,3.5,4.5],"texture":"#2"},"west":{"uv":[11.25,10,12.25,9],"texture":"#2"},"up":{"uv":[16,9.5,12.5,10.5],"texture":"#2"},"down":{"uv":[3.5,4.5,0,5.5],"texture":"#2"}}},{"from":[8,17,12.2],"to":[18,22,12.2],"rotation":{"angle":0,"axis":"y","origin":[14,21.5,4]},"faces":{"north":{"uv":[16,4.25,11,6.75],"texture":"#2"},"east":{"uv":[0,0,0,2.5],"texture":"#2"},"south":{"uv":[11,4.25,16,6.75],"texture":"#2"},"west":{"uv":[0,0,0,2.5],"texture":"#2"},"up":{"uv":[16,4.25,11,4.25],"texture":"#2"},"down":{"uv":[16,4.25,11,4.25],"texture":"#2"}}},{"from":[-2,17,12.2],"to":[8,22,12.2],"rotation":{"angle":0,"axis":"y","origin":[14,21.5,4]},"faces":{"north":{"uv":[11,4.25,16,6.75],"texture":"#2"},"east":{"uv":[0,0,0,2.5],"texture":"#2"},"south":{"uv":[16,4.25,11,6.75],"texture":"#2"},"west":{"uv":[0,0,0,2.5],"texture":"#2"},"up":{"uv":[11,4.25,16,4.25],"texture":"#2"},"down":{"uv":[11,4.25,16,4.25],"texture":"#2"}}},{"from":[-9.84565,22,7.25137],"to":[-0.84565,31,7.25137],"rotation":{"angle":-22.5,"axis":"y","origin":[5.65435,27.5,6.25137]},"faces":{"north":{"uv":[0,7,9,16],"texture":"#8"},"east":{"uv":[0,0,0,9.5],"texture":"#8"},"south":{"uv":[9,7,0,16],"texture":"#8"},"west":{"uv":[0,0,0,9.5],"texture":"#8"},"up":{"uv":[0,0,5.5,0],"texture":"#8"},"down":{"uv":[0,0,5.5,0],"texture":"#8"}}},{"from":[16.84565,22,7.25137],"to":[25.84565,31,7.25137],"rotation":{"angle":22.5,"axis":"y","origin":[10.34565,27.5,6.25137]},"faces":{"north":{"uv":[9,7,0,16],"texture":"#8"},"east":{"uv":[0,0,0,9.5],"texture":"#8"},"south":{"uv":[0,7,9,16],"texture":"#8"},"west":{"uv":[0,0,0,9.5],"texture":"#8"},"up":{"uv":[5.5,0,0,0],"texture":"#8"},"down":{"uv":[5.5,0,0,0],"texture":"#8"}}},{"from":[16.84565,22,8.74863],"to":[25.84565,31,8.74863],"rotation":{"angle":-22.5,"axis":"y","origin":[10.34565,27.5,9.74863]},"faces":{"north":{"uv":[9,7,0,16],"texture":"#8"},"east":{"uv":[0,0,0,9.5],"texture":"#8"},"south":{"uv":[0,7,9,16],"texture":"#8"},"west":{"uv":[0,0,0,9.5],"texture":"#8"},"up":{"uv":[5.5,0,0,0],"texture":"#8"},"down":{"uv":[5.5,0,0,0],"texture":"#8"}}},{"from":[-9.84565,22,8.74863],"to":[-0.84565,31,8.74863],"rotation":{"angle":22.5,"axis":"y","origin":[5.65435,27.5,9.74863]},"faces":{"north":{"uv":[0,7,9,16],"texture":"#8"},"east":{"uv":[0,0,0,9.5],"texture":"#8"},"south":{"uv":[9,7,0,16],"texture":"#8"},"west":{"uv":[0,0,0,9.5],"texture":"#8"},"up":{"uv":[0,0,5.5,0],"texture":"#8"},"down":{"uv":[0,0,5.5,0],"texture":"#8"}}},{"from":[0,14,12.2],"to":[8,17,12.2],"rotation":{"angle":0,"axis":"y","origin":[10,-2.2,18]},"faces":{"north":{"uv":[0,12,4,10.5],"texture":"#2"},"east":{"uv":[0,12,0,10.5],"texture":"#2"},"south":{"uv":[4,12,0,10.5],"texture":"#2"},"west":{"uv":[0,12,0,10.5],"texture":"#2"},"up":{"uv":[0,0,4,0],"texture":"#2"},"down":{"uv":[0,0,4,0],"texture":"#2"}}},{"from":[8,14,12.2],"to":[16,17,12.2],"rotation":{"angle":0,"axis":"y","origin":[18,-2.2,18]},"faces":{"north":{"uv":[4,12,0,10.5],"texture":"#2"},"east":{"uv":[0,12,0,10.5],"texture":"#2"},"south":{"uv":[0,12,4,10.5],"texture":"#2"},"west":{"uv":[0,12,0,10.5],"texture":"#2"},"up":{"uv":[4,0,0,0],"texture":"#2"},"down":{"uv":[4,0,0,0],"texture":"#2"}}},{"from":[8,17,3.9],"to":[18,22,3.9],"rotation":{"angle":0,"axis":"y","origin":[14,21.5,12]},"faces":{"north":{"uv":[16,4.25,11,6.75],"texture":"#2"},"east":{"uv":[0,0,0,2.5],"texture":"#2"},"south":{"uv":[11,4.25,16,6.75],"texture":"#2"},"west":{"uv":[0,0,0,2.5],"texture":"#2"},"up":{"uv":[16,4.25,11,4.25],"texture":"#2"},"down":{"uv":[16,4.25,11,4.25],"texture":"#2"}}},{"from":[-2,17,3.9],"to":[8,22,3.9],"rotation":{"angle":0,"axis":"y","origin":[14,21.5,12]},"faces":{"north":{"uv":[11,4.25,16,6.75],"texture":"#2"},"east":{"uv":[0,0,0,2.5],"texture":"#2"},"south":{"uv":[16,4.25,11,6.75],"texture":"#2"},"west":{"uv":[0,0,0,2.5],"texture":"#2"},"up":{"uv":[11,4.25,16,4.25],"texture":"#2"},"down":{"uv":[11,4.25,16,4.25],"texture":"#2"}}},{"from":[0,14,3.8],"to":[8,17,3.8],"rotation":{"angle":0,"axis":"y","origin":[10,-2.2,-2]},"faces":{"north":{"uv":[0,12,4,10.5],"texture":"#2"},"east":{"uv":[0,12,0,10.5],"texture":"#2"},"south":{"uv":[4,12,0,10.5],"texture":"#2"},"west":{"uv":[0,12,0,10.5],"texture":"#2"},"up":{"uv":[0,0,4,0],"texture":"#2"},"down":{"uv":[0,0,4,0],"texture":"#2"}}},{"from":[8,14,3.8],"to":[16,17,3.8],"rotation":{"angle":0,"axis":"y","origin":[18,-2.2,-2]},"faces":{"north":{"uv":[4,12,0,10.5],"texture":"#2"},"east":{"uv":[0,12,0,10.5],"texture":"#2"},"south":{"uv":[0,12,4,10.5],"texture":"#2"},"west":{"uv":[0,12,0,10.5],"texture":"#2"},"up":{"uv":[4,0,0,0],"texture":"#2"},"down":{"uv":[4,0,0,0],"texture":"#2"}}},{"from":[-1.8,26,8],"to":[8,30,8],"rotation":{"angle":0,"axis":"y","origin":[14,21,14]},"faces":{"north":{"uv":[0,12,5,14],"texture":"#2"},"east":{"uv":[0,0,0,2],"texture":"#2"},"south":{"uv":[5,12,0,14],"texture":"#2"},"west":{"uv":[0,0,0,2],"texture":"#2"},"up":{"uv":[0,0,4.9,0],"texture":"#2"},"down":{"uv":[0,0,4.9,0],"texture":"#2"}}},{"from":[8,26,8],"to":[17.8,30,8],"rotation":{"angle":0,"axis":"y","origin":[14,21,14]},"faces":{"north":{"uv":[5,12,0,14],"texture":"#2"},"east":{"uv":[0,0,0,2],"texture":"#2"},"south":{"uv":[0,12,5,14],"texture":"#2"},"west":{"uv":[0,0,0,2],"texture":"#2"},"up":{"uv":[4.9,0,0,0],"texture":"#2"},"down":{"uv":[4.9,0,0,0],"texture":"#2"}}}],"gui_light":"front","display":{"thirdperson_righthand":{"rotation":[0,90,0],"translation":[0,9,2.5],"scale":[0.7,0.7,0.7]},"thirdperson_lefthand":{"rotation":[0,90,0],"translation":[0,9,2.5],"scale":[0.7,0.7,0.7]},"firstperson_righthand":{"rotation":[-165,80,170],"translation":[0.75,2.75,-1.25],"scale":[0.48828,0.48828,0.48828]},"firstperson_lefthand":{"rotation":[-165,80,170],"translation":[0.75,2.75,-1.25],"scale":[0.48828,0.48828,0.48828]},"ground":{"rotation":[45,0,0],"translation":[0,5.25,0],"scale":[0.35,0.35,0.35]},"gui":{"rotation":[0,0,-45],"translation":[-0.75,-1,-2],"scale":[0.36148,0.36148,0.36148]},"head":{"rotation":[-135.5,0,0],"translation":[0,20.5,4.75],"scale":[0,0,0]},"fixed":{"translation":[-0.5,8.25,-3],"scale":[1.4,1.4,1.4]}},"groups":[0,1,2,{"name":"group","origin":[16.2,1,0.1],"color":0,"children":[3,4,5,6,7,8,9,10,{"name":"group","origin":[16,0,-0.2],"color":0,"children":[11,12,13,14]},{"name":"group","origin":[16,0,-0.2],"color":0,"children":[15,16,17,18]}]},19,20,21,22,{"name":"group","origin":[16.2,1,0.1],"color":0,"children":[23,24,25,26,27,28,29,30,31,32,{"name":"group","origin":[16,0,-0.2],"color":0,"children":[33,34,35,36]},{"name":"group","origin":[16,0,-0.2],"color":0,"children":[37,38,39,40]}]},41,42,43,{"name":"group","origin":[0,0,0],"color":0,"children":[44,45,46,47,48,49]},{"name":"group","origin":[0,0,0],"color":0,"children":[50,51,52]},{"name":"group","origin":[0,42,16],"color":0,"children":[53,54,55,56,57,58,59,60]},{"name":"group","origin":[8,21,2],"color":0,"children":[61,62,63,64,65,66,67,68]},{"name":"group","origin":[8,21,2],"color":0,"children":[69,70,71,72,73,74]}]}