{"credit":"Made with Blockbench","textures":{"0":"aetherburn_pack:texture","1":"aetherburn_pack:fire","2":"aetherburn_pack:crystal","particle":"aetherburn_pack:texture"},"elements":[{"from":[6.125,2.90703,5.418],"to":[9.875,11.39503,10.582],"rotation":{"angle":0,"axis":"y","origin":[8.00698,-1.66786,8.23337]},"faces":{"east":{"uv":[13.25,0,3.25,16],"texture":"#2"},"west":{"uv":[3.25,0,13.25,16],"texture":"#2"}}},{"from":[7.9,3.0973,0.99274],"to":[8.1,14.0973,16.99274],"rotation":{"angle":0,"axis":"y","origin":[8,0.33214,8]},"faces":{"east":{"uv":[16,0,0,11],"texture":"#1"},"west":{"uv":[0,0,16,11],"texture":"#1"}}},{"from":[7.3,-6.91215,7.3],"to":[8.7,-2.21215,8.7],"rotation":{"angle":0,"axis":"y","origin":[8,0.33214,8]},"faces":{"north":{"uv":[5.375,10.5625,5,11.875],"texture":"#0"},"east":{"uv":[5.375,10.5625,5,11.875],"texture":"#0"},"south":{"uv":[5.375,10.5625,5,11.875],"texture":"#0"},"west":{"uv":[5.375,10.5625,5,11.875],"texture":"#0"},"up":{"uv":[9.25,13.625,9.625,13.25],"rotation":90,"texture":"#0"},"down":{"uv":[10,13.25,10.375,13.625],"rotation":270,"texture":"#0"}}},{"from":[7.2,-7.66215,7.2],"to":[8.8,-1.26215,8.8],"rotation":{"angle":0,"axis":"y","origin":[8,0.33214,8]},"faces":{"north":{"uv":[8.375,5.5,8,7.125],"texture":"#0"},"east":{"uv":[5.375,7.5,5,9.125],"texture":"#0"},"south":{"uv":[9.125,5.5,8.75,7.125],"texture":"#0"},"west":{"uv":[8.875,7.5,8.5,9.125],"texture":"#0"},"up":{"uv":[13.25,11.375,13.625,11],"rotation":90,"texture":"#0"},"down":{"uv":[13.25,11.75,13.625,12.125],"rotation":270,"texture":"#0"}}},{"from":[7.2,-1.91215,7.2],"to":[8.8,2.78785,8.8],"rotation":{"angle":0,"axis":"y","origin":[8,0.33214,8]},"faces":{"north":{"uv":[4.75,10.5625,4.375,11.875],"texture":"#0"},"east":{"uv":[4.75,10.5625,4.375,11.875],"texture":"#0"},"south":{"uv":[4.75,10.5625,4.375,11.875],"texture":"#0"},"west":{"uv":[4.75,10.5625,4.375,11.875],"texture":"#0"},"up":{"uv":[9.25,13.625,9.625,13.25],"rotation":90,"texture":"#0"},"down":{"uv":[10,13.25,10.375,13.625],"rotation":270,"texture":"#0"}}},{"from":[7.1,-2.66215,7.1],"to":[8.9,3.73785,8.9],"rotation":{"angle":0,"axis":"y","origin":[8,0.33214,8]},"faces":{"north":{"uv":[4.75,8.8125,4.375,10.4375],"texture":"#0"},"east":{"uv":[4.75,8.8125,4.375,10.4375],"texture":"#0"},"south":{"uv":[4.75,8.8125,4.375,10.4375],"texture":"#0"},"west":{"uv":[4.75,8.8125,4.375,10.4375],"texture":"#0"},"up":{"uv":[13.25,11.375,13.625,11],"rotation":90,"texture":"#0"},"down":{"uv":[13.25,11.75,13.625,12.125],"rotation":270,"texture":"#0"}}},{"from":[6.756,3.46442,7.28],"to":[9.244,4.90442,8.72],"rotation":{"angle":0,"axis":"y","origin":[8,0.33214,8]},"faces":{"north":{"uv":[12.125,1.5,11.5,1.875],"texture":"#0"},"east":{"uv":[13.625,12.5,13.25,12.875],"texture":"#0"},"south":{"uv":[2.375,11.5,1.75,11.875],"texture":"#0"},"west":{"uv":[13.625,13.25,13.25,13.625],"texture":"#0"},"up":{"uv":[11.5,2.875,11.875,2.25],"rotation":90,"texture":"#0"},"down":{"uv":[11.5,7,11.875,7.625],"rotation":270,"texture":"#0"}}},{"from":[6.756,1.8226,4.56684],"to":[9.244,3.2626,6.00684],"rotation":{"angle":22.5,"axis":"x","origin":[8,0.33214,8]},"faces":{"north":{"uv":[12.125,5.5,11.5,5.875],"texture":"#0"},"east":{"uv":[0.375,13.5,0,13.875],"texture":"#0"},"south":{"uv":[7.875,11.75,7.25,12.125],"texture":"#0"},"west":{"uv":[1.125,13.5,0.75,13.875],"texture":"#0"},"up":{"uv":[11.75,8.625,12.125,8],"rotation":90,"texture":"#0"},"down":{"uv":[11.75,9,12.125,9.625],"rotation":270,"texture":"#0"}}},{"from":[6.76,3.3919,8.06854],"to":[9.24,4.8319,9.08454],"rotation":{"angle":-22.5,"axis":"x","origin":[8,0.33214,8]},"faces":{"north":{"uv":[12.375,10,11.75,10.375],"texture":"#0"},"east":{"uv":[9.25,4.75,9,5.125],"texture":"#0"},"south":{"uv":[12.375,10.75,11.75,11.125],"texture":"#0"},"west":{"uv":[7.75,13.5,7.5,13.875],"texture":"#0"},"up":{"uv":[2.25,9.875,2.5,9.25],"rotation":90,"texture":"#0"},"down":{"uv":[2.25,13.25,2.5,13.875],"rotation":270,"texture":"#0"}}},{"from":[6.76,3.81367,6.6263],"to":[9.24,5.97367,8.0663],"rotation":{"angle":-22.5,"axis":"x","origin":[8,0.33214,8]},"faces":{"north":{"uv":[9.375,10,8.75,10.5625],"texture":"#0"},"east":{"uv":[12.875,12.5,12.5,13.0625],"texture":"#0"},"south":{"uv":[10.625,9.5,10,10.0625],"texture":"#0"},"west":{"uv":[13.125,3.25,12.75,3.8125],"texture":"#0"},"up":{"uv":[11,12.375,11.375,11.75],"rotation":90,"texture":"#0"},"down":{"uv":[11.75,11.5,12.125,12.125],"rotation":270,"texture":"#0"}}},{"from":[6.756,4.62753,8.89002],"to":[9.244,6.06753,12.29778],"rotation":{"angle":-45,"axis":"x","origin":[8,0.33214,8]},"faces":{"north":{"uv":[12.375,4.875,12,4.25],"rotation":270,"texture":"#0"},"east":{"uv":[5,10.375,5.375,9.5],"rotation":90,"texture":"#0"},"south":{"uv":[12.375,3.25,12,3.875],"rotation":270,"texture":"#0"},"west":{"uv":[2,11.125,2.375,10.25],"rotation":270,"texture":"#0"},"up":{"uv":[9,4.375,9.625,3.5],"texture":"#0"},"down":{"uv":[0,10.125,0.625,9.25],"rotation":180,"texture":"#0"}}},{"from":[6.756,1.22193,12.29778],"to":[9.244,6.06753,13.73778],"rotation":{"angle":-45,"axis":"x","origin":[8,0.33214,8]},"faces":{"north":{"uv":[8.625,2.5,8,3.76563],"texture":"#0"},"east":{"uv":[9.625,8.5,9.25,9.7625],"texture":"#0"},"south":{"uv":[8.625,3.95,8,5.1875],"texture":"#0"},"west":{"uv":[9.25,8.5,9.625,9.7625],"texture":"#0"},"up":{"uv":[5,12.625,5.375,12],"rotation":90,"texture":"#0"},"down":{"uv":[1.75,12.25,2.125,12.875],"rotation":270,"texture":"#0"}}},{"from":[6.51,6.43259,7.70702],"to":[9.49,8.43259,9.14702],"rotation":{"angle":-45,"axis":"x","origin":[8,0.33214,8]},"faces":{"north":{"uv":[11.625,3.5,11,4],"texture":"#0"},"east":{"uv":[13.625,7.25,13.25,7.75],"texture":"#0"},"south":{"uv":[11.625,6.25,11,6.75],"texture":"#0"},"west":{"uv":[8.375,13.25,8,13.75],"texture":"#0"},"up":{"uv":[12.5,5.875,12.875,5.25],"rotation":90,"texture":"#0"},"down":{"uv":[7.25,12.5,7.625,13.125],"rotation":270,"texture":"#0"}}},{"from":[6.506,3.29204,0.91692],"to":[9.494,5.45204,2.35692],"rotation":{"angle":22.5,"axis":"x","origin":[8,0.33214,8]},"faces":{"north":{"uv":[0.625,10.5,0,11.0625],"texture":"#0"},"east":{"uv":[5.375,13,5,13.54688],"texture":"#0"},"south":{"uv":[11.125,0,10.5,0.54688],"texture":"#0"},"west":{"uv":[13.375,6.25,13,6.79688],"texture":"#0"},"up":{"uv":[12.5,7.875,12.875,7.25],"rotation":90,"texture":"#0"},"down":{"uv":[12.5,8.25,12.875,8.875],"rotation":270,"texture":"#0"}}},{"from":[6.506,5.50875,10.58163],"to":[9.494,7.66875,12.02163],"rotation":{"angle":-45,"axis":"x","origin":[8,6.62229,11.54136]},"faces":{"north":{"uv":[10.5,0,11.125,0.54688],"texture":"#0"},"east":{"uv":[5,13,5.375,13.54688],"texture":"#0"},"south":{"uv":[0,10.5,0.625,11.0625],"texture":"#0"},"west":{"uv":[13,6.25,13.375,6.79688],"texture":"#0"},"up":{"uv":[12.875,7.875,12.5,7.25],"rotation":90,"texture":"#0"},"down":{"uv":[12.875,8.25,12.5,8.875],"rotation":270,"texture":"#0"}}},{"from":[6.51,5.06371,11.63092],"to":[9.49,7.06371,13.07092],"rotation":{"angle":22.5,"axis":"x","origin":[8,6.62229,11.54136]},"faces":{"north":{"uv":[11.625,6.75,11,6.25],"rotation":180,"texture":"#0"},"east":{"uv":[13.625,7.75,13.25,7.25],"rotation":180,"texture":"#0"},"south":{"uv":[11.625,4,11,3.5],"rotation":180,"texture":"#0"},"west":{"uv":[8.375,13.75,8,13.25],"rotation":180,"texture":"#0"},"up":{"uv":[12.5,5.25,12.875,5.875],"rotation":270,"texture":"#0"},"down":{"uv":[7.25,13.125,7.625,12.5],"rotation":90,"texture":"#0"}}},{"from":[6.765,-7.93148,3.60764],"to":[9.235,-5.77148,4.56764],"rotation":{"angle":-22.5,"axis":"x","origin":[8,0.33214,8]},"faces":{"north":{"uv":[11.125,1,10.5,1.5625],"texture":"#0"},"east":{"uv":[6,13.5,5.75,14.0625],"texture":"#0"},"south":{"uv":[11.125,7,10.5,7.5625],"texture":"#0"},"west":{"uv":[6.5,13.5,6.25,14.0625],"texture":"#0"},"up":{"uv":[13.25,8.625,13.5,8],"rotation":90,"texture":"#0"},"down":{"uv":[8.75,13.25,9,13.875],"rotation":270,"texture":"#0"}}},{"from":[6.765,-7.93148,11.43236],"to":[9.235,-5.77148,12.39236],"rotation":{"angle":22.5,"axis":"x","origin":[8,0.33214,8]},"faces":{"north":{"uv":[10.5,7,11.125,7.5625],"texture":"#0"},"east":{"uv":[5.75,13.5,6,14.0625],"texture":"#0"},"south":{"uv":[10.5,1,11.125,1.5625],"texture":"#0"},"west":{"uv":[6.25,13.5,6.5,14.0625],"texture":"#0"},"up":{"uv":[13.5,8.625,13.25,8],"rotation":90,"texture":"#0"},"down":{"uv":[9,13.25,8.75,13.875],"rotation":270,"texture":"#0"}}},{"from":[6.76,-6.06163,2.57187],"to":[9.24,-4.62163,4.04187],"rotation":{"angle":-45,"axis":"x","origin":[8,0.33214,8]},"faces":{"north":{"uv":[11.75,13.125,12.125,12.5],"rotation":270,"texture":"#0"},"east":{"uv":[13.875,3.375,13.5,3],"rotation":90,"texture":"#0"},"south":{"uv":[12.5,11.5,12.875,12.125],"rotation":270,"texture":"#0"},"west":{"uv":[13.875,4.125,13.5,3.75],"rotation":270,"texture":"#0"},"up":{"uv":[13.125,9.625,12.5,9.25],"texture":"#0"},"down":{"uv":[9.625,12.875,9,12.5],"rotation":180,"texture":"#0"}}},{"from":[6.76,-5.09599,1.60623],"to":[9.24,-3.62599,3.04623],"rotation":{"angle":-45,"axis":"x","origin":[8,0.33214,8]},"faces":{"north":{"uv":[9.625,12.5,9,12.875],"texture":"#0"},"east":{"uv":[13.875,3,13.5,3.375],"texture":"#0"},"south":{"uv":[13.125,9.25,12.5,9.625],"texture":"#0"},"west":{"uv":[13.875,3.75,13.5,4.125],"texture":"#0"},"up":{"uv":[12.5,12.125,12.875,11.5],"rotation":90,"texture":"#0"},"down":{"uv":[11.75,12.5,12.125,13.125],"rotation":270,"texture":"#0"}}},{"from":[6.806,-0.03758,11.11036],"to":[9.194,2.12242,12.55036],"rotation":{"angle":-22.5,"axis":"x","origin":[8,0.33214,8]},"faces":{"north":{"uv":[10.875,4.5,10.25,5.0625],"rotation":180,"texture":"#0"},"east":{"uv":[11.375,12.75,11,13.275],"rotation":180,"texture":"#0"},"south":{"uv":[1.625,10.25,1,10.8125],"rotation":180,"texture":"#0"},"west":{"uv":[11,12.75,11.375,13.275],"rotation":180,"texture":"#0"},"up":{"uv":[12.5,1,12.875,1.625],"rotation":270,"texture":"#0"},"down":{"uv":[0.75,13.125,1.125,12.5],"rotation":90,"texture":"#0"}}},{"from":[6.81,2.6045,9.5427],"to":[9.19,4.0445,11.9427],"rotation":{"angle":0,"axis":"y","origin":[8,0.33214,8]},"faces":{"north":{"uv":[12.5,0,12.875,0.625],"rotation":90,"texture":"#0"},"east":{"uv":[8.625,12.25,8.25,12.875],"rotation":270,"texture":"#0"},"south":{"uv":[0,13.125,0.375,12.5],"rotation":90,"texture":"#0"},"west":{"uv":[10.625,12.25,10.25,12.875],"rotation":90,"texture":"#0"},"up":{"uv":[10.625,3.5,10,4.125],"rotation":180,"texture":"#0"},"down":{"uv":[10.625,8.5,10,9.125],"texture":"#0"}}},{"from":[6.76,3.81367,7.9337],"to":[9.24,5.97367,9.3737],"rotation":{"angle":22.5,"axis":"x","origin":[8,0.33214,8]},"faces":{"north":{"uv":[10,9.5,10.625,10.0625],"texture":"#0"},"east":{"uv":[12.5,12.5,12.875,13.0625],"texture":"#0"},"south":{"uv":[8.75,10,9.375,10.5625],"texture":"#0"},"west":{"uv":[12.75,3.25,13.125,3.8125],"texture":"#0"},"up":{"uv":[11.375,12.375,11,11.75],"rotation":90,"texture":"#0"},"down":{"uv":[12.125,11.5,11.75,12.125],"rotation":270,"texture":"#0"}}},{"from":[6.756,1.8226,9.99316],"to":[9.244,3.2626,11.43316],"rotation":{"angle":-22.5,"axis":"x","origin":[8,0.33214,8]},"faces":{"north":{"uv":[7.25,11.75,7.875,12.125],"texture":"#0"},"east":{"uv":[0,13.5,0.375,13.875],"texture":"#0"},"south":{"uv":[11.5,5.5,12.125,5.875],"texture":"#0"},"west":{"uv":[0.75,13.5,1.125,13.875],"texture":"#0"},"up":{"uv":[12.125,8.625,11.75,8],"rotation":90,"texture":"#0"},"down":{"uv":[12.125,9,11.75,9.625],"rotation":270,"texture":"#0"}}},{"from":[6.76,3.3919,6.91546],"to":[9.24,4.8319,7.93146],"rotation":{"angle":22.5,"axis":"x","origin":[8,0.33214,8]},"faces":{"north":{"uv":[11.75,10.75,12.375,11.125],"texture":"#0"},"east":{"uv":[9,4.75,9.25,5.125],"texture":"#0"},"south":{"uv":[11.75,10,12.375,10.375],"texture":"#0"},"west":{"uv":[7.5,13.5,7.75,13.875],"texture":"#0"},"up":{"uv":[2.5,9.875,2.25,9.25],"rotation":90,"texture":"#0"},"down":{"uv":[2.5,13.25,2.25,13.875],"rotation":270,"texture":"#0"}}},{"from":[6.76,-6.90731,0.76055],"to":[9.24,-5.60731,2.06055],"rotation":{"angle":-45,"axis":"x","origin":[8,0.33214,8]},"faces":{"north":{"uv":[13.5625,5.875,13.25,5.25],"rotation":270,"texture":"#0"},"east":{"uv":[13.5,4.8125,13.8125,4.5],"rotation":90,"texture":"#0"},"south":{"uv":[1.8125,13.25,1.5,13.875],"rotation":270,"texture":"#0"},"west":{"uv":[6.75,13.8125,7.0625,13.5],"rotation":270,"texture":"#0"},"up":{"uv":[13.25,0.3125,13.875,0],"texture":"#0"},"down":{"uv":[13.25,1.0625,13.875,0.75],"rotation":180,"texture":"#0"}}},{"from":[7.65,-1.13715,-1.46774],"to":[8.35,10.46285,5.48226],"rotation":{"angle":0,"axis":"x","origin":[8,5.66285,1.50726]},"faces":{"east":{"uv":[4.3125,16,6.625,14.5625],"rotation":270,"texture":"#0"},"west":{"uv":[6.625,16,4.3125,14.5625],"rotation":90,"texture":"#0"}}},{"from":[7.5,-10.02573,7.69],"to":[8.5,-6.02573,11.69],"rotation":{"angle":22.5,"axis":"x","origin":[8,0.33214,8]},"faces":{"east":{"uv":[8.25,7.5,7.25,8.5],"rotation":270,"texture":"#0"},"west":{"uv":[7.25,7.5,8.25,8.5],"rotation":90,"texture":"#0"}}},{"from":[7.5,-10.02573,4.31],"to":[8.5,-6.02573,8.31],"rotation":{"angle":-22.5,"axis":"x","origin":[8,0.33214,8]},"faces":{"east":{"uv":[8.25,8.5,7.25,7.5],"rotation":270,"texture":"#0"},"west":{"uv":[7.25,8.5,8.25,7.5],"rotation":90,"texture":"#0"}}},{"from":[7.5,4.59593,11.1361],"to":[8.5,8.59593,15.1361],"rotation":{"angle":22.5,"axis":"x","origin":[8,6.59593,13.1361]},"faces":{"east":{"uv":[8.25,8.5,7.25,7.5],"rotation":90,"texture":"#0"},"west":{"uv":[7.25,8.5,8.25,7.5],"rotation":270,"texture":"#0"}}},{"from":[7.5,5.78972,1.75],"to":[8.5,9.78972,5.75],"rotation":{"angle":-22.5,"axis":"x","origin":[8,7.78972,3.75]},"faces":{"east":{"uv":[8.25,8.5,7.25,7.5],"rotation":90,"texture":"#0"},"west":{"uv":[7.25,8.5,8.25,7.5],"rotation":270,"texture":"#0"}}}],"gui_light":"front","display":{"thirdperson_righthand":{"translation":[0,8.5,1.5],"scale":[0.9,0.9,0.9]},"thirdperson_lefthand":{"translation":[0,8.5,1.5],"scale":[0.9,0.9,0.9]},"firstperson_righthand":{"rotation":[-14.5,0,0],"translation":[14.5,5.25,-13]},"firstperson_lefthand":{"rotation":[-14.5,0,0],"translation":[14.5,5.25,-13]},"ground":{"rotation":[0,0,-32],"translation":[3.5,9.5,0],"scale":[0.73,0.73,0.73]},"gui":{"rotation":[-90,45,90],"translation":[-2.5,2.25,0],"scale":[0.7,0.7,0.7]},"head":{"scale":[0.01,0.01,0.01]},"fixed":{"rotation":[0,-90,0],"translation":[0,15.5,-1.25],"scale":[2,2,2]}},"USER":"{{USER}}","NONCE":"{{NONCE}}","TIMESTAMP":"{{TIMESTAMP}}","RESOURCE":"{{RESOURCE}}","MCMODELS":"{{MCMODELS}}","mcmodels":"fe7cf077fa8f9f50bbae311c44cd3769"}