{"credit":"Made with Blockbench","textures":{"0":"aetherburn_pack:texture","1":"aetherburn_pack:fire","2":"aetherburn_pack:crystal","particle":"aetherburn_pack:texture"},"elements":[{"from":[6.5154,-0.594,-1.72764],"to":[11.361,1.994,-0.28764],"rotation":{"angle":-45,"axis":"y","origin":[8,-3.46995,5.44003]},"faces":{"north":{"uv":[8,5.1875,8.625,3.95],"rotation":90,"texture":"#0"},"east":{"uv":[5,12.625,5.375,12],"texture":"#0"},"south":{"uv":[8,3.76563,8.625,2.5],"rotation":270,"texture":"#0"},"west":{"uv":[1.75,12.25,2.125,12.875],"rotation":180,"texture":"#0"},"up":{"uv":[9.25,9.7625,9.625,8.5],"rotation":270,"texture":"#0"},"down":{"uv":[9.625,9.7625,9.25,8.5],"rotation":270,"texture":"#0"}}},{"from":[9.81452,-0.744,-2.89173],"to":[11.97452,2.244,-1.45173],"rotation":{"angle":-45,"axis":"y","origin":[8,-3.46995,5.44003]},"faces":{"north":{"uv":[0.625,11.0625,0,10.5],"rotation":90,"texture":"#0"},"east":{"uv":[12.875,7.875,12.5,7.25],"texture":"#0"},"south":{"uv":[11.125,0.54688,10.5,0],"rotation":270,"texture":"#0"},"west":{"uv":[12.875,8.25,12.5,8.875],"rotation":180,"texture":"#0"},"up":{"uv":[5.375,13.54688,5,13],"rotation":270,"texture":"#0"},"down":{"uv":[13.375,6.79688,13,6.25],"rotation":270,"texture":"#0"}}},{"from":[14.81576,-0.74,3.61101],"to":[16.81576,2.24,5.05101],"rotation":{"angle":22.5,"axis":"y","origin":[8,-3.46995,5.44003]},"faces":{"north":{"uv":[11,3.5,11.625,4],"rotation":270,"texture":"#0"},"east":{"uv":[12.5,5.25,12.875,5.875],"rotation":180,"texture":"#0"},"south":{"uv":[11,6.25,11.625,6.75],"rotation":90,"texture":"#0"},"west":{"uv":[7.25,13.125,7.625,12.5],"texture":"#0"},"up":{"uv":[13.25,7.25,13.625,7.75],"rotation":90,"texture":"#0"},"down":{"uv":[8,13.25,8.375,13.75],"rotation":90,"texture":"#0"}}},{"from":[11.89393,-0.59,1.32549],"to":[14.05393,1.99,2.76549],"rotation":{"angle":22.5,"axis":"y","origin":[8,-3.46995,5.44003]},"faces":{"north":{"uv":[9.375,10.5625,8.75,10],"rotation":90,"texture":"#0"},"east":{"uv":[11.375,12.375,11,11.75],"texture":"#0"},"south":{"uv":[10.625,10.0625,10,9.5],"rotation":270,"texture":"#0"},"west":{"uv":[12.125,11.5,11.75,12.125],"rotation":180,"texture":"#0"},"up":{"uv":[12.875,13.0625,12.5,12.5],"rotation":270,"texture":"#0"},"down":{"uv":[13.125,3.8125,12.75,3.25],"rotation":270,"texture":"#0"}}},{"from":[7.84401,-0.594,-0.22282],"to":[9.28401,1.994,1.21718],"rotation":{"angle":-22.5,"axis":"y","origin":[8,-3.46995,5.44003]},"faces":{"north":{"uv":[12.125,5.875,11.5,5.5],"rotation":90,"texture":"#0"},"east":{"uv":[12.125,8.625,11.75,8],"texture":"#0"},"south":{"uv":[7.875,12.125,7.25,11.75],"rotation":270,"texture":"#0"},"west":{"uv":[12.125,9,11.75,9.625],"rotation":180,"texture":"#0"},"up":{"uv":[0.375,13.875,0,13.5],"rotation":270,"texture":"#0"},"down":{"uv":[1.125,13.875,0.75,13.5],"rotation":270,"texture":"#0"}}},{"from":[10.17722,0.75,-2.72687],"to":[14.17722,0.75,1.27313],"rotation":{"angle":0,"axis":"y","origin":[8,-3.46995,5.44003]},"faces":{"up":{"uv":[7.25,7.5,8.25,8.5],"rotation":270,"texture":"#0"},"down":{"uv":[8.25,7.5,7.25,8.5],"rotation":270,"texture":"#0"}}},{"from":[9.6045,-0.89,-1.1927],"to":[11.0445,1.84,1.2073],"rotation":{"angle":0,"axis":"y","origin":[8,-3.46995,5.44003]},"faces":{"north":{"uv":[0.375,12.5,0,13.125],"rotation":180,"texture":"#0"},"east":{"uv":[10.625,3.5,10,4.125],"rotation":90,"texture":"#0"},"south":{"uv":[12.875,0.625,12.5,0],"texture":"#0"},"west":{"uv":[10.625,8.5,10,9.125],"rotation":270,"texture":"#0"},"up":{"uv":[8.25,12.875,8.625,12.25],"rotation":180,"texture":"#0"},"down":{"uv":[10.25,12.875,10.625,12.25],"texture":"#0"}}},{"from":[5.98383,-0.894,-1.34002],"to":[8.14383,1.844,0.09998],"rotation":{"angle":-22.5,"axis":"y","origin":[8,-3.46995,5.44003]},"faces":{"north":{"uv":[1,10.8125,1.625,10.25],"rotation":270,"texture":"#0"},"east":{"uv":[12.5,1,12.875,1.625],"rotation":180,"texture":"#0"},"south":{"uv":[10.25,5.0625,10.875,4.5],"rotation":90,"texture":"#0"},"west":{"uv":[0.75,13.125,1.125,12.5],"texture":"#0"},"up":{"uv":[11,13.275,11.375,12.75],"rotation":90,"texture":"#0"},"down":{"uv":[11.375,13.275,11,12.75],"rotation":90,"texture":"#0"}}},{"from":[8.8851,1.15,-10.00277],"to":[19.8851,1.35,5.99723],"rotation":{"angle":-22.5,"axis":"y","origin":[8,-3.46995,5.44003]},"faces":{"up":{"uv":[0,11,16,0],"rotation":270,"texture":"#1"},"down":{"uv":[16,11,0,0],"rotation":270,"texture":"#1"}}},{"from":[4.639,-0.594,-1.72764],"to":[9.4846,1.994,-0.28764],"rotation":{"angle":45,"axis":"y","origin":[8,-3.46995,5.44003]},"faces":{"north":{"uv":[8,3.95,8.625,5.1875],"rotation":90,"texture":"#0"},"east":{"uv":[2.125,12.25,1.75,12.875],"rotation":180,"texture":"#0"},"south":{"uv":[8,2.5,8.625,3.76563],"rotation":270,"texture":"#0"},"west":{"uv":[5.375,12.625,5,12],"texture":"#0"},"up":{"uv":[9.25,8.5,9.625,9.7625],"rotation":270,"texture":"#0"},"down":{"uv":[9.625,8.5,9.25,9.7625],"rotation":270,"texture":"#0"}}},{"from":[4.02548,-0.744,-2.89173],"to":[6.18548,2.244,-1.45173],"rotation":{"angle":45,"axis":"y","origin":[8,-3.46995,5.44003]},"faces":{"north":{"uv":[0.625,10.5,0,11.0625],"rotation":90,"texture":"#0"},"east":{"uv":[12.5,8.25,12.875,8.875],"rotation":180,"texture":"#0"},"south":{"uv":[11.125,0,10.5,0.54688],"rotation":270,"texture":"#0"},"west":{"uv":[12.5,7.875,12.875,7.25],"texture":"#0"},"up":{"uv":[5.375,13,5,13.54688],"rotation":270,"texture":"#0"},"down":{"uv":[13.375,6.25,13,6.79688],"rotation":270,"texture":"#0"}}},{"from":[-0.81576,-0.74,3.61101],"to":[1.18424,2.24,5.05101],"rotation":{"angle":-22.5,"axis":"y","origin":[8,-3.46995,5.44003]},"faces":{"north":{"uv":[11,4,11.625,3.5],"rotation":270,"texture":"#0"},"east":{"uv":[7.625,13.125,7.25,12.5],"texture":"#0"},"south":{"uv":[11,6.75,11.625,6.25],"rotation":90,"texture":"#0"},"west":{"uv":[12.875,5.25,12.5,5.875],"rotation":180,"texture":"#0"},"up":{"uv":[13.25,7.75,13.625,7.25],"rotation":90,"texture":"#0"},"down":{"uv":[8,13.75,8.375,13.25],"rotation":90,"texture":"#0"}}},{"from":[1.94607,-0.59,1.32549],"to":[4.10607,1.99,2.76549],"rotation":{"angle":-22.5,"axis":"y","origin":[8,-3.46995,5.44003]},"faces":{"north":{"uv":[9.375,10,8.75,10.5625],"rotation":90,"texture":"#0"},"east":{"uv":[11.75,11.5,12.125,12.125],"rotation":180,"texture":"#0"},"south":{"uv":[10.625,9.5,10,10.0625],"rotation":270,"texture":"#0"},"west":{"uv":[11,12.375,11.375,11.75],"texture":"#0"},"up":{"uv":[12.875,12.5,12.5,13.0625],"rotation":270,"texture":"#0"},"down":{"uv":[13.125,3.25,12.75,3.8125],"rotation":270,"texture":"#0"}}},{"from":[6.71599,-0.594,-0.22282],"to":[8.15599,1.994,1.21718],"rotation":{"angle":22.5,"axis":"y","origin":[8,-3.46995,5.44003]},"faces":{"north":{"uv":[12.125,5.5,11.5,5.875],"rotation":90,"texture":"#0"},"east":{"uv":[11.75,9,12.125,9.625],"rotation":180,"texture":"#0"},"south":{"uv":[7.875,11.75,7.25,12.125],"rotation":270,"texture":"#0"},"west":{"uv":[11.75,8.625,12.125,8],"texture":"#0"},"up":{"uv":[0.375,13.5,0,13.875],"rotation":270,"texture":"#0"},"down":{"uv":[1.125,13.5,0.75,13.875],"rotation":270,"texture":"#0"}}},{"from":[-2.20861,1.495,2.65836],"to":[3.74139,1.505,12.25836],"rotation":{"angle":-22.5,"axis":"y","origin":[8,-3.46995,5.44003]},"faces":{"up":{"uv":[2.3125,14.5625,0,16],"rotation":270,"texture":"#0"},"down":{"uv":[0,14.5625,2.3125,16],"rotation":270,"texture":"#0"}}},{"from":[12.25861,1.495,2.65836],"to":[18.20861,1.505,12.25836],"rotation":{"angle":22.5,"axis":"y","origin":[8,-3.46995,5.44003]},"faces":{"up":{"uv":[2.3125,16,0,14.5625],"rotation":270,"texture":"#0"},"down":{"uv":[0,16,2.3125,14.5625],"rotation":270,"texture":"#0"}}},{"from":[1.82278,0.75,-2.72687],"to":[5.82278,0.75,1.27313],"rotation":{"angle":0,"axis":"y","origin":[8,-3.46995,5.44003]},"faces":{"up":{"uv":[7.25,8.5,8.25,7.5],"rotation":270,"texture":"#0"},"down":{"uv":[8.25,8.5,7.25,7.5],"rotation":270,"texture":"#0"}}},{"from":[4.9555,-0.89,-1.1927],"to":[6.3955,1.84,1.2073],"rotation":{"angle":0,"axis":"y","origin":[8,-3.46995,5.44003]},"faces":{"north":{"uv":[0,12.5,0.375,13.125],"rotation":180,"texture":"#0"},"east":{"uv":[10.625,9.125,10,8.5],"rotation":270,"texture":"#0"},"south":{"uv":[12.5,0.625,12.875,0],"texture":"#0"},"west":{"uv":[10.625,4.125,10,3.5],"rotation":90,"texture":"#0"},"up":{"uv":[8.625,12.875,8.25,12.25],"rotation":180,"texture":"#0"},"down":{"uv":[10.625,12.875,10.25,12.25],"texture":"#0"}}},{"from":[7.85617,-0.894,-1.34002],"to":[10.01617,1.844,0.09998],"rotation":{"angle":22.5,"axis":"y","origin":[8,-3.46995,5.44003]},"faces":{"north":{"uv":[1,10.25,1.625,10.8125],"rotation":270,"texture":"#0"},"east":{"uv":[1.125,13.125,0.75,12.5],"texture":"#0"},"south":{"uv":[10.25,4.5,10.875,5.0625],"rotation":90,"texture":"#0"},"west":{"uv":[12.875,1,12.5,1.625],"rotation":180,"texture":"#0"},"up":{"uv":[11,12.75,11.375,13.275],"rotation":90,"texture":"#0"},"down":{"uv":[11.375,12.75,11,13.275],"rotation":90,"texture":"#0"}}},{"from":[-3.8851,1.15,-10.00277],"to":[7.1149,1.35,5.99723],"rotation":{"angle":22.5,"axis":"y","origin":[8,-3.46995,5.44003]},"faces":{"up":{"uv":[0,0,16,11],"rotation":270,"texture":"#1"},"down":{"uv":[16,0,0,11],"rotation":270,"texture":"#1"}}},{"from":[5.418,-1.125,-3.494],"to":[10.582,2.625,4.994],"rotation":{"angle":0,"axis":"y","origin":[8,-3.46995,5.44003]},"faces":{"up":{"uv":[3.25,0,13.25,16],"texture":"#2"},"down":{"uv":[13.25,0,3.25,16],"rotation":180,"texture":"#2"}}},{"from":[1.15,1.5,6.8],"to":[15.15,1.5,7.4],"rotation":{"angle":0,"axis":"y","origin":[8,-3.46995,5.44003]},"faces":{"up":{"uv":[14.5,9.6875,14.625,12.6875],"rotation":270,"texture":"#0"},"down":{"uv":[14.5,9.6875,14.625,12.6875],"rotation":270,"texture":"#0"}}},{"from":[8.15695,-1.30431,11.32478],"to":[9.59695,1.68369,12.76478],"rotation":{"angle":-22.5,"axis":"y","origin":[8,-3.46995,5.44003]},"faces":{"north":{"uv":[11.75,8.625,12.125,8],"rotation":180,"texture":"#0"},"east":{"uv":[7.25,12.125,7.875,11.75],"rotation":270,"texture":"#0"},"south":{"uv":[11.75,9,12.125,9.625],"texture":"#0"},"west":{"uv":[11.5,5.875,12.125,5.5],"rotation":90,"texture":"#0"},"up":{"uv":[0.75,13.875,1.125,13.5],"rotation":180,"texture":"#0"},"down":{"uv":[0,13.875,0.375,13.5],"texture":"#0"}}},{"from":[2.93161,-1.30031,8.57039],"to":[4.37161,1.67969,10.73039],"rotation":{"angle":22.5,"axis":"y","origin":[8,-3.46995,5.44003]},"faces":{"north":{"uv":[11,12.375,11.375,11.75],"rotation":180,"texture":"#0"},"east":{"uv":[10,10.0625,10.625,9.5],"rotation":270,"texture":"#0"},"south":{"uv":[11.75,11.5,12.125,12.125],"texture":"#0"},"west":{"uv":[8.75,10.5625,9.375,10],"rotation":90,"texture":"#0"},"up":{"uv":[12.75,3.8125,13.125,3.25],"rotation":180,"texture":"#0"},"down":{"uv":[12.5,13.0625,12.875,12.5],"texture":"#0"}}},{"from":[2.11948,-1.30431,6.39251],"to":[5.52724,1.68369,7.83251],"rotation":{"angle":45,"axis":"y","origin":[8,-3.46995,5.44003]},"faces":{"north":{"uv":[9,4.375,9.625,3.5],"rotation":90,"texture":"#0"},"east":{"uv":[12,3.875,12.375,3.25],"rotation":180,"texture":"#0"},"south":{"uv":[0,10.125,0.625,9.25],"rotation":270,"texture":"#0"},"west":{"uv":[12,4.25,12.375,4.875],"texture":"#0"},"up":{"uv":[2.375,10.25,2,11.125],"rotation":90,"texture":"#0"},"down":{"uv":[5.375,9.5,5,10.375],"rotation":90,"texture":"#0"}}},{"from":[5.52747,-1.30431,6.3949],"to":[6.96747,1.68369,11.2405],"rotation":{"angle":45,"axis":"y","origin":[8,-3.46995,5.44003]},"faces":{"north":{"uv":[5,12.625,5.375,12],"rotation":180,"texture":"#0"},"east":{"uv":[8,5.1875,8.625,3.95],"rotation":270,"texture":"#0"},"south":{"uv":[1.75,12.25,2.125,12.875],"texture":"#0"},"west":{"uv":[8,3.76563,8.625,2.5],"rotation":90,"texture":"#0"},"up":{"uv":[9.625,9.7625,9.25,8.5],"rotation":180,"texture":"#0"},"down":{"uv":[9.25,9.7625,9.625,8.5],"texture":"#0"}}},{"from":[3.87119,-1.05031,4.16018],"to":[5.31119,1.42969,6.56018],"rotation":{"angle":45,"axis":"y","origin":[8,-3.46995,5.44003]},"faces":{"north":{"uv":[0,13.125,0.375,12.5],"rotation":180,"texture":"#0"},"east":{"uv":[10,9.125,10.625,8.5],"rotation":270,"texture":"#0"},"south":{"uv":[12.5,0,12.875,0.625],"texture":"#0"},"west":{"uv":[10,4.125,10.625,3.5],"rotation":90,"texture":"#0"},"up":{"uv":[10.25,12.875,10.625,12.25],"rotation":180,"texture":"#0"},"down":{"uv":[8.25,12.875,8.625,12.25],"texture":"#0"}}},{"from":[5.75043,-1.05431,6.4741],"to":[7.19043,1.43369,8.6341],"rotation":{"angle":-22.5,"axis":"y","origin":[8,-3.46995,5.44003]},"faces":{"north":{"uv":[0.75,13.125,1.125,12.5],"rotation":180,"texture":"#0"},"east":{"uv":[10.25,5.0625,10.875,4.5],"rotation":270,"texture":"#0"},"south":{"uv":[12.5,1,12.875,1.625],"texture":"#0"},"west":{"uv":[1,10.8125,1.625,10.25],"rotation":90,"texture":"#0"},"up":{"uv":[11.375,13.275,11,12.75],"rotation":180,"texture":"#0"},"down":{"uv":[11,13.275,11.375,12.75],"texture":"#0"}}},{"from":[8.70499,-1.05431,6.43078],"to":[10.14499,1.43369,8.59078],"rotation":{"angle":22.5,"axis":"y","origin":[8,-3.46995,5.44003]},"faces":{"north":{"uv":[1.125,13.125,0.75,12.5],"rotation":180,"texture":"#0"},"east":{"uv":[1.625,10.8125,1,10.25],"rotation":270,"texture":"#0"},"south":{"uv":[12.875,1,12.5,1.625],"texture":"#0"},"west":{"uv":[10.875,5.0625,10.25,4.5],"rotation":90,"texture":"#0"},"up":{"uv":[11,13.275,11.375,12.75],"rotation":180,"texture":"#0"},"down":{"uv":[11.375,13.275,11,12.75],"texture":"#0"}}},{"from":[10.65884,-1.02811,-1.10405],"to":[11.61884,2.04189,1.05595],"rotation":{"angle":22.5,"axis":"y","origin":[8,-3.46995,5.44003]},"faces":{"north":{"uv":[9,13.25,8.75,13.875],"rotation":180,"texture":"#0"},"east":{"uv":[10.5,1,11.125,1.5625],"rotation":270,"texture":"#0"},"south":{"uv":[13.5,8.625,13.25,8],"texture":"#0"},"west":{"uv":[10.5,7,11.125,7.5625],"rotation":90,"texture":"#0"},"up":{"uv":[5.75,13.5,6,14.0625],"rotation":180,"texture":"#0"},"down":{"uv":[6.25,13.5,6.5,14.0625],"texture":"#0"}}},{"from":[4.27658,-1.02811,-1.06073],"to":[5.23658,2.04189,1.09927],"rotation":{"angle":-22.5,"axis":"y","origin":[8,-3.46995,5.44003]},"faces":{"north":{"uv":[8.75,13.25,9,13.875],"rotation":180,"texture":"#0"},"east":{"uv":[11.125,7,10.5,7.5625],"rotation":270,"texture":"#0"},"south":{"uv":[13.25,8.625,13.5,8],"texture":"#0"},"west":{"uv":[11.125,1,10.5,1.5625],"rotation":90,"texture":"#0"},"up":{"uv":[6,13.5,5.75,14.0625],"rotation":180,"texture":"#0"},"down":{"uv":[6.5,13.5,6.25,14.0625],"texture":"#0"}}},{"from":[10.58544,-1.03311,0.3389],"to":[12.05544,2.04689,1.7789],"rotation":{"angle":45,"axis":"y","origin":[8,-3.46995,5.44003]},"faces":{"north":{"uv":[9.625,12.5,9,12.875],"rotation":90,"texture":"#0"},"east":{"uv":[11.75,12.5,12.125,13.125],"rotation":180,"texture":"#0"},"south":{"uv":[13.125,9.25,12.5,9.625],"rotation":270,"texture":"#0"},"west":{"uv":[12.5,12.125,12.875,11.5],"texture":"#0"},"up":{"uv":[13.875,3,13.5,3.375],"rotation":270,"texture":"#0"},"down":{"uv":[13.875,3.75,13.5,4.125],"rotation":270,"texture":"#0"}}},{"from":[11.58108,-1.03311,1.30454],"to":[13.02108,2.04689,2.77454],"rotation":{"angle":45,"axis":"y","origin":[8,-3.46995,5.44003]},"faces":{"north":{"uv":[12.125,12.5,11.75,13.125],"rotation":180,"texture":"#0"},"east":{"uv":[9,12.5,9.625,12.875],"rotation":270,"texture":"#0"},"south":{"uv":[12.875,12.125,12.5,11.5],"texture":"#0"},"west":{"uv":[12.5,9.25,13.125,9.625],"rotation":90,"texture":"#0"},"up":{"uv":[13.5,3,13.875,3.375],"rotation":180,"texture":"#0"},"down":{"uv":[13.5,3.75,13.875,4.125],"texture":"#0"}}},{"from":[6.7998,-1.05031,8.04879],"to":[9.1998,1.42969,9.48879],"rotation":{"angle":45,"axis":"y","origin":[8,-3.46995,5.44003]},"faces":{"north":{"uv":[10.625,9.125,10,8.5],"rotation":90,"texture":"#0"},"east":{"uv":[0.375,13.125,0,12.5],"rotation":180,"texture":"#0"},"south":{"uv":[10.625,4.125,10,3.5],"rotation":270,"texture":"#0"},"west":{"uv":[12.875,0,12.5,0.625],"texture":"#0"},"up":{"uv":[10.25,12.25,10.625,12.875],"rotation":90,"texture":"#0"},"down":{"uv":[8.25,12.25,8.625,12.875],"rotation":90,"texture":"#0"}}},{"from":[11.52381,-1.30031,8.61371],"to":[12.96381,1.67969,10.77371],"rotation":{"angle":-22.5,"axis":"y","origin":[8,-3.46995,5.44003]},"faces":{"north":{"uv":[11.375,12.375,11,11.75],"rotation":180,"texture":"#0"},"east":{"uv":[9.375,10.5625,8.75,10],"rotation":270,"texture":"#0"},"south":{"uv":[12.125,11.5,11.75,12.125],"texture":"#0"},"west":{"uv":[10.625,10.0625,10,9.5],"rotation":90,"texture":"#0"},"up":{"uv":[13.125,3.8125,12.75,3.25],"rotation":180,"texture":"#0"},"down":{"uv":[12.875,13.0625,12.5,12.5],"texture":"#0"}}},{"from":[6.29847,-1.30431,11.28146],"to":[7.73847,1.68369,12.72146],"rotation":{"angle":22.5,"axis":"y","origin":[8,-3.46995,5.44003]},"faces":{"north":{"uv":[12.125,8.625,11.75,8],"rotation":180,"texture":"#0"},"east":{"uv":[12.125,5.875,11.5,5.5],"rotation":270,"texture":"#0"},"south":{"uv":[12.125,9,11.75,9.625],"texture":"#0"},"west":{"uv":[7.875,12.125,7.25,11.75],"rotation":90,"texture":"#0"},"up":{"uv":[1.125,13.875,0.75,13.5],"rotation":180,"texture":"#0"},"down":{"uv":[0.375,13.875,0,13.5],"texture":"#0"}}},{"from":[12.56676,-1.03311,-0.50678],"to":[13.86676,2.04689,0.79322],"rotation":{"angle":45,"axis":"y","origin":[8,-3.46995,5.44003]},"faces":{"north":{"uv":[13.25,0.75,13.875,1.0625],"rotation":90,"texture":"#0"},"east":{"uv":[13.5625,5.25,13.25,5.875],"rotation":180,"texture":"#0"},"south":{"uv":[13.25,0,13.875,0.3125],"rotation":270,"texture":"#0"},"west":{"uv":[1.8125,13.875,1.5,13.25],"texture":"#0"},"up":{"uv":[13.5,4.5,13.8125,4.8125],"rotation":270,"texture":"#0"},"down":{"uv":[6.75,13.5,7.0625,13.8125],"rotation":270,"texture":"#0"}}},{"from":[5.5434,-0.51031,0.10239],"to":[10.3434,0.88969,9.30239],"rotation":{"angle":0,"axis":"y","origin":[8,-3.46995,5.44003]},"faces":{"north":{"uv":[9.5,6.625,10.6875,6.25],"rotation":180,"texture":"#0"},"east":{"uv":[2.75,14.5625,3.125,12.4375],"rotation":270,"texture":"#0"},"south":{"uv":[7.25,9.75,8.4375,10.125],"texture":"#0"},"west":{"uv":[7.25,7.0625,7.625,4.9375],"rotation":90,"texture":"#0"},"up":{"uv":[4.25,7.0625,5.4375,4.9375],"rotation":180,"texture":"#0"},"down":{"uv":[2.75,7.0625,3.9375,4.9375],"texture":"#0"}}},{"from":[5.7834,-0.28031,1.68239],"to":[10.1034,0.65969,8.56239],"rotation":{"angle":0,"axis":"y","origin":[8,-3.46995,5.44003]},"faces":{"up":{"uv":[5.75,13.25,6.8125,11.6875],"rotation":180,"texture":"#0"},"down":{"uv":[5.75,6.5,6.8125,4.9375],"texture":"#0"}}},{"from":[7.2,-9.01557,8.96028],"to":[8.8,-4.31557,10.56028],"rotation":{"angle":-22.5,"axis":"x","origin":[8,-3.46995,5.44003]},"faces":{"north":{"uv":[4.375,10.5625,4.75,11.875],"rotation":180,"texture":"#0"},"east":{"uv":[4.375,10.5625,4.75,11.875],"rotation":180,"texture":"#0"},"south":{"uv":[4.375,10.5625,4.75,11.875],"rotation":180,"texture":"#0"},"west":{"uv":[4.375,10.5625,4.75,11.875],"rotation":180,"texture":"#0"},"up":{"uv":[10.375,13.25,10,13.625],"rotation":90,"texture":"#0"},"down":{"uv":[9.625,13.625,9.25,13.25],"rotation":270,"texture":"#0"}}},{"from":[7.1,-9.96557,8.86028],"to":[8.9,-3.56557,10.66028],"rotation":{"angle":-22.5,"axis":"x","origin":[8,-3.46995,5.44003]},"faces":{"north":{"uv":[4.375,8.8125,4.75,10.4375],"rotation":180,"texture":"#0"},"east":{"uv":[4.375,8.8125,4.75,10.4375],"rotation":180,"texture":"#0"},"south":{"uv":[4.375,8.8125,4.75,10.4375],"rotation":180,"texture":"#0"},"west":{"uv":[4.375,8.8125,4.75,10.4375],"rotation":180,"texture":"#0"},"up":{"uv":[13.625,11.75,13.25,12.125],"rotation":90,"texture":"#0"},"down":{"uv":[13.625,11.375,13.25,11],"rotation":270,"texture":"#0"}}},{"from":[6.756,-11.11999,9.04028],"to":[9.244,-9.67999,10.48028],"rotation":{"angle":-22.5,"axis":"x","origin":[8,-3.46995,5.44003]},"faces":{"north":{"uv":[1.75,11.5,2.375,11.875],"rotation":180,"texture":"#0"},"east":{"uv":[13.25,13.25,13.625,13.625],"rotation":180,"texture":"#0"},"south":{"uv":[11.5,1.5,12.125,1.875],"rotation":180,"texture":"#0"},"west":{"uv":[13.25,12.5,13.625,12.875],"rotation":180,"texture":"#0"},"up":{"uv":[11.875,7,11.5,7.625],"rotation":90,"texture":"#0"},"down":{"uv":[11.875,2.875,11.5,2.25],"rotation":270,"texture":"#0"}}},{"from":[6.76,-12.46648,7.16907],"to":[9.24,-11.02648,8.18507],"rotation":{"angle":-45,"axis":"x","origin":[8,-3.46995,5.44003]},"faces":{"north":{"uv":[11.75,10.75,12.375,11.125],"rotation":180,"texture":"#0"},"east":{"uv":[7.5,13.5,7.75,13.875],"rotation":180,"texture":"#0"},"south":{"uv":[11.75,10,12.375,10.375],"rotation":180,"texture":"#0"},"west":{"uv":[9,4.75,9.25,5.125],"rotation":180,"texture":"#0"},"up":{"uv":[2.5,13.25,2.25,13.875],"rotation":90,"texture":"#0"},"down":{"uv":[2.5,9.875,2.25,9.25],"rotation":270,"texture":"#0"}}},{"from":[6.76,-9.1599,10.67776],"to":[9.24,-7.7199,11.69376],"rotation":{"angle":0,"axis":"x","origin":[8,-3.46995,5.44003]},"faces":{"north":{"uv":[12.375,10,11.75,10.375],"rotation":180,"texture":"#0"},"east":{"uv":[7.75,13.5,7.5,13.875],"rotation":180,"texture":"#0"},"south":{"uv":[12.375,10.75,11.75,11.125],"rotation":180,"texture":"#0"},"west":{"uv":[9.25,4.75,9,5.125],"rotation":180,"texture":"#0"},"up":{"uv":[2.25,13.25,2.5,13.875],"rotation":90,"texture":"#0"},"down":{"uv":[2.25,9.875,2.5,9.25],"rotation":270,"texture":"#0"}}},{"from":[6.756,-4.15115,9.04028],"to":[9.244,-2.71115,10.48028],"rotation":{"angle":-22.5,"axis":"x","origin":[8,-3.46995,5.44003]},"faces":{"north":{"uv":[1.75,11.875,2.375,11.5],"rotation":180,"texture":"#0"},"east":{"uv":[13.25,13.625,13.625,13.25],"rotation":180,"texture":"#0"},"south":{"uv":[11.5,1.875,12.125,1.5],"rotation":180,"texture":"#0"},"west":{"uv":[13.25,12.875,13.625,12.5],"rotation":180,"texture":"#0"},"up":{"uv":[11.5,2.875,11.875,2.25],"rotation":270,"texture":"#0"},"down":{"uv":[11.5,7,11.875,7.625],"rotation":90,"texture":"#0"}}},{"from":[6.76,-2.28009,9.80623],"to":[9.24,-0.84009,10.82223],"rotation":{"angle":0,"axis":"x","origin":[8,-3.46995,5.44003]},"faces":{"north":{"uv":[11.75,11.125,12.375,10.75],"rotation":180,"texture":"#0"},"east":{"uv":[7.5,13.875,7.75,13.5],"rotation":180,"texture":"#0"},"south":{"uv":[11.75,10.375,12.375,10],"rotation":180,"texture":"#0"},"west":{"uv":[9,5.125,9.25,4.75],"rotation":180,"texture":"#0"},"up":{"uv":[2.25,9.875,2.5,9.25],"rotation":270,"texture":"#0"},"down":{"uv":[2.25,13.25,2.5,13.875],"rotation":90,"texture":"#0"}}},{"from":[6.76,-5.58667,8.0406],"to":[9.24,-4.14667,9.0566],"rotation":{"angle":-45,"axis":"x","origin":[8,-3.46995,5.44003]},"faces":{"north":{"uv":[12.375,10.375,11.75,10],"rotation":180,"texture":"#0"},"east":{"uv":[7.75,13.875,7.5,13.5],"rotation":180,"texture":"#0"},"south":{"uv":[12.375,11.125,11.75,10.75],"rotation":180,"texture":"#0"},"west":{"uv":[9.25,5.125,9,4.75],"rotation":180,"texture":"#0"},"up":{"uv":[2.5,9.875,2.25,9.25],"rotation":270,"texture":"#0"},"down":{"uv":[2.5,13.25,2.25,13.875],"rotation":90,"texture":"#0"}}}],"gui_light":"front","display":{"thirdperson_righthand":{"translation":[0,8.25,0.5],"scale":[0.8,0.8,0.8]},"thirdperson_lefthand":{"translation":[0,8.25,0.5],"scale":[0.8,0.8,0.8]},"firstperson_righthand":{"translation":[4.5,5.5,-1]},"firstperson_lefthand":{"translation":[4.5,5.5,-1]},"ground":{"rotation":[-28,0,0],"translation":[0,9.5,0.25],"scale":[0.76,0.76,0.76]},"gui":{"rotation":[-142.25,44.5,-180],"translation":[2,4,0],"scale":[0.7,0.7,0.7]},"head":{"scale":[0.01,0.01,0.01]},"fixed":{"rotation":[90,0,180],"translation":[0,-7.5,-18.5],"scale":[2,2,2]}},"USER":"{{USER}}","NONCE":"{{NONCE}}","TIMESTAMP":"{{TIMESTAMP}}","RESOURCE":"{{RESOURCE}}","MCMODELS":"{{MCMODELS}}","mcmodels":"fe7cf077fa8f9f50bbae311c44cd3769"}