{"credit":"Made with Blockbench","textures":{"0":"aetherburn_pack:texture","particle":"aetherburn_pack:texture"},"elements":[{"from":[7.3,1.448,7.29956],"to":[8.7,6.148,8.69956],"rotation":{"angle":0,"axis":"x","origin":[8,3.11793,7.99978]},"faces":{"north":{"uv":[5.375,10.5625,5,11.875],"rotation":180,"texture":"#0"},"east":{"uv":[5.375,10.5625,5,11.875],"rotation":180,"texture":"#0"},"south":{"uv":[5.375,10.5625,5,11.875],"rotation":180,"texture":"#0"},"west":{"uv":[5.375,10.5625,5,11.875],"rotation":180,"texture":"#0"},"up":{"uv":[10,13.25,10.375,13.625],"rotation":270,"texture":"#0"},"down":{"uv":[9.25,13.625,9.625,13.25],"rotation":90,"texture":"#0"}}},{"from":[7.2,0.498,7.19956],"to":[8.8,6.898,8.79956],"rotation":{"angle":0,"axis":"x","origin":[8,3.11793,7.99978]},"faces":{"north":{"uv":[9.125,5.5,8.75,7.125],"rotation":180,"texture":"#0"},"east":{"uv":[5.375,7.5,5,9.125],"rotation":180,"texture":"#0"},"south":{"uv":[8.375,5.5,8,7.125],"rotation":180,"texture":"#0"},"west":{"uv":[8.875,7.5,8.5,9.125],"rotation":180,"texture":"#0"},"up":{"uv":[13.25,11.75,13.625,12.125],"rotation":270,"texture":"#0"},"down":{"uv":[13.25,11.375,13.625,11],"rotation":90,"texture":"#0"}}},{"from":[6.756,-0.66857,7.27956],"to":[9.244,0.77143,8.71956],"rotation":{"angle":0,"axis":"x","origin":[8,3.11793,7.99978]},"faces":{"north":{"uv":[2.375,11.5,1.75,11.875],"rotation":180,"texture":"#0"},"east":{"uv":[13.625,12.5,13.25,12.875],"rotation":180,"texture":"#0"},"south":{"uv":[12.125,1.5,11.5,1.875],"rotation":180,"texture":"#0"},"west":{"uv":[13.625,13.25,13.25,13.625],"rotation":180,"texture":"#0"},"up":{"uv":[11.5,7,11.875,7.625],"rotation":270,"texture":"#0"},"down":{"uv":[11.5,2.875,11.875,2.25],"rotation":90,"texture":"#0"}}},{"from":[6.756,0.91335,9.69203],"to":[9.244,2.35335,11.13203],"rotation":{"angle":22.5,"axis":"x","origin":[8,3.11793,7.99978]},"faces":{"north":{"uv":[7.875,11.75,7.25,12.125],"rotation":180,"texture":"#0"},"east":{"uv":[0.375,13.5,0,13.875],"rotation":180,"texture":"#0"},"south":{"uv":[12.125,5.5,11.5,5.875],"rotation":180,"texture":"#0"},"west":{"uv":[1.125,13.5,0.75,13.875],"rotation":180,"texture":"#0"},"up":{"uv":[11.75,9,12.125,9.625],"rotation":270,"texture":"#0"},"down":{"uv":[11.75,8.625,12.125,8],"rotation":90,"texture":"#0"}}},{"from":[6.76,-0.65578,7.21575],"to":[9.24,0.78422,8.23175],"rotation":{"angle":-22.5,"axis":"x","origin":[8,3.11793,7.99978]},"faces":{"north":{"uv":[12.375,10.75,11.75,11.125],"rotation":180,"texture":"#0"},"east":{"uv":[9.25,4.75,9,5.125],"rotation":180,"texture":"#0"},"south":{"uv":[12.375,10,11.75,10.375],"rotation":180,"texture":"#0"},"west":{"uv":[7.75,13.5,7.5,13.875],"rotation":180,"texture":"#0"},"up":{"uv":[2.25,13.25,2.5,13.875],"rotation":270,"texture":"#0"},"down":{"uv":[2.25,9.875,2.5,9.25],"rotation":90,"texture":"#0"}}},{"from":[6.76,-1.79755,8.23399],"to":[9.24,0.36245,9.67399],"rotation":{"angle":-22.5,"axis":"x","origin":[8,3.11793,7.99978]},"faces":{"north":{"uv":[10.625,9.5,10,10.0625],"rotation":180,"texture":"#0"},"east":{"uv":[12.875,12.5,12.5,13.0625],"rotation":180,"texture":"#0"},"south":{"uv":[9.375,10,8.75,10.5625],"rotation":180,"texture":"#0"},"west":{"uv":[13.125,3.25,12.75,3.8125],"rotation":180,"texture":"#0"},"up":{"uv":[11.75,11.5,12.125,12.125],"rotation":270,"texture":"#0"},"down":{"uv":[11,12.375,11.375,11.75],"rotation":90,"texture":"#0"}}},{"from":[6.756,-2.06167,4.25748],"to":[9.244,-0.62167,7.66524],"rotation":{"angle":-45,"axis":"x","origin":[8,3.11793,7.99978]},"faces":{"north":{"uv":[12.375,3.25,12,3.875],"rotation":90,"texture":"#0"},"east":{"uv":[5,10.375,5.375,9.5],"rotation":270,"texture":"#0"},"south":{"uv":[12.375,4.875,12,4.25],"rotation":90,"texture":"#0"},"west":{"uv":[2,11.125,2.375,10.25],"rotation":90,"texture":"#0"},"up":{"uv":[0,10.125,0.625,9.25],"rotation":180,"texture":"#0"},"down":{"uv":[9,4.375,9.625,3.5],"texture":"#0"}}},{"from":[6.756,-2.06167,2.81748],"to":[9.244,2.78393,4.25748],"rotation":{"angle":-45,"axis":"x","origin":[8,3.11793,7.99978]},"faces":{"north":{"uv":[8.625,3.95,8,5.1875],"rotation":180,"texture":"#0"},"east":{"uv":[9.625,8.5,9.25,9.7625],"rotation":180,"texture":"#0"},"south":{"uv":[8.625,2.5,8,3.76563],"rotation":180,"texture":"#0"},"west":{"uv":[9.25,8.5,9.625,9.7625],"rotation":180,"texture":"#0"},"up":{"uv":[1.75,12.25,2.125,12.875],"rotation":270,"texture":"#0"},"down":{"uv":[5,12.625,5.375,12],"rotation":90,"texture":"#0"}}},{"from":[6.765,5.3282,9.81923],"to":[9.235,7.4882,10.77923],"rotation":{"angle":-22.5,"axis":"x","origin":[8,3.11793,7.99978]},"faces":{"north":{"uv":[11.125,7,10.5,7.5625],"rotation":180,"texture":"#0"},"east":{"uv":[6,13.5,5.75,14.0625],"rotation":180,"texture":"#0"},"south":{"uv":[11.125,1,10.5,1.5625],"rotation":180,"texture":"#0"},"west":{"uv":[6.5,13.5,6.25,14.0625],"rotation":180,"texture":"#0"},"up":{"uv":[8.75,13.25,9,13.875],"rotation":270,"texture":"#0"},"down":{"uv":[13.25,8.625,13.5,8],"rotation":90,"texture":"#0"}}},{"from":[6.765,5.32804,5.21993],"to":[9.235,7.48804,6.17993],"rotation":{"angle":22.5,"axis":"x","origin":[8,3.11793,7.99978]},"faces":{"north":{"uv":[10.5,1,11.125,1.5625],"rotation":180,"texture":"#0"},"east":{"uv":[5.75,13.5,6,14.0625],"rotation":180,"texture":"#0"},"south":{"uv":[10.5,7,11.125,7.5625],"rotation":180,"texture":"#0"},"west":{"uv":[6.25,13.5,6.5,14.0625],"rotation":180,"texture":"#0"},"up":{"uv":[9,13.25,8.75,13.875],"rotation":270,"texture":"#0"},"down":{"uv":[13.5,8.625,13.25,8],"rotation":90,"texture":"#0"}}},{"from":[6.76,5.09195,8.97786],"to":[9.24,6.53195,10.44786],"rotation":{"angle":-45,"axis":"x","origin":[8,3.11793,7.99978]},"faces":{"north":{"uv":[12.5,11.5,12.875,12.125],"rotation":90,"texture":"#0"},"east":{"uv":[13.875,3.375,13.5,3],"rotation":270,"texture":"#0"},"south":{"uv":[11.75,13.125,12.125,12.5],"rotation":90,"texture":"#0"},"west":{"uv":[13.875,4.125,13.5,3.75],"rotation":90,"texture":"#0"},"up":{"uv":[9.625,12.875,9,12.5],"rotation":180,"texture":"#0"},"down":{"uv":[13.125,9.625,12.5,9.25],"texture":"#0"}}},{"from":[6.76,4.09631,9.9735],"to":[9.24,5.56631,11.4135],"rotation":{"angle":-45,"axis":"x","origin":[8,3.11793,7.99978]},"faces":{"north":{"uv":[13.125,9.25,12.5,9.625],"rotation":180,"texture":"#0"},"east":{"uv":[13.875,3,13.5,3.375],"rotation":180,"texture":"#0"},"south":{"uv":[9.625,12.5,9,12.875],"rotation":180,"texture":"#0"},"west":{"uv":[13.875,3.75,13.5,4.125],"rotation":180,"texture":"#0"},"up":{"uv":[11.75,12.5,12.125,13.125],"rotation":270,"texture":"#0"},"down":{"uv":[12.5,12.125,12.875,11.5],"rotation":90,"texture":"#0"}}},{"from":[6.76,-1.79772,6.32517],"to":[9.24,0.36228,7.76517],"rotation":{"angle":22.5,"axis":"x","origin":[8,3.11793,7.99978]},"faces":{"north":{"uv":[8.75,10,9.375,10.5625],"rotation":180,"texture":"#0"},"east":{"uv":[12.5,12.5,12.875,13.0625],"rotation":180,"texture":"#0"},"south":{"uv":[10,9.5,10.625,10.0625],"rotation":180,"texture":"#0"},"west":{"uv":[12.75,3.25,13.125,3.8125],"rotation":180,"texture":"#0"},"up":{"uv":[12.125,11.5,11.75,12.125],"rotation":270,"texture":"#0"},"down":{"uv":[11.375,12.375,11,11.75],"rotation":90,"texture":"#0"}}},{"from":[6.756,0.91352,4.86713],"to":[9.244,2.35352,6.30713],"rotation":{"angle":-22.5,"axis":"x","origin":[8,3.11793,7.99978]},"faces":{"north":{"uv":[11.5,5.5,12.125,5.875],"rotation":180,"texture":"#0"},"east":{"uv":[0,13.5,0.375,13.875],"rotation":180,"texture":"#0"},"south":{"uv":[7.25,11.75,7.875,12.125],"rotation":180,"texture":"#0"},"west":{"uv":[0.75,13.5,1.125,13.875],"rotation":180,"texture":"#0"},"up":{"uv":[12.125,9,11.75,9.625],"rotation":270,"texture":"#0"},"down":{"uv":[12.125,8.625,11.75,8],"rotation":90,"texture":"#0"}}},{"from":[6.76,-0.65595,7.76741],"to":[9.24,0.78405,8.78341],"rotation":{"angle":22.5,"axis":"x","origin":[8,3.11793,7.99978]},"faces":{"north":{"uv":[11.75,10,12.375,10.375],"rotation":180,"texture":"#0"},"east":{"uv":[9,4.75,9.25,5.125],"rotation":180,"texture":"#0"},"south":{"uv":[11.75,10.75,12.375,11.125],"rotation":180,"texture":"#0"},"west":{"uv":[7.5,13.5,7.75,13.875],"rotation":180,"texture":"#0"},"up":{"uv":[2.5,13.25,2.25,13.875],"rotation":270,"texture":"#0"},"down":{"uv":[2.5,9.875,2.25,9.25],"rotation":90,"texture":"#0"}}},{"from":[6.76,6.07763,10.95918],"to":[9.24,7.37763,12.25918],"rotation":{"angle":-45,"axis":"x","origin":[8,3.11793,7.99978]},"faces":{"north":{"uv":[1.8125,13.25,1.5,13.875],"rotation":90,"texture":"#0"},"east":{"uv":[13.5,4.8125,13.8125,4.5],"rotation":270,"texture":"#0"},"south":{"uv":[13.5625,5.875,13.25,5.25],"rotation":90,"texture":"#0"},"west":{"uv":[6.75,13.8125,7.0625,13.5],"rotation":90,"texture":"#0"},"up":{"uv":[13.25,1.0625,13.875,0.75],"rotation":180,"texture":"#0"},"down":{"uv":[13.25,0.3125,13.875,0],"texture":"#0"}}},{"from":[8,1.69613,8.34956],"to":[8,5.69613,12.34956],"rotation":{"angle":0,"axis":"x","origin":[8,3.11793,7.99978]},"faces":{"east":{"uv":[10.1875,8.25,9.1875,7.25],"rotation":270,"texture":"#0"},"west":{"uv":[9.1875,8.25,10.1875,7.25],"rotation":90,"texture":"#0"}}}],"gui_light":"front","display":{"thirdperson_righthand":{"rotation":[25.75,0,0],"translation":[0,4.25,2.75],"scale":[0.56,0.56,0.56]},"thirdperson_lefthand":{"rotation":[25.75,0,0],"translation":[0,4.25,2.75],"scale":[0.56,0.56,0.56]},"firstperson_righthand":{"rotation":[-14.5,0,0],"translation":[14.5,-1.25,-13],"scale":[0.74,0.74,0.74]},"firstperson_lefthand":{"rotation":[-14.5,0,0],"translation":[14.5,5.25,-13]},"ground":{"rotation":[0,0,-32],"translation":[3.5,4.75,0],"scale":[0.65,0.65,0.65]},"gui":{"rotation":[-90,45,90],"translation":[-3.75,3.5,0]},"head":{"scale":[0.01,0.01,0.01]},"fixed":{"rotation":[0,90,0],"translation":[0,8.25,-0.5],"scale":[1.53,1.53,1.53]}},"mcmodels":"fe7cf077fa8f9f50bbae311c44cd3769"}