{"credit":"Made with Blockbench","textures":{"0":"aetherburn_pack:texture","1":"aetherburn_pack:fire","2":"aetherburn_pack:crystal","particle":"aetherburn_pack:texture"},"elements":[{"from":[6.125,7.90703,5.418],"to":[9.875,16.39503,10.582],"rotation":{"angle":0,"axis":"y","origin":[8,1.63028,8]},"faces":{"east":{"uv":[13.25,0,3.25,16],"texture":"#2"},"west":{"uv":[3.25,0,13.25,16],"texture":"#2"}}},{"from":[7.9,8.0973,0.99274],"to":[8.1,19.0973,16.99274],"rotation":{"angle":0,"axis":"y","origin":[8,1.63028,8]},"faces":{"east":{"uv":[16,0,0,11],"texture":"#1"},"west":{"uv":[0,0,16,11],"texture":"#1"}}},{"from":[7.3,-4.81215,7.3],"to":[8.7,4.53785,8.7],"rotation":{"angle":0,"axis":"y","origin":[8,1.63028,8]},"faces":{"north":{"uv":[14.375,8.75,14,11.625],"texture":"#0"},"east":{"uv":[14.375,8.75,14,11.625],"texture":"#0"},"south":{"uv":[14.375,8.75,14,11.625],"texture":"#0"},"west":{"uv":[14.375,8.75,14,11.625],"texture":"#0"},"up":{"uv":[9.25,13.625,9.625,13.25],"rotation":90,"texture":"#0"},"down":{"uv":[10,13.25,10.375,13.625],"rotation":270,"texture":"#0"}}},{"from":[7.2,-4.91215,7.2],"to":[8.8,5.48785,8.8],"rotation":{"angle":0,"axis":"y","origin":[8,1.63028,8]},"faces":{"north":{"uv":[13.8125,8.75,13.4375,11.3125],"texture":"#0"},"east":{"uv":[13.8125,8.75,13.4375,11.3125],"texture":"#0"},"south":{"uv":[13.8125,8.75,13.4375,11.3125],"texture":"#0"},"west":{"uv":[13.8125,8.75,13.4375,11.3125],"texture":"#0"}}},{"from":[7.2,3.08785,7.2],"to":[8.8,7.78785,8.8],"rotation":{"angle":0,"axis":"y","origin":[8,1.63028,8]},"faces":{"north":{"uv":[4.75,10.5625,4.375,11.875],"texture":"#0"},"east":{"uv":[4.75,10.5625,4.375,11.875],"texture":"#0"},"south":{"uv":[4.75,10.5625,4.375,11.875],"texture":"#0"},"west":{"uv":[4.75,10.5625,4.375,11.875],"texture":"#0"},"up":{"uv":[9.25,13.625,9.625,13.25],"rotation":90,"texture":"#0"},"down":{"uv":[10,13.25,10.375,13.625],"rotation":270,"texture":"#0"}}},{"from":[7.1,2.33785,7.1],"to":[8.9,8.73785,8.9],"rotation":{"angle":0,"axis":"y","origin":[8,1.63028,8]},"faces":{"north":{"uv":[4.75,8.8125,4.375,10.4375],"texture":"#0"},"east":{"uv":[4.75,8.8125,4.375,10.4375],"texture":"#0"},"south":{"uv":[4.75,8.8125,4.375,10.4375],"texture":"#0"},"west":{"uv":[4.75,8.8125,4.375,10.4375],"texture":"#0"},"up":{"uv":[12.75,11.125,13.125,10.75],"rotation":90,"texture":"#0"},"down":{"uv":[13.25,11.75,13.625,12.125],"rotation":270,"texture":"#0"}}},{"from":[7.05,-9.56215,7.05],"to":[8.95,-3.16215,8.95],"rotation":{"angle":0,"axis":"y","origin":[8,1.33028,8]},"faces":{"north":{"uv":[4.125,8.5625,3.75,10.1875],"texture":"#0"},"east":{"uv":[4.125,8.5625,3.75,10.1875],"texture":"#0"},"south":{"uv":[4.125,8.5625,3.75,10.1875],"texture":"#0"},"west":{"uv":[4.125,8.5625,3.75,10.1875],"texture":"#0"},"up":{"uv":[12.75,11.125,13.125,10.75],"rotation":90,"texture":"#0"},"down":{"uv":[13.25,11.75,13.625,12.125],"rotation":270,"texture":"#0"}}},{"from":[7.15,-9.06215,7.15],"to":[8.85,-4.36215,8.85],"rotation":{"angle":0,"axis":"y","origin":[8,1.33028,8]},"faces":{"north":{"uv":[4.125,10.25,3.75,11.5625],"texture":"#0"},"east":{"uv":[4.125,10.25,3.75,11.5625],"texture":"#0"},"south":{"uv":[4.125,10.25,3.75,11.5625],"texture":"#0"},"west":{"uv":[4.125,10.25,3.75,11.5625],"texture":"#0"},"up":{"uv":[9.25,13.625,9.625,13.25],"rotation":90,"texture":"#0"},"down":{"uv":[10,13.25,10.375,13.625],"rotation":270,"texture":"#0"}}},{"from":[6.756,8.46442,7.28],"to":[9.244,9.90442,8.72],"rotation":{"angle":0,"axis":"y","origin":[8,1.63028,8]},"faces":{"north":{"uv":[12.125,1.5,11.5,1.875],"texture":"#0"},"east":{"uv":[13.625,12.5,13.25,12.875],"texture":"#0"},"south":{"uv":[2.375,11.5,1.75,11.875],"texture":"#0"},"west":{"uv":[13.625,13.25,13.25,13.625],"texture":"#0"},"up":{"uv":[11.5,2.875,11.875,2.25],"rotation":90,"texture":"#0"},"down":{"uv":[11.5,7,11.875,7.625],"rotation":270,"texture":"#0"}}},{"from":[6.756,6.54081,3.1502],"to":[9.244,7.98081,4.5902],"rotation":{"angle":22.5,"axis":"x","origin":[8,1.63028,8]},"faces":{"north":{"uv":[12.125,5.5,11.5,5.875],"texture":"#0"},"east":{"uv":[0.375,13.5,0,13.875],"texture":"#0"},"south":{"uv":[7.875,11.75,7.25,12.125],"texture":"#0"},"west":{"uv":[1.125,13.5,0.75,13.875],"texture":"#0"},"up":{"uv":[11.75,8.625,12.125,8],"rotation":90,"texture":"#0"},"down":{"uv":[11.75,9,12.125,9.625],"rotation":270,"texture":"#0"}}},{"from":[6.76,8.11011,9.48518],"to":[9.24,9.55011,10.50118],"rotation":{"angle":-22.5,"axis":"x","origin":[8,1.63028,8]},"faces":{"north":{"uv":[12.375,10,11.75,10.375],"texture":"#0"},"east":{"uv":[9.25,4.75,9,5.125],"texture":"#0"},"south":{"uv":[12.375,10.75,11.75,11.125],"texture":"#0"},"west":{"uv":[7.75,13.5,7.5,13.875],"texture":"#0"},"up":{"uv":[2.25,9.875,2.5,9.25],"rotation":90,"texture":"#0"},"down":{"uv":[2.25,13.25,2.5,13.875],"rotation":270,"texture":"#0"}}},{"from":[6.76,8.53188,8.04294],"to":[9.24,10.69188,9.48294],"rotation":{"angle":-22.5,"axis":"x","origin":[8,1.63028,8]},"faces":{"north":{"uv":[9.375,10,8.75,10.5625],"texture":"#0"},"east":{"uv":[12.875,12.5,12.5,13.0625],"texture":"#0"},"south":{"uv":[10.625,9.5,10,10.0625],"texture":"#0"},"west":{"uv":[13.125,3.25,12.75,3.8125],"texture":"#0"},"up":{"uv":[11,12.375,11.375,11.75],"rotation":90,"texture":"#0"},"down":{"uv":[11.75,11.5,12.125,12.125],"rotation":270,"texture":"#0"}}},{"from":[6.756,8.54328,11.50763],"to":[9.244,9.98328,14.91539],"rotation":{"angle":-45,"axis":"x","origin":[8,1.63028,8]},"faces":{"north":{"uv":[12.375,4.875,12,4.25],"rotation":270,"texture":"#0"},"east":{"uv":[5,10.375,5.375,9.5],"rotation":90,"texture":"#0"},"south":{"uv":[12.375,3.25,12,3.875],"rotation":270,"texture":"#0"},"west":{"uv":[2,11.125,2.375,10.25],"rotation":270,"texture":"#0"},"up":{"uv":[9,4.375,9.625,3.5],"texture":"#0"},"down":{"uv":[0,10.125,0.625,9.25],"rotation":180,"texture":"#0"}}},{"from":[6.756,5.13768,14.91539],"to":[9.244,9.98328,16.35539],"rotation":{"angle":-45,"axis":"x","origin":[8,1.63028,8]},"faces":{"north":{"uv":[8.625,2.5,8,3.76563],"texture":"#0"},"east":{"uv":[9.625,8.5,9.25,9.7625],"texture":"#0"},"south":{"uv":[8.625,3.95,8,5.1875],"texture":"#0"},"west":{"uv":[9.25,8.5,9.625,9.7625],"texture":"#0"},"up":{"uv":[5,12.625,5.375,12],"rotation":90,"texture":"#0"},"down":{"uv":[1.75,12.25,2.125,12.875],"rotation":270,"texture":"#0"}}},{"from":[6.51,10.34834,10.32463],"to":[9.49,12.34834,11.76463],"rotation":{"angle":-45,"axis":"x","origin":[8,1.63028,8]},"faces":{"north":{"uv":[11.625,3.5,11,4],"texture":"#0"},"east":{"uv":[13.625,7.25,13.25,7.75],"texture":"#0"},"south":{"uv":[11.625,6.25,11,6.75],"texture":"#0"},"west":{"uv":[8.375,13.25,8,13.75],"texture":"#0"},"up":{"uv":[12.5,5.875,12.875,5.25],"rotation":90,"texture":"#0"},"down":{"uv":[7.25,12.5,7.625,13.125],"rotation":270,"texture":"#0"}}},{"from":[6.506,8.01025,-0.49972],"to":[9.494,10.17025,0.94028],"rotation":{"angle":22.5,"axis":"x","origin":[8,1.63028,8]},"faces":{"north":{"uv":[0.625,10.5,0,11.0625],"texture":"#0"},"east":{"uv":[5.375,13,5,13.54688],"texture":"#0"},"south":{"uv":[11.125,0,10.5,0.54688],"texture":"#0"},"west":{"uv":[13.375,6.25,13,6.79688],"texture":"#0"},"up":{"uv":[12.5,7.875,12.875,7.25],"rotation":90,"texture":"#0"},"down":{"uv":[12.5,8.25,12.875,8.875],"rotation":270,"texture":"#0"}}},{"from":[6.706,0.34018,6.3304],"to":[9.294,2.50018,7.7704],"rotation":{"angle":22.5,"axis":"x","origin":[8,1.63028,8]},"faces":{"north":{"uv":[0.625,10.5,0,11.0625],"texture":"#0"},"east":{"uv":[5.375,13,5,13.54688],"texture":"#0"},"south":{"uv":[11.125,0,10.5,0.54688],"texture":"#0"},"west":{"uv":[13.375,6.25,13,6.79688],"texture":"#0"},"up":{"uv":[12.5,7.875,12.875,7.25],"rotation":90,"texture":"#0"},"down":{"uv":[12.5,8.25,12.875,8.875],"rotation":270,"texture":"#0"}}},{"from":[6.71,1.10292,5.85218],"to":[9.29,3.10292,7.29218],"rotation":{"angle":-45,"axis":"x","origin":[8,1.63028,8]},"faces":{"north":{"uv":[11.625,3.5,11,4],"texture":"#0"},"east":{"uv":[13.625,7.25,13.25,7.75],"texture":"#0"},"south":{"uv":[11.625,6.25,11,6.75],"texture":"#0"},"west":{"uv":[8.375,13.25,8,13.75],"texture":"#0"},"up":{"uv":[12.5,5.875,12.875,5.25],"rotation":90,"texture":"#0"},"down":{"uv":[7.25,12.5,7.625,13.125],"rotation":270,"texture":"#0"}}},{"from":[6.706,0.34018,8.2296],"to":[9.294,2.50018,9.6696],"rotation":{"angle":-22.5,"axis":"x","origin":[8,1.63028,8]},"faces":{"north":{"uv":[10.5,0,11.125,0.54688],"texture":"#0"},"east":{"uv":[5,13,5.375,13.54688],"texture":"#0"},"south":{"uv":[0,10.5,0.625,11.0625],"texture":"#0"},"west":{"uv":[13,6.25,13.375,6.79688],"texture":"#0"},"up":{"uv":[12.875,7.875,12.5,7.25],"rotation":90,"texture":"#0"},"down":{"uv":[12.875,8.25,12.5,8.875],"rotation":270,"texture":"#0"}}},{"from":[6.71,1.10292,8.70782],"to":[9.29,3.10292,10.14782],"rotation":{"angle":45,"axis":"x","origin":[8,1.63028,8]},"faces":{"north":{"uv":[11,6.25,11.625,6.75],"texture":"#0"},"east":{"uv":[13.25,7.25,13.625,7.75],"texture":"#0"},"south":{"uv":[11,3.5,11.625,4],"texture":"#0"},"west":{"uv":[8,13.25,8.375,13.75],"texture":"#0"},"up":{"uv":[12.875,5.875,12.5,5.25],"rotation":90,"texture":"#0"},"down":{"uv":[7.625,12.5,7.25,13.125],"rotation":270,"texture":"#0"}}},{"from":[6.706,-4.14594,4.29814],"to":[9.294,-1.98594,5.73814],"rotation":{"angle":-22.5,"axis":"x","origin":[8,1.63028,8]},"faces":{"north":{"uv":[0.625,11.0625,0,10.5],"texture":"#0"},"east":{"uv":[5.375,13.54688,5,13],"texture":"#0"},"south":{"uv":[11.125,0.54688,10.5,0],"texture":"#0"},"west":{"uv":[13.375,6.79688,13,6.25],"texture":"#0"},"up":{"uv":[12.875,8.25,12.5,8.875],"rotation":270,"texture":"#0"},"down":{"uv":[12.875,7.875,12.5,7.25],"rotation":90,"texture":"#0"}}},{"from":[6.71,-3.59749,9.60731],"to":[9.29,-1.59749,11.04731],"rotation":{"angle":45,"axis":"x","origin":[8,1.63028,8]},"faces":{"north":{"uv":[11.625,4,11,3.5],"texture":"#0"},"east":{"uv":[13.625,7.75,13.25,7.25],"texture":"#0"},"south":{"uv":[11.625,6.75,11,6.25],"texture":"#0"},"west":{"uv":[8.375,13.75,8,13.25],"texture":"#0"},"up":{"uv":[7.625,12.5,7.25,13.125],"rotation":270,"texture":"#0"},"down":{"uv":[12.875,5.875,12.5,5.25],"rotation":90,"texture":"#0"}}},{"from":[6.706,-4.14594,10.26186],"to":[9.294,-1.98594,11.70186],"rotation":{"angle":22.5,"axis":"x","origin":[8,1.63028,8]},"faces":{"north":{"uv":[10.5,0.54688,11.125,0],"texture":"#0"},"east":{"uv":[5,13.54688,5.375,13],"texture":"#0"},"south":{"uv":[0,11.0625,0.625,10.5],"texture":"#0"},"west":{"uv":[13,6.79688,13.375,6.25],"texture":"#0"},"up":{"uv":[12.5,8.25,12.875,8.875],"rotation":270,"texture":"#0"},"down":{"uv":[12.5,7.875,12.875,7.25],"rotation":90,"texture":"#0"}}},{"from":[6.71,-3.59749,4.95269],"to":[9.29,-1.59749,6.39269],"rotation":{"angle":-45,"axis":"x","origin":[8,1.63028,8]},"faces":{"north":{"uv":[11,6.75,11.625,6.25],"texture":"#0"},"east":{"uv":[13.25,7.75,13.625,7.25],"texture":"#0"},"south":{"uv":[11,4,11.625,3.5],"texture":"#0"},"west":{"uv":[8,13.75,8.375,13.25],"texture":"#0"},"up":{"uv":[7.25,12.5,7.625,13.125],"rotation":270,"texture":"#0"},"down":{"uv":[12.5,5.875,12.875,5.25],"rotation":90,"texture":"#0"}}},{"from":[6.765,-10.0799,2.59424],"to":[9.235,-7.9199,3.55424],"rotation":{"angle":-22.5,"axis":"x","origin":[8,0.63028,8]},"faces":{"north":{"uv":[11.125,1,10.5,1.5625],"texture":"#0"},"east":{"uv":[6,13.5,5.75,14.0625],"texture":"#0"},"south":{"uv":[11.125,7,10.5,7.5625],"texture":"#0"},"west":{"uv":[6.5,13.5,6.25,14.0625],"texture":"#0"},"up":{"uv":[13.25,8.625,13.5,8],"rotation":90,"texture":"#0"},"down":{"uv":[8.75,13.25,9,13.875],"rotation":270,"texture":"#0"}}},{"from":[6.765,-10.0799,12.44576],"to":[9.235,-7.9199,13.40576],"rotation":{"angle":22.5,"axis":"x","origin":[8,0.63028,8]},"faces":{"north":{"uv":[10.5,7,11.125,7.5625],"texture":"#0"},"east":{"uv":[5.75,13.5,6,14.0625],"texture":"#0"},"south":{"uv":[10.5,1,11.125,1.5625],"texture":"#0"},"west":{"uv":[6.25,13.5,6.5,14.0625],"texture":"#0"},"up":{"uv":[13.5,8.625,13.25,8],"rotation":90,"texture":"#0"},"down":{"uv":[9,13.25,8.75,13.875],"rotation":270,"texture":"#0"}}},{"from":[6.76,-7.63601,0.69936],"to":[9.24,-6.19601,2.16936],"rotation":{"angle":-45,"axis":"x","origin":[8,0.63028,8]},"faces":{"north":{"uv":[11.75,13.125,12.125,12.5],"rotation":270,"texture":"#0"},"east":{"uv":[13.875,3.375,13.5,3],"rotation":90,"texture":"#0"},"south":{"uv":[12.5,11.5,12.875,12.125],"rotation":270,"texture":"#0"},"west":{"uv":[13.875,4.125,13.5,3.75],"rotation":270,"texture":"#0"},"up":{"uv":[13.125,9.625,12.5,9.25],"texture":"#0"},"down":{"uv":[9.625,12.875,9,12.5],"rotation":180,"texture":"#0"}}},{"from":[6.76,-6.67037,-0.26628],"to":[9.24,-5.20037,1.17372],"rotation":{"angle":-45,"axis":"x","origin":[8,0.63028,8]},"faces":{"north":{"uv":[9.625,12.5,9,12.875],"texture":"#0"},"east":{"uv":[13.875,3,13.5,3.375],"texture":"#0"},"south":{"uv":[13.125,9.25,12.5,9.625],"texture":"#0"},"west":{"uv":[13.875,3.75,13.5,4.125],"texture":"#0"},"up":{"uv":[12.5,12.125,12.875,11.5],"rotation":90,"texture":"#0"},"down":{"uv":[11.75,12.5,12.125,13.125],"rotation":270,"texture":"#0"}}},{"from":[6.806,4.68063,12.527],"to":[9.194,6.84063,13.967],"rotation":{"angle":-22.5,"axis":"x","origin":[8,1.63028,8]},"faces":{"north":{"uv":[10.875,4.5,10.25,5.0625],"rotation":180,"texture":"#0"},"east":{"uv":[11.375,12.75,11,13.275],"rotation":180,"texture":"#0"},"south":{"uv":[1.625,10.25,1,10.8125],"rotation":180,"texture":"#0"},"west":{"uv":[11,12.75,11.375,13.275],"rotation":180,"texture":"#0"},"up":{"uv":[12.5,1,12.875,1.625],"rotation":270,"texture":"#0"},"down":{"uv":[0.75,13.125,1.125,12.5],"rotation":90,"texture":"#0"}}},{"from":[6.81,7.6045,9.5427],"to":[9.19,9.0445,11.9427],"rotation":{"angle":0,"axis":"y","origin":[8,1.63028,8]},"faces":{"north":{"uv":[12.5,0,12.875,0.625],"rotation":90,"texture":"#0"},"east":{"uv":[8.625,12.25,8.25,12.875],"rotation":270,"texture":"#0"},"south":{"uv":[0,13.125,0.375,12.5],"rotation":90,"texture":"#0"},"west":{"uv":[10.625,12.25,10.25,12.875],"rotation":90,"texture":"#0"},"up":{"uv":[10.625,3.5,10,4.125],"rotation":180,"texture":"#0"},"down":{"uv":[10.625,8.5,10,9.125],"texture":"#0"}}},{"from":[6.806,4.68063,2.033],"to":[9.194,6.84063,3.473],"rotation":{"angle":22.5,"axis":"x","origin":[8,1.63028,8]},"faces":{"north":{"uv":[1,10.25,1.625,10.8125],"rotation":180,"texture":"#0"},"east":{"uv":[11,12.75,11.375,13.275],"rotation":180,"texture":"#0"},"south":{"uv":[10.25,4.5,10.875,5.0625],"rotation":180,"texture":"#0"},"west":{"uv":[11.375,12.75,11,13.275],"rotation":180,"texture":"#0"},"up":{"uv":[12.875,1,12.5,1.625],"rotation":270,"texture":"#0"},"down":{"uv":[1.125,13.125,0.75,12.5],"rotation":90,"texture":"#0"}}},{"from":[6.81,7.6045,4.0573],"to":[9.19,9.0445,6.4573],"rotation":{"angle":0,"axis":"y","origin":[8,1.63028,8]},"faces":{"north":{"uv":[0,12.5,0.375,13.125],"rotation":90,"texture":"#0"},"east":{"uv":[8.625,12.875,8.25,12.25],"rotation":270,"texture":"#0"},"south":{"uv":[12.5,0.625,12.875,0],"rotation":90,"texture":"#0"},"west":{"uv":[10.625,12.875,10.25,12.25],"rotation":90,"texture":"#0"},"up":{"uv":[10.625,4.125,10,3.5],"rotation":180,"texture":"#0"},"down":{"uv":[10.625,9.125,10,8.5],"texture":"#0"}}},{"from":[6.76,8.53188,6.51706],"to":[9.24,10.69188,7.95706],"rotation":{"angle":22.5,"axis":"x","origin":[8,1.63028,8]},"faces":{"north":{"uv":[10,9.5,10.625,10.0625],"texture":"#0"},"east":{"uv":[12.5,12.5,12.875,13.0625],"texture":"#0"},"south":{"uv":[8.75,10,9.375,10.5625],"texture":"#0"},"west":{"uv":[12.75,3.25,13.125,3.8125],"texture":"#0"},"up":{"uv":[11.375,12.375,11,11.75],"rotation":90,"texture":"#0"},"down":{"uv":[12.125,11.5,11.75,12.125],"rotation":270,"texture":"#0"}}},{"from":[6.756,6.54081,11.4098],"to":[9.244,7.98081,12.8498],"rotation":{"angle":-22.5,"axis":"x","origin":[8,1.63028,8]},"faces":{"north":{"uv":[7.25,11.75,7.875,12.125],"texture":"#0"},"east":{"uv":[0,13.5,0.375,13.875],"texture":"#0"},"south":{"uv":[11.5,5.5,12.125,5.875],"texture":"#0"},"west":{"uv":[0.75,13.5,1.125,13.875],"texture":"#0"},"up":{"uv":[12.125,8.625,11.75,8],"rotation":90,"texture":"#0"},"down":{"uv":[12.125,9,11.75,9.625],"rotation":270,"texture":"#0"}}},{"from":[6.76,8.11011,5.49882],"to":[9.24,9.55011,6.51482],"rotation":{"angle":22.5,"axis":"x","origin":[8,1.63028,8]},"faces":{"north":{"uv":[11.75,10.75,12.375,11.125],"texture":"#0"},"east":{"uv":[9,4.75,9.25,5.125],"texture":"#0"},"south":{"uv":[11.75,10,12.375,10.375],"texture":"#0"},"west":{"uv":[7.5,13.5,7.75,13.875],"texture":"#0"},"up":{"uv":[2.5,9.875,2.25,9.25],"rotation":90,"texture":"#0"},"down":{"uv":[2.5,13.25,2.25,13.875],"rotation":270,"texture":"#0"}}},{"from":[6.76,-8.43169,-1.11196],"to":[9.24,-7.13169,0.18804],"rotation":{"angle":-45,"axis":"x","origin":[8,0.68028,8]},"faces":{"north":{"uv":[13.5625,5.875,13.25,5.25],"rotation":270,"texture":"#0"},"east":{"uv":[13.5,4.8125,13.8125,4.5],"rotation":90,"texture":"#0"},"south":{"uv":[1.8125,13.25,1.5,13.875],"rotation":270,"texture":"#0"},"west":{"uv":[6.75,13.8125,7.0625,13.5],"rotation":270,"texture":"#0"},"up":{"uv":[13.25,0.3125,13.875,0],"texture":"#0"},"down":{"uv":[13.25,1.0625,13.875,0.75],"rotation":180,"texture":"#0"}}},{"from":[7.65,10.77532,4.525],"to":[8.35,22.37532,11.475],"rotation":{"angle":0,"axis":"x","origin":[8,16.57532,8]},"faces":{"east":{"uv":[9.1875,15.8125,11.5,14.375],"rotation":270,"texture":"#0"},"west":{"uv":[11.5,15.8125,9.1875,14.375],"rotation":90,"texture":"#0"}}},{"from":[7.5,-12.17415,8.7034],"to":[8.5,-8.17415,12.7034],"rotation":{"angle":22.5,"axis":"x","origin":[8,0.63028,8]},"faces":{"east":{"uv":[8.25,7.5,7.25,8.5],"rotation":270,"texture":"#0"},"west":{"uv":[7.25,7.5,8.25,8.5],"rotation":90,"texture":"#0"}}},{"from":[7.5,-12.17415,3.2966],"to":[8.5,-8.17415,7.2966],"rotation":{"angle":-22.5,"axis":"x","origin":[8,0.63028,8]},"faces":{"east":{"uv":[8.25,8.5,7.25,7.5],"rotation":270,"texture":"#0"},"west":{"uv":[7.25,8.5,8.25,7.5],"rotation":90,"texture":"#0"}}},{"from":[7.5,11.56666,6.34405],"to":[8.5,15.56666,10.34405],"rotation":{"angle":-22.5,"axis":"x","origin":[8,1.63028,8]},"faces":{"east":{"uv":[8.25,8.5,7.25,7.5],"rotation":90,"texture":"#0"},"west":{"uv":[7.25,8.5,8.25,7.5],"rotation":270,"texture":"#0"}}},{"from":[6.51,10.34834,4.23537],"to":[9.49,12.34834,5.67537],"rotation":{"angle":45,"axis":"x","origin":[8,1.63028,8]},"faces":{"north":{"uv":[11,6.25,11.625,6.75],"texture":"#0"},"east":{"uv":[13.25,7.25,13.625,7.75],"texture":"#0"},"south":{"uv":[11,3.5,11.625,4],"texture":"#0"},"west":{"uv":[8,13.25,8.375,13.75],"texture":"#0"},"up":{"uv":[12.875,5.875,12.5,5.25],"rotation":90,"texture":"#0"},"down":{"uv":[7.625,12.5,7.25,13.125],"rotation":270,"texture":"#0"}}},{"from":[6.506,8.01025,15.05972],"to":[9.494,10.17025,16.49972],"rotation":{"angle":-22.5,"axis":"x","origin":[8,1.63028,8]},"faces":{"north":{"uv":[10.5,0,11.125,0.54688],"texture":"#0"},"east":{"uv":[5,13,5.375,13.54688],"texture":"#0"},"south":{"uv":[0,10.5,0.625,11.0625],"texture":"#0"},"west":{"uv":[13,6.25,13.375,6.79688],"texture":"#0"},"up":{"uv":[12.875,7.875,12.5,7.25],"rotation":90,"texture":"#0"},"down":{"uv":[12.875,8.25,12.5,8.875],"rotation":270,"texture":"#0"}}},{"from":[7.5,11.56666,5.65595],"to":[8.5,15.56666,9.65595],"rotation":{"angle":22.5,"axis":"x","origin":[8,1.63028,8]},"faces":{"east":{"uv":[8.25,7.5,7.25,8.5],"rotation":90,"texture":"#0"},"west":{"uv":[7.25,7.5,8.25,8.5],"rotation":270,"texture":"#0"}}}],"gui_light":"front","display":{"thirdperson_righthand":{"translation":[0,7,1.5]},"thirdperson_lefthand":{"translation":[0,7,1.5]},"firstperson_righthand":{"rotation":[-19.75,0,0],"translation":[14.5,3.25,-13.5],"scale":[1.29,1.29,1.29]},"firstperson_lefthand":{"rotation":[-19.75,0,0],"translation":[14.5,3.25,-13.5],"scale":[1.29,1.29,1.29]},"ground":{"rotation":[0,0,-32],"translation":[3.5,11,0],"scale":[0.73,0.73,0.73]},"gui":{"rotation":[-90,45,90],"translation":[-2.25,2.25,0],"scale":[0.65,0.65,0.65]},"head":{"scale":[0.01,0.01,0.01]},"fixed":{"rotation":[0,-90,0],"translation":[0,15.5,-1.25],"scale":[2,2,2]}},"mcmodels":"fe7cf077fa8f9f50bbae311c44cd3769"}