{"credit":"Made with Blockbench","textures":{"0":"aetherburn_pack:texture","1":"aetherburn_pack:fire","2":"aetherburn_pack:crystal","4":"aetherburn_pack:wings_1","5":"aetherburn_pack:wings","particle":"aetherburn_pack:texture"},"elements":[{"from":[10.6475,-6.70537,5.1971],"to":[10.7275,-2.30537,11.5971],"rotation":{"angle":0,"axis":"y","origin":[10.6875,-5.54231,8]},"faces":{"east":{"uv":[16,0,0,11],"texture":"#1","tintindex":0},"west":{"uv":[0,0,16,11],"texture":"#1","tintindex":0}}},{"from":[12.31558,-12.63203,1.1],"to":[12.31558,1.16797,14.9],"rotation":{"angle":45,"axis":"x","origin":[12.31558,-5.73203,8]},"faces":{"east":{"uv":[16,0,0,16],"texture":"#5","tintindex":0},"west":{"uv":[0,0,16,16],"texture":"#5","tintindex":0}}},{"from":[9.3125,-9.4023,6.9672],"to":[9.3125,-6.0071,9.0328],"rotation":{"angle":0,"axis":"y","origin":[9.3125,-7.7047,8]},"faces":{"east":{"uv":[13.25,16,3.25,0],"texture":"#2","tintindex":0},"west":{"uv":[3.25,16,13.25,0],"texture":"#2","tintindex":0}}},{"from":[10.1899,-7.05852,7.712],"to":[11.1851,-6.48252,8.288],"rotation":{"angle":0,"axis":"y","origin":[10.6875,-6.04231,8]},"faces":{"north":{"uv":[12.125,1.5,11.5,1.875],"texture":"#0","tintindex":0},"east":{"uv":[13.625,12.5,13.25,12.875],"texture":"#0","tintindex":0},"south":{"uv":[2.375,11.5,1.75,11.875],"texture":"#0","tintindex":0},"west":{"uv":[13.625,13.25,13.25,13.625],"texture":"#0","tintindex":0},"up":{"uv":[11.5,2.875,11.875,2.25],"rotation":90,"texture":"#0","tintindex":0},"down":{"uv":[11.5,7,11.875,7.625],"rotation":270,"texture":"#0","tintindex":0}}},{"from":[10.1899,-7.54253,7.4951],"to":[11.1851,-6.96653,8.0711],"rotation":{"angle":22.5,"axis":"x","origin":[10.6875,-6.04231,8]},"faces":{"north":{"uv":[12.125,5.5,11.5,5.875],"texture":"#0","tintindex":0},"east":{"uv":[0.375,13.5,0,13.875],"texture":"#0","tintindex":0},"south":{"uv":[7.875,11.75,7.25,12.125],"texture":"#0","tintindex":0},"west":{"uv":[1.125,13.5,0.75,13.875],"texture":"#0","tintindex":0},"up":{"uv":[11.75,8.625,12.125,8],"rotation":90,"texture":"#0","tintindex":0},"down":{"uv":[11.75,9,12.125,9.625],"rotation":270,"texture":"#0","tintindex":0}}},{"from":[10.1915,-6.91481,7.15906],"to":[11.1835,-6.33881,7.56546],"rotation":{"angle":-22.5,"axis":"x","origin":[10.6875,-6.04231,8]},"faces":{"north":{"uv":[12.375,10,11.75,10.375],"texture":"#0","tintindex":0},"east":{"uv":[9.25,4.75,9,5.125],"texture":"#0","tintindex":0},"south":{"uv":[12.375,10.75,11.75,11.125],"texture":"#0","tintindex":0},"west":{"uv":[7.75,13.5,7.5,13.875],"texture":"#0","tintindex":0},"up":{"uv":[2.25,9.875,2.5,9.25],"rotation":90,"texture":"#0","tintindex":0},"down":{"uv":[2.25,13.25,2.5,13.875],"rotation":270,"texture":"#0","tintindex":0}}},{"from":[10.1915,-6.7461,6.58216],"to":[11.1835,-5.8821,7.15816],"rotation":{"angle":-22.5,"axis":"x","origin":[10.6875,-6.04231,8]},"faces":{"north":{"uv":[9.375,10,8.75,10.5625],"texture":"#0","tintindex":0},"east":{"uv":[12.875,12.5,12.5,13.0625],"texture":"#0","tintindex":0},"south":{"uv":[10.625,9.5,10,10.0625],"texture":"#0","tintindex":0},"west":{"uv":[13.125,3.25,12.75,3.8125],"texture":"#0","tintindex":0},"up":{"uv":[11,12.375,11.375,11.75],"rotation":90,"texture":"#0","tintindex":0},"down":{"uv":[11.75,11.5,12.125,12.125],"rotation":270,"texture":"#0","tintindex":0}}},{"from":[10.1899,-5.92867,6.75149],"to":[11.1851,-5.35267,8.1146],"rotation":{"angle":-45,"axis":"x","origin":[10.6875,-6.04231,8]},"faces":{"north":{"uv":[12.375,4.875,12,4.25],"rotation":270,"texture":"#0","tintindex":0},"east":{"uv":[5,10.375,5.375,9.5],"rotation":90,"texture":"#0","tintindex":0},"south":{"uv":[12.375,3.25,12,3.875],"rotation":270,"texture":"#0","tintindex":0},"west":{"uv":[2,11.125,2.375,10.25],"rotation":270,"texture":"#0","tintindex":0},"up":{"uv":[9,4.375,9.625,3.5],"texture":"#0","tintindex":0},"down":{"uv":[0,10.125,0.625,9.25],"rotation":180,"texture":"#0","tintindex":0}}},{"from":[10.1899,-7.29091,8.1146],"to":[11.1851,-5.35267,8.6906],"rotation":{"angle":-45,"axis":"x","origin":[10.6875,-6.04231,8]},"faces":{"north":{"uv":[8.625,2.5,8,3.76563],"texture":"#0","tintindex":0},"east":{"uv":[9.625,8.5,9.25,9.7625],"texture":"#0","tintindex":0},"south":{"uv":[8.625,3.95,8,5.1875],"texture":"#0","tintindex":0},"west":{"uv":[9.25,8.5,9.625,9.7625],"texture":"#0","tintindex":0},"up":{"uv":[5,12.625,5.375,12],"rotation":90,"texture":"#0","tintindex":0},"down":{"uv":[1.75,12.25,2.125,12.875],"rotation":270,"texture":"#0","tintindex":0}}},{"from":[10.0915,-5.20664,6.27829],"to":[11.2835,-4.40664,6.85429],"rotation":{"angle":-45,"axis":"x","origin":[10.6875,-6.04231,8]},"faces":{"north":{"uv":[11.625,3.5,11,4],"texture":"#0","tintindex":0},"east":{"uv":[13.625,7.25,13.25,7.75],"texture":"#0","tintindex":0},"south":{"uv":[11.625,6.25,11,6.75],"texture":"#0","tintindex":0},"west":{"uv":[8.375,13.25,8,13.75],"texture":"#0","tintindex":0},"up":{"uv":[12.5,5.875,12.875,5.25],"rotation":90,"texture":"#0","tintindex":0},"down":{"uv":[7.25,12.5,7.625,13.125],"rotation":270,"texture":"#0","tintindex":0}}},{"from":[10.0899,-6.95475,6.03513],"to":[11.2851,-6.09075,6.61113],"rotation":{"angle":22.5,"axis":"x","origin":[10.6875,-6.04231,8]},"faces":{"north":{"uv":[0.625,10.5,0,11.0625],"texture":"#0","tintindex":0},"east":{"uv":[5.375,13,5,13.54688],"texture":"#0","tintindex":0},"south":{"uv":[11.125,0,10.5,0.54688],"texture":"#0","tintindex":0},"west":{"uv":[13.375,6.25,13,6.79688],"texture":"#0","tintindex":0},"up":{"uv":[12.5,7.875,12.875,7.25],"rotation":90,"texture":"#0","tintindex":0},"down":{"uv":[12.5,8.25,12.875,8.875],"rotation":270,"texture":"#0","tintindex":0}}},{"from":[10.0899,-6.95475,9.38887],"to":[11.2851,-6.09075,9.96487],"rotation":{"angle":-22.5,"axis":"x","origin":[10.6875,-6.04231,8]},"faces":{"north":{"uv":[10.5,0,11.125,0.54688],"texture":"#0","tintindex":0},"east":{"uv":[5,13,5.375,13.54688],"texture":"#0","tintindex":0},"south":{"uv":[0,10.5,0.625,11.0625],"texture":"#0","tintindex":0},"west":{"uv":[13,6.25,13.375,6.79688],"texture":"#0","tintindex":0},"up":{"uv":[12.875,7.875,12.5,7.25],"rotation":90,"texture":"#0","tintindex":0},"down":{"uv":[12.875,8.25,12.5,8.875],"rotation":270,"texture":"#0","tintindex":0}}},{"from":[10.0915,-7.76402,8.83566],"to":[11.2835,-7.18802,9.63567],"rotation":{"angle":-45,"axis":"x","origin":[10.6875,-6.04231,8]},"faces":{"north":{"uv":[7.25,13.125,7.625,12.5],"rotation":270,"texture":"#0","tintindex":0},"east":{"uv":[13.625,7.75,13.25,7.25],"rotation":90,"texture":"#0","tintindex":0},"south":{"uv":[12.5,5.25,12.875,5.875],"rotation":270,"texture":"#0","tintindex":0},"west":{"uv":[8.375,13.75,8,13.25],"rotation":270,"texture":"#0","tintindex":0},"up":{"uv":[11.625,6.75,11,6.25],"texture":"#0","tintindex":0},"down":{"uv":[11.625,4,11,3.5],"rotation":180,"texture":"#0","tintindex":0}}},{"from":[10.1935,-4.27627,8.09866],"to":[11.1815,-3.41227,8.48266],"rotation":{"angle":-22.5,"axis":"x","origin":[10.6875,-3.64132,8]},"faces":{"north":{"uv":[11.125,7,10.5,7.5625],"rotation":180,"texture":"#0","tintindex":0},"east":{"uv":[6,13.5,5.75,14.0625],"rotation":180,"texture":"#0","tintindex":0},"south":{"uv":[11.125,1,10.5,1.5625],"rotation":180,"texture":"#0","tintindex":0},"west":{"uv":[6.5,13.5,6.25,14.0625],"rotation":180,"texture":"#0","tintindex":0},"up":{"uv":[8.75,13.25,9,13.875],"rotation":270,"texture":"#0","tintindex":0},"down":{"uv":[13.25,8.625,13.5,8],"rotation":90,"texture":"#0","tintindex":0}}},{"from":[10.1935,-4.27627,7.51735],"to":[11.1815,-3.41227,7.90135],"rotation":{"angle":22.5,"axis":"x","origin":[10.6875,-3.64132,8]},"faces":{"north":{"uv":[10.5,1,11.125,1.5625],"rotation":180,"texture":"#0","tintindex":0},"east":{"uv":[5.75,13.5,6,14.0625],"rotation":180,"texture":"#0","tintindex":0},"south":{"uv":[10.5,7,11.125,7.5625],"rotation":180,"texture":"#0","tintindex":0},"west":{"uv":[6.25,13.5,6.5,14.0625],"rotation":180,"texture":"#0","tintindex":0},"up":{"uv":[9,13.25,8.75,13.875],"rotation":270,"texture":"#0","tintindex":0},"down":{"uv":[13.5,8.625,13.25,8],"rotation":90,"texture":"#0","tintindex":0}}},{"from":[10.1915,-4.41265,7.79707],"to":[11.1835,-3.82465,8.37307],"rotation":{"angle":45,"axis":"x","origin":[10.6875,-3.64132,8]},"faces":{"north":{"uv":[9.625,12.875,9,12.5],"texture":"#0","tintindex":0},"east":{"uv":[13.875,3.375,13.5,3],"texture":"#0","tintindex":0},"south":{"uv":[13.125,9.625,12.5,9.25],"texture":"#0","tintindex":0},"west":{"uv":[13.875,4.125,13.5,3.75],"texture":"#0","tintindex":0},"up":{"uv":[11.75,13.125,12.125,12.5],"rotation":90,"texture":"#0","tintindex":0},"down":{"uv":[12.5,11.5,12.875,12.125],"rotation":270,"texture":"#0","tintindex":0}}},{"from":[10.1915,-4.01439,8.18333],"to":[11.1835,-3.43839,8.77133],"rotation":{"angle":45,"axis":"x","origin":[10.6875,-3.64132,8]},"faces":{"north":{"uv":[11.75,12.5,12.125,13.125],"rotation":90,"texture":"#0","tintindex":0},"east":{"uv":[13.875,3,13.5,3.375],"rotation":270,"texture":"#0","tintindex":0},"south":{"uv":[12.5,12.125,12.875,11.5],"rotation":90,"texture":"#0","tintindex":0},"west":{"uv":[13.875,3.75,13.5,4.125],"rotation":90,"texture":"#0","tintindex":0},"up":{"uv":[9.625,12.5,9,12.875],"rotation":180,"texture":"#0","tintindex":0},"down":{"uv":[13.125,9.25,12.5,9.625],"texture":"#0","tintindex":0}}},{"from":[10.1915,-6.7461,8.84184],"to":[11.1835,-5.8821,9.41784],"rotation":{"angle":22.5,"axis":"x","origin":[10.6875,-6.04231,8]},"faces":{"north":{"uv":[10,9.5,10.625,10.0625],"texture":"#0","tintindex":0},"east":{"uv":[12.5,12.5,12.875,13.0625],"texture":"#0","tintindex":0},"south":{"uv":[8.75,10,9.375,10.5625],"texture":"#0","tintindex":0},"west":{"uv":[12.75,3.25,13.125,3.8125],"texture":"#0","tintindex":0},"up":{"uv":[11.375,12.375,11,11.75],"rotation":90,"texture":"#0","tintindex":0},"down":{"uv":[12.125,11.5,11.75,12.125],"rotation":270,"texture":"#0","tintindex":0}}},{"from":[10.1899,-7.54253,7.92891],"to":[11.1851,-6.96653,8.50491],"rotation":{"angle":-22.5,"axis":"x","origin":[10.6875,-6.04231,8]},"faces":{"north":{"uv":[7.25,11.75,7.875,12.125],"texture":"#0","tintindex":0},"east":{"uv":[0,13.5,0.375,13.875],"texture":"#0","tintindex":0},"south":{"uv":[11.5,5.5,12.125,5.875],"texture":"#0","tintindex":0},"west":{"uv":[0.75,13.5,1.125,13.875],"texture":"#0","tintindex":0},"up":{"uv":[12.125,8.625,11.75,8],"rotation":90,"texture":"#0","tintindex":0},"down":{"uv":[12.125,9,11.75,9.625],"rotation":270,"texture":"#0","tintindex":0}}},{"from":[10.1915,-6.91481,8.43454],"to":[11.1835,-6.33881,8.84094],"rotation":{"angle":22.5,"axis":"x","origin":[10.6875,-6.04231,8]},"faces":{"north":{"uv":[11.75,10.75,12.375,11.125],"texture":"#0","tintindex":0},"east":{"uv":[9,4.75,9.25,5.125],"texture":"#0","tintindex":0},"south":{"uv":[11.75,10,12.375,10.375],"texture":"#0","tintindex":0},"west":{"uv":[7.5,13.5,7.75,13.875],"texture":"#0","tintindex":0},"up":{"uv":[2.5,9.875,2.25,9.25],"rotation":90,"texture":"#0","tintindex":0},"down":{"uv":[2.5,13.25,2.25,13.875],"rotation":270,"texture":"#0","tintindex":0}}},{"from":[10.1915,-3.62012,7.4588],"to":[11.1835,-3.10012,7.9788],"rotation":{"angle":45,"axis":"x","origin":[10.6875,-3.64132,8]},"faces":{"north":{"uv":[13.25,1.0625,13.875,0.75],"texture":"#0","tintindex":0},"east":{"uv":[13.5,4.8125,13.8125,4.5],"texture":"#0","tintindex":0},"south":{"uv":[13.25,0.3125,13.875,0],"texture":"#0","tintindex":0},"west":{"uv":[6.75,13.8125,7.0625,13.5],"texture":"#0","tintindex":0},"up":{"uv":[13.5625,5.875,13.25,5.25],"rotation":90,"texture":"#0","tintindex":0},"down":{"uv":[1.8125,13.25,1.5,13.875],"rotation":270,"texture":"#0","tintindex":0}}},{"from":[10.5875,-5.05057,8.09527],"to":[10.7875,-3.45057,9.69526],"rotation":{"angle":45,"axis":"x","origin":[10.6875,-6.04231,8]},"faces":{"east":{"uv":[8.25,7.5,7.25,8.5],"rotation":90,"texture":"#0","tintindex":0},"west":{"uv":[7.25,7.5,8.25,8.5],"rotation":270,"texture":"#0","tintindex":0}}},{"from":[10.5875,-5.05057,6.30474],"to":[10.7875,-3.45057,7.90474],"rotation":{"angle":-45,"axis":"x","origin":[10.6875,-6.04231,8]},"faces":{"east":{"uv":[8.25,8.5,7.25,7.5],"rotation":90,"texture":"#0","tintindex":0},"west":{"uv":[7.25,8.5,8.25,7.5],"rotation":270,"texture":"#0","tintindex":0}}},{"from":[7.95,-10.13203,-3.83478],"to":[7.95,-0.33203,5.96523],"rotation":{"angle":-22.5,"axis":"y","origin":[7.95,-7.73203,5.94023]},"faces":{"east":{"uv":[1.5,2,15.5,16],"texture":"#4","tintindex":0},"west":{"uv":[15.5,2,1.5,16],"texture":"#4","tintindex":0}}},{"from":[7.6524,-8.2713,4.35489],"to":[8.4476,-6.33306,4.93089],"rotation":{"angle":-45,"axis":"x","origin":[8.05,-5.97715,6.65]},"faces":{"north":{"uv":[8,5.1875,8.625,3.95],"texture":"#0","tintindex":0},"east":{"uv":[9.25,9.7625,9.625,8.5],"texture":"#0","tintindex":0},"south":{"uv":[8,3.76563,8.625,2.5],"texture":"#0","tintindex":0},"west":{"uv":[9.625,9.7625,9.25,8.5],"texture":"#0","tintindex":0},"up":{"uv":[1.75,12.25,2.125,12.875],"rotation":270,"texture":"#0","tintindex":0},"down":{"uv":[5,12.625,5.375,12],"rotation":90,"texture":"#0","tintindex":0}}},{"from":[7.654,-8.23376,6.10052],"to":[8.446,-7.36976,6.67652],"rotation":{"angle":22.5,"axis":"x","origin":[8.05,-5.97715,6.65]},"faces":{"north":{"uv":[9.375,10.5625,8.75,10],"texture":"#0","tintindex":0},"east":{"uv":[12.875,13.0625,12.5,12.5],"texture":"#0","tintindex":0},"south":{"uv":[10.625,10.0625,10,9.5],"texture":"#0","tintindex":0},"west":{"uv":[13.125,3.8125,12.75,3.25],"texture":"#0","tintindex":0},"up":{"uv":[12.125,11.5,11.75,12.125],"rotation":270,"texture":"#0","tintindex":0},"down":{"uv":[11.375,12.375,11,11.75],"rotation":90,"texture":"#0","tintindex":0}}},{"from":[7.6524,-7.14934,5.27674],"to":[8.4476,-6.57333,5.85274],"rotation":{"angle":-22.5,"axis":"x","origin":[8.05,-5.97715,6.65]},"faces":{"north":{"uv":[12.125,5.875,11.5,5.5],"texture":"#0","tintindex":0},"east":{"uv":[0.375,13.875,0,13.5],"texture":"#0","tintindex":0},"south":{"uv":[7.875,12.125,7.25,11.75],"texture":"#0","tintindex":0},"west":{"uv":[1.125,13.875,0.75,13.5],"texture":"#0","tintindex":0},"up":{"uv":[12.125,9,11.75,9.625],"rotation":270,"texture":"#0","tintindex":0},"down":{"uv":[12.125,8.625,11.75,8],"rotation":90,"texture":"#0","tintindex":0}}},{"from":[7.4024,-9.58477,6.53339],"to":[8.5976,-8.72077,7.10939],"rotation":{"angle":22.5,"axis":"x","origin":[8,-9.33841,6.81469]},"faces":{"north":{"uv":[0.625,10.5,0,11.0625],"texture":"#0","tintindex":0},"east":{"uv":[5.375,13,5,13.54688],"texture":"#0","tintindex":0},"south":{"uv":[11.125,0,10.5,0.54688],"texture":"#0","tintindex":0},"west":{"uv":[13.375,6.25,13,6.79688],"texture":"#0","tintindex":0},"up":{"uv":[12.5,7.875,12.875,7.25],"rotation":90,"texture":"#0","tintindex":0},"down":{"uv":[12.5,8.25,12.875,8.875],"rotation":270,"texture":"#0","tintindex":0}}},{"from":[7.404,-9.80326,6.35263],"to":[8.596,-9.00326,6.92863],"rotation":{"angle":-45,"axis":"x","origin":[8,-9.33841,6.81469]},"faces":{"north":{"uv":[11.625,3.5,11,4],"texture":"#0","tintindex":0},"east":{"uv":[13.625,7.25,13.25,7.75],"texture":"#0","tintindex":0},"south":{"uv":[11.625,6.25,11,6.75],"texture":"#0","tintindex":0},"west":{"uv":[8.375,13.25,8,13.75],"texture":"#0","tintindex":0},"up":{"uv":[12.5,5.875,12.875,5.25],"rotation":90,"texture":"#0","tintindex":0},"down":{"uv":[7.25,12.5,7.625,13.125],"rotation":270,"texture":"#0","tintindex":0}}},{"from":[7.95,-10.13203,10.03478],"to":[7.95,-0.33203,19.83478],"rotation":{"angle":22.5,"axis":"y","origin":[7.95,-7.73203,10.05978]},"faces":{"east":{"uv":[15.5,2,1.5,16],"texture":"#4","tintindex":0},"west":{"uv":[1.5,2,15.5,16],"texture":"#4","tintindex":0}}},{"from":[7.6524,-8.2713,11.06911],"to":[8.4476,-6.33306,11.64511],"rotation":{"angle":45,"axis":"x","origin":[8.05,-5.97715,9.35]},"faces":{"north":{"uv":[8.625,3.76563,8,2.5],"texture":"#0","tintindex":0},"east":{"uv":[9.625,9.7625,9.25,8.5],"texture":"#0","tintindex":0},"south":{"uv":[8.625,5.1875,8,3.95],"texture":"#0","tintindex":0},"west":{"uv":[9.25,9.7625,9.625,8.5],"texture":"#0","tintindex":0},"up":{"uv":[2.125,12.25,1.75,12.875],"rotation":270,"texture":"#0","tintindex":0},"down":{"uv":[5.375,12.625,5,12],"rotation":90,"texture":"#0","tintindex":0}}},{"from":[7.654,-8.23376,9.32348],"to":[8.446,-7.36976,9.89948],"rotation":{"angle":-22.5,"axis":"x","origin":[8.05,-5.97715,9.35]},"faces":{"north":{"uv":[10,10.0625,10.625,9.5],"texture":"#0","tintindex":0},"east":{"uv":[12.5,13.0625,12.875,12.5],"texture":"#0","tintindex":0},"south":{"uv":[8.75,10.5625,9.375,10],"texture":"#0","tintindex":0},"west":{"uv":[12.75,3.8125,13.125,3.25],"texture":"#0","tintindex":0},"up":{"uv":[11.75,11.5,12.125,12.125],"rotation":270,"texture":"#0","tintindex":0},"down":{"uv":[11,12.375,11.375,11.75],"rotation":90,"texture":"#0","tintindex":0}}},{"from":[7.6524,-7.14934,10.14727],"to":[8.4476,-6.57333,10.72327],"rotation":{"angle":22.5,"axis":"x","origin":[8.05,-5.97715,9.35]},"faces":{"north":{"uv":[7.25,12.125,7.875,11.75],"texture":"#0","tintindex":0},"east":{"uv":[0,13.875,0.375,13.5],"texture":"#0","tintindex":0},"south":{"uv":[11.5,5.875,12.125,5.5],"texture":"#0","tintindex":0},"west":{"uv":[0.75,13.875,1.125,13.5],"texture":"#0","tintindex":0},"up":{"uv":[11.75,9,12.125,9.625],"rotation":270,"texture":"#0","tintindex":0},"down":{"uv":[11.75,8.625,12.125,8],"rotation":90,"texture":"#0","tintindex":0}}},{"from":[7.4024,-9.58477,8.89062],"to":[8.5976,-8.72077,9.46662],"rotation":{"angle":-22.5,"axis":"x","origin":[8,-9.33841,9.18531]},"faces":{"north":{"uv":[10.5,0,11.125,0.54688],"texture":"#0","tintindex":0},"east":{"uv":[5,13,5.375,13.54688],"texture":"#0","tintindex":0},"south":{"uv":[0,10.5,0.625,11.0625],"texture":"#0","tintindex":0},"west":{"uv":[13,6.25,13.375,6.79688],"texture":"#0","tintindex":0},"up":{"uv":[12.875,7.875,12.5,7.25],"rotation":90,"texture":"#0","tintindex":0},"down":{"uv":[12.875,8.25,12.5,8.875],"rotation":270,"texture":"#0","tintindex":0}}},{"from":[7.404,-9.80326,9.07137],"to":[8.596,-9.00326,9.64737],"rotation":{"angle":45,"axis":"x","origin":[8,-9.33841,9.18531]},"faces":{"north":{"uv":[11,6.25,11.625,6.75],"texture":"#0","tintindex":0},"east":{"uv":[13.25,7.25,13.625,7.75],"texture":"#0","tintindex":0},"south":{"uv":[11,3.5,11.625,4],"texture":"#0","tintindex":0},"west":{"uv":[8,13.25,8.375,13.75],"texture":"#0","tintindex":0},"up":{"uv":[12.875,5.875,12.5,5.25],"rotation":90,"texture":"#0","tintindex":0},"down":{"uv":[7.625,12.5,7.25,13.125],"rotation":270,"texture":"#0","tintindex":0}}}],"gui_light":"front","display":{"thirdperson_righthand":{"translation":[0,1.5,0],"scale":[0.35,0.35,0.35]},"thirdperson_lefthand":{"rotation":[66.74,90,0],"translation":[-5.5,-6.25,14],"scale":[1.35,1.35,1.35]},"firstperson_righthand":{"rotation":[0,-132,0],"translation":[1.25,0.25,0],"scale":[0.27,0.27,0.27]},"firstperson_lefthand":{"rotation":[0,-132,0],"translation":[1.25,0.25,0],"scale":[0.27,0.27,0.27]},"ground":{"rotation":[0,0,-20],"translation":[-1,5,0],"scale":[0.73,0.73,0.73]},"gui":{"rotation":[0,90,0],"translation":[0,11,0],"scale":[0.84,0.84,0.84]},"head":{"rotation":[0,-90,0],"translation":[0,-41.25,11.5],"scale":[4,4,4]},"fixed":{"rotation":[0,-90,0],"translation":[0,-2.5,-11.5],"scale":[2,2,2]}},"mcmodels":"fe7cf077fa8f9f50bbae311c44cd3769"}