{"credit":"Made with Blockbench","textures":{"0":"radiance_collection:light_full","1":"radiance_collection:texture","particle":"radiance_collection:light_full"},"elements":[{"from":[7.95,1.80227,-2.4853],"to":[8.05,22.80227,18.5147],"rotation":{"angle":0,"axis":"y","origin":[8,12.30227,8.0147]},"faces":{"north":{"uv":[0,0,0,16],"texture":"#0"},"east":{"uv":[0,0,16,16],"texture":"#0"},"south":{"uv":[0,0,0,16],"texture":"#0"},"west":{"uv":[0,0,16,16],"texture":"#0"},"up":{"uv":[0,0,16,0],"rotation":90,"texture":"#0"},"down":{"uv":[0,0,16,0],"rotation":270,"texture":"#0"}}},{"from":[-2.5,1.80227,7.9647],"to":[18.5,22.80227,8.0647],"rotation":{"angle":0,"axis":"y","origin":[8,12.30227,8.0147]},"faces":{"north":{"uv":[0,0,16,16],"texture":"#0"},"east":{"uv":[0,0,0,16],"texture":"#0"},"south":{"uv":[0,0,16,16],"texture":"#0"},"west":{"uv":[0,0,0,16],"texture":"#0"},"up":{"uv":[0,0,16,0],"rotation":180,"texture":"#0"},"down":{"uv":[0,0,16,0],"rotation":180,"texture":"#0"}}},{"from":[7.2953,10.70342,2.35493],"to":[8.7103,13.52967,4.0718],"rotation":{"angle":0,"axis":"x","origin":[8.00157,10.90181,4.04201]},"faces":{"north":{"uv":[2.16667,10.66667,1.66667,9.66667],"rotation":180,"texture":"#1"},"east":{"uv":[9,1,10,1.66667],"rotation":90,"texture":"#1"},"south":{"uv":[2.83333,9.66667,2.33333,10.66667],"texture":"#1"},"west":{"uv":[9,7.66667,10,8.33333],"rotation":270,"texture":"#1"},"up":{"uv":[10.33333,6,10.83333,6.66667],"texture":"#1"},"down":{"uv":[6,10.33333,6.5,11],"rotation":180,"texture":"#1"}}},{"from":[7.33661,10.16778,3.3181],"to":[8.66899,11.78278,5.33685],"rotation":{"angle":22.5,"axis":"x","origin":[8.00157,10.90181,4.04201]},"faces":{"north":{"uv":[12.16667,6.16667,11.66667,5.66667],"rotation":180,"texture":"#1"},"east":{"uv":[7.66667,10.33333,8.16667,11],"rotation":90,"texture":"#1"},"south":{"uv":[7.16667,11.66667,6.66667,12.16667],"texture":"#1"},"west":{"uv":[10.33333,8.33333,10.83333,9],"rotation":270,"texture":"#1"},"up":{"uv":[8.33333,10.33333,8.83333,11],"texture":"#1"},"down":{"uv":[6.66667,10.33333,7.16667,11],"rotation":180,"texture":"#1"}}},{"from":[7.37699,8.59041,4.36929],"to":[8.62861,10.60916,5.58054],"rotation":{"angle":-22.5,"axis":"x","origin":[8.00157,10.90181,4.04201]},"faces":{"north":{"uv":[11.16667,1.33333,10.66667,0.66667],"rotation":180,"texture":"#1"},"east":{"uv":[10.33333,10,11,10.5],"rotation":90,"texture":"#1"},"south":{"uv":[11.16667,1.33333,10.66667,2],"texture":"#1"},"west":{"uv":[10.66667,0,11.33333,0.5],"rotation":270,"texture":"#1"},"up":{"uv":[11.66667,8,12.16667,8.5],"texture":"#1"},"down":{"uv":[7.66667,11.66667,8.16667,12.16667],"rotation":180,"texture":"#1"}}},{"from":[7.37699,8.59041,10.41946],"to":[8.62861,10.60916,11.63071],"rotation":{"angle":22.5,"axis":"x","origin":[8.00157,10.90181,11.95799]},"faces":{"north":{"uv":[10.66667,1.33333,11.16667,2],"texture":"#1"},"east":{"uv":[10.33333,10.5,11,10],"rotation":90,"texture":"#1"},"south":{"uv":[10.66667,1.33333,11.16667,0.66667],"rotation":180,"texture":"#1"},"west":{"uv":[10.66667,0.5,11.33333,0],"rotation":270,"texture":"#1"},"up":{"uv":[11.66667,8.5,12.16667,8],"texture":"#1"},"down":{"uv":[7.66667,12.16667,8.16667,11.66667],"rotation":180,"texture":"#1"}}},{"from":[7.33661,10.16778,10.66315],"to":[8.66899,11.78278,12.6819],"rotation":{"angle":-22.5,"axis":"x","origin":[8.00157,10.90181,11.95799]},"faces":{"north":{"uv":[6.66667,11.66667,7.16667,12.16667],"texture":"#1"},"east":{"uv":[7.66667,11,8.16667,10.33333],"rotation":90,"texture":"#1"},"south":{"uv":[11.66667,6.16667,12.16667,5.66667],"rotation":180,"texture":"#1"},"west":{"uv":[10.33333,9,10.83333,8.33333],"rotation":270,"texture":"#1"},"up":{"uv":[8.33333,11,8.83333,10.33333],"texture":"#1"},"down":{"uv":[6.66667,11,7.16667,10.33333],"rotation":180,"texture":"#1"}}},{"from":[7.2953,10.70342,11.9282],"to":[8.7103,13.52967,13.64507],"rotation":{"angle":0,"axis":"x","origin":[8.00157,10.90181,11.95799]},"faces":{"north":{"uv":[2.33333,9.66667,2.83333,10.66667],"texture":"#1"},"east":{"uv":[9,1.66667,10,1],"rotation":90,"texture":"#1"},"south":{"uv":[1.66667,10.66667,2.16667,9.66667],"rotation":180,"texture":"#1"},"west":{"uv":[9,8.33333,10,7.66667],"rotation":270,"texture":"#1"},"up":{"uv":[10.33333,6.66667,10.83333,6],"texture":"#1"},"down":{"uv":[6,11,6.5,10.33333],"rotation":180,"texture":"#1"}}},{"from":[10.44609,10.1702,7.37655],"to":[11.65734,12.18895,8.62817],"rotation":{"angle":-22.5,"axis":"z","origin":[8.00044,11.75752,8]},"faces":{"north":{"uv":[10.66667,0,11.33333,0.5],"rotation":270,"texture":"#1"},"east":{"uv":[11.16667,1.33333,10.66667,0.66667],"rotation":180,"texture":"#1"},"south":{"uv":[10.33333,10,11,10.5],"rotation":90,"texture":"#1"},"west":{"uv":[11.16667,1.33333,10.66667,2],"texture":"#1"},"up":{"uv":[11.66667,8,12.16667,8.5],"rotation":90,"texture":"#1"},"down":{"uv":[7.66667,11.66667,8.16667,12.16667],"rotation":90,"texture":"#1"}}},{"from":[10.03484,8.71826,7.33617],"to":[12.05359,10.33326,8.66855],"rotation":{"angle":22.5,"axis":"z","origin":[8.00044,11.75752,8]},"faces":{"north":{"uv":[10.33333,8.33333,10.83333,9],"rotation":270,"texture":"#1"},"east":{"uv":[12.16667,6.16667,11.66667,5.66667],"rotation":180,"texture":"#1"},"south":{"uv":[7.66667,10.33333,8.16667,11],"rotation":90,"texture":"#1"},"west":{"uv":[7.16667,11.66667,6.66667,12.16667],"texture":"#1"},"up":{"uv":[8.33333,10.33333,8.83333,11],"rotation":90,"texture":"#1"},"down":{"uv":[6.66667,10.33333,7.16667,11],"rotation":90,"texture":"#1"}}},{"from":[11.92864,10.70342,7.29486],"to":[13.64551,13.52967,8.70986],"rotation":{"angle":0,"axis":"x","origin":[8.00044,11.75752,8]},"faces":{"north":{"uv":[9,7.66667,10,8.33333],"rotation":270,"texture":"#1"},"east":{"uv":[2.16667,10.66667,1.66667,9.66667],"rotation":180,"texture":"#1"},"south":{"uv":[9,1,10,1.66667],"rotation":90,"texture":"#1"},"west":{"uv":[2.83333,9.66667,2.33333,10.66667],"texture":"#1"},"up":{"uv":[10.33333,6,10.83333,6.66667],"rotation":90,"texture":"#1"},"down":{"uv":[6,10.33333,6.5,11],"rotation":90,"texture":"#1"}}},{"from":[4.34355,10.1702,7.37655],"to":[5.5548,12.18895,8.62817],"rotation":{"angle":22.5,"axis":"z","origin":[8.00044,11.75752,8]},"faces":{"north":{"uv":[10.66667,0.5,11.33333,0],"rotation":270,"texture":"#1"},"east":{"uv":[10.66667,1.33333,11.16667,2],"texture":"#1"},"south":{"uv":[10.33333,10.5,11,10],"rotation":90,"texture":"#1"},"west":{"uv":[10.66667,1.33333,11.16667,0.66667],"rotation":180,"texture":"#1"},"up":{"uv":[11.66667,8.5,12.16667,8],"rotation":90,"texture":"#1"},"down":{"uv":[7.66667,12.16667,8.16667,11.66667],"rotation":90,"texture":"#1"}}},{"from":[3.94729,8.71826,7.33617],"to":[5.96604,10.33326,8.66855],"rotation":{"angle":-22.5,"axis":"z","origin":[8.00044,11.75752,8]},"faces":{"north":{"uv":[10.33333,9,10.83333,8.33333],"rotation":270,"texture":"#1"},"east":{"uv":[6.66667,11.66667,7.16667,12.16667],"texture":"#1"},"south":{"uv":[7.66667,11,8.16667,10.33333],"rotation":90,"texture":"#1"},"west":{"uv":[11.66667,6.16667,12.16667,5.66667],"rotation":180,"texture":"#1"},"up":{"uv":[8.33333,11,8.83333,10.33333],"rotation":90,"texture":"#1"},"down":{"uv":[6.66667,11,7.16667,10.33333],"rotation":90,"texture":"#1"}}},{"from":[2.35537,10.70342,7.29486],"to":[4.07225,13.52967,8.70986],"rotation":{"angle":0,"axis":"x","origin":[8.00044,11.75752,8]},"faces":{"north":{"uv":[9,8.33333,10,7.66667],"rotation":270,"texture":"#1"},"east":{"uv":[2.33333,9.66667,2.83333,10.66667],"texture":"#1"},"south":{"uv":[9,1.66667,10,1],"rotation":90,"texture":"#1"},"west":{"uv":[1.66667,10.66667,2.16667,9.66667],"rotation":180,"texture":"#1"},"up":{"uv":[10.33333,6.66667,10.83333,6],"rotation":90,"texture":"#1"},"down":{"uv":[6,11,6.5,10.33333],"rotation":90,"texture":"#1"}}},{"from":[7.25408,-0.06406,8.99984],"to":[8.66721,2.76219,10.21109],"rotation":{"angle":22.5,"axis":"x","origin":[7.98172,2.6281,9.15085]},"faces":{"north":{"uv":[10.5,2,10,1],"rotation":180,"texture":"#1"},"east":{"uv":[10.66667,7,9.66667,7.5],"rotation":270,"texture":"#1"},"south":{"uv":[10.5,0,10,1],"texture":"#1"},"west":{"uv":[10.66667,9.33333,9.66667,9.83333],"rotation":90,"texture":"#1"},"up":{"uv":[5.16667,11.33333,4.66667,11.83333],"rotation":180,"texture":"#1"},"down":{"uv":[11.83333,4.33333,11.33333,4.83333],"texture":"#1"}}},{"from":[7.25408,-0.06406,5.78891],"to":[8.66721,2.76219,7.00016],"rotation":{"angle":-22.5,"axis":"x","origin":[7.98172,2.6281,6.84915]},"faces":{"north":{"uv":[10,0,10.5,1],"texture":"#1"},"east":{"uv":[10.66667,7.5,9.66667,7],"rotation":270,"texture":"#1"},"south":{"uv":[10,2,10.5,1],"rotation":180,"texture":"#1"},"west":{"uv":[10.66667,9.83333,9.66667,9.33333],"rotation":90,"texture":"#1"},"up":{"uv":[5.16667,11.83333,4.66667,11.33333],"rotation":180,"texture":"#1"},"down":{"uv":[11.83333,4.83333,11.33333,4.33333],"texture":"#1"}}},{"from":[8.99984,-0.06406,7.27123],"to":[10.21109,2.76219,8.68435],"rotation":{"angle":-22.5,"axis":"z","origin":[9.15085,2.6281,7.99887]},"faces":{"north":{"uv":[10.66667,9.83333,9.66667,9.33333],"rotation":90,"texture":"#1"},"east":{"uv":[10,0,10.5,1],"texture":"#1"},"south":{"uv":[10.66667,7.5,9.66667,7],"rotation":270,"texture":"#1"},"west":{"uv":[10,2,10.5,1],"rotation":180,"texture":"#1"},"up":{"uv":[5.16667,11.83333,4.66667,11.33333],"rotation":270,"texture":"#1"},"down":{"uv":[11.83333,4.83333,11.33333,4.33333],"rotation":270,"texture":"#1"}}},{"from":[5.78891,-0.06406,7.27123],"to":[7.00016,2.76219,8.68435],"rotation":{"angle":22.5,"axis":"z","origin":[6.84915,2.6281,7.99887]},"faces":{"north":{"uv":[10.66667,9.33333,9.66667,9.83333],"rotation":90,"texture":"#1"},"east":{"uv":[10.5,2,10,1],"rotation":180,"texture":"#1"},"south":{"uv":[10.66667,7,9.66667,7.5],"rotation":270,"texture":"#1"},"west":{"uv":[10.5,0,10,1],"texture":"#1"},"up":{"uv":[5.16667,11.33333,4.66667,11.83333],"rotation":270,"texture":"#1"},"down":{"uv":[11.83333,4.33333,11.33333,4.83333],"rotation":270,"texture":"#1"}}},{"from":[7.39718,-12.57713,7.40834],"to":[8.60843,-8.53963,8.61959],"rotation":{"angle":0,"axis":"y","origin":[8,-6.17319,8]},"faces":{"north":{"uv":[8.33333,3.66667,8.83333,5.16667],"texture":"#1"},"east":{"uv":[4,8.66667,4.5,10.16667],"texture":"#1"},"south":{"uv":[6,8.66667,6.5,10.16667],"texture":"#1"},"west":{"uv":[6.66667,8.66667,7.16667,10.16667],"texture":"#1"},"up":{"uv":[11.5,4.16667,11,3.66667],"texture":"#1"},"down":{"uv":[4.5,11,4,11.5],"texture":"#1"}}},{"from":[7.39718,-4.57713,7.40834],"to":[8.60843,-0.53963,8.61959],"rotation":{"angle":0,"axis":"y","origin":[8,-2.17319,8]},"faces":{"north":{"uv":[8.33333,3.66667,8.83333,5.16667],"texture":"#1"},"east":{"uv":[4,8.66667,4.5,10.16667],"texture":"#1"},"south":{"uv":[6,8.66667,6.5,10.16667],"texture":"#1"},"west":{"uv":[6.66667,8.66667,7.16667,10.16667],"texture":"#1"},"up":{"uv":[11.5,4.16667,11,3.66667],"texture":"#1"},"down":{"uv":[4.5,11,4,11.5],"texture":"#1"}}},{"from":[7.39718,-8.57713,7.40834],"to":[8.60843,-4.53963,8.61959],"rotation":{"angle":0,"axis":"y","origin":[8,-6.17319,8]},"faces":{"north":{"uv":[8.33333,3.66667,8.83333,5.16667],"texture":"#1"},"east":{"uv":[4,8.66667,4.5,10.16667],"texture":"#1"},"south":{"uv":[6,8.66667,6.5,10.16667],"texture":"#1"},"west":{"uv":[6.66667,8.66667,7.16667,10.16667],"texture":"#1"},"up":{"uv":[11.5,4.16667,11,3.66667],"texture":"#1"},"down":{"uv":[4.5,11,4,11.5],"texture":"#1"}}},{"from":[7.1953,-0.53963,7.20647],"to":[8.8103,1.07537,8.82147],"rotation":{"angle":0,"axis":"y","origin":[8,-6.17319,8]},"faces":{"north":{"uv":[11,6,11.5,6.5],"texture":"#1"},"east":{"uv":[6.66667,11,7.16667,11.5],"texture":"#1"},"south":{"uv":[7.66667,11,8.16667,11.5],"texture":"#1"},"west":{"uv":[11,8,11.5,8.5],"texture":"#1"},"up":{"uv":[8.83333,11.5,8.33333,11],"texture":"#1"},"down":{"uv":[11.5,9.66667,11,10.16667],"texture":"#1"}}},{"from":[7.1953,-1.75088,7.20647],"to":[8.8103,-0.94338,8.82147],"rotation":{"angle":0,"axis":"y","origin":[8,-6.17319,8]},"faces":{"north":{"uv":[11.66667,4,12.16667,4.33333],"texture":"#1"},"east":{"uv":[11.66667,6.33333,12.16667,6.66667],"texture":"#1"},"south":{"uv":[1.66667,12,2.16667,12.33333],"texture":"#1"},"west":{"uv":[12,2,12.5,2.33333],"texture":"#1"},"up":{"uv":[11.5,10.83333,11,10.33333],"texture":"#1"},"down":{"uv":[11.5,11,11,11.5],"texture":"#1"}}},{"from":[7.1953,-14.19213,7.20647],"to":[8.8103,-12.57713,8.82147],"rotation":{"angle":0,"axis":"y","origin":[8,-6.17319,8]},"faces":{"north":{"uv":[0,11.33333,0.5,11.83333],"texture":"#1"},"east":{"uv":[11.33333,0,11.83333,0.5],"texture":"#1"},"south":{"uv":[0.66667,11.33333,1.16667,11.83333],"texture":"#1"},"west":{"uv":[11.33333,0.66667,11.83333,1.16667],"texture":"#1"},"up":{"uv":[1.83333,11.83333,1.33333,11.33333],"texture":"#1"},"down":{"uv":[11.83333,1.33333,11.33333,1.83333],"texture":"#1"}}},{"from":[7.1953,-12.17338,7.20647],"to":[8.8103,-11.36588,8.82147],"rotation":{"angle":0,"axis":"y","origin":[8,-6.17319,8]},"faces":{"north":{"uv":[12,2.33333,12.5,2.66667],"texture":"#1"},"east":{"uv":[12,2.66667,12.5,3],"texture":"#1"},"south":{"uv":[12,3,12.5,3.33333],"texture":"#1"},"west":{"uv":[3.33333,12,3.83333,12.33333],"texture":"#1"},"up":{"uv":[2.5,11.83333,2,11.33333],"texture":"#1"},"down":{"uv":[11.83333,2,11.33333,2.5],"texture":"#1"}}},{"from":[6.99343,1.12006,0.90025],"to":[9.01218,3.94631,3.7265],"rotation":{"angle":45,"axis":"x","origin":[8,-3.17319,8]},"faces":{"north":{"uv":[4.66667,9,5.33333,10],"texture":"#1"},"east":{"uv":[8.33333,1.66667,9.33333,2.66667],"texture":"#1"},"south":{"uv":[9,4.66667,9.66667,5.66667],"texture":"#1"},"west":{"uv":[8.33333,2.66667,9.33333,3.66667],"texture":"#1"},"up":{"uv":[9.66667,6.66667,9,5.66667],"texture":"#1"},"down":{"uv":[9.66667,6.66667,9,7.66667],"texture":"#1"}}},{"from":[7.29058,12.69018,3.30553],"to":[8.70558,14.50705,5.1224],"rotation":{"angle":-22.5,"axis":"x","origin":[8.00157,10.90181,4.04201]},"faces":{"north":{"uv":[4.5,11,4,10.33333],"rotation":180,"texture":"#1"},"east":{"uv":[4.66667,10,5.33333,10.66667],"rotation":90,"texture":"#1"},"south":{"uv":[10.83333,4,10.33333,4.66667],"texture":"#1"},"west":{"uv":[10,7.66667,10.66667,8.33333],"rotation":270,"texture":"#1"},"up":{"uv":[10.33333,3.33333,10.83333,4],"texture":"#1"},"down":{"uv":[10.33333,2.66667,10.83333,3.33333],"rotation":180,"texture":"#1"}}},{"from":[7.1953,3.67108,8.19064],"to":[8.8103,5.48796,11.01689],"rotation":{"angle":-22.5,"axis":"x","origin":[8,-3.17319,8]},"faces":{"north":{"uv":[6,10.33333,6.5,11],"texture":"#1"},"east":{"uv":[9,1,10,1.66667],"texture":"#1"},"south":{"uv":[10.33333,6,10.83333,6.66667],"texture":"#1"},"west":{"uv":[9,7.66667,10,8.33333],"texture":"#1"},"up":{"uv":[2.16667,10.66667,1.66667,9.66667],"texture":"#1"},"down":{"uv":[2.83333,9.66667,2.33333,10.66667],"texture":"#1"}}},{"from":[7.28454,-0.37788,-1.07658],"to":[8.69766,1.23712,1.74967],"rotation":{"angle":45,"axis":"x","origin":[8,-3.17319,8]},"faces":{"north":{"uv":[11.33333,2.66667,11.83333,3.16667],"texture":"#1"},"east":{"uv":[9.66667,4.66667,10.66667,5.16667],"texture":"#1"},"south":{"uv":[3.33333,11.33333,3.83333,11.83333],"texture":"#1"},"west":{"uv":[9.66667,5.33333,10.66667,5.83333],"texture":"#1"},"up":{"uv":[10.16667,7,9.66667,6],"texture":"#1"},"down":{"uv":[10.16667,8.33333,9.66667,9.33333],"texture":"#1"}}},{"from":[7.12968,5.8905,10.79501],"to":[8.54281,7.10175,13.62126],"rotation":{"angle":-45,"axis":"x","origin":[8,-3.17319,8]},"faces":{"north":{"uv":[11.33333,4.33333,11.83333,4.83333],"texture":"#1"},"east":{"uv":[9.66667,7,10.66667,7.5],"texture":"#1"},"south":{"uv":[4.66667,11.33333,5.16667,11.83333],"texture":"#1"},"west":{"uv":[9.66667,9.33333,10.66667,9.83333],"texture":"#1"},"up":{"uv":[10.5,1,10,0],"texture":"#1"},"down":{"uv":[10.5,1,10,2],"texture":"#1"}}},{"from":[7.1953,9.64119,1.69598],"to":[8.8103,11.45807,4.52223],"rotation":{"angle":-22.5,"axis":"x","origin":[8.00157,10.90181,4.04201]},"faces":{"north":{"uv":[6,11,6.5,10.33333],"texture":"#1"},"east":{"uv":[9,1.66667,10,1],"texture":"#1"},"south":{"uv":[10.33333,6.66667,10.83333,6],"texture":"#1"},"west":{"uv":[9,8.33333,10,7.66667],"texture":"#1"},"up":{"uv":[2.83333,10.66667,2.33333,9.66667],"texture":"#1"},"down":{"uv":[2.16667,9.66667,1.66667,10.66667],"texture":"#1"}}},{"from":[7.1953,9.64119,11.47777],"to":[8.8103,11.45807,14.30402],"rotation":{"angle":22.5,"axis":"x","origin":[8.00157,10.90181,11.95799]},"faces":{"north":{"uv":[10.83333,6.66667,10.33333,6],"texture":"#1"},"east":{"uv":[10,1.66667,9,1],"texture":"#1"},"south":{"uv":[6.5,11,6,10.33333],"texture":"#1"},"west":{"uv":[10,8.33333,9,7.66667],"texture":"#1"},"up":{"uv":[2.83333,9.66667,2.33333,10.66667],"texture":"#1"},"down":{"uv":[2.16667,10.66667,1.66667,9.66667],"texture":"#1"}}},{"from":[7.29058,12.69018,10.8776],"to":[8.70558,14.50705,12.69447],"rotation":{"angle":22.5,"axis":"x","origin":[8.00157,10.90181,11.95799]},"faces":{"north":{"uv":[10.33333,4,10.83333,4.66667],"texture":"#1"},"east":{"uv":[4.66667,10.66667,5.33333,10],"rotation":90,"texture":"#1"},"south":{"uv":[4,11,4.5,10.33333],"rotation":180,"texture":"#1"},"west":{"uv":[10,8.33333,10.66667,7.66667],"rotation":270,"texture":"#1"},"up":{"uv":[10.33333,4,10.83333,3.33333],"texture":"#1"},"down":{"uv":[10.33333,3.33333,10.83333,2.66667],"rotation":180,"texture":"#1"}}},{"from":[11.5044,11.22099,7.19486],"to":[14.33065,13.03786,8.80986],"rotation":{"angle":-22.5,"axis":"z","origin":[8.00044,11.75752,8]},"faces":{"north":{"uv":[9,8.33333,10,7.66667],"texture":"#1"},"east":{"uv":[6,11,6.5,10.33333],"texture":"#1"},"south":{"uv":[9,1.66667,10,1],"texture":"#1"},"west":{"uv":[10.33333,6.66667,10.83333,6],"texture":"#1"},"up":{"uv":[2.83333,10.66667,2.33333,9.66667],"rotation":90,"texture":"#1"},"down":{"uv":[2.16667,9.66667,1.66667,10.66667],"rotation":270,"texture":"#1"}}},{"from":[10.90422,14.26997,7.29014],"to":[12.7211,16.08685,8.70514],"rotation":{"angle":-22.5,"axis":"z","origin":[8.00044,11.75752,8]},"faces":{"north":{"uv":[10,7.66667,10.66667,8.33333],"rotation":270,"texture":"#1"},"east":{"uv":[4.5,11,4,10.33333],"rotation":180,"texture":"#1"},"south":{"uv":[4.66667,10,5.33333,10.66667],"rotation":90,"texture":"#1"},"west":{"uv":[10.83333,4,10.33333,4.66667],"texture":"#1"},"up":{"uv":[10.33333,3.33333,10.83333,4],"rotation":90,"texture":"#1"},"down":{"uv":[10.33333,2.66667,10.83333,3.33333],"rotation":90,"texture":"#1"}}},{"from":[1.67024,11.22099,7.19486],"to":[4.49649,13.03786,8.80986],"rotation":{"angle":22.5,"axis":"z","origin":[8.00044,11.75752,8]},"faces":{"north":{"uv":[10,8.33333,9,7.66667],"texture":"#1"},"east":{"uv":[10.83333,6.66667,10.33333,6],"texture":"#1"},"south":{"uv":[10,1.66667,9,1],"texture":"#1"},"west":{"uv":[6.5,11,6,10.33333],"texture":"#1"},"up":{"uv":[2.83333,9.66667,2.33333,10.66667],"rotation":90,"texture":"#1"},"down":{"uv":[2.16667,10.66667,1.66667,9.66667],"rotation":270,"texture":"#1"}}},{"from":[3.27979,14.26997,7.29014],"to":[5.09666,16.08685,8.70514],"rotation":{"angle":22.5,"axis":"z","origin":[8.00044,11.75752,8]},"faces":{"north":{"uv":[10,8.33333,10.66667,7.66667],"rotation":270,"texture":"#1"},"east":{"uv":[10.33333,4,10.83333,4.66667],"texture":"#1"},"south":{"uv":[4.66667,10.66667,5.33333,10],"rotation":90,"texture":"#1"},"west":{"uv":[4,11,4.5,10.33333],"rotation":180,"texture":"#1"},"up":{"uv":[10.33333,4,10.83333,3.33333],"rotation":90,"texture":"#1"},"down":{"uv":[10.33333,3.33333,10.83333,2.66667],"rotation":90,"texture":"#1"}}},{"from":[7.12968,5.8905,2.37874],"to":[8.54281,7.10175,5.20499],"rotation":{"angle":45,"axis":"x","origin":[8,-3.17319,8]},"faces":{"north":{"uv":[5.16667,11.33333,4.66667,11.83333],"texture":"#1"},"east":{"uv":[10.66667,7,9.66667,7.5],"texture":"#1"},"south":{"uv":[11.83333,4.33333,11.33333,4.83333],"texture":"#1"},"west":{"uv":[10.66667,9.33333,9.66667,9.83333],"texture":"#1"},"up":{"uv":[10.5,0,10,1],"texture":"#1"},"down":{"uv":[10.5,2,10,1],"texture":"#1"}}},{"from":[7.67257,2.2425,7.67043],"to":[8.33757,3.6675,10.04543],"rotation":{"angle":45,"axis":"x","origin":[8.00507,2.955,8.85793]},"faces":{"north":{"uv":[9.16667,12,9,12.5],"texture":"#1"},"east":{"uv":[10.16667,10,9.33333,10.5],"texture":"#1"},"south":{"uv":[12.16667,8.66667,12,9.16667],"texture":"#1"},"west":{"uv":[11.16667,2,10.33333,2.5],"texture":"#1"},"up":{"uv":[2.5,12,2.33333,12.83333],"texture":"#1"},"down":{"uv":[12.16667,5.16667,12,4.33333],"texture":"#1"}}},{"from":[7.67257,2.2425,5.95457],"to":[8.33757,3.6675,8.32957],"rotation":{"angle":-45,"axis":"x","origin":[8.00507,2.955,7.14207]},"faces":{"north":{"uv":[12,8.66667,12.16667,9.16667],"texture":"#1"},"east":{"uv":[9.33333,10,10.16667,10.5],"texture":"#1"},"south":{"uv":[9,12,9.16667,12.5],"texture":"#1"},"west":{"uv":[10.33333,2,11.16667,2.5],"texture":"#1"},"up":{"uv":[2.5,12.83333,2.33333,12],"texture":"#1"},"down":{"uv":[12.16667,4.33333,12,5.16667],"texture":"#1"}}},{"from":[7.67043,2.2425,7.68971],"to":[10.04543,3.6675,8.35471],"rotation":{"angle":-45,"axis":"z","origin":[8.85793,2.955,8.02221]},"faces":{"north":{"uv":[10.33333,2,11.16667,2.5],"texture":"#1"},"east":{"uv":[12,8.66667,12.16667,9.16667],"texture":"#1"},"south":{"uv":[9.33333,10,10.16667,10.5],"texture":"#1"},"west":{"uv":[9,12,9.16667,12.5],"texture":"#1"},"up":{"uv":[2.5,12.83333,2.33333,12],"rotation":90,"texture":"#1"},"down":{"uv":[12.16667,4.33333,12,5.16667],"rotation":270,"texture":"#1"}}},{"from":[5.95457,2.2425,7.68971],"to":[8.32957,3.6675,8.35471],"rotation":{"angle":45,"axis":"z","origin":[7.14207,2.955,8.02221]},"faces":{"north":{"uv":[11.16667,2,10.33333,2.5],"texture":"#1"},"east":{"uv":[9.16667,12,9,12.5],"texture":"#1"},"south":{"uv":[10.16667,10,9.33333,10.5],"texture":"#1"},"west":{"uv":[12.16667,8.66667,12,9.16667],"texture":"#1"},"up":{"uv":[2.5,12,2.33333,12.83333],"rotation":90,"texture":"#1"},"down":{"uv":[12.16667,5.16667,12,4.33333],"rotation":270,"texture":"#1"}}},{"from":[7.28454,-0.37788,14.25033],"to":[8.69766,1.23712,17.07658],"rotation":{"angle":-45,"axis":"x","origin":[8,-3.17319,8]},"faces":{"north":{"uv":[3.83333,11.33333,3.33333,11.83333],"texture":"#1"},"east":{"uv":[10.66667,4.66667,9.66667,5.16667],"texture":"#1"},"south":{"uv":[11.83333,2.66667,11.33333,3.16667],"texture":"#1"},"west":{"uv":[10.66667,5.33333,9.66667,5.83333],"texture":"#1"},"up":{"uv":[10.16667,6,9.66667,7],"texture":"#1"},"down":{"uv":[10.16667,9.33333,9.66667,8.33333],"texture":"#1"}}},{"from":[7.1953,3.67108,4.98311],"to":[8.8103,5.48796,7.80936],"rotation":{"angle":22.5,"axis":"x","origin":[8,-3.17319,8]},"faces":{"north":{"uv":[10.83333,6,10.33333,6.66667],"texture":"#1"},"east":{"uv":[10,1,9,1.66667],"texture":"#1"},"south":{"uv":[6.5,10.33333,6,11],"texture":"#1"},"west":{"uv":[10,7.66667,9,8.33333],"texture":"#1"},"up":{"uv":[2.16667,9.66667,1.66667,10.66667],"texture":"#1"},"down":{"uv":[2.83333,10.66667,2.33333,9.66667],"texture":"#1"}}},{"from":[7.33661,0.6946,11.93482],"to":[8.66899,2.71335,13.54982],"rotation":{"angle":-22.5,"axis":"x","origin":[8,-3.17319,8]},"faces":{"north":{"uv":[8.83333,10.33333,8.33333,11],"texture":"#1"},"east":{"uv":[8.16667,10.33333,7.66667,11],"texture":"#1"},"south":{"uv":[7.16667,10.33333,6.66667,11],"texture":"#1"},"west":{"uv":[10.83333,8.33333,10.33333,9],"texture":"#1"},"up":{"uv":[12.16667,5.66667,11.66667,6.16667],"texture":"#1"},"down":{"uv":[7.16667,12.16667,6.66667,11.66667],"texture":"#1"}}},{"from":[7.37699,2.34409,8.0474],"to":[8.62861,3.55534,10.06615],"rotation":{"angle":22.5,"axis":"x","origin":[8,-3.17319,8]},"faces":{"north":{"uv":[12.16667,8,11.66667,8.5],"texture":"#1"},"east":{"uv":[11,10,10.33333,10.5],"texture":"#1"},"south":{"uv":[8.16667,11.66667,7.66667,12.16667],"texture":"#1"},"west":{"uv":[11.33333,0,10.66667,0.5],"texture":"#1"},"up":{"uv":[11.16667,0.66667,10.66667,1.33333],"texture":"#1"},"down":{"uv":[11.16667,2,10.66667,1.33333],"texture":"#1"}}},{"from":[7.33661,0.6946,2.45018],"to":[8.66899,2.71335,4.06518],"rotation":{"angle":22.5,"axis":"x","origin":[8,-3.17319,8]},"faces":{"north":{"uv":[6.66667,10.33333,7.16667,11],"texture":"#1"},"east":{"uv":[7.66667,10.33333,8.16667,11],"texture":"#1"},"south":{"uv":[8.33333,10.33333,8.83333,11],"texture":"#1"},"west":{"uv":[10.33333,8.33333,10.83333,9],"texture":"#1"},"up":{"uv":[12.16667,6.16667,11.66667,5.66667],"texture":"#1"},"down":{"uv":[7.16667,11.66667,6.66667,12.16667],"texture":"#1"}}},{"from":[7.37699,2.34409,5.93385],"to":[8.62861,3.55534,7.9526],"rotation":{"angle":-22.5,"axis":"x","origin":[8,-3.17319,8]},"faces":{"north":{"uv":[7.66667,11.66667,8.16667,12.16667],"texture":"#1"},"east":{"uv":[10.33333,10,11,10.5],"texture":"#1"},"south":{"uv":[11.66667,8,12.16667,8.5],"texture":"#1"},"west":{"uv":[10.66667,0,11.33333,0.5],"texture":"#1"},"up":{"uv":[11.16667,1.33333,10.66667,0.66667],"texture":"#1"},"down":{"uv":[11.16667,1.33333,10.66667,2],"texture":"#1"}}},{"from":[6.98871,-9.91871,21.96542],"to":[9.00746,-7.49621,24.38792],"rotation":{"angle":45,"axis":"x","origin":[8,6.44946,8]},"faces":{"north":{"uv":[9.33333,1.66667,10,2.5],"texture":"#1"},"east":{"uv":[9,0,9.83333,0.83333],"texture":"#1"},"south":{"uv":[9.33333,2.66667,10,3.5],"texture":"#1"},"west":{"uv":[9,3.66667,9.83333,4.5],"texture":"#1"},"up":{"uv":[8.33333,10.16667,7.66667,9.33333],"texture":"#1"},"down":{"uv":[9,9.33333,8.33333,10.16667],"texture":"#1"}}},{"from":[7.3319,-15.46559,0.05154],"to":[8.66427,-13.44684,1.66654],"rotation":{"angle":-22.5,"axis":"x","origin":[8,6.44946,8]},"faces":{"north":{"uv":[5.16667,10.66667,4.66667,11.33333],"texture":"#1"},"east":{"uv":[2.83333,10.66667,2.33333,11.33333],"texture":"#1"},"south":{"uv":[2.16667,10.66667,1.66667,11.33333],"texture":"#1"},"west":{"uv":[11.16667,4.66667,10.66667,5.33333],"texture":"#1"},"up":{"uv":[8.83333,11.66667,8.33333,12.16667],"texture":"#1"},"down":{"uv":[12.16667,9.83333,11.66667,9.33333],"texture":"#1"}}},{"from":[7.37227,-9.80718,24.61191],"to":[8.6239,-7.78843,25.82316],"rotation":{"angle":45,"axis":"x","origin":[8,6.44946,8]},"faces":{"north":{"uv":[11.16667,7.33333,10.66667,8],"texture":"#1"},"east":{"uv":[11.16667,6.66667,10.66667,7.33333],"texture":"#1"},"south":{"uv":[11.16667,5.33333,10.66667,6],"texture":"#1"},"west":{"uv":[11.16667,9,10.66667,9.66667],"texture":"#1"},"up":{"uv":[12.16667,10,11.66667,10.5],"texture":"#1"},"down":{"uv":[11.16667,12.16667,10.66667,11.66667],"texture":"#1"}}},{"from":[7.19058,-11.59704,24.24937],"to":[8.80558,-9.78017,26.06625],"rotation":{"angle":45,"axis":"x","origin":[8,6.44946,8]},"faces":{"north":{"uv":[10.33333,2.66667,10.83333,3.33333],"texture":"#1"},"east":{"uv":[4.66667,10,5.33333,10.66667],"texture":"#1"},"south":{"uv":[10.33333,3.33333,10.83333,4],"texture":"#1"},"west":{"uv":[10,7.66667,10.66667,8.33333],"texture":"#1"},"up":{"uv":[4.5,11,4,10.33333],"texture":"#1"},"down":{"uv":[10.83333,4,10.33333,4.66667],"texture":"#1"}}},{"from":[7.37227,-9.80718,-9.82316],"to":[8.6239,-7.78843,-8.61191],"rotation":{"angle":-45,"axis":"x","origin":[8,6.44946,8]},"faces":{"north":{"uv":[10.66667,5.33333,11.16667,6],"texture":"#1"},"east":{"uv":[10.66667,6.66667,11.16667,7.33333],"texture":"#1"},"south":{"uv":[10.66667,7.33333,11.16667,8],"texture":"#1"},"west":{"uv":[10.66667,9,11.16667,9.66667],"texture":"#1"},"up":{"uv":[12.16667,10.5,11.66667,10],"texture":"#1"},"down":{"uv":[11.16667,11.66667,10.66667,12.16667],"texture":"#1"}}},{"from":[7.3319,-15.46559,14.33346],"to":[8.66427,-13.44684,15.94846],"rotation":{"angle":22.5,"axis":"x","origin":[8,6.44946,8]},"faces":{"north":{"uv":[1.66667,10.66667,2.16667,11.33333],"texture":"#1"},"east":{"uv":[2.33333,10.66667,2.83333,11.33333],"texture":"#1"},"south":{"uv":[4.66667,10.66667,5.16667,11.33333],"texture":"#1"},"west":{"uv":[10.66667,4.66667,11.16667,5.33333],"texture":"#1"},"up":{"uv":[8.83333,12.16667,8.33333,11.66667],"texture":"#1"},"down":{"uv":[12.16667,9.33333,11.66667,9.83333],"texture":"#1"}}}],"gui_light":"front","display":{"thirdperson_righthand":{"translation":[0,9,1.5],"scale":[0.75,0.75,0.75]},"thirdperson_lefthand":{"translation":[0,9,1.5],"scale":[0.75,0.75,0.75]},"firstperson_righthand":{"rotation":[-14.25,0,0],"translation":[18.75,4.25,-20.25]},"firstperson_lefthand":{"rotation":[-14.25,0,0],"translation":[18.75,4.25,-20.25]},"ground":{"rotation":[0,0,-77],"translation":[2.5,-0.25,0],"scale":[0.42,0.42,0.42]},"gui":{"rotation":[-90,45,90],"translation":[-1.75,1.75,0],"scale":[0.5,0.5,0.5]},"head":{"scale":[0.06,0.06,0.06]},"fixed":{"rotation":[0,90,0],"translation":[0,7.75,-1.25]}},"groups":[{"name":"staff","origin":[7.98923,8,20],"color":0,"nbt":"{}","children":[0,1,{"name":"group","origin":[7.98923,-9.48549,8.01589],"color":0,"nbt":"{}","children":[2,3,4,5,6,7,8,9,10,11,12,13,14,15,16,17]},{"name":"group","origin":[7.98923,-9.48549,20.01589],"color":0,"nbt":"{}","children":[18,19,20,21,22,23,24,25,26,27,28,29,30,31,32,33,34,35,36,37,38,39,40,41,42,43,44,45,46,47]},{"name":"group","origin":[8,6.44946,2],"color":0,"nbt":"{}","children":[48,49,50,51,52,53]}]}]}