{"sources":[{"source":"entity","prefix":"entity/","type":"directory"},{"source":"entity","prefix":"entity/","type":"directory"},{"type":"single","resource":"modelengine:entity/ecnpcs-chomper"},{"type":"single","resource":"cosmo_pack:gravity_2"},{"type":"single","resource":"cosmo_pack:gravity_1"},{"type":"single","resource":"infantryset:pickaxe"},{"type":"single","resource":"modelengine:entity/ecnpcs-dryad_mage"},{"type":"single","resource":"malikaset:armor/malika_boots_icon"},{"type":"single","resource":"frighten_set:frighten_set/fishing_rod"},{"type":"single","resource":"cosmo_pack:wings-animation"},{"type":"single","resource":"azureset:wings"},{"type":"single","resource":"modelengine:entity/ecnpcs_lightarrow"},{"type":"single","resource":"azureset:trident"},{"type":"single","resource":"ec_elitewings:v1/ani404"},{"type":"single","resource":"ec_elitewings:v2/ani703"},{"type":"single","resource":"ec_elitewings:v2/ani702"},{"type":"single","resource":"ec_elitewings:v1/tex3_e"},{"type":"single","resource":"azureset:helmet"},{"type":"single","resource":"ec_elitewings:v1/ani401"},{"type":"single","resource":"ec_elitewings:v2/tex6_e"},{"type":"single","resource":"ec_elitewings:v1/ani402"},{"type":"single","resource":"ec_elitewings:v2/ani701"},{"type":"single","resource":"_iainternal:icons/icon_next_orange"},{"type":"single","resource":"ec_elitewings:v1/ani403"},{"type":"single","resource":"azureset:bow"},{"type":"single","resource":"azureset:shield"},{"type":"single","resource":"ec_elitewings:v2/tex8"},{"type":"single","resource":"azureset:crossbow_firework"},{"type":"single","resource":"azureset:chest"},{"type":"single","resource":"ec_elitewings:v1/ani2"},{"type":"single","resource":"ec_elitewings:v1/ani3"},{"type":"single","resource":"ec_elitewings:v1/ani1"},{"type":"single","resource":"frighten_set:frighten_set/knife"},{"type":"single","resource":"frighten_set:frighten_set/axe"},{"type":"single","resource":"azureset:crossbow"},{"type":"single","resource":"malikaset:bow"},{"type":"single","resource":"_iainternal:icons/icon_cancel"},{"type":"single","resource":"frighten_set:frighten_set/pickaxe"},{"type":"single","resource":"modelengine:entity/magic_wave"},{"type":"single","resource":"elitecreatures:azgad_weapon/flare"},{"type":"single","resource":"_iainternal:icons/icon_arrow_chest"},{"type":"single","resource":"elitecreatures:azgad_weapon/fire"},{"type":"single","resource":"starlight:armor/starlight_helmet_icon"},{"type":"single","resource":"ec_elitewings:v2/ani802"},{"type":"single","resource":"ec_elitewings:v2/ani801"},{"type":"single","resource":"infantryset:bow"},{"type":"single","resource":"ec_elitewings:v1/tex4_e"},{"type":"single","resource":"ec_elitewings:v2/tex7_e"},{"type":"single","resource":"ec_elitewings:v1/ani501"},{"type":"single","resource":"ec_elitewings:v1/ani502"},{"type":"single","resource":"radiance_collection:string"},{"type":"single","resource":"malikaset:armor/malika_chestplate_icon"},{"type":"single","resource":"starlight:texture"},{"type":"single","resource":"frighten_set:frighten_set/helmet"},{"type":"single","resource":"frighten_set:frighten_set/armor/frighten_chestplate_icon"},{"type":"single","resource":"azureset:greatsword"},{"type":"single","resource":"cosmo_pack:lighting_small"},{"type":"single","resource":"radiance_collection:sub_wings"},{"type":"single","resource":"elitecreatures:azgad_weapon/boots_icon"},{"type":"single","resource":"azureset:fishing_rod"},{"type":"single","resource":"cosmo_pack:lighting"},{"type":"single","resource":"frighten_set:frighten_set/hoe"},{"type":"single","resource":"azureset:hammer"},{"type":"single","resource":"starlight:mini_wings"},{"type":"single","resource":"ec_elitewings:v2/tex10"},{"type":"single","resource":"cosmo_pack:light_3"},{"type":"single","resource":"cosmo_pack:light_1"},{"type":"single","resource":"ec_elitewings:v1/tex5_e"},{"type":"single","resource":"malikaset:armor/malika_leggings_icon"},{"type":"single","resource":"infantryset:spear"},{"type":"single","resource":"starlight:add_on"},{"type":"single","resource":"ec_elitewings:v2/tex8_e"},{"type":"single","resource":"ec_elitewings:v2/ani101"},{"type":"single","resource":"azureset:scythe"},{"type":"single","resource":"malikaset:scythe"},{"type":"single","resource":"azureset:key"},{"type":"single","resource":"ec_elitewings:v2/ani102"},{"type":"single","resource":"starlight:wings"},{"type":"single","resource":"radiance_collection:ring_full"},{"type":"single","resource":"infantryset:axe"},{"type":"single","resource":"azureset:armor/azure_chestplate_icon"},{"type":"single","resource":"modelengine:entity/ecnpcs_elfpart"},{"type":"single","resource":"elitecreatures:azgad_weapon/helmet_icon"},{"type":"single","resource":"frighten_set:frighten_set/fishing_rod_cast"},{"type":"single","resource":"cosmo_pack:armor/cosmo_pack_boots_icon"},{"type":"single","resource":"ec_elitewings:v2/tex2"},{"type":"single","resource":"frighten_set:frighten_set/wings"},{"type":"single","resource":"azureset:hoe"},{"type":"single","resource":"ec_elitewings:v2/tex6"},{"type":"single","resource":"ec_elitewings:v2/tex7"},{"type":"single","resource":"infantryset:sword"},{"type":"single","resource":"modelengine:entity/ecnpcs-dryad_merchant"},{"type":"single","resource":"infantryset:armor/infantry_leggings_icon"},{"type":"single","resource":"ec_elitewings:v1/tex1"},{"type":"single","resource":"radiance_collection:armor/radiance_helmet_icon"},{"type":"single","resource":"ec_elitewings:v1/tex5"},{"type":"single","resource":"ec_elitewings:v1/tex4"},{"type":"single","resource":"ec_elitewings:v1/tex3"},{"type":"single","resource":"ec_elitewings:v1/tex9"},{"type":"single","resource":"azureset:armor/azure_leggings_icon"},{"type":"single","resource":"radiance_collection:armor/radiance_boots_icon"},{"type":"single","resource":"malikaset:fishing_rod"},{"type":"single","resource":"malikaset:hammer"},{"type":"single","resource":"ec_elitewings:v2/ani204"},{"type":"single","resource":"modelengine:entity/ecnpcs_vinearrow"},{"type":"single","resource":"infantryset:shovel"},{"type":"single","resource":"_iainternal:icons/icon_search"},{"type":"single","resource":"ec_elitewings:v2/ani202"},{"type":"single","resource":"ec_elitewings:v2/ani201"},{"type":"single","resource":"malikaset:staff"},{"type":"single","resource":"frighten_set:frighten_set/key"},{"type":"single","resource":"malikaset:gems1"},{"type":"single","resource":"infantryset:chest"},{"type":"single","resource":"malikaset:crossbow"},{"type":"single","resource":"elitecreatures:azgad_weapon/dragonhearth"},{"type":"single","resource":"infantryset:bow_0"},{"type":"single","resource":"infantryset:bow_1"},{"type":"single","resource":"infantryset:bow_2"},{"type":"single","resource":"azureset:staff"},{"type":"single","resource":"malikaset:animations_2"},{"type":"single","resource":"elitecreatures:azgad_weapon/azgadtex1"},{"type":"single","resource":"azureset:animations/animations_3"},{"type":"single","resource":"malikaset:animations_1"},{"type":"single","resource":"azureset:animations/animations_1"},{"type":"single","resource":"frighten_set:frighten_set/spear"},{"type":"single","resource":"azureset:animations/animations_2"},{"type":"single","resource":"radiance_collection:hammer"},{"type":"single","resource":"elitecreatures:azgad_weapon/fireeye"},{"type":"single","resource":"malikaset:axe"},{"type":"single","resource":"frighten_set:frighten_set/bow"},{"type":"single","resource":"_iainternal:icons/icon_left_blue"},{"type":"single","resource":"frighten_set:frighten_set/shovel"},{"type":"single","resource":"malikaset:spear"},{"type":"single","resource":"elitecreatures:azgad_weapon/azgadtex7"},{"type":"single","resource":"elitecreatures:azgad_weapon/azgadtex6"},{"type":"single","resource":"elitecreatures:azgad_weapon/azgadtex8"},{"type":"single","resource":"elitecreatures:azgad_weapon/azgadtex3"},{"type":"single","resource":"elitecreatures:azgad_weapon/azgadtex2"},{"type":"single","resource":"elitecreatures:azgad_weapon/azgadtex5"},{"type":"single","resource":"elitecreatures:azgad_weapon/azgadtex4"},{"type":"single","resource":"radiance_collection:chest"},{"type":"single","resource":"cosmo_pack:chest"},{"type":"single","resource":"modelengine:entity/ecnpcs-dryad_guard"},{"type":"single","resource":"infantryset:shield"},{"type":"single","resource":"malikaset:shield"},{"type":"single","resource":"malikaset:chest"},{"type":"single","resource":"frighten_set:frighten_set/sword"},{"type":"single","resource":"radiance_collection:armor/radiance_leggings_icon"},{"type":"single","resource":"infantryset:helmet"},{"type":"single","resource":"frighten_set:frighten_set/chest"},{"type":"single","resource":"malikaset:helmet"},{"type":"single","resource":"cosmo_pack:sword"},{"type":"single","resource":"frighten_set:frighten_set/bow_1"},{"type":"single","resource":"cosmo_pack:armor/cosmo_pack_chestplate_icon"},{"type":"single","resource":"frighten_set:frighten_set/bow_2"},{"type":"single","resource":"elitecreatures:azgad_weapon/fireshield2"},{"type":"single","resource":"starlight:armor/starlight_chestplate_icon"},{"type":"single","resource":"modelengine:entity/ecnpcs_elfmage"},{"type":"single","resource":"modelengine:entity/elf_trader"},{"type":"single","resource":"frighten_set:frighten_set/armor/frighten_leggings_icon"},{"type":"single","resource":"infantryset:mace"},{"type":"single","resource":"malikaset:trident"},{"type":"single","resource":"modelengine:entity/ecnpcs_flowerbeam"},{"type":"single","resource":"starlight:chest"},{"type":"single","resource":"modelengine:entity/elf_guardian"},{"type":"single","resource":"modelengine:entity/ecnpcs-dryad_archer"},{"type":"single","resource":"cosmo_pack:light"},{"type":"single","resource":"infantryset:book"},{"type":"single","resource":"ec_elitewings:v1/ani901"},{"type":"single","resource":"ec_elitewings:v1/ani902"},{"type":"single","resource":"frighten_set:frighten_set/animation_2"},{"type":"single","resource":"frighten_set:frighten_set/animation_3"},{"type":"single","resource":"elitecreatures:azgad_weapon/leggings_icon"},{"type":"single","resource":"frighten_set:frighten_set/animation_1"},{"type":"single","resource":"frighten_set:frighten_set/animation_4"},{"type":"single","resource":"radiance_collection:texture"},{"type":"single","resource":"modelengine:entity/elfspearfx"},{"type":"single","resource":"ec_elitewings:v2/pre2_e"},{"type":"single","resource":"elitecreatures:azgad_weapon/firedragon"},{"type":"single","resource":"radiance_collection:light_full"},{"type":"single","resource":"azureset:crossbow_2"},{"type":"single","resource":"azureset:crossbow_1"},{"type":"single","resource":"cosmo_pack:armor/cosmo_pack_leggings_icon"},{"type":"single","resource":"malikaset:gems"},{"type":"single","resource":"malikaset:crossbow_1"},{"type":"single","resource":"malikaset:greatsword"},{"type":"single","resource":"modelengine:entity/heal"},{"type":"single","resource":"malikaset:crossbow_2"},{"type":"single","resource":"elitecreatures:azgad_weapon/chestplace_icon"},{"type":"single","resource":"starlight:armor/starlight_leggings_icon"},{"type":"single","resource":"ec_elitewings:v2/tex10_e"},{"type":"single","resource":"starlight:armor/starlight_boots_icon"},{"type":"single","resource":"ec_elitewings:v1/tex1_e"},{"type":"single","resource":"azureset:fishing_rod_cast"},{"type":"single","resource":"starlight:spark"},{"type":"single","resource":"malikaset:key"},{"type":"single","resource":"ec_elitewings:v1/tex9_e"},{"type":"single","resource":"cosmo_pack:armor/cosmo_pack_helmet_icon"},{"type":"single","resource":"cosmo_pack:ring"},{"type":"single","resource":"azureset:pickaxe"},{"type":"single","resource":"frighten_set:frighten_set/armor/frighten_boots_icon"},{"type":"single","resource":"infantryset:staff"},{"type":"single","resource":"azureset:armor/azure_helmet_icon"},{"type":"single","resource":"radiance_collection:wings_full"},{"type":"single","resource":"starlight:wings_animated"},{"type":"single","resource":"azureset:bow_2"},{"type":"single","resource":"azureset:bow_1"},{"type":"single","resource":"ec_elitewings:v2/pre2"},{"type":"single","resource":"infantryset:armor/infantry_boots_icon"},{"type":"single","resource":"malikaset:wings"},{"type":"single","resource":"azureset:armor/azure_boots_icon"},{"type":"single","resource":"malikaset:pickaxe"},{"type":"single","resource":"elitecreatures:azgad_weapon/fireshield"},{"type":"single","resource":"infantryset:armor/infantry_chestplate_icon"},{"type":"single","resource":"_iainternal:icons/icon_back_orange"},{"type":"single","resource":"modelengine:entity/elf_archer"},{"type":"single","resource":"infantryset:hoe"},{"type":"single","resource":"azureset:sword"},{"type":"single","resource":"ec_elitewings:v2/ani604"},{"type":"single","resource":"malikaset:bow_1"},{"type":"single","resource":"elitecreatures:azgad_weapon/eye"},{"type":"single","resource":"malikaset:bow_2"},{"type":"single","resource":"ec_elitewings:v1/ani301"},{"type":"single","resource":"ec_elitewings:v1/ani302"},{"type":"single","resource":"ec_elitewings:v1/ani303"},{"type":"single","resource":"ec_elitewings:v2/ani602"},{"type":"single","resource":"ec_elitewings:v1/ani304"},{"type":"single","resource":"ec_elitewings:v2/ani601"},{"type":"single","resource":"_iainternal:icons/icon_right_blue"},{"type":"single","resource":"starlight:wings_texture"},{"type":"single","resource":"malikaset:fishing_rod_cast"},{"type":"single","resource":"malikaset:shovel"},{"type":"single","resource":"azureset:shovel"},{"type":"single","resource":"malikaset:sword"},{"type":"single","resource":"infantryset:hammer"},{"type":"single","resource":"azureset:axe"},{"type":"single","resource":"azureset:spear"},{"type":"single","resource":"radiance_collection:armor/radiance_chestplate_icon"},{"type":"single","resource":"malikaset:hoe"},{"type":"single","resource":"starlight:light"}]}