{"credit":"MadebyPolygonMC","texture_size":[28,28],"textures":{"2":"dragonsoulset:animations/animations_1","particle":"dragonsoulset:hammer"},"elements":[{"from":[7,18.68172,7.74094],"to":[9,20.43172,9.74094],"rotation":{"angle":0,"axis":"x","origin":[8,19.90354,8.22697]},"faces":{"north":{"uv":[2.85714,9.14286,4,10.14286],"texture":"#particle"},"east":{"uv":[9.14286,2.85714,10.28571,3.85714],"texture":"#particle"},"south":{"uv":[9.14286,4,10.28571,5],"texture":"#particle"},"west":{"uv":[9.14286,7.42857,10.28571,8.42857],"texture":"#particle"},"up":{"uv":[1.14286,10.28571,0,9.14286],"texture":"#particle"},"down":{"uv":[10.28571,0,9.14286,1.14286],"texture":"#particle"}}},{"from":[7.25,18.68172,6.24094],"to":[8.75,19.93172,7.74094],"rotation":{"angle":0,"axis":"x","origin":[8,19.90354,8.22697]},"faces":{"north":{"uv":[11.42857,0,12.28571,0.71429],"texture":"#particle"},"east":{"uv":[11.42857,1.14286,12.28571,1.85714],"texture":"#particle"},"west":{"uv":[2.28571,11.42857,3.14286,12.14286],"texture":"#particle"},"up":{"uv":[11.14286,9.42857,10.28571,8.57143],"texture":"#particle"},"down":{"uv":[11.14286,9.71429,10.28571,10.57143],"texture":"#particle"}}},{"from":[8.475,19.85168,7.73086],"to":[9.225,20.60168,8.73086],"rotation":{"angle":-22.5,"axis":"x","origin":[8,19.90354,8.22697]},"faces":{"north":{"uv":[5.71429,13.14286,6.14286,13.57143],"texture":"#particle"},"east":{"uv":[12.57143,12,13.14286,12.42857],"texture":"#particle"},"south":{"uv":[13.14286,5.71429,13.57143,6.14286],"texture":"#particle"},"west":{"uv":[0,13.14286,0.57143,13.57143],"texture":"#particle"},"up":{"uv":[13.57143,0.57143,13.14286,0],"texture":"#particle"},"down":{"uv":[1,13.14286,0.57143,13.71429],"texture":"#particle"}}},{"from":[8.48,20.00349,8.08961],"to":[9.22,20.75349,9.08961],"rotation":{"angle":22.5,"axis":"x","origin":[8,19.90354,8.22697]},"faces":{"north":{"uv":[6.28571,13.14286,6.71429,13.57143],"texture":"#particle"},"east":{"uv":[13.14286,0.57143,13.71429,1],"texture":"#particle"},"south":{"uv":[13.14286,6.28571,13.57143,6.71429],"texture":"#particle"},"west":{"uv":[1.14286,13.14286,1.71429,13.57143],"texture":"#particle"},"up":{"uv":[13.57143,1.71429,13.14286,1.14286],"texture":"#particle"},"down":{"uv":[2.14286,13.14286,1.71429,13.71429],"texture":"#particle"}}},{"from":[8.5,19.14243,9.06625],"to":[9.5,20.14243,10.06625],"rotation":{"angle":-22.5,"axis":"x","origin":[8,19.90354,8.22697]},"faces":{"north":{"uv":[7.42857,1.71429,8,2.28571],"texture":"#particle"},"east":{"uv":[11.42857,6.85714,12,7.42857],"texture":"#particle"},"south":{"uv":[12,4.57143,12.57143,5.14286],"texture":"#particle"},"west":{"uv":[7.42857,12,8,12.57143],"texture":"#particle"},"up":{"uv":[8.57143,12.57143,8,12],"texture":"#particle"},"down":{"uv":[12.57143,8,12,8.57143],"texture":"#particle"}}},{"from":[8.61,21.32483,8.7984],"to":[9.39,22.10483,9.5784],"rotation":{"angle":45,"axis":"x","origin":[8,19.90354,8.22697]},"faces":{"north":{"uv":[6.85714,13.14286,7.28571,13.57143],"texture":"#particle"},"east":{"uv":[13.14286,6.85714,13.57143,7.28571],"texture":"#particle"},"south":{"uv":[7.42857,13.14286,7.85714,13.57143],"texture":"#particle"},"west":{"uv":[13.14286,7.42857,13.57143,7.85714],"texture":"#particle"},"up":{"uv":[8.42857,13.57143,8,13.14286],"texture":"#particle"},"down":{"uv":[13.57143,8,13.14286,8.42857],"texture":"#particle"}}},{"from":[8.7036,21.41369,9.65654],"to":[9.2964,22.00649,10.24934],"rotation":{"angle":22.5,"axis":"x","origin":[8,19.90354,8.22697]},"faces":{"north":{"uv":[2.85714,13.71429,3.14286,14],"texture":"#particle"},"east":{"uv":[13.71429,2.85714,14,3.14286],"texture":"#particle"},"south":{"uv":[3.42857,13.71429,3.71429,14],"texture":"#particle"},"west":{"uv":[13.71429,3.42857,14,3.71429],"texture":"#particle"},"up":{"uv":[4.28571,14,4,13.71429],"texture":"#particle"},"down":{"uv":[4.85714,13.71429,4.57143,14],"texture":"#particle"}}},{"from":[8.78659,21.07799,10.40409],"to":[9.21341,21.50481,10.83091],"rotation":{"angle":0,"axis":"x","origin":[8,19.90354,8.22697]},"faces":{"north":{"uv":[5.14286,13.71429,5.42857,14],"texture":"#particle"},"east":{"uv":[5.71429,13.71429,6,14],"texture":"#particle"},"south":{"uv":[13.71429,5.71429,14,6],"texture":"#particle"},"west":{"uv":[6.28571,13.71429,6.57143,14],"texture":"#particle"},"up":{"uv":[14,6.57143,13.71429,6.28571],"texture":"#particle"},"down":{"uv":[7.14286,13.71429,6.85714,14],"texture":"#particle"}}},{"from":[6.775,19.85168,7.73086],"to":[7.525,20.60168,8.73086],"rotation":{"angle":-22.5,"axis":"x","origin":[8,19.90354,8.22697]},"faces":{"north":{"uv":[8.57143,13.14286,9,13.57143],"texture":"#particle"},"east":{"uv":[13.14286,1.71429,13.71429,2.14286],"texture":"#particle"},"south":{"uv":[13.14286,8.57143,13.57143,9],"texture":"#particle"},"west":{"uv":[2.28571,13.14286,2.85714,13.57143],"texture":"#particle"},"up":{"uv":[13.57143,2.85714,13.14286,2.28571],"texture":"#particle"},"down":{"uv":[3.28571,13.14286,2.85714,13.71429],"texture":"#particle"}}},{"from":[6.78,20.00349,8.08961],"to":[7.52,20.75349,9.08961],"rotation":{"angle":22.5,"axis":"x","origin":[8,19.90354,8.22697]},"faces":{"north":{"uv":[9.14286,13.14286,9.57143,13.57143],"texture":"#particle"},"east":{"uv":[13.14286,2.85714,13.71429,3.28571],"texture":"#particle"},"south":{"uv":[13.14286,9.14286,13.57143,9.57143],"texture":"#particle"},"west":{"uv":[3.42857,13.14286,4,13.57143],"texture":"#particle"},"up":{"uv":[13.57143,4,13.14286,3.42857],"texture":"#particle"},"down":{"uv":[4.42857,13.14286,4,13.71429],"texture":"#particle"}}},{"from":[6.5,19.14243,9.06625],"to":[7.5,20.14243,10.06625],"rotation":{"angle":-22.5,"axis":"x","origin":[8,19.90354,8.22697]},"faces":{"north":{"uv":[8.57143,12,9.14286,12.57143],"texture":"#particle"},"east":{"uv":[9.14286,12,9.71429,12.57143],"texture":"#particle"},"south":{"uv":[9.71429,12,10.28571,12.57143],"texture":"#particle"},"west":{"uv":[11.42857,12,12,12.57143],"texture":"#particle"},"up":{"uv":[12.57143,12.57143,12,12],"texture":"#particle"},"down":{"uv":[13.14286,0,12.57143,0.57143],"texture":"#particle"}}},{"from":[6.61,21.32483,8.7984],"to":[7.39,22.10483,9.5784],"rotation":{"angle":45,"axis":"x","origin":[8,19.90354,8.22697]},"faces":{"north":{"uv":[9.71429,13.14286,10.14286,13.57143],"texture":"#particle"},"east":{"uv":[13.14286,9.71429,13.57143,10.14286],"texture":"#particle"},"south":{"uv":[10.28571,13.14286,10.71429,13.57143],"texture":"#particle"},"west":{"uv":[13.14286,10.28571,13.57143,10.71429],"texture":"#particle"},"up":{"uv":[11.28571,13.57143,10.85714,13.14286],"texture":"#particle"},"down":{"uv":[13.57143,10.85714,13.14286,11.28571],"texture":"#particle"}}},{"from":[6.7036,21.41369,9.65654],"to":[7.2964,22.00649,10.24934],"rotation":{"angle":22.5,"axis":"x","origin":[8,19.90354,8.22697]},"faces":{"north":{"uv":[13.71429,6.85714,14,7.14286],"texture":"#particle"},"east":{"uv":[7.42857,13.71429,7.71429,14],"texture":"#particle"},"south":{"uv":[13.71429,7.42857,14,7.71429],"texture":"#particle"},"west":{"uv":[8,13.71429,8.28571,14],"texture":"#particle"},"up":{"uv":[14,8.28571,13.71429,8],"texture":"#particle"},"down":{"uv":[8.85714,13.71429,8.57143,14],"texture":"#particle"}}},{"from":[6.78659,21.07799,10.40409],"to":[7.21341,21.50481,10.83091],"rotation":{"angle":0,"axis":"x","origin":[8,19.90354,8.22697]},"faces":{"north":{"uv":[13.71429,8.57143,14,8.85714],"texture":"#particle"},"east":{"uv":[9.14286,13.71429,9.42857,14],"texture":"#particle"},"south":{"uv":[13.71429,9.14286,14,9.42857],"texture":"#particle"},"west":{"uv":[9.71429,13.71429,10,14],"texture":"#particle"},"up":{"uv":[14,10,13.71429,9.71429],"texture":"#particle"},"down":{"uv":[10.57143,13.71429,10.28571,14],"texture":"#particle"}}},{"from":[7.7246,18.3364,6.61845],"to":[8.2754,18.8872,7.16925],"rotation":{"angle":45,"axis":"x","origin":[8,19.90354,8.22697]},"faces":{"north":{"uv":[13.71429,10.28571,14,10.57143],"texture":"#particle"},"east":{"uv":[10.85714,13.71429,11.14286,14],"texture":"#particle"},"south":{"uv":[13.71429,10.85714,14,11.14286],"texture":"#particle"},"west":{"uv":[11.42857,13.71429,11.71429,14],"texture":"#particle"},"up":{"uv":[14,11.71429,13.71429,11.42857],"texture":"#particle"},"down":{"uv":[12.28571,13.71429,12,14],"texture":"#particle"}}},{"from":[7.78519,20.54043,6.67976],"to":[8.21481,20.97006,7.10938],"rotation":{"angle":-22.5,"axis":"x","origin":[8,19.90354,8.22697]},"faces":{"north":{"uv":[13.71429,12,14,12.28571],"texture":"#particle"},"east":{"uv":[12.57143,13.71429,12.85714,14],"texture":"#particle"},"south":{"uv":[13.71429,12.57143,14,12.85714],"texture":"#particle"},"west":{"uv":[13.14286,13.71429,13.42857,14],"texture":"#particle"},"up":{"uv":[14,13.42857,13.71429,13.14286],"texture":"#particle"},"down":{"uv":[14,13.71429,13.71429,14],"texture":"#particle"}}},{"from":[7.83674,20.09689,6.78279],"to":[8.16326,20.4234,7.1093],"rotation":{"angle":0,"axis":"x","origin":[8,19.90354,8.22697]},"faces":{"north":{"uv":[0,14.28571,0.14286,14.42857],"texture":"#particle"},"east":{"uv":[14.28571,0,14.42857,0.14286],"texture":"#particle"},"south":{"uv":[0.57143,14.28571,0.71429,14.42857],"texture":"#particle"},"west":{"uv":[14.28571,0.57143,14.42857,0.71429],"texture":"#particle"},"up":{"uv":[1.28571,14.42857,1.14286,14.28571],"texture":"#particle"},"down":{"uv":[14.42857,1.14286,14.28571,1.28571],"texture":"#particle"}}},{"from":[7.88245,19.68289,6.99847],"to":[8.11755,19.91798,7.23356],"rotation":{"angle":22.5,"axis":"x","origin":[8,19.90354,8.22697]},"faces":{"north":{"uv":[1.71429,14.28571,1.85714,14.42857],"texture":"#particle"},"east":{"uv":[14.28571,1.71429,14.42857,1.85714],"texture":"#particle"},"south":{"uv":[2.28571,14.28571,2.42857,14.42857],"texture":"#particle"},"west":{"uv":[14.28571,2.28571,14.42857,2.42857],"texture":"#particle"},"up":{"uv":[3,14.42857,2.85714,14.28571],"texture":"#particle"},"down":{"uv":[14.42857,2.85714,14.28571,3],"texture":"#particle"}}},{"from":[8.65,17.93172,6.34094],"to":[8.65,18.68172,8.34094],"rotation":{"angle":0,"axis":"x","origin":[8,19.90354,8.22697]},"faces":{"north":{"uv":[0,0,0,0.42857],"texture":"#particle"},"east":{"uv":[1.71429,5.71429,2.85714,6.14286],"texture":"#particle"},"south":{"uv":[0,0,0,0.42857],"texture":"#particle"},"west":{"uv":[8,4.57143,9.14286,5],"texture":"#particle"},"up":{"uv":[0,1.14286,0,0],"texture":"#particle"},"down":{"uv":[0,0,0,1.14286],"texture":"#particle"}}},{"from":[7.35,17.93172,6.34094],"to":[7.35,18.68172,8.34094],"rotation":{"angle":0,"axis":"x","origin":[8,19.90354,8.22697]},"faces":{"north":{"uv":[0,0,0,0.42857],"texture":"#particle"},"east":{"uv":[11.42857,2.28571,12.57143,2.71429],"texture":"#particle"},"south":{"uv":[0,0,0,0.42857],"texture":"#particle"},"west":{"uv":[11.42857,5.14286,12.57143,5.57143],"texture":"#particle"},"up":{"uv":[0,1.14286,0,0],"texture":"#particle"},"down":{"uv":[0,0,0,1.14286],"texture":"#particle"}}},{"from":[7.351,17.93173,6.34094],"to":[8.651,18.68173,6.34094],"rotation":{"angle":0,"axis":"x","origin":[8,19.90354,8.22697]},"faces":{"north":{"uv":[12.57143,11.42857,13.28571,11.85714],"texture":"#particle"},"east":{"uv":[0,0,0,0.42857],"texture":"#particle"},"south":{"uv":[12,12.57143,12.71429,13],"texture":"#particle"},"west":{"uv":[0,0,0,0.42857],"texture":"#particle"},"up":{"uv":[0.71429,0,0,0],"texture":"#particle"},"down":{"uv":[0.71429,0,0,0],"texture":"#particle"}}},{"from":[7.66,-0.2,7.66],"to":[8.34,0.46,8.34],"rotation":{"angle":0,"axis":"x","origin":[8,-0.16776,7.99187]},"faces":{"north":{"uv":[11.42857,13.14286,11.85714,13.57143],"texture":"#particle"},"east":{"uv":[12,13.14286,12.42857,13.57143],"texture":"#particle"},"south":{"uv":[13.14286,12,13.57143,12.42857],"texture":"#particle"},"west":{"uv":[12.57143,13.14286,13,13.57143],"texture":"#particle"},"up":{"uv":[13.57143,13,13.14286,12.57143],"texture":"#particle"},"down":{"uv":[13.57143,13.14286,13.14286,13.57143],"texture":"#particle"}}},{"from":[7.5,6.15,7.5],"to":[8.5,7.15,8.5],"rotation":{"angle":0,"axis":"y","origin":[7.5,4.4,7.5]},"faces":{"north":{"uv":[12.57143,0.57143,13.14286,1.14286],"texture":"#particle"},"east":{"uv":[12.57143,1.14286,13.14286,1.71429],"texture":"#particle"},"south":{"uv":[12.57143,1.71429,13.14286,2.28571],"texture":"#particle"},"west":{"uv":[2.28571,12.57143,2.85714,13.14286],"texture":"#particle"},"up":{"uv":[13.14286,2.85714,12.57143,2.28571],"texture":"#particle"},"down":{"uv":[3.42857,12.57143,2.85714,13.14286],"texture":"#particle"}}},{"from":[7.6,7.15,7.6],"to":[8.4,8.95,8.4],"rotation":{"angle":0,"axis":"y","origin":[7.5,4.4,7.5]},"faces":{"north":{"uv":[6.28571,11.42857,6.71429,12.42857],"texture":"#particle"},"east":{"uv":[0,12,0.42857,13],"texture":"#particle"},"south":{"uv":[0.57143,12,1,13],"texture":"#particle"},"west":{"uv":[1.14286,12,1.57143,13],"texture":"#particle"},"up":{"uv":[0.42857,14.14286,0,13.71429],"texture":"#particle"},"down":{"uv":[14.14286,0,13.71429,0.42857],"texture":"#particle"}}},{"from":[7.472,0.46,7.472],"to":[8.528,0.9,8.528],"rotation":{"angle":0,"axis":"x","origin":[8,0.23092,7.86754]},"faces":{"north":{"uv":[1.71429,13.71429,2.28571,14],"texture":"#particle"},"east":{"uv":[13.71429,1.71429,14.28571,2],"texture":"#particle"},"south":{"uv":[2.28571,13.71429,2.85714,14],"texture":"#particle"},"west":{"uv":[13.71429,2.28571,14.28571,2.57143],"texture":"#particle"},"up":{"uv":[13.14286,3.42857,12.57143,2.85714],"texture":"#particle"},"down":{"uv":[4,12.57143,3.42857,13.14286],"texture":"#particle"}}},{"from":[7.4,5.65,7.4],"to":[8.6,6.15,8.6],"rotation":{"angle":0,"axis":"y","origin":[7.5,4.4,7.5]},"faces":{"north":{"uv":[13.14286,4,13.85714,4.28571],"texture":"#particle"},"east":{"uv":[4.57143,13.14286,5.28571,13.42857],"texture":"#particle"},"south":{"uv":[13.14286,4.57143,13.85714,4.85714],"texture":"#particle"},"west":{"uv":[13.14286,5.14286,13.85714,5.42857],"texture":"#particle"},"up":{"uv":[4.14286,12.14286,3.42857,11.42857],"texture":"#particle"},"down":{"uv":[12.14286,8.57143,11.42857,9.28571],"texture":"#particle"}}},{"from":[7.5,8.95,7.5],"to":[8.5,9.95,8.5],"rotation":{"angle":0,"axis":"y","origin":[7.5,20.45,7.5]},"faces":{"north":{"uv":[12.57143,3.42857,13.14286,4],"texture":"#particle"},"east":{"uv":[4,12.57143,4.57143,13.14286],"texture":"#particle"},"south":{"uv":[12.57143,4.57143,13.14286,5.14286],"texture":"#particle"},"west":{"uv":[12.57143,5.14286,13.14286,5.71429],"texture":"#particle"},"up":{"uv":[13.14286,6.28571,12.57143,5.71429],"texture":"#particle"},"down":{"uv":[6.85714,12.57143,6.28571,13.14286],"texture":"#particle"}}},{"from":[7.5,0.9,7.5],"to":[8.5,1.9,8.5],"rotation":{"angle":0,"axis":"y","origin":[7.5,5.4,7.5]},"faces":{"north":{"uv":[12.57143,9.14286,13.14286,9.71429],"texture":"#particle"},"east":{"uv":[9.71429,12.57143,10.28571,13.14286],"texture":"#particle"},"south":{"uv":[12.57143,9.71429,13.14286,10.28571],"texture":"#particle"},"west":{"uv":[12.57143,10.28571,13.14286,10.85714],"texture":"#particle"},"up":{"uv":[13.14286,11.42857,12.57143,10.85714],"texture":"#particle"},"down":{"uv":[12,12.57143,11.42857,13.14286],"texture":"#particle"}}},{"from":[7.6,1.9,7.6],"to":[8.4,3.7,8.4],"rotation":{"angle":0,"axis":"y","origin":[7.5,5.4,7.5]},"faces":{"north":{"uv":[1.71429,12,2.14286,13],"texture":"#particle"},"east":{"uv":[12,2.85714,12.42857,3.85714],"texture":"#particle"},"south":{"uv":[4.57143,12,5,13],"texture":"#particle"},"west":{"uv":[5.14286,12,5.57143,13],"texture":"#particle"},"up":{"uv":[1.57143,14.14286,1.14286,13.71429],"texture":"#particle"},"down":{"uv":[14.14286,1.14286,13.71429,1.57143],"texture":"#particle"}}},{"from":[7.5,3.7,7.5],"to":[8.5,5.7,8.5],"rotation":{"angle":0,"axis":"y","origin":[7.5,20.45,8.5]},"faces":{"north":{"uv":[2.85714,8,3.42857,9.14286],"texture":"#particle"},"east":{"uv":[6.28571,10.28571,6.85714,11.42857],"texture":"#particle"},"south":{"uv":[6.85714,10.85714,7.42857,12],"texture":"#particle"},"west":{"uv":[7.42857,10.85714,8,12],"texture":"#particle"},"down":{"uv":[13.14286,6.28571,12.57143,6.85714],"texture":"#particle"}}},{"from":[7.45,-0.90055,7.26384],"to":[8.55,0.15545,8.31984],"rotation":{"angle":-45,"axis":"x","origin":[8,-0.16776,8.00813]},"faces":{"north":{"uv":[12.57143,6.85714,13.14286,7.42857],"texture":"#particle"},"east":{"uv":[7.42857,12.57143,8,13.14286],"texture":"#particle"},"south":{"uv":[12.57143,7.42857,13.14286,8],"texture":"#particle"},"west":{"uv":[8,12.57143,8.57143,13.14286],"texture":"#particle"},"up":{"uv":[13.14286,8.57143,12.57143,8],"texture":"#particle"},"down":{"uv":[9.14286,12.57143,8.57143,13.14286],"texture":"#particle"}}},{"from":[7.4,9.95,7.4],"to":[8.6,12.05,8.6],"rotation":{"angle":0,"axis":"y","origin":[15,16.5,15]},"faces":{"north":{"uv":[0,10.28571,0.71429,11.42857],"texture":"#particle"},"east":{"uv":[10.28571,0,11,1.14286],"texture":"#particle"},"south":{"uv":[10.28571,1.71429,11,2.85714],"texture":"#particle"},"west":{"uv":[2.85714,10.28571,3.57143,11.42857],"texture":"#particle"},"up":{"uv":[12.14286,10.42857,11.42857,9.71429],"texture":"#particle"},"down":{"uv":[12.14286,10.85714,11.42857,11.57143],"texture":"#particle"}}},{"from":[7.5,12.05,7.5],"to":[8.5,13.95,8.5],"rotation":{"angle":0,"axis":"x","origin":[8,13,8]},"faces":{"north":{"uv":[8,10.85714,8.57143,12],"texture":"#particle"},"east":{"uv":[8.57143,10.85714,9.14286,12],"texture":"#particle"},"south":{"uv":[9.14286,10.85714,9.71429,12],"texture":"#particle"},"west":{"uv":[9.71429,10.85714,10.28571,12],"texture":"#particle"},"up":{"uv":[13.14286,9.14286,12.57143,8.57143],"texture":"#particle"},"down":{"uv":[9.71429,12.57143,9.14286,13.14286],"texture":"#particle"}}},{"from":[7.6,13.95,7.6],"to":[8.4,15.47,8.4],"rotation":{"angle":0,"axis":"x","origin":[8,14.385,8.1]},"faces":{"north":{"uv":[5.71429,12,6.14286,12.85714],"texture":"#particle"},"east":{"uv":[12,5.71429,12.42857,6.57143],"texture":"#particle"},"south":{"uv":[6.85714,12,7.28571,12.85714],"texture":"#particle"},"west":{"uv":[12,6.85714,12.42857,7.71429],"texture":"#particle"},"up":{"uv":[1,14.14286,0.57143,13.71429],"texture":"#particle"},"down":{"uv":[14.14286,0.57143,13.71429,1],"texture":"#particle"}}},{"from":[6.5,15.47,7],"to":[9.5,18.47,9],"rotation":{"angle":-45,"axis":"z","origin":[8,16.97,8]},"faces":{"north":{"uv":[0,5.71429,1.71429,7.42857],"texture":"#particle"},"east":{"uv":[8.57143,8.57143,10.28571,9.71429],"rotation":90,"texture":"#particle"},"south":{"uv":[1.71429,6.28571,3.42857,8],"texture":"#particle"},"west":{"uv":[8.57143,9.71429,10.28571,8.57143],"rotation":90,"texture":"#particle"},"up":{"uv":[8.57143,8.57143,10.28571,9.71429],"texture":"#particle"},"down":{"uv":[8.57143,9.71429,10.28571,8.57143],"texture":"#particle"}}},{"from":[6.5,15.47,10],"to":[9.5,18.47,11],"rotation":{"angle":-45,"axis":"z","origin":[8,16.97,8]},"faces":{"north":{"uv":[0,7.42857,1.71429,9.14286],"texture":"#particle"},"east":{"uv":[9.71429,5.71429,11.42857,5.14286],"rotation":90,"texture":"#particle"},"south":{"uv":[7.42857,0,9.14286,1.71429],"texture":"#particle"},"west":{"uv":[9.71429,5.14286,11.42857,5.71429],"rotation":90,"texture":"#particle"},"up":{"uv":[11.42857,5.71429,9.71429,5.14286],"texture":"#particle"},"down":{"uv":[11.42857,5.14286,9.71429,5.71429],"texture":"#particle"}}},{"from":[7.25,16.22,11],"to":[8.75,17.72,13],"rotation":{"angle":-45,"axis":"z","origin":[8,16.97,8]},"faces":{"north":{"uv":[10.85714,2.85714,11.71429,3.71429],"texture":"#particle"},"east":{"uv":[8,10.57143,6.85714,9.71429],"texture":"#particle"},"south":{"uv":[10.85714,5.71429,11.71429,6.57143],"texture":"#particle"},"west":{"uv":[6.85714,9.71429,8,10.57143],"texture":"#particle"},"up":{"uv":[6.85714,10.57143,8,9.71429],"rotation":90,"texture":"#particle"},"down":{"uv":[8,9.71429,6.85714,10.57143],"rotation":90,"texture":"#particle"}}},{"from":[6,14.97,4],"to":[10,18.97,6],"rotation":{"angle":-45,"axis":"z","origin":[8,16.97,4]},"faces":{"north":{"uv":[4.57143,2.85714,6.85714,5.14286],"texture":"#particle"},"east":{"uv":[4.57143,7.42857,5.71429,9.71429],"texture":"#particle"},"south":{"uv":[5.14286,0,7.42857,2.28571],"texture":"#particle"},"west":{"uv":[5.71429,7.42857,6.85714,9.71429],"texture":"#particle"},"up":{"uv":[9.14286,8.57143,6.85714,7.42857],"texture":"#particle"},"down":{"uv":[10.28571,1.71429,8,2.85714],"texture":"#particle"}}},{"from":[5.75,14.72,1],"to":[10.25,19.22,3],"rotation":{"angle":-45,"axis":"z","origin":[8,16.97,4]},"faces":{"north":{"uv":[0,0,2.57143,2.57143],"texture":"#particle"},"east":{"uv":[8,2.28571,6.85714,4.85714],"texture":"#particle"},"south":{"uv":[0,2.85714,2.57143,5.42857],"texture":"#particle"},"west":{"uv":[6.85714,2.28571,8,4.85714],"texture":"#particle"},"up":{"uv":[6.85714,4.85714,8,2.28571],"rotation":90,"texture":"#particle"},"down":{"uv":[8,4.85714,6.85714,2.28571],"rotation":90,"texture":"#particle"}}},{"from":[6.05,15.02,0.5],"to":[9.95,18.92,1],"rotation":{"angle":-45,"axis":"z","origin":[8,16.97,4]},"faces":{"north":{"uv":[4.57143,5.14286,6.85714,7.42857],"texture":"#particle"},"east":{"uv":[11.14286,10.85714,10.85714,13.14286],"texture":"#particle"},"west":{"uv":[10.85714,10.85714,11.14286,13.14286],"texture":"#particle"},"up":{"uv":[10.85714,10.85714,11.14286,13.14286],"rotation":90,"texture":"#particle"},"down":{"uv":[11.14286,10.85714,10.85714,13.14286],"rotation":90,"texture":"#particle"}}},{"from":[6.25,15.22,3],"to":[9.75,18.72,4],"rotation":{"angle":-45,"axis":"z","origin":[8,16.97,4]},"faces":{"east":{"uv":[4.57143,11.14286,4,9.14286],"texture":"#particle"},"west":{"uv":[4,11.14286,4.57143,9.14286],"texture":"#particle"},"up":{"uv":[4,9.14286,4.57143,11.14286],"rotation":90,"texture":"#particle"},"down":{"uv":[4.57143,9.14286,4,11.14286],"rotation":90,"texture":"#particle"}}},{"from":[6.75,15.72,9],"to":[9.25,18.22,10],"rotation":{"angle":-45,"axis":"z","origin":[8,16.97,8]},"faces":{"east":{"uv":[11.71429,8.57143,10.28571,8],"rotation":90,"texture":"#particle"},"west":{"uv":[11.71429,8,10.28571,8.57143],"rotation":90,"texture":"#particle"},"up":{"uv":[11.71429,8.57143,10.28571,8],"texture":"#particle"},"down":{"uv":[11.71429,8,10.28571,8.57143],"texture":"#particle"}}},{"from":[6.75,15.72,6],"to":[9.25,18.22,7],"rotation":{"angle":-45,"axis":"z","origin":[8,16.97,8]},"faces":{"east":{"uv":[11.71429,8.57143,10.28571,8],"rotation":90,"texture":"#particle"},"west":{"uv":[11.71429,8,10.28571,8.57143],"rotation":90,"texture":"#particle"},"up":{"uv":[11.71429,8.57143,10.28571,8],"texture":"#particle"},"down":{"uv":[11.71429,8,10.28571,8.57143],"texture":"#particle"}}},{"from":[4.62546,18.91384,-0.5],"to":[7.62546,18.96384,5.5],"rotation":{"angle":-45,"axis":"z","origin":[6.12546,18.91384,2.5]},"faces":{"up":{"uv":[4.57143,6.28571,2.85714,2.85714],"texture":"#particle"},"down":{"uv":[4.57143,2.85714,2.85714,6.28571],"texture":"#particle"}}},{"from":[8.37454,18.91384,-0.5],"to":[11.37454,18.96384,5.5],"rotation":{"angle":45,"axis":"z","origin":[9.87454,18.91384,2.5]},"faces":{"up":{"uv":[2.85714,6.28571,4.57143,2.85714],"texture":"#particle"},"down":{"uv":[2.85714,2.85714,4.57143,6.28571],"texture":"#particle"}}},{"from":[8.37454,14.93616,-0.5],"to":[11.37454,14.98616,5.5],"rotation":{"angle":-45,"axis":"z","origin":[9.87454,14.98616,2.5]},"faces":{"up":{"uv":[2.85714,6.28571,4.57143,2.85714],"texture":"#particle"},"down":{"uv":[2.85714,2.85714,4.57143,6.28571],"texture":"#particle"}}},{"from":[4.62546,14.93616,-0.5],"to":[7.62546,14.98616,5.5],"rotation":{"angle":45,"axis":"z","origin":[6.12546,14.98616,2.5]},"faces":{"up":{"uv":[4.57143,6.28571,2.85714,2.85714],"texture":"#particle"},"down":{"uv":[4.57143,2.85714,2.85714,6.28571],"texture":"#particle"}}},{"from":[7.975,14.97,11.75],"to":[8.025,18.97,16.75],"rotation":{"angle":-45,"axis":"z","origin":[8,16.97,14.25]},"faces":{"east":{"uv":[5.14286,2.85714,2.85714,0],"rotation":90,"texture":"#particle"},"west":{"uv":[5.14286,0,2.85714,2.85714],"rotation":90,"texture":"#particle"}}},{"from":[7.975,14.97,11.75],"to":[8.025,18.97,16.75],"rotation":{"angle":45,"axis":"z","origin":[8,16.97,14.25]},"faces":{"east":{"uv":[5.14286,2.85714,2.85714,0],"rotation":90,"texture":"#particle"},"west":{"uv":[5.14286,0,2.85714,2.85714],"rotation":90,"texture":"#particle"}}},{"from":[6.5,19.93521,6.20052],"to":[7.25,19.93521,7.20052],"rotation":{"angle":-22.5,"axis":"x","origin":[8,19.93521,6.70052]},"faces":{"up":{"uv":[0,11.01667,4,7.91667],"rotation":90,"texture":"#2"},"down":{"uv":[4,11.01667,0,7.91667],"rotation":90,"texture":"#2"}}},{"from":[5.5,19.63521,7.70051],"to":[7,19.63521,9.70051],"rotation":{"angle":-22.5,"axis":"x","origin":[8,19.63521,8.70051]},"faces":{"up":{"uv":[0,6,8,0],"rotation":90,"texture":"#2"},"down":{"uv":[8,6,0,0],"rotation":90,"texture":"#2"}}},{"from":[8.75,19.93521,6.20052],"to":[9.5,19.93521,7.20052],"rotation":{"angle":-22.5,"axis":"x","origin":[8,19.93521,6.70052]},"faces":{"up":{"uv":[0,7.91667,4,11.01667],"rotation":90,"texture":"#2"},"down":{"uv":[4,7.91667,0,11.01667],"rotation":90,"texture":"#2"}}},{"from":[9,19.63521,7.70051],"to":[10.5,19.63521,9.70051],"rotation":{"angle":-22.5,"axis":"x","origin":[8,19.63521,8.70051]},"faces":{"up":{"uv":[0,0,8,6],"rotation":90,"texture":"#2"},"down":{"uv":[8,0,0,6],"rotation":90,"texture":"#2"}}}],"gui_light":"front","display":{"thirdperson_righthand":{"translation":[0,2.25,0.75]},"thirdperson_lefthand":{"translation":[0,2.25,0.75]},"firstperson_righthand":{"rotation":[-10,0,0],"translation":[0,2,0]},"firstperson_lefthand":{"rotation":[-10,0,0],"translation":[0,2,0]},"ground":{"translation":[0,9,0]},"gui":{"rotation":[-90,45,90],"translation":[2.5,-2.5,0],"scale":[0.86132,0.86132,0.86132]},"head":{"scale":[0,0,0]},"fixed":{"rotation":[90,-90,90],"translation":[0,-5,-0.5],"scale":[2.5,2.5,2.5]}}}