{"credit":"Made with Blockbench","textures":{"0":"starlight:texture","1":"starlight:spark","2":"starlight:wings","3":"starlight:add_on","4":"starlight:mini_wings","particle":"starlight:texture"},"elements":[{"from":[7.8,2.42594,3.11523],"to":[8.2,7.18594,6.36523],"rotation":{"angle":-45,"axis":"x","origin":[8,4.875,8.5]},"faces":{"east":{"uv":[3.25,0,4.4375,0.8125],"rotation":270,"texture":"#0"},"west":{"uv":[4.4375,0,3.25,0.8125],"rotation":90,"texture":"#0"}}},{"from":[7.945,3.52704,6.59917],"to":[8.055,10.53704,14.44917],"rotation":{"angle":-22.5,"axis":"x","origin":[8,7.03204,10.52417]},"faces":{"east":{"uv":[0,0,16,16],"texture":"#2"},"west":{"uv":[16,0,0,16],"texture":"#2"}}},{"from":[7.94,3.27704,4.59917],"to":[8.06,10.28704,12.44917],"rotation":{"angle":-45,"axis":"x","origin":[7.995,6.78204,8.52417]},"faces":{"east":{"uv":[0,0,16,16],"texture":"#4"},"west":{"uv":[16,0,0,16],"texture":"#4"}}},{"from":[7.9,3.42,1.075],"to":[8.1,10.43,8.925],"rotation":{"angle":0,"axis":"x","origin":[8,6.925,5]},"faces":{"east":{"uv":[16,0.05,0,16],"texture":"#3"},"west":{"uv":[0,0.05,16,16],"texture":"#3"}}},{"from":[7.6,4.58402,10.22847],"to":[8.4,6.08402,11.72847],"rotation":{"angle":45,"axis":"x","origin":[7.95,8.3125,8]},"faces":{"north":{"uv":[6.875,6,6.75,6.375],"texture":"#0"},"east":{"uv":[5.125,0.75,4.75,1.125],"texture":"#0"},"south":{"uv":[6.875,6.75,6.75,7.125],"texture":"#0"},"west":{"uv":[5.125,1.5,4.75,1.875],"texture":"#0"},"up":{"uv":[7,1.625,7.375,1.5],"rotation":90,"texture":"#0"},"down":{"uv":[7,2,7.375,2.125],"rotation":270,"texture":"#0"}}},{"from":[7.675,3.3503,7.25],"to":[8.325,4.8503,8.75],"rotation":{"angle":0,"axis":"y","origin":[8,8.3125,8]},"faces":{"north":{"uv":[7.125,2.5,7,2.875],"texture":"#0"},"east":{"uv":[5.125,2.25,4.75,2.625],"texture":"#0"},"south":{"uv":[3.125,7,3,7.375],"texture":"#0"},"west":{"uv":[5.125,3,4.75,3.375],"texture":"#0"},"up":{"uv":[7,5.125,7.375,5],"rotation":90,"texture":"#0"},"down":{"uv":[7,5.5,7.375,5.625],"rotation":270,"texture":"#0"}}},{"from":[7.7,4.01504,6.71799],"to":[8.3,5.51504,7.36799],"rotation":{"angle":-22.5,"axis":"x","origin":[8,8.3125,8]},"faces":{"north":{"uv":[6.125,7,6,7.375],"texture":"#0"},"east":{"uv":[5.4375,6,5.25,6.375],"texture":"#0"},"south":{"uv":[0.125,7.25,0,7.625],"texture":"#0"},"west":{"uv":[5.9375,6,5.75,6.375],"texture":"#0"},"up":{"uv":[8,7.125,8.1875,7],"rotation":90,"texture":"#0"},"down":{"uv":[7.25,8,7.4375,8.125],"rotation":270,"texture":"#0"}}},{"from":[7.7,4.01504,8.63201],"to":[8.3,5.51504,9.28201],"rotation":{"angle":22.5,"axis":"x","origin":[8,8.3125,8]},"faces":{"north":{"uv":[7.375,0,7.25,0.375],"texture":"#0"},"east":{"uv":[6.4375,0,6.25,0.375],"texture":"#0"},"south":{"uv":[0.625,7.25,0.5,7.625],"texture":"#0"},"west":{"uv":[6.4375,0.75,6.25,1.125],"texture":"#0"},"up":{"uv":[8,7.625,8.1875,7.5],"rotation":90,"texture":"#0"},"down":{"uv":[7.75,8,7.9375,8.125],"rotation":270,"texture":"#0"}}},{"from":[7.695,5.97395,9.65855],"to":[8.305,6.65395,10.33855],"rotation":{"angle":45,"axis":"x","origin":[8,8.3125,8]},"faces":{"north":{"uv":[8.375,0,8.25,0.1875],"texture":"#0"},"east":{"uv":[7.9375,0.5,7.75,0.6875],"texture":"#0"},"south":{"uv":[8.375,0.5,8.25,0.6875],"texture":"#0"},"west":{"uv":[1.1875,7.75,1,7.9375],"texture":"#0"},"up":{"uv":[1,8.375,1.1875,8.25],"rotation":90,"texture":"#0"},"down":{"uv":[8.25,1,8.4375,1.125],"rotation":270,"texture":"#0"}}},{"from":[7.845,6.24074,8.79785],"to":[8.155,7.04074,9.54785],"rotation":{"angle":0,"axis":"x","origin":[8,6.22203,8.72019]},"faces":{"north":{"uv":[3.6875,7.75,3.5,7.9375],"rotation":90,"texture":"#0"},"east":{"uv":[7.75,1.5,7.9375,1.6875],"rotation":270,"texture":"#0"},"south":{"uv":[3.1875,7.9375,3,7.75],"rotation":90,"texture":"#0"},"west":{"uv":[7.75,2,7.9375,2.1875],"rotation":90,"texture":"#0"},"up":{"uv":[2.5,7.75,2.6875,7.9375],"rotation":180,"texture":"#0"},"down":{"uv":[2,7.75,2.1875,7.9375],"texture":"#0"}}},{"from":[7.85,5.85587,8.1962],"to":[8.15,6.85587,8.9962],"rotation":{"angle":45,"axis":"x","origin":[8,6.22203,8.72019]},"faces":{"north":{"uv":[2.25,7.25,2,7.4375],"rotation":90,"texture":"#0"},"east":{"uv":[7.25,0.75,7.5,0.9375],"rotation":270,"texture":"#0"},"south":{"uv":[1.75,7.4375,1.5,7.25],"rotation":90,"texture":"#0"},"west":{"uv":[1,7.25,1.25,7.4375],"rotation":90,"texture":"#0"},"up":{"uv":[4.5,7.75,4.6875,7.9375],"rotation":180,"texture":"#0"},"down":{"uv":[4,7.75,4.1875,7.9375],"texture":"#0"}}},{"from":[7.75,5.16196,7.96223],"to":[8.25,6.16196,8.96223],"rotation":{"angle":22.5,"axis":"x","origin":[8,6.22203,8.72019]},"faces":{"north":{"uv":[7,0.5,6.75,0.75],"rotation":90,"texture":"#0"},"east":{"uv":[6.5,5.5,6.75,5.75],"rotation":270,"texture":"#0"},"south":{"uv":[0.75,7,0.5,6.75],"rotation":90,"texture":"#0"},"west":{"uv":[0,6.75,0.25,7],"rotation":90,"texture":"#0"},"up":{"uv":[6.75,0,7,0.25],"rotation":180,"texture":"#0"},"down":{"uv":[6.25,6.5,6.5,6.75],"texture":"#0"}}},{"from":[7.64,3.62917,5.53719],"to":[8.36,4.67917,6.58719],"rotation":{"angle":-45,"axis":"x","origin":[8,4.5099,5.75]},"faces":{"north":{"uv":[5.125,7.75,5,8],"texture":"#0"},"east":{"uv":[1.25,6.75,1,7],"texture":"#0"},"south":{"uv":[7.875,5,7.75,5.25],"texture":"#0"},"west":{"uv":[7,1,6.75,1.25],"texture":"#0"},"up":{"uv":[5.5,7.875,5.75,7.75],"rotation":90,"texture":"#0"},"down":{"uv":[7.75,5.5,8,5.625],"rotation":270,"texture":"#0"}}},{"from":[7.6715,4.60212,5.13825],"to":[8.3285,5.07812,5.61425],"rotation":{"angle":-45,"axis":"x","origin":[8,4.5099,5.75]},"faces":{"north":{"uv":[5.3125,8.25,5.25,8.375],"texture":"#0"},"east":{"uv":[2.875,8.25,2.75,8.375],"texture":"#0"},"south":{"uv":[8.3125,5.5,8.25,5.625],"texture":"#0"},"west":{"uv":[3.375,8.25,3.25,8.375],"texture":"#0"},"up":{"uv":[5.75,8.3125,5.875,8.25],"rotation":90,"texture":"#0"},"down":{"uv":[8.25,8,8.375,8.0625],"rotation":270,"texture":"#0"}}},{"from":[7.675,4.53167,5.40869],"to":[8.325,4.98667,6.45869],"rotation":{"angle":-22.5,"axis":"x","origin":[8,4.5099,5.75]},"faces":{"north":{"uv":[0.125,8.5,0,8.5625],"rotation":90,"texture":"#0"},"east":{"uv":[6,8,6.125,7.75],"rotation":270,"texture":"#0"},"south":{"uv":[0.625,8.5625,0.5,8.5],"rotation":90,"texture":"#0"},"west":{"uv":[0,8.25,0.125,8],"rotation":90,"texture":"#0"},"up":{"uv":[4.25,8.5,4.3125,8.25],"rotation":180,"texture":"#0"},"down":{"uv":[3.75,8.5,3.8125,8.25],"texture":"#0"}}},{"from":[7.675,3.97625,5.43224],"to":[8.325,4.43125,6.48224],"rotation":{"angle":22.5,"axis":"x","origin":[8,4.5099,5.75]},"faces":{"north":{"uv":[8.625,2.75,8.5,2.8125],"rotation":90,"texture":"#0"},"east":{"uv":[0.5,8.25,0.625,8],"rotation":270,"texture":"#0"},"south":{"uv":[8.625,3.3125,8.5,3.25],"rotation":90,"texture":"#0"},"west":{"uv":[8,3.25,8.125,3],"rotation":90,"texture":"#0"},"up":{"uv":[8.25,5.25,8.3125,5],"rotation":180,"texture":"#0"},"down":{"uv":[4.75,8.5,4.8125,8.25],"texture":"#0"}}},{"from":[7.6575,4.00412,5.74547],"to":[8.3425,4.95412,6.69547],"rotation":{"angle":0,"axis":"x","origin":[8,4.5099,5.75]},"faces":{"north":{"uv":[8.25,4.5,8,4.625],"rotation":90,"texture":"#0"},"east":{"uv":[1.5,7,1.75,6.75],"rotation":270,"texture":"#0"},"south":{"uv":[8.25,6.125,8,6],"rotation":90,"texture":"#0"},"west":{"uv":[2,7,2.25,6.75],"rotation":90,"texture":"#0"},"up":{"uv":[8,4.25,8.125,4],"rotation":180,"texture":"#0"},"down":{"uv":[8,3.75,8.125,3.5],"texture":"#0"}}},{"from":[7.54,1.11119,7.81797],"to":[8.46,2.16119,8.86797],"rotation":{"angle":-45,"axis":"x","origin":[8,1.29321,8]},"faces":{"north":{"uv":[5.75,7.75,5.5,7.875],"rotation":90,"texture":"#0"},"east":{"uv":[1,7,1.25,6.75],"rotation":270,"texture":"#0"},"south":{"uv":[8,5.625,7.75,5.5],"rotation":90,"texture":"#0"},"west":{"uv":[6.75,1.25,7,1],"rotation":90,"texture":"#0"},"up":{"uv":[7.75,5.25,7.875,5],"rotation":180,"texture":"#0"},"down":{"uv":[5,8,5.125,7.75],"texture":"#0"}}},{"from":[7.575,0.97546,7.49967],"to":[8.425,2.02546,7.95467],"rotation":{"angle":-22.5,"axis":"x","origin":[8,1.29321,8]},"faces":{"north":{"uv":[4.3125,8.25,4.25,8.5],"rotation":180,"texture":"#0"},"east":{"uv":[6.125,7.75,6,8],"rotation":180,"texture":"#0"},"south":{"uv":[3.8125,8.25,3.75,8.5],"rotation":180,"texture":"#0"},"west":{"uv":[0.125,8,0,8.25],"rotation":180,"texture":"#0"},"up":{"uv":[0.5,8.5,0.625,8.5625],"rotation":270,"texture":"#0"},"down":{"uv":[0,8.5625,0.125,8.5],"rotation":90,"texture":"#0"}}},{"from":[7.5575,1.30143,7.525],"to":[8.4425,2.25143,8.475],"rotation":{"angle":0,"axis":"x","origin":[8,1.29321,8]},"faces":{"north":{"uv":[8.125,4,8,4.25],"rotation":180,"texture":"#0"},"east":{"uv":[1.75,6.75,1.5,7],"rotation":180,"texture":"#0"},"south":{"uv":[8.125,3.5,8,3.75],"rotation":180,"texture":"#0"},"west":{"uv":[2.25,6.75,2,7],"rotation":180,"texture":"#0"},"up":{"uv":[8,6,8.25,6.125],"rotation":270,"texture":"#0"},"down":{"uv":[8,4.625,8.25,4.5],"rotation":90,"texture":"#0"}}},{"from":[7.575,0.97546,8.04533],"to":[8.425,2.02546,8.50033],"rotation":{"angle":22.5,"axis":"x","origin":[8,1.29321,8]},"faces":{"north":{"uv":[8.3125,5,8.25,5.25],"rotation":180,"texture":"#0"},"east":{"uv":[0.625,8,0.5,8.25],"rotation":180,"texture":"#0"},"south":{"uv":[4.8125,8.25,4.75,8.5],"rotation":180,"texture":"#0"},"west":{"uv":[8.125,3,8,3.25],"rotation":180,"texture":"#0"},"up":{"uv":[8.5,3.25,8.625,3.3125],"rotation":270,"texture":"#0"},"down":{"uv":[8.5,2.8125,8.625,2.75],"rotation":90,"texture":"#0"}}},{"from":[7.5715,0.71225,7.41902],"to":[8.4285,1.18825,7.89502],"rotation":{"angle":-45,"axis":"x","origin":[8,1.29321,8]},"faces":{"north":{"uv":[5.875,8.25,5.75,8.3125],"rotation":90,"texture":"#0"},"east":{"uv":[2.75,8.375,2.875,8.25],"rotation":270,"texture":"#0"},"south":{"uv":[8.375,8.0625,8.25,8],"rotation":90,"texture":"#0"},"west":{"uv":[3.25,8.375,3.375,8.25],"rotation":90,"texture":"#0"},"up":{"uv":[8.25,5.625,8.3125,5.5],"rotation":180,"texture":"#0"},"down":{"uv":[5.25,8.375,5.3125,8.25],"texture":"#0"}}},{"from":[7.595,4.43225,9.33466],"to":[8.405,5.18225,10.13466],"rotation":{"angle":45,"axis":"x","origin":[8,8.3125,8]},"faces":{"north":{"uv":[7.5,4,7.6875,4.1875],"texture":"#0"},"east":{"uv":[2.5,7.25,2.6875,7.4375],"texture":"#0"},"south":{"uv":[7.5,3,7.6875,3.1875],"texture":"#0"},"west":{"uv":[7.5,3.5,7.6875,3.6875],"texture":"#0"},"up":{"uv":[6.6875,7.6875,6.5,7.5],"rotation":90,"texture":"#0"},"down":{"uv":[7.1875,7.5,7,7.6875],"rotation":270,"texture":"#0"}}},{"from":[7.6,3.625,6.2],"to":[8.4,4.625,7],"rotation":{"angle":0,"axis":"y","origin":[8,8.3125,8]},"faces":{"north":{"uv":[5.5,6.75,5.6875,7],"texture":"#0"},"east":{"uv":[2.5,6.75,2.6875,7],"texture":"#0"},"south":{"uv":[6.75,4.5,6.9375,4.75],"texture":"#0"},"west":{"uv":[5,6.75,5.1875,7],"texture":"#0"},"up":{"uv":[7.6875,7.6875,7.5,7.5],"rotation":90,"texture":"#0"},"down":{"uv":[7.9375,0,7.75,0.1875],"rotation":270,"texture":"#0"}}},{"from":[7.5,3.74834,4.40946],"to":[8.5,4.74834,5.40946],"rotation":{"angle":-22.5,"axis":"x","origin":[8,8.3125,8]},"faces":{"north":{"uv":[6.25,6,6.5,6.25],"texture":"#0"},"east":{"uv":[6.25,3.5,6.5,3.75],"texture":"#0"},"south":{"uv":[6.25,4,6.5,4.25],"texture":"#0"},"west":{"uv":[6.25,4.5,6.5,4.75],"texture":"#0"},"up":{"uv":[3.25,6.75,3,6.5],"rotation":90,"texture":"#0"},"down":{"uv":[6.75,5,6.5,5.25],"rotation":270,"texture":"#0"}}},{"from":[7.4,4.35401,2.62729],"to":[8.6,5.85401,4.12729],"rotation":{"angle":-45,"axis":"x","origin":[8,8.3125,8]},"faces":{"north":{"uv":[5.5,1.5,5.8125,1.875],"texture":"#0"},"east":{"uv":[2.25,4.5,2.625,4.875],"texture":"#0"},"south":{"uv":[5.5,0.75,5.8125,1.125],"texture":"#0"},"west":{"uv":[4.75,0,5.125,0.375],"texture":"#0"},"up":{"uv":[5.875,2.5625,5.5,2.25],"rotation":90,"texture":"#0"},"down":{"uv":[5.875,3,5.5,3.3125],"rotation":270,"texture":"#0"}}},{"from":[7.8,-7.18594,3.11523],"to":[8.2,-2.42594,6.36523],"rotation":{"angle":45,"axis":"x","origin":[8,-4.875,8.5]},"faces":{"east":{"uv":[4.4375,0,3.25,0.8125],"rotation":270,"texture":"#0"},"west":{"uv":[3.25,0,4.4375,0.8125],"rotation":90,"texture":"#0"}}},{"from":[7.945,-10.53704,6.59917],"to":[8.055,-3.52704,14.44917],"rotation":{"angle":22.5,"axis":"x","origin":[8,-7.03204,10.52417]},"faces":{"east":{"uv":[0,16,16,0],"texture":"#2"},"west":{"uv":[16,16,0,0],"texture":"#2"}}},{"from":[7.94,-10.53704,4.59917],"to":[8.06,-3.52704,12.44917],"rotation":{"angle":45,"axis":"x","origin":[7.995,-7.03204,8.52417]},"faces":{"east":{"uv":[0,16,16,0],"texture":"#4"},"west":{"uv":[16,16,0,0],"texture":"#4"}}},{"from":[7.9,-10.43,1.075],"to":[8.1,-3.42,8.925],"rotation":{"angle":0,"axis":"x","origin":[8,-6.925,5]},"faces":{"east":{"uv":[16,16,0,0.05],"texture":"#3"},"west":{"uv":[0,16,16,0.05],"texture":"#3"}}},{"from":[7.6,-6.08402,10.22847],"to":[8.4,-4.58402,11.72847],"rotation":{"angle":-45,"axis":"x","origin":[7.95,-8.3125,8]},"faces":{"north":{"uv":[6.875,6.375,6.75,6],"texture":"#0"},"east":{"uv":[5.125,1.125,4.75,0.75],"texture":"#0"},"south":{"uv":[6.875,7.125,6.75,6.75],"texture":"#0"},"west":{"uv":[5.125,1.875,4.75,1.5],"texture":"#0"},"up":{"uv":[7.375,2,7,2.125],"rotation":270,"texture":"#0"},"down":{"uv":[7.375,1.625,7,1.5],"rotation":90,"texture":"#0"}}},{"from":[7.675,-4.8503,7.25],"to":[8.325,-3.3503,8.75],"rotation":{"angle":0,"axis":"y","origin":[8,-8.3125,8]},"faces":{"north":{"uv":[7.125,2.875,7,2.5],"texture":"#0"},"east":{"uv":[5.125,2.625,4.75,2.25],"texture":"#0"},"south":{"uv":[3.125,7.375,3,7],"texture":"#0"},"west":{"uv":[5.125,3.375,4.75,3],"texture":"#0"},"up":{"uv":[7.375,5.5,7,5.625],"rotation":270,"texture":"#0"},"down":{"uv":[7.375,5.125,7,5],"rotation":90,"texture":"#0"}}},{"from":[7.7,-5.51504,6.71799],"to":[8.3,-4.01504,7.36799],"rotation":{"angle":22.5,"axis":"x","origin":[8,-8.3125,8]},"faces":{"north":{"uv":[6.125,7.375,6,7],"texture":"#0"},"east":{"uv":[5.4375,6.375,5.25,6],"texture":"#0"},"south":{"uv":[0.125,7.625,0,7.25],"texture":"#0"},"west":{"uv":[5.9375,6.375,5.75,6],"texture":"#0"},"up":{"uv":[7.4375,8,7.25,8.125],"rotation":270,"texture":"#0"},"down":{"uv":[8.1875,7.125,8,7],"rotation":90,"texture":"#0"}}},{"from":[7.7,-5.51504,8.63201],"to":[8.3,-4.01504,9.28201],"rotation":{"angle":-22.5,"axis":"x","origin":[8,-8.3125,8]},"faces":{"north":{"uv":[7.375,0.375,7.25,0],"texture":"#0"},"east":{"uv":[6.4375,0.375,6.25,0],"texture":"#0"},"south":{"uv":[0.625,7.625,0.5,7.25],"texture":"#0"},"west":{"uv":[6.4375,1.125,6.25,0.75],"texture":"#0"},"up":{"uv":[7.9375,8,7.75,8.125],"rotation":270,"texture":"#0"},"down":{"uv":[8.1875,7.625,8,7.5],"rotation":90,"texture":"#0"}}},{"from":[7.695,-6.65395,9.65855],"to":[8.305,-5.97395,10.33855],"rotation":{"angle":-45,"axis":"x","origin":[8,-8.3125,8]},"faces":{"north":{"uv":[8.375,0.1875,8.25,0],"texture":"#0"},"east":{"uv":[7.9375,0.6875,7.75,0.5],"texture":"#0"},"south":{"uv":[8.375,0.6875,8.25,0.5],"texture":"#0"},"west":{"uv":[1.1875,7.9375,1,7.75],"texture":"#0"},"up":{"uv":[8.4375,1,8.25,1.125],"rotation":270,"texture":"#0"},"down":{"uv":[1.1875,8.375,1,8.25],"rotation":90,"texture":"#0"}}},{"from":[7.845,-7.04074,8.79785],"to":[8.155,-6.24074,9.54785],"rotation":{"angle":0,"axis":"x","origin":[8,-6.22203,8.72019]},"faces":{"north":{"uv":[3.5,7.75,3.6875,7.9375],"rotation":90,"texture":"#0"},"east":{"uv":[7.9375,1.5,7.75,1.6875],"rotation":270,"texture":"#0"},"south":{"uv":[3,7.9375,3.1875,7.75],"rotation":90,"texture":"#0"},"west":{"uv":[7.9375,2,7.75,2.1875],"rotation":90,"texture":"#0"},"up":{"uv":[2,7.9375,2.1875,7.75],"texture":"#0"},"down":{"uv":[2.5,7.9375,2.6875,7.75],"rotation":180,"texture":"#0"}}},{"from":[7.85,-6.85587,8.1962],"to":[8.15,-5.85587,8.9962],"rotation":{"angle":-45,"axis":"x","origin":[8,-6.22203,8.72019]},"faces":{"north":{"uv":[2,7.25,2.25,7.4375],"rotation":90,"texture":"#0"},"east":{"uv":[7.5,0.75,7.25,0.9375],"rotation":270,"texture":"#0"},"south":{"uv":[1.5,7.4375,1.75,7.25],"rotation":90,"texture":"#0"},"west":{"uv":[1.25,7.25,1,7.4375],"rotation":90,"texture":"#0"},"up":{"uv":[4,7.9375,4.1875,7.75],"texture":"#0"},"down":{"uv":[4.5,7.9375,4.6875,7.75],"rotation":180,"texture":"#0"}}},{"from":[7.75,-6.16196,7.96223],"to":[8.25,-5.16196,8.96223],"rotation":{"angle":-22.5,"axis":"x","origin":[8,-6.22203,8.72019]},"faces":{"north":{"uv":[6.75,0.5,7,0.75],"rotation":90,"texture":"#0"},"east":{"uv":[6.75,5.5,6.5,5.75],"rotation":270,"texture":"#0"},"south":{"uv":[0.5,7,0.75,6.75],"rotation":90,"texture":"#0"},"west":{"uv":[0.25,6.75,0,7],"rotation":90,"texture":"#0"},"up":{"uv":[6.25,6.75,6.5,6.5],"texture":"#0"},"down":{"uv":[6.75,0.25,7,0],"rotation":180,"texture":"#0"}}},{"from":[7.64,-4.67917,5.53719],"to":[8.36,-3.62917,6.58719],"rotation":{"angle":45,"axis":"x","origin":[8,-4.5099,5.75]},"faces":{"north":{"uv":[5.125,8,5,7.75],"texture":"#0"},"east":{"uv":[1.25,7,1,6.75],"texture":"#0"},"south":{"uv":[7.875,5.25,7.75,5],"texture":"#0"},"west":{"uv":[7,1.25,6.75,1],"texture":"#0"},"up":{"uv":[8,5.5,7.75,5.625],"rotation":270,"texture":"#0"},"down":{"uv":[5.75,7.875,5.5,7.75],"rotation":90,"texture":"#0"}}},{"from":[7.6715,-5.07812,5.13825],"to":[8.3285,-4.60212,5.61425],"rotation":{"angle":45,"axis":"x","origin":[8,-4.5099,5.75]},"faces":{"north":{"uv":[5.3125,8.375,5.25,8.25],"texture":"#0"},"east":{"uv":[2.875,8.375,2.75,8.25],"texture":"#0"},"south":{"uv":[8.3125,5.625,8.25,5.5],"texture":"#0"},"west":{"uv":[3.375,8.375,3.25,8.25],"texture":"#0"},"up":{"uv":[8.375,8,8.25,8.0625],"rotation":270,"texture":"#0"},"down":{"uv":[5.875,8.3125,5.75,8.25],"rotation":90,"texture":"#0"}}},{"from":[7.675,-4.98667,5.40869],"to":[8.325,-4.53167,6.45869],"rotation":{"angle":22.5,"axis":"x","origin":[8,-4.5099,5.75]},"faces":{"north":{"uv":[0,8.5,0.125,8.5625],"rotation":90,"texture":"#0"},"east":{"uv":[6.125,8,6,7.75],"rotation":270,"texture":"#0"},"south":{"uv":[0.5,8.5625,0.625,8.5],"rotation":90,"texture":"#0"},"west":{"uv":[0.125,8.25,0,8],"rotation":90,"texture":"#0"},"up":{"uv":[3.75,8.25,3.8125,8.5],"texture":"#0"},"down":{"uv":[4.25,8.25,4.3125,8.5],"rotation":180,"texture":"#0"}}},{"from":[7.675,-4.43125,5.43224],"to":[8.325,-3.97625,6.48224],"rotation":{"angle":-22.5,"axis":"x","origin":[8,-4.5099,5.75]},"faces":{"north":{"uv":[8.5,2.75,8.625,2.8125],"rotation":90,"texture":"#0"},"east":{"uv":[0.625,8.25,0.5,8],"rotation":270,"texture":"#0"},"south":{"uv":[8.5,3.3125,8.625,3.25],"rotation":90,"texture":"#0"},"west":{"uv":[8.125,3.25,8,3],"rotation":90,"texture":"#0"},"up":{"uv":[4.75,8.25,4.8125,8.5],"texture":"#0"},"down":{"uv":[8.25,5,8.3125,5.25],"rotation":180,"texture":"#0"}}},{"from":[7.6575,-4.95412,5.74547],"to":[8.3425,-4.00412,6.69547],"rotation":{"angle":0,"axis":"x","origin":[8,-4.5099,5.75]},"faces":{"north":{"uv":[8,4.5,8.25,4.625],"rotation":90,"texture":"#0"},"east":{"uv":[1.75,7,1.5,6.75],"rotation":270,"texture":"#0"},"south":{"uv":[8,6.125,8.25,6],"rotation":90,"texture":"#0"},"west":{"uv":[2.25,7,2,6.75],"rotation":90,"texture":"#0"},"up":{"uv":[8,3.5,8.125,3.75],"texture":"#0"},"down":{"uv":[8,4,8.125,4.25],"rotation":180,"texture":"#0"}}},{"from":[7.54,-2.16119,7.81797],"to":[8.46,-1.11119,8.86797],"rotation":{"angle":45,"axis":"x","origin":[8,-1.29321,8]},"faces":{"north":{"uv":[5.5,7.75,5.75,7.875],"rotation":90,"texture":"#0"},"east":{"uv":[1.25,7,1,6.75],"rotation":270,"texture":"#0"},"south":{"uv":[7.75,5.625,8,5.5],"rotation":90,"texture":"#0"},"west":{"uv":[7,1.25,6.75,1],"rotation":90,"texture":"#0"},"up":{"uv":[5,7.75,5.125,8],"texture":"#0"},"down":{"uv":[7.75,5,7.875,5.25],"rotation":180,"texture":"#0"}}},{"from":[7.575,-2.02546,7.49967],"to":[8.425,-0.97546,7.95467],"rotation":{"angle":22.5,"axis":"x","origin":[8,-1.29321,8]},"faces":{"north":{"uv":[4.3125,8.5,4.25,8.25],"rotation":180,"texture":"#0"},"east":{"uv":[6.125,8,6,7.75],"rotation":180,"texture":"#0"},"south":{"uv":[3.8125,8.5,3.75,8.25],"rotation":180,"texture":"#0"},"west":{"uv":[0.125,8.25,0,8],"rotation":180,"texture":"#0"},"up":{"uv":[0.125,8.5625,0,8.5],"rotation":90,"texture":"#0"},"down":{"uv":[0.625,8.5,0.5,8.5625],"rotation":270,"texture":"#0"}}},{"from":[7.5575,-2.25143,7.525],"to":[8.4425,-1.30143,8.475],"rotation":{"angle":0,"axis":"x","origin":[8,-1.29321,8]},"faces":{"north":{"uv":[8.125,4.25,8,4],"rotation":180,"texture":"#0"},"east":{"uv":[1.75,7,1.5,6.75],"rotation":180,"texture":"#0"},"south":{"uv":[8.125,3.75,8,3.5],"rotation":180,"texture":"#0"},"west":{"uv":[2.25,7,2,6.75],"rotation":180,"texture":"#0"},"up":{"uv":[8.25,4.625,8,4.5],"rotation":90,"texture":"#0"},"down":{"uv":[8.25,6,8,6.125],"rotation":270,"texture":"#0"}}},{"from":[7.575,-2.02546,8.04533],"to":[8.425,-0.97546,8.50033],"rotation":{"angle":-22.5,"axis":"x","origin":[8,-1.29321,8]},"faces":{"north":{"uv":[8.3125,5.25,8.25,5],"rotation":180,"texture":"#0"},"east":{"uv":[0.625,8.25,0.5,8],"rotation":180,"texture":"#0"},"south":{"uv":[4.8125,8.5,4.75,8.25],"rotation":180,"texture":"#0"},"west":{"uv":[8.125,3.25,8,3],"rotation":180,"texture":"#0"},"up":{"uv":[8.625,2.8125,8.5,2.75],"rotation":90,"texture":"#0"},"down":{"uv":[8.625,3.25,8.5,3.3125],"rotation":270,"texture":"#0"}}},{"from":[7.5715,-1.18825,7.41902],"to":[8.4285,-0.71225,7.89502],"rotation":{"angle":45,"axis":"x","origin":[8,-1.29321,8]},"faces":{"north":{"uv":[5.75,8.25,5.875,8.3125],"rotation":90,"texture":"#0"},"east":{"uv":[2.875,8.375,2.75,8.25],"rotation":270,"texture":"#0"},"south":{"uv":[8.25,8.0625,8.375,8],"rotation":90,"texture":"#0"},"west":{"uv":[3.375,8.375,3.25,8.25],"rotation":90,"texture":"#0"},"up":{"uv":[5.25,8.25,5.3125,8.375],"texture":"#0"},"down":{"uv":[8.25,5.5,8.3125,5.625],"rotation":180,"texture":"#0"}}},{"from":[7.595,-5.18225,9.33466],"to":[8.405,-4.43225,10.13466],"rotation":{"angle":-45,"axis":"x","origin":[8,-8.3125,8]},"faces":{"north":{"uv":[7.5,4.1875,7.6875,4],"texture":"#0"},"east":{"uv":[2.5,7.4375,2.6875,7.25],"texture":"#0"},"south":{"uv":[7.5,3.1875,7.6875,3],"texture":"#0"},"west":{"uv":[7.5,3.6875,7.6875,3.5],"texture":"#0"},"up":{"uv":[7,7.5,7.1875,7.6875],"rotation":270,"texture":"#0"},"down":{"uv":[6.5,7.6875,6.6875,7.5],"rotation":90,"texture":"#0"}}},{"from":[7.6,-4.625,6.2],"to":[8.4,-3.625,7],"rotation":{"angle":0,"axis":"y","origin":[8,-8.3125,8]},"faces":{"north":{"uv":[5.5,7,5.6875,6.75],"texture":"#0"},"east":{"uv":[2.5,7,2.6875,6.75],"texture":"#0"},"south":{"uv":[6.75,4.75,6.9375,4.5],"texture":"#0"},"west":{"uv":[5,7,5.1875,6.75],"texture":"#0"},"up":{"uv":[7.75,0,7.9375,0.1875],"rotation":270,"texture":"#0"},"down":{"uv":[7.5,7.6875,7.6875,7.5],"rotation":90,"texture":"#0"}}},{"from":[7.5,-4.74834,4.40946],"to":[8.5,-3.74834,5.40946],"rotation":{"angle":22.5,"axis":"x","origin":[8,-8.3125,8]},"faces":{"north":{"uv":[6.25,6.25,6.5,6],"texture":"#0"},"east":{"uv":[6.25,3.75,6.5,3.5],"texture":"#0"},"south":{"uv":[6.25,4.25,6.5,4],"texture":"#0"},"west":{"uv":[6.25,4.75,6.5,4.5],"texture":"#0"},"up":{"uv":[6.5,5,6.75,5.25],"rotation":270,"texture":"#0"},"down":{"uv":[3,6.75,3.25,6.5],"rotation":90,"texture":"#0"}}},{"from":[7.4,-5.85401,2.62729],"to":[8.6,-4.35401,4.12729],"rotation":{"angle":45,"axis":"x","origin":[8,-8.3125,8]},"faces":{"north":{"uv":[5.5,1.875,5.8125,1.5],"texture":"#0"},"east":{"uv":[2.25,4.875,2.625,4.5],"texture":"#0"},"south":{"uv":[5.5,1.125,5.8125,0.75],"texture":"#0"},"west":{"uv":[4.75,0.375,5.125,0],"texture":"#0"},"up":{"uv":[5.5,3,5.875,3.3125],"rotation":270,"texture":"#0"},"down":{"uv":[5.5,2.5625,5.875,2.25],"rotation":90,"texture":"#0"}}},{"from":[7.8,-9,-1],"to":[8.2,9,17],"rotation":{"angle":0,"axis":"x","origin":[8,0,8]},"faces":{"east":{"uv":[16,16,0,0],"rotation":90,"texture":"#1"},"west":{"uv":[0,16,16,0],"rotation":270,"texture":"#1"}}},{"from":[7.65,-1.625,7.65],"to":[8.35,1.625,8.35],"rotation":{"angle":0,"axis":"y","origin":[7.95,7.8125,7.95]},"faces":{"north":{"uv":[4.4375,2.5,4.25,3.3125],"texture":"#0"},"east":{"uv":[4.4375,1.25,4.25,2.0625],"texture":"#0"},"south":{"uv":[1.9375,4.5,1.75,5.3125],"texture":"#0"},"west":{"uv":[4.4375,3.75,4.25,4.5625],"texture":"#0"},"up":{"uv":[7.75,1.1875,7.9375,1],"rotation":90,"texture":"#0"},"down":{"uv":[1.5,7.75,1.6875,7.9375],"rotation":270,"texture":"#0"}}},{"from":[8,-7.125,11.05],"to":[8,7.125,11.3],"rotation":{"angle":0,"axis":"y","origin":[8,0,11.175]},"faces":{"east":{"uv":[0.0625,2.1875,0,5.6875],"texture":"#0"},"west":{"uv":[0.0625,2.1875,0,5.6875],"texture":"#0"}}}],"gui_light":"front","display":{"thirdperson_righthand":{"translation":[0,9.25,1.25],"scale":[1.4,1.4,1.4]},"thirdperson_lefthand":{"translation":[0,9.25,1.25],"scale":[1.4,1.4,1.4]},"firstperson_righthand":{"rotation":[3.72,-8.94,7.71],"translation":[5.5,12,-1.75]},"firstperson_lefthand":{"rotation":[3.72,-8.94,7.71],"translation":[5.5,12,-1.75]},"ground":{"rotation":[0,0,32],"translation":[-3.25,7.25,0],"scale":[0.7,0.7,0.7]},"gui":{"rotation":[90,45,-90],"translation":[4.25,5.75,0],"scale":[0.89,0.89,0.89]},"head":{"scale":[0.01,0.01,0.01]},"fixed":{"rotation":[0,-90,0],"translation":[0,25.75,-1.75],"scale":[3.21,3.21,3.21]}},"groups":[{"name":"bow","origin":[4.5,-0.875,8],"color":0,"nbt":"{}","children":[{"name":"group","origin":[8,9.9375,8],"color":0,"nbt":"{}","children":[0,1,2,3,4,5,6,7,8,9,10,11,12,13,14,15,16,17,18,19,20,21,22,23,24,25]},{"name":"group","origin":[8,16.0625,8],"color":0,"nbt":"{}","children":[26,27,28,29,30,31,32,33,34,35,36,37,38,39,40,41,42,43,44,45,46,47,48,49,50,51]},52,53,54]}]}