{"credit":"Made with Blockbench","texture_size":[20,20],"textures":{"1":"frighten_set:frighten_set/animation_3","2":"frighten_set:frighten_set/shovel","particle":"frighten_set:frighten_set/shovel"},"elements":[{"from":[7.39,-0.11,7.39],"to":[8.61,1.11,8.61],"rotation":{"angle":45,"axis":"x","origin":[8,0.5,8]},"faces":{"north":{"uv":[9.6,6.4,10.6,7.4],"texture":"#2"},"east":{"uv":[0.8,10.4,1.8,11.4],"texture":"#2"},"south":{"uv":[2.4,10.4,3.4,11.4],"texture":"#2"},"west":{"uv":[10.4,3.2,11.4,4.2],"texture":"#2"},"up":{"uv":[5,11.4,4,10.4],"texture":"#2"},"down":{"uv":[11.4,4.8,10.4,5.8],"texture":"#2"}}},{"from":[7.5,0,6.4],"to":[8.5,1,7.9],"rotation":{"angle":22.5,"axis":"x","origin":[8,0.5,7.15]},"faces":{"north":{"uv":[5.6,8,6.4,8.8],"texture":"#2"},"east":{"uv":[9.6,8,10.8,8.8],"texture":"#2"},"south":{"uv":[8.8,6.4,9.6,7.2],"texture":"#2"},"west":{"uv":[8.8,10.4,10,11.2],"texture":"#2"},"up":{"uv":[4,6,3.2,4.8],"texture":"#2"},"down":{"uv":[11.2,8.8,10.4,10],"texture":"#2"}}},{"from":[7.5,0,8.1],"to":[8.5,1,9.6],"rotation":{"angle":-22.5,"axis":"x","origin":[8,0.5,8.85]},"faces":{"north":{"uv":[10.4,12.8,11.2,13.6],"texture":"#2"},"east":{"uv":[10.4,10.4,11.6,11.2],"texture":"#2"},"south":{"uv":[12.8,10.4,13.6,11.2],"texture":"#2"},"west":{"uv":[11.2,0,12.4,0.8],"texture":"#2"},"up":{"uv":[12,2,11.2,0.8],"texture":"#2"},"down":{"uv":[12,6.4,11.2,7.6],"texture":"#2"}}},{"from":[7.45,0.75,7.45],"to":[8.55,1.85,8.55],"rotation":{"angle":0,"axis":"y","origin":[7.45,0.75,7.45]},"faces":{"north":{"uv":[11.2,2.4,12,3.2],"texture":"#2"},"east":{"uv":[12,0.8,12.8,1.6],"texture":"#2"},"south":{"uv":[1.6,12,2.4,12.8],"texture":"#2"},"west":{"uv":[12,1.6,12.8,2.4],"texture":"#2"},"up":{"uv":[3.2,12.8,2.4,12],"texture":"#2"},"down":{"uv":[12.8,2.4,12,3.2],"texture":"#2"}}},{"from":[7.45,4.85,7.45],"to":[8.55,5.95,8.55],"rotation":{"angle":0,"axis":"y","origin":[7.45,4.85,7.45]},"faces":{"north":{"uv":[12.8,2.4,13.6,3.2],"texture":"#2"},"east":{"uv":[3.2,12.8,4,13.6],"texture":"#2"},"south":{"uv":[12.8,3.2,13.6,4],"texture":"#2"},"west":{"uv":[4,12.8,4.8,13.6],"texture":"#2"},"up":{"uv":[13.6,4.8,12.8,4],"texture":"#2"},"down":{"uv":[5.6,12.8,4.8,13.6],"texture":"#2"}}},{"from":[7.5,1.85,7.5],"to":[8.5,4.85,8.5],"rotation":{"angle":0,"axis":"y","origin":[6.95,-4.3,6.95]},"faces":{"north":{"uv":[8,0,8.8,2.4],"texture":"#2"},"east":{"uv":[8,2.4,8.8,4.8],"texture":"#2"},"south":{"uv":[4.8,8,5.6,10.4],"texture":"#2"},"west":{"uv":[8,4.8,8.8,7.2],"texture":"#2"},"up":{"uv":[4,12.8,3.2,12],"texture":"#2"},"down":{"uv":[12.8,3.2,12,4],"texture":"#2"}}},{"from":[7.4,12.7,7],"to":[8.6,14.7,9],"rotation":{"angle":-45,"axis":"x","origin":[8,13.7,8]},"faces":{"north":{"uv":[8,7.2,9,8.8],"texture":"#2"},"east":{"uv":[6.4,4,8,5.6],"texture":"#2"},"south":{"uv":[0,8.8,1,10.4],"texture":"#2"},"west":{"uv":[4.8,6.4,6.4,8],"texture":"#2"},"up":{"uv":[9.8,1.6,8.8,0],"texture":"#2"},"down":{"uv":[2.6,8.8,1.6,10.4],"texture":"#2"}}},{"from":[7.2,12.9,7.2],"to":[8.8,14.5,8.8],"rotation":{"angle":-45,"axis":"x","origin":[8,13.7,8]},"faces":{"north":{"uv":[8.8,1.6,10,2.8],"texture":"#2"},"east":{"uv":[8.8,3.2,10,4.4],"texture":"#2"},"south":{"uv":[8.8,4.8,10,6],"texture":"#2"},"west":{"uv":[5.6,8.8,6.8,10],"texture":"#2"},"up":{"uv":[8.4,10,7.2,8.8],"texture":"#2"},"down":{"uv":[10,8.8,8.8,10],"texture":"#2"}}},{"from":[7.58,13.76,7.16],"to":[8.42,15.44,8.84],"rotation":{"angle":-45,"axis":"x","origin":[8,14.6,8]},"faces":{"north":{"uv":[9.6,11.2,10.2,12.6],"texture":"#2"},"east":{"uv":[6.4,5.6,7.8,7],"texture":"#2"},"south":{"uv":[10.4,11.2,11,12.6],"texture":"#2"},"west":{"uv":[6.4,7.2,7.8,8.6],"texture":"#2"},"up":{"uv":[11.8,12.6,11.2,11.2],"texture":"#2"},"down":{"uv":[1.4,12,0.8,13.4],"texture":"#2"}}},{"from":[7.5,13,6.3],"to":[8.5,14,7.3],"rotation":{"angle":0,"axis":"y","origin":[7.5,12,6.3]},"faces":{"north":{"uv":[4,12,4.8,12.8],"texture":"#2"},"east":{"uv":[12,4,12.8,4.8],"texture":"#2"},"south":{"uv":[4.8,12,5.6,12.8],"texture":"#2"},"west":{"uv":[12,4.8,12.8,5.6],"texture":"#2"},"up":{"uv":[6.4,12.8,5.6,12],"texture":"#2"},"down":{"uv":[12.8,5.6,12,6.4],"texture":"#2"}}},{"from":[7.5,12,6.8],"to":[8.5,13,7.3],"rotation":{"angle":0,"axis":"y","origin":[7.5,11,6.3]},"faces":{"north":{"uv":[12.8,0.8,13.6,1.6],"texture":"#2"},"east":{"uv":[13.6,4,14,4.8],"texture":"#2"},"south":{"uv":[1.6,12.8,2.4,13.6],"texture":"#2"},"west":{"uv":[13.6,4.8,14,5.6],"texture":"#2"},"up":{"uv":[6.4,14,5.6,13.6],"texture":"#2"},"down":{"uv":[14.4,5.6,13.6,6],"texture":"#2"}}},{"from":[7.5,15.30776,5.42988],"to":[8.5,16.30776,5.92988],"rotation":{"angle":-45,"axis":"x","origin":[8,15.80776,5.67988]},"faces":{"north":{"uv":[12.8,1.6,13.6,2.4],"texture":"#2"},"east":{"uv":[6.4,13.6,6.8,14.4],"texture":"#2"},"south":{"uv":[2.4,12.8,3.2,13.6],"texture":"#2"},"west":{"uv":[13.6,6.4,14,7.2],"texture":"#2"},"up":{"uv":[8,14,7.2,13.6],"texture":"#2"},"down":{"uv":[14.4,7.2,13.6,7.6],"texture":"#2"}}},{"from":[7.495,13.61732,6.37612],"to":[8.505,14.61732,7.37612],"rotation":{"angle":-22.5,"axis":"x","origin":[7.52,13.61732,6.37612]},"faces":{"north":{"uv":[6.4,12,7.2,12.8],"texture":"#2"},"east":{"uv":[12,6.4,12.8,7.2],"texture":"#2"},"south":{"uv":[7.2,12,8,12.8],"texture":"#2"},"west":{"uv":[12,7.2,12.8,8],"texture":"#2"},"up":{"uv":[8.8,12.8,8,12],"texture":"#2"},"down":{"uv":[12.8,8,12,8.8],"texture":"#2"}}},{"from":[7.5,14.21677,6.21021],"to":[8.5,15.21677,7.21021],"rotation":{"angle":-45,"axis":"x","origin":[7.5,14.21677,6.21021]},"faces":{"north":{"uv":[12,8.8,12.8,9.6],"texture":"#2"},"east":{"uv":[12,9.6,12.8,10.4],"texture":"#2"},"south":{"uv":[12,10.4,12.8,11.2],"texture":"#2"},"west":{"uv":[12,11.2,12.8,12],"texture":"#2"},"up":{"uv":[12.8,12.8,12,12],"texture":"#2"},"down":{"uv":[13.6,0,12.8,0.8],"texture":"#2"}}},{"from":[7.4,12.7,6.45],"to":[8.6,13.2,6.95],"rotation":{"angle":-45,"axis":"x","origin":[8,12.95,6.7]},"faces":{"north":{"uv":[13.6,0,14.6,0.4],"texture":"#2"},"east":{"uv":[8,13.6,8.4,14],"texture":"#2"},"south":{"uv":[0.8,13.6,1.8,14],"texture":"#2"},"west":{"uv":[13.6,8,14,8.4],"texture":"#2"},"up":{"uv":[14.6,1.2,13.6,0.8],"texture":"#2"},"down":{"uv":[14.6,1.6,13.6,2],"texture":"#2"}}},{"from":[7.4,15,5.45],"to":[8.6,15.5,5.95],"rotation":{"angle":-45,"axis":"x","origin":[8,15.25,5.7]},"faces":{"north":{"uv":[2.4,13.6,3.4,14],"texture":"#2"},"east":{"uv":[8.8,13.6,9.2,14],"texture":"#2"},"south":{"uv":[13.6,2.4,14.6,2.8],"texture":"#2"},"west":{"uv":[13.6,8.8,14,9.2],"texture":"#2"},"up":{"uv":[14.6,3.6,13.6,3.2],"texture":"#2"},"down":{"uv":[5,13.6,4,14],"texture":"#2"}}},{"from":[7.5,12,8.7],"to":[8.5,13,9.2],"rotation":{"angle":0,"axis":"y","origin":[7.5,11,9.7]},"faces":{"north":{"uv":[2.4,12.8,1.6,13.6],"texture":"#2"},"east":{"uv":[14,4,13.6,4.8],"texture":"#2"},"south":{"uv":[13.6,0.8,12.8,1.6],"texture":"#2"},"west":{"uv":[14,4.8,13.6,5.6],"texture":"#2"},"up":{"uv":[6.4,13.6,5.6,14],"texture":"#2"},"down":{"uv":[14.4,6,13.6,5.6],"texture":"#2"}}},{"from":[7.4,12.7,9.05],"to":[8.6,13.2,9.55],"rotation":{"angle":45,"axis":"x","origin":[8,12.95,9.3]},"faces":{"north":{"uv":[1.8,13.6,0.8,14],"texture":"#2"},"east":{"uv":[8.4,13.6,8,14],"texture":"#2"},"south":{"uv":[14.6,0,13.6,0.4],"texture":"#2"},"west":{"uv":[14,8,13.6,8.4],"texture":"#2"},"up":{"uv":[14.6,0.8,13.6,1.2],"texture":"#2"},"down":{"uv":[14.6,2,13.6,1.6],"texture":"#2"}}},{"from":[7.5,13,8.7],"to":[8.5,14,9.7],"rotation":{"angle":0,"axis":"y","origin":[7.5,12,9.7]},"faces":{"north":{"uv":[5.6,12,4.8,12.8],"texture":"#2"},"east":{"uv":[12.8,4,12,4.8],"texture":"#2"},"south":{"uv":[4.8,12,4,12.8],"texture":"#2"},"west":{"uv":[12.8,4.8,12,5.6],"texture":"#2"},"up":{"uv":[6.4,12,5.6,12.8],"texture":"#2"},"down":{"uv":[12.8,6.4,12,5.6],"texture":"#2"}}},{"from":[7.495,13.61732,8.62388],"to":[8.505,14.61732,9.62388],"rotation":{"angle":22.5,"axis":"x","origin":[7.52,13.61732,9.62388]},"faces":{"north":{"uv":[8,12,7.2,12.8],"texture":"#2"},"east":{"uv":[12.8,6.4,12,7.2],"texture":"#2"},"south":{"uv":[7.2,12,6.4,12.8],"texture":"#2"},"west":{"uv":[12.8,7.2,12,8],"texture":"#2"},"up":{"uv":[8.8,12,8,12.8],"texture":"#2"},"down":{"uv":[12.8,8.8,12,8],"texture":"#2"}}},{"from":[7.5,14.21677,8.78979],"to":[8.5,15.21677,9.78979],"rotation":{"angle":45,"axis":"x","origin":[7.5,14.21677,9.78979]},"faces":{"north":{"uv":[12.8,10.4,12,11.2],"texture":"#2"},"east":{"uv":[12.8,9.6,12,10.4],"texture":"#2"},"south":{"uv":[12.8,8.8,12,9.6],"texture":"#2"},"west":{"uv":[12.8,11.2,12,12],"texture":"#2"},"up":{"uv":[12.8,12,12,12.8],"texture":"#2"},"down":{"uv":[13.6,0.8,12.8,0],"texture":"#2"}}},{"from":[7.4,15,10.05],"to":[8.6,15.5,10.55],"rotation":{"angle":45,"axis":"x","origin":[8,15.25,10.3]},"faces":{"north":{"uv":[14.6,2.4,13.6,2.8],"texture":"#2"},"east":{"uv":[9.2,13.6,8.8,14],"texture":"#2"},"south":{"uv":[3.4,13.6,2.4,14],"texture":"#2"},"west":{"uv":[14,8.8,13.6,9.2],"texture":"#2"},"up":{"uv":[14.6,3.2,13.6,3.6],"texture":"#2"},"down":{"uv":[5,14,4,13.6],"texture":"#2"}}},{"from":[7.5,15.30776,10.07012],"to":[8.5,16.30776,10.57012],"rotation":{"angle":45,"axis":"x","origin":[8,15.80776,10.32012]},"faces":{"north":{"uv":[3.2,12.8,2.4,13.6],"texture":"#2"},"east":{"uv":[6.8,13.6,6.4,14.4],"texture":"#2"},"south":{"uv":[13.6,1.6,12.8,2.4],"texture":"#2"},"west":{"uv":[14,6.4,13.6,7.2],"texture":"#2"},"up":{"uv":[8,13.6,7.2,14],"texture":"#2"},"down":{"uv":[14.4,7.6,13.6,7.2],"texture":"#2"}}},{"from":[7.5,5.95,7.5],"to":[8.5,6.95,8.5],"rotation":{"angle":0,"axis":"y","origin":[6.95,3.9,6.95]},"faces":{"north":{"uv":[12.8,4.8,13.6,5.6],"texture":"#2"},"east":{"uv":[5.6,12.8,6.4,13.6],"texture":"#2"},"south":{"uv":[12.8,5.6,13.6,6.4],"texture":"#2"},"west":{"uv":[6.4,12.8,7.2,13.6],"texture":"#2"},"up":{"uv":[13.6,7.2,12.8,6.4],"texture":"#2"},"down":{"uv":[8,12.8,7.2,13.6],"texture":"#2"}}},{"from":[7.5,11.95,7.5],"to":[8.5,12.95,8.5],"rotation":{"angle":0,"axis":"y","origin":[6.95,9.9,6.95]},"faces":{"north":{"uv":[12.8,7.2,13.6,8],"texture":"#2"},"east":{"uv":[8,12.8,8.8,13.6],"texture":"#2"},"south":{"uv":[12.8,8,13.6,8.8],"texture":"#2"},"west":{"uv":[12.8,8.8,13.6,9.6],"texture":"#2"},"up":{"uv":[10.4,13.6,9.6,12.8],"texture":"#2"},"down":{"uv":[13.6,9.6,12.8,10.4],"texture":"#2"}}},{"from":[7.4,6.95,7.4],"to":[8.6,11.95,8.6],"rotation":{"angle":0,"axis":"y","origin":[6.95,4.9,6.95]},"faces":{"north":{"uv":[1.6,4.8,2.6,8.8],"texture":"#2"},"east":{"uv":[0,4.8,1,8.8],"texture":"#2"},"south":{"uv":[6.4,0,7.4,4],"texture":"#2"},"west":{"uv":[3.2,6.4,4.2,10.4],"texture":"#2"},"up":{"uv":[6.6,11.4,5.6,10.4],"texture":"#2"},"down":{"uv":[8.2,10.4,7.2,11.4],"texture":"#2"}}},{"from":[7.75,14.7,6.5],"to":[8.25,18.7,9.5],"rotation":{"angle":0,"axis":"y","origin":[6.25,6.5,8.5]},"faces":{"north":{"uv":[0,10.4,0.4,13.6],"texture":"#2"},"east":{"uv":[4,0,6.4,3.2],"texture":"#2"},"south":{"uv":[10.4,0,10.8,3.2],"texture":"#2"},"west":{"uv":[4,3.2,6.4,6.4],"texture":"#2"},"up":{"uv":[11.6,10.4,11.2,8],"texture":"#2"},"down":{"uv":[9.2,11.2,8.8,13.6],"texture":"#2"}}},{"from":[8,14.7,5.7],"to":[8,20,10.3],"rotation":{"angle":0,"axis":"y","origin":[8.5,6.5,10]},"faces":{"north":{"uv":[0,0,0,4.2],"texture":"#2"},"east":{"uv":[3.6,0,0,4.2],"texture":"#2"},"south":{"uv":[0,0,0,4.2],"texture":"#2"},"west":{"uv":[0,0,3.6,4.2],"texture":"#2"},"up":{"uv":[0,3.6,0,0],"texture":"#2"},"down":{"uv":[0,0,0,3.6],"texture":"#2"}}},{"from":[7.75,18.7,7],"to":[8.25,19.2,9],"rotation":{"angle":0,"axis":"y","origin":[8,19.2,7.5]},"faces":{"north":{"uv":[9.6,13.6,10,14],"texture":"#2"},"east":{"uv":[11.2,12.8,12.8,13.2],"texture":"#2"},"south":{"uv":[13.6,9.6,14,10],"texture":"#2"},"west":{"uv":[12.8,11.2,14.4,11.6],"texture":"#2"},"up":{"uv":[13.2,13.6,12.8,12],"texture":"#2"},"down":{"uv":[0.4,13.6,0,15.2],"texture":"#2"}}},{"from":[7,10.197,4.597],"to":[7,17.003,11.403],"rotation":{"angle":0,"axis":"y","origin":[7.82,9.008,8]},"faces":{"north":{"uv":[0,0,0,4],"texture":"#1"},"south":{"uv":[0,0,0,4],"texture":"#1"},"west":{"uv":[0,0,16,16],"texture":"#1"},"up":{"uv":[0,0,4,0],"rotation":270,"texture":"#1"},"down":{"uv":[0,0,4,0],"rotation":90,"texture":"#1"}}},{"from":[9,10.197,4.597],"to":[9,17.003,11.403],"rotation":{"angle":0,"axis":"y","origin":[8.18,9.008,8]},"faces":{"north":{"uv":[0,0,0,4],"texture":"#1"},"east":{"uv":[16,0,0,16],"texture":"#1"},"south":{"uv":[0,0,0,4],"texture":"#1"},"up":{"uv":[0,0,4,0],"rotation":270,"texture":"#1"},"down":{"uv":[0,0,4,0],"rotation":90,"texture":"#1"}}}],"gui_light":"front","display":{"thirdperson_righthand":{"translation":[0,2.75,1.5]},"thirdperson_lefthand":{"translation":[0,2.75,1.5]},"firstperson_righthand":{"rotation":[-10,9,0],"translation":[-0.5,0.25,2.75],"scale":[0.95703,0.95703,0.95703]},"firstperson_lefthand":{"rotation":[-10,9,0],"translation":[-0.5,0.25,2.75],"scale":[0.95703,0.95703,0.95703]},"ground":{"rotation":[2.15,-1.8,-78.97],"translation":[-3,-0.75,0],"scale":[1.07227,1.07227,1.07227]},"gui":{"rotation":[90,-135,90],"translation":[-0.75,-1.25,0],"scale":[0.76563,0.76563,0.76563]},"head":{"scale":[0,0,0]},"fixed":{"rotation":[0,-90,0],"translation":[0,-6,-1.75],"scale":[2.25,2.25,2.25]}}}