{"sources":[{"type":"single","resource":"shogunset:flag_backpack"},{"type":"single","resource":"infernoset:wings"},{"type":"single","resource":"littledragonset:hammer"},{"type":"single","resource":"dragonsoulset:crossbow"},{"type":"single","resource":"shogunset:armor/shogun_helmet_icon"},{"type":"single","resource":"dragonsoulset:fishing_rod_cast"},{"type":"single","resource":"dragonsoulset:hoe"},{"type":"single","resource":"frostbite_set:hoe"},{"type":"single","resource":"pinkfairyset:sword"},{"type":"single","resource":"littledragonset:scythe"},{"type":"single","resource":"shogunset:armor/shogun_leggings_icon"},{"type":"single","resource":"shogunset:shield"},{"type":"single","resource":"fiendskullset:fishing_rod"},{"type":"single","resource":"ec_elitewings:v1/ani404"},{"type":"single","resource":"shogunset:helmet"},{"type":"single","resource":"littledragonset:fishing_rod_cast"},{"type":"single","resource":"ec_elitewings:v1/tex3_e"},{"type":"single","resource":"pinkfairyset:greatsword"},{"type":"single","resource":"frostbite_set:armor/frostbite_leggings_icon"},{"type":"single","resource":"ec_elitewings:v1/ani401"},{"type":"single","resource":"ec_elitewings:v1/ani402"},{"type":"single","resource":"_iainternal:icons/icon_next_orange"},{"type":"single","resource":"fiendskullset:key"},{"type":"single","resource":"ec_elitewings:v1/ani403"},{"type":"single","resource":"shogunset:hoe"},{"type":"single","resource":"shogunset:sword"},{"type":"single","resource":"frostbite_set:animated/hammer_animated"},{"type":"single","resource":"fiendskullset:knife"},{"type":"single","resource":"elitecreatures:bahamut_animated_weapon_set/bahamut_chestplate"},{"type":"single","resource":"elitecreatures:elite_crates/treechest"},{"type":"single","resource":"pinkfairyset:spear"},{"type":"single","resource":"ec_elitewings:v1/ani2"},{"type":"single","resource":"ec_elitewings:v1/ani3"},{"type":"single","resource":"ec_elitewings:v1/ani1"},{"type":"single","resource":"elitecreatures:elite_crates/treekey"},{"type":"single","resource":"frostbite_set:shield"},{"type":"single","resource":"infernoset:backpack"},{"type":"single","resource":"littledragonset:axe"},{"type":"single","resource":"shogunset:tanto"},{"type":"single","resource":"shogunset:key"},{"type":"single","resource":"aetherburn_pack:armor/aetherburn_leggings_icon"},{"type":"single","resource":"shogunset:spear"},{"type":"single","resource":"infernoset:crossbow"},{"type":"single","resource":"dragonsoulset:trident"},{"type":"single","resource":"_iainternal:icons/icon_cancel"},{"type":"single","resource":"elitecreatures:azgad_weapon/flare"},{"type":"single","resource":"frostbite_set:wings"},{"type":"single","resource":"_iainternal:icons/icon_arrow_chest"},{"type":"single","resource":"frostbite_set:mace"},{"type":"single","resource":"infernoset:armor/inferno_boots_icon"},{"type":"single","resource":"elitecreatures:elite_crates/valentinechest"},{"type":"single","resource":"frostbite_set:helmet"},{"type":"single","resource":"elitecreatures:azgad_weapon/fire"},{"type":"single","resource":"infernoset:crossbow_firework"},{"type":"single","resource":"pinkfairyset:crossbow_1"},{"type":"single","resource":"ec_elitewings:v1/tex4_e"},{"type":"single","resource":"elitecreatures:elite_crates/magma_animation_2"},{"type":"single","resource":"pinkfairyset:crossbow_2"},{"type":"single","resource":"ec_elitewings:v1/ani501"},{"type":"single","resource":"ec_elitewings:v1/ani502"},{"type":"single","resource":"elitecreatures:elite_crates/magma_animation"},{"type":"single","resource":"pinkfairyset:bow_2"},{"type":"single","resource":"pinkfairyset:axe"},{"type":"single","resource":"pinkfairyset:bow_1"},{"type":"single","resource":"fiendskullset:shovel"},{"type":"single","resource":"frostbite_set:key"},{"type":"single","resource":"dragonsoulset:shovel"},{"type":"single","resource":"frostbite_set:staff"},{"type":"single","resource":"pinkfairyset:chest"},{"type":"single","resource":"pinkfairyset:fishing_rod"},{"type":"single","resource":"frostbite_set:spear"},{"type":"single","resource":"fiendskullset:backpack"},{"type":"single","resource":"elitecreatures:elite_crates/lavakey"},{"type":"single","resource":"pinkfairyset:pickaxe"},{"type":"single","resource":"shogunset:katana_sheath"},{"type":"single","resource":"pinkfairyset:armor/pinkfairy_leggings_icon"},{"type":"single","resource":"elitecreatures:azgad_weapon/boots_icon"},{"type":"single","resource":"fiendskullset:crossbow"},{"type":"single","resource":"aetherburn_pack:armor/aetherburn_chestplate_icon"},{"type":"single","resource":"littledragonset:greatsword"},{"type":"single","resource":"shogunset:hammer"},{"type":"single","resource":"aetherburn_pack:fire"},{"type":"single","resource":"dragonsoulset:bow"},{"type":"single","resource":"pinkfairyset:wings"},{"type":"single","resource":"shogunset:scythe"},{"type":"single","resource":"frostbite_set:bow"},{"type":"single","resource":"ec_elitewings:v1/tex5_e"},{"type":"single","resource":"infernoset:pickaxe"},{"type":"single","resource":"infernoset:crossbow_2"},{"type":"single","resource":"littledragonset:armor/littledragon_chestplate_icon"},{"type":"single","resource":"infernoset:crossbow_1"},{"type":"single","resource":"elitecreatures:azgad_weapon/helmet_icon"},{"type":"single","resource":"frostbite_set:shovel"},{"type":"single","resource":"pinkfairyset:hoe"},{"type":"single","resource":"frostbite_set:animated/wings_animated"},{"type":"single","resource":"dragonsoulset:armor/dragon_soul_leggings_icon"},{"type":"single","resource":"dragonsoulset:bow_2"},{"type":"single","resource":"dragonsoulset:bow_1"},{"type":"single","resource":"pinkfairyset:animations/animations_pickaxe"},{"type":"single","resource":"fiendskullset:hoe"},{"type":"single","resource":"dragonsoulset:crossbow_2"},{"type":"single","resource":"dragonsoulset:crossbow_1"},{"type":"single","resource":"dragonsoulset:chest"},{"type":"single","resource":"elitecreatures:bahamut_animated_weapon_set/bahamut_boots"},{"type":"single","resource":"dragonsoulset:sword"},{"type":"single","resource":"infernoset:axe"},{"type":"single","resource":"elitecreatures:elite_crates/love_animation"},{"type":"single","resource":"dragonsoulset:pickaxe"},{"type":"single","resource":"pinkfairyset:key"},{"type":"single","resource":"frostbite_set:animated/sword_animated"},{"type":"single","resource":"frostbite_set:animated/scythe_animated"},{"type":"single","resource":"elitecreatures:elite_crates/lovekey"},{"type":"single","resource":"infernoset:staff"},{"type":"single","resource":"pinkfairyset:animations/animations_axe"},{"type":"single","resource":"ec_elitewings:v1/tex1"},{"type":"single","resource":"fiendskullset:armor/fiendskull_chestplate_icon"},{"type":"single","resource":"fiendskullset:staff"},{"type":"single","resource":"ec_elitewings:v1/tex5"},{"type":"single","resource":"ec_elitewings:v1/tex4"},{"type":"single","resource":"ec_elitewings:v1/tex3"},{"type":"single","resource":"ec_elitewings:v1/tex9"},{"type":"single","resource":"elitecreatures:elite_crates/wind_animation"},{"type":"single","resource":"fiendskullset:fishing_rod_cast"},{"type":"single","resource":"_iainternal:icons/icon_search"},{"type":"single","resource":"dragonsoulset:armor/dragon_soul_chestplate_icon"},{"type":"single","resource":"elitecreatures:bahamut_animated_weapon_set/bahamut_helmet"},{"type":"single","resource":"pinkfairyset:trident"},{"type":"single","resource":"dragonsoulset:wings"},{"type":"single","resource":"shogunset:chest"},{"type":"single","resource":"infernoset:shovel"},{"type":"single","resource":"elitecreatures:azgad_weapon/dragonhearth"},{"type":"single","resource":"frostbite_set:animated/axe_animated"},{"type":"single","resource":"littledragonset:little_dragon"},{"type":"single","resource":"shogunset:axe"},{"type":"single","resource":"littledragonset:bow"},{"type":"single","resource":"elitecreatures:azgad_weapon/azgadtex1"},{"type":"single","resource":"infernoset:trident"},{"type":"single","resource":"dragonsoulset:armor/dragon_soul_boots_icon"},{"type":"single","resource":"elitecreatures:azgad_weapon/fireeye"},{"type":"single","resource":"infernoset:bow"},{"type":"single","resource":"elitecreatures:elite_crates/spark_animation_2"},{"type":"single","resource":"pinkfairyset:shovel"},{"type":"single","resource":"shogunset:fishing_rod"},{"type":"single","resource":"_iainternal:icons/icon_left_blue"},{"type":"single","resource":"aetherburn_pack:wings_1"},{"type":"single","resource":"littledragonset:crossbow_firework"},{"type":"single","resource":"frostbite_set:animated/animated_5"},{"type":"single","resource":"frostbite_set:animated/animated_4"},{"type":"single","resource":"frostbite_set:animated/animated_3"},{"type":"single","resource":"elitecreatures:azgad_weapon/azgadtex7"},{"type":"single","resource":"elitecreatures:azgad_weapon/azgadtex6"},{"type":"single","resource":"elitecreatures:azgad_weapon/azgadtex8"},{"type":"single","resource":"littledragonset:wings"},{"type":"single","resource":"littledragonset:armor/littledragon_leggings_icon"},{"type":"single","resource":"elitecreatures:azgad_weapon/azgadtex3"},{"type":"single","resource":"frostbite_set:animated/animated_2"},{"type":"single","resource":"elitecreatures:azgad_weapon/azgadtex2"},{"type":"single","resource":"fiendskullset:cape"},{"type":"single","resource":"frostbite_set:animated/animated_1"},{"type":"single","resource":"elitecreatures:azgad_weapon/azgadtex5"},{"type":"single","resource":"elitecreatures:azgad_weapon/azgadtex4"},{"type":"single","resource":"pinkfairyset:armor/pinkfairy_boots_icon"},{"type":"single","resource":"fiendskullset:trident"},{"type":"single","resource":"infernoset:shield"},{"type":"single","resource":"frostbite_set:armor/frostbite_chestplate_icon"},{"type":"single","resource":"pinkfairyset:bow"},{"type":"single","resource":"dragonsoulset:fishing_rod"},{"type":"single","resource":"fiendskullset:scythe"},{"type":"single","resource":"fiendskullset:armor/fiendskull_leggings_icon"},{"type":"single","resource":"shogunset:armor/shogun_chestplate_icon"},{"type":"single","resource":"shogunset:staff"},{"type":"single","resource":"pinkfairyset:staff"},{"type":"single","resource":"dragonsoulset:spear"},{"type":"single","resource":"dragonsoulset:shield"},{"type":"single","resource":"elitecreatures:elite_crates/wind_animation_2"},{"type":"single","resource":"elitecreatures:bahamut_animated_weapon_set/bahamut_leggings"},{"type":"single","resource":"littledragonset:flag"},{"type":"single","resource":"elitecreatures:azgad_weapon/fireshield2"},{"type":"single","resource":"pinkfairyset:crossbow"},{"type":"single","resource":"frostbite_set:hammer"},{"type":"single","resource":"elitecreatures:elite_crates/windkey"},{"type":"single","resource":"shogunset:pickaxe"},{"type":"single","resource":"dragonsoulset:greatsword"},{"type":"single","resource":"dragonsoulset:axe"},{"type":"single","resource":"frostbite_set:scythe"},{"type":"single","resource":"dragonsoulset:helmet"},{"type":"single","resource":"fiendskullset:bow"},{"type":"single","resource":"littledragonset:bow_2"},{"type":"single","resource":"littledragonset:animations/animations_flame_03"},{"type":"single","resource":"littledragonset:bow_1"},{"type":"single","resource":"littledragonset:animations/animations_flame_04"},{"type":"single","resource":"littledragonset:animations/animations_flame_05"},{"type":"single","resource":"fiendskullset:armor/fiendskull_boots_icon"},{"type":"single","resource":"aetherburn_pack:crystal"},{"type":"single","resource":"littledragonset:shovel"},{"type":"single","resource":"littledragonset:sword"},{"type":"single","resource":"frostbite_set:sword"},{"type":"single","resource":"fiendskullset:pickaxe"},{"type":"single","resource":"ec_elitewings:v1/ani901"},{"type":"single","resource":"ec_elitewings:v1/ani902"},{"type":"single","resource":"elitecreatures:elite_crates/icekey"},{"type":"single","resource":"fiendskullset:crossbow_2"},{"type":"single","resource":"elitecreatures:azgad_weapon/leggings_icon"},{"type":"single","resource":"fiendskullset:crossbow_1"},{"type":"single","resource":"fiendskullset:hammer"},{"type":"single","resource":"aetherburn_pack:texture1"},{"type":"single","resource":"dragonsoulset:hammer"},{"type":"single","resource":"littledragonset:animations/animations_flame_01"},{"type":"single","resource":"dragonsoulset:animations/animations_2"},{"type":"single","resource":"littledragonset:animations/animations_flame_02"},{"type":"single","resource":"dragonsoulset:animations/animations_1"},{"type":"single","resource":"fiendskullset:animations/animations_1"},{"type":"single","resource":"littledragonset:hoe"},{"type":"single","resource":"elitecreatures:azgad_weapon/firedragon"},{"type":"single","resource":"frostbite_set:animated/mace_animated"},{"type":"single","resource":"littledragonset:spear"},{"type":"single","resource":"pinkfairyset:animations/animations_02"},{"type":"single","resource":"pinkfairyset:animations/animations_01"},{"type":"single","resource":"pinkfairyset:animations/animations_04"},{"type":"single","resource":"pinkfairyset:animations/animations_03"},{"type":"single","resource":"aetherburn_pack:texture"},{"type":"single","resource":"infernoset:knife"},{"type":"single","resource":"frostbite_set:armor/frostbite_boots_icon"},{"type":"single","resource":"littledragonset:crossbow_1"},{"type":"single","resource":"elitecreatures:bahamut_animated_weapon_set/bahamut_animation_02"},{"type":"single","resource":"elitecreatures:bahamut_animated_weapon_set/bahamut_animation_03"},{"type":"single","resource":"fiendskullset:helmet"},{"type":"single","resource":"infernoset:animations/animations_3"},{"type":"single","resource":"fiendskullset:armor/fiendskull_helmet_icon"},{"type":"single","resource":"littledragonset:crossbow_2"},{"type":"single","resource":"infernoset:animations/animations_4"},{"type":"single","resource":"aetherburn_pack:wings"},{"type":"single","resource":"fiendskullset:crossbow_firework"},{"type":"single","resource":"infernoset:animations/animations_2"},{"type":"single","resource":"littledragonset:animations/animations_wings"},{"type":"single","resource":"infernoset:armor/inferno_helmet_icon"},{"type":"single","resource":"pinkfairyset:crossbow_firework"},{"type":"single","resource":"frostbite_set:pickaxe"},{"type":"single","resource":"infernoset:key"},{"type":"single","resource":"elitecreatures:azgad_weapon/chestplace_icon"},{"type":"single","resource":"fiendskullset:axe"},{"type":"single","resource":"littledragonset:key"},{"type":"single","resource":"elitecreatures:elite_crates/lavachest"},{"type":"single","resource":"frostbite_set:armor/frostbite_helmet_icon"},{"type":"single","resource":"infernoset:fishing_rod"},{"type":"single","resource":"littledragonset:armor/littledragon_helmet_icon"},{"type":"single","resource":"aetherburn_pack:armor/aetherburn_boots_icon"},{"type":"single","resource":"elitecreatures:elite_crates/nature_animation"},{"type":"single","resource":"elitecreatures:elite_crates/ice_animation"},{"type":"single","resource":"pinkfairyset:fishing_rod_cast"},{"type":"single","resource":"littledragonset:shield"},{"type":"single","resource":"ec_elitewings:v1/tex1_e"},{"type":"single","resource":"shogunset:trident"},{"type":"single","resource":"shogunset:bow"},{"type":"single","resource":"elitecreatures:elite_crates/windchest"},{"type":"single","resource":"fiendskullset:shield"},{"type":"single","resource":"littledragonset:helmet"},{"type":"single","resource":"ec_elitewings:v1/tex9_e"},{"type":"single","resource":"fiendskullset:spear"},{"type":"single","resource":"elitecreatures:bahamut_animated_weapon_set/bahamut_texture_01"},{"type":"single","resource":"frostbite_set:chest"},{"type":"single","resource":"aetherburn_pack:armor/aetherburn_helmet_icon"},{"type":"single","resource":"dragonsoulset:scythe"},{"type":"single","resource":"elitecreatures:elite_crates/icechest"},{"type":"single","resource":"elitecreatures:bahamut_animated_weapon_set/bahamut_animation_01"},{"type":"single","resource":"frostbite_set:crossbow"},{"type":"single","resource":"infernoset:scythe"},{"type":"single","resource":"littledragonset:armor/littledragon_boots_icon"},{"type":"single","resource":"infernoset:armor/inferno_leggings_icon"},{"type":"single","resource":"shogunset:armor/shogun_boots_icon"},{"type":"single","resource":"elitecreatures:elite_crates/spark_animation"},{"type":"single","resource":"infernoset:armor/inferno_chestplate_icon"},{"type":"single","resource":"littledragonset:crossbow"},{"type":"single","resource":"pinkfairyset:helmet"},{"type":"single","resource":"littledragonset:chest"},{"type":"single","resource":"frostbite_set:animated/staff_light"},{"type":"single","resource":"frostbite_set:axe"},{"type":"single","resource":"fiendskullset:bow_2"},{"type":"single","resource":"aetherburn_pack:chest"},{"type":"single","resource":"pinkfairyset:scythe"},{"type":"single","resource":"littledragonset:trident"},{"type":"single","resource":"infernoset:chest"},{"type":"single","resource":"dragonsoulset:staff"},{"type":"single","resource":"pinkfairyset:hammer"},{"type":"single","resource":"infernoset:helmet"},{"type":"single","resource":"fiendskullset:chest"},{"type":"single","resource":"elitecreatures:azgad_weapon/fireshield"},{"type":"single","resource":"pinkfairyset:armor/pinkfairy_helmet_icon"},{"type":"single","resource":"_iainternal:icons/icon_back_orange"},{"type":"single","resource":"shogunset:shovel"},{"type":"single","resource":"infernoset:spear"},{"type":"single","resource":"elitecreatures:azgad_weapon/eye"},{"type":"single","resource":"infernoset:fishing_rod_cast"},{"type":"single","resource":"infernoset:hammer"},{"type":"single","resource":"ec_elitewings:v1/ani301"},{"type":"single","resource":"ec_elitewings:v1/ani302"},{"type":"single","resource":"ec_elitewings:v1/ani303"},{"type":"single","resource":"infernoset:sword"},{"type":"single","resource":"ec_elitewings:v1/ani304"},{"type":"single","resource":"pinkfairyset:armor/pinkfairy_chestplate_icon"},{"type":"single","resource":"_iainternal:icons/icon_right_blue"},{"type":"single","resource":"infernoset:bow_1"},{"type":"single","resource":"infernoset:bow_2"},{"type":"single","resource":"littledragonset:backpack"},{"type":"single","resource":"shogunset:crossbow"},{"type":"single","resource":"frostbite_set:trident"},{"type":"single","resource":"dragonsoulset:key"},{"type":"single","resource":"pinkfairyset:shield"},{"type":"single","resource":"littledragonset:fishing_rod"},{"type":"single","resource":"fiendskullset:bow_1"},{"type":"single","resource":"fiendskullset:sword"},{"type":"single","resource":"littledragonset:pickaxe"},{"type":"single","resource":"frostbite_set:fishing_rod"},{"type":"single","resource":"infernoset:hoe"}]}