{"credit":"MadewithBlockbench","texture_size":[40,40],"textures":{"3":"infantryset:staff"},"elements":[{"from":[7,-4.69759,18.69759],"to":[9,-2.69759,20.69759],"rotation":{"angle":45,"axis":"x","origin":[8,8,8]},"faces":{"north":{"uv":[12,10,12.8,10.8],"texture":"#3"},"east":{"uv":[12,12.4,12.8,13.2],"texture":"#3"},"south":{"uv":[3.2,12.8,4,13.6],"texture":"#3"},"west":{"uv":[4,12.8,4.8,13.6],"texture":"#3"},"up":{"uv":[13.6,4.8,12.8,4],"texture":"#3"},"down":{"uv":[13.6,4.8,12.8,5.6],"texture":"#3"}}},{"from":[6.75,-4.19759,19.19759],"to":[9.25,-3.19759,20.19759],"rotation":{"angle":45,"axis":"x","origin":[8,8,8]},"faces":{"north":{"uv":[3.2,11.6,4.2,12],"texture":"#3"},"east":{"uv":[9.6,3.6,10,4],"texture":"#3"},"south":{"uv":[13.6,5.6,14.6,6],"texture":"#3"},"west":{"uv":[10,3.6,10.4,4],"texture":"#3"},"up":{"uv":[14.6,6.4,13.6,6],"texture":"#3"},"down":{"uv":[14.6,6.4,13.6,6.8],"texture":"#3"}}},{"from":[7.25,-8.54289,7.25],"to":[8.75,-5.54289,8.75],"rotation":{"angle":0,"axis":"y","origin":[8,8,8]},"faces":{"north":{"uv":[12,4,12.6,5.2],"texture":"#3"},"east":{"uv":[12,5.2,12.6,6.4],"texture":"#3"},"south":{"uv":[12,6.4,12.6,7.6],"texture":"#3"},"west":{"uv":[12,7.6,12.6,8.8],"texture":"#3"},"up":{"uv":[7.4,14.2,6.8,13.6],"texture":"#3"},"down":{"uv":[14.2,6.8,13.6,7.4],"texture":"#3"}}},{"from":[7.25,-4.54289,7.25],"to":[8.75,-1.54289,8.75],"rotation":{"angle":0,"axis":"y","origin":[8,8,8]},"faces":{"north":{"uv":[12,8.8,12.6,10],"texture":"#3"},"east":{"uv":[12.4,0,13,1.2],"texture":"#3"},"south":{"uv":[6.8,12.4,7.4,13.6],"texture":"#3"},"west":{"uv":[11.2,12.4,11.8,13.6],"texture":"#3"},"up":{"uv":[8.2,14.2,7.6,13.6],"texture":"#3"},"down":{"uv":[14.2,7.6,13.6,8.2],"texture":"#3"}}},{"from":[7.15,-6.29289,7.15],"to":[8.85,-5.79289,8.85],"rotation":{"angle":0,"axis":"y","origin":[8,8,8]},"faces":{"north":{"uv":[5.2,14.8,5.8,15],"texture":"#3"},"east":{"uv":[14.8,5.6,15.4,5.8],"texture":"#3"},"south":{"uv":[14.8,6,15.4,6.2],"texture":"#3"},"west":{"uv":[14.8,6.4,15.4,6.6],"texture":"#3"},"up":{"uv":[9,14.2,8.4,13.6],"texture":"#3"},"down":{"uv":[14.2,8.4,13.6,9],"texture":"#3"}}},{"from":[7.15,11.70711,7.15],"to":[8.85,12.20711,8.85],"rotation":{"angle":0,"axis":"y","origin":[8,8,8]},"faces":{"north":{"uv":[14.8,10,15.4,10.2],"texture":"#3"},"east":{"uv":[14.8,10.4,15.4,10.6],"texture":"#3"},"south":{"uv":[14.8,10.8,15.4,11],"texture":"#3"},"west":{"uv":[14.8,11.2,15.4,11.4],"texture":"#3"},"up":{"uv":[9.8,14.2,9.2,13.6],"texture":"#3"},"down":{"uv":[14.2,9.2,13.6,9.8],"texture":"#3"}}},{"from":[7.35,-5.54289,7.35],"to":[8.65,12.45711,8.65],"rotation":{"angle":0,"axis":"y","origin":[8,8,8]},"faces":{"north":{"uv":[0,7.2,0.6,14.4],"texture":"#3"},"east":{"uv":[0.8,7.2,1.4,14.4],"texture":"#3"},"south":{"uv":[1.6,7.2,2.2,14.4],"texture":"#3"},"west":{"uv":[2.4,7.2,3,14.4],"texture":"#3"},"up":{"uv":[10.6,14.2,10,13.6],"texture":"#3"},"down":{"uv":[14.2,10,13.6,10.6],"texture":"#3"}}},{"from":[7.15,-8.54289,7.15],"to":[8.85,-7.04289,8.85],"rotation":{"angle":0,"axis":"y","origin":[8,8,8]},"faces":{"north":{"uv":[10.8,13.6,11.4,14.2],"texture":"#3"},"east":{"uv":[13.6,10.8,14.2,11.4],"texture":"#3"},"south":{"uv":[13.6,11.6,14.2,12.2],"texture":"#3"},"west":{"uv":[13.6,12.4,14.2,13],"texture":"#3"},"up":{"uv":[13.4,14.2,12.8,13.6],"texture":"#3"},"down":{"uv":[14.2,13.2,13.6,13.8],"texture":"#3"}}},{"from":[7.5,17.17031,6.25],"to":[8.5,18.67031,9.75],"rotation":{"angle":0,"axis":"y","origin":[8,21.67031,8]},"faces":{"north":{"uv":[14.8,2.4,15.2,3],"texture":"#3"},"east":{"uv":[3.2,12,4.6,12.6],"texture":"#3"},"south":{"uv":[4.8,14.8,5.2,15.4],"texture":"#3"},"west":{"uv":[12,3.2,13.4,3.8],"texture":"#3"},"up":{"uv":[10.4,12.6,10,11.2],"texture":"#3"},"down":{"uv":[5.2,12,4.8,13.4],"texture":"#3"}}},{"from":[7.25,12.17031,7.25],"to":[8.75,16.67031,8.75],"rotation":{"angle":0,"axis":"y","origin":[8,21.67031,8]},"faces":{"north":{"uv":[10.8,1.6,11.4,3.4],"texture":"#3"},"east":{"uv":[10.4,10.8,11,12.6],"texture":"#3"},"south":{"uv":[5.2,11.2,5.8,13],"texture":"#3"},"west":{"uv":[6,11.2,6.6,13],"texture":"#3"},"up":{"uv":[14.6,0.6,14,0],"texture":"#3"},"down":{"uv":[14.6,0.8,14,1.4],"texture":"#3"}}},{"from":[7,12.67031,7],"to":[9,14.67031,9],"rotation":{"angle":0,"axis":"y","origin":[8,21.67031,8]},"faces":{"north":{"uv":[12.8,5.6,13.6,6.4],"texture":"#3"},"east":{"uv":[12.8,6.4,13.6,7.2],"texture":"#3"},"south":{"uv":[12.8,7.2,13.6,8],"texture":"#3"},"west":{"uv":[7.6,12.8,8.4,13.6],"texture":"#3"},"up":{"uv":[13.6,8.8,12.8,8],"texture":"#3"},"down":{"uv":[9.2,12.8,8.4,13.6],"texture":"#3"}}},{"from":[7,22.67031,7],"to":[9,24.67031,9],"rotation":{"angle":0,"axis":"y","origin":[8,21.67031,8]},"faces":{"north":{"uv":[12.8,8.8,13.6,9.6],"texture":"#3"},"east":{"uv":[9.2,12.8,10,13.6],"texture":"#3"},"south":{"uv":[12.8,9.6,13.6,10.4],"texture":"#3"},"west":{"uv":[10,12.8,10.8,13.6],"texture":"#3"},"up":{"uv":[13.6,11.2,12.8,10.4],"texture":"#3"},"down":{"uv":[13.6,11.2,12.8,12],"texture":"#3"}}},{"from":[7,16.67031,7],"to":[9,18.67031,9],"rotation":{"angle":0,"axis":"y","origin":[8,21.67031,8]},"faces":{"north":{"uv":[12.8,12,13.6,12.8],"texture":"#3"},"east":{"uv":[12.8,12.8,13.6,13.6],"texture":"#3"},"south":{"uv":[13.2,0,14,0.8],"texture":"#3"},"west":{"uv":[13.2,0.8,14,1.6],"texture":"#3"},"up":{"uv":[14,2.4,13.2,1.6],"texture":"#3"},"down":{"uv":[14,2.4,13.2,3.2],"texture":"#3"}}},{"from":[6.9,18.67031,6],"to":[9.1,21.67031,10],"rotation":{"angle":0,"axis":"y","origin":[8,21.67031,8]},"faces":{"north":{"uv":[11.2,3.6,12,4.8],"texture":"#3"},"east":{"uv":[8,1.6,9.6,2.8],"texture":"#3"},"south":{"uv":[6.8,11.2,7.6,12.4],"texture":"#3"},"west":{"uv":[8,2.8,9.6,4],"texture":"#3"},"up":{"uv":[11.2,5.2,10.4,3.6],"texture":"#3"},"down":{"uv":[5.2,10.4,4.4,12],"texture":"#3"}}},{"from":[6.75,19.67031,6],"to":[9.25,23.67031,10],"rotation":{"angle":45,"axis":"x","origin":[8,21.67031,8]},"faces":{"north":{"uv":[8,4,9,5.6],"texture":"#3"},"east":{"uv":[3.2,7.2,4.8,8.8],"texture":"#3"},"south":{"uv":[8,5.6,9,7.2],"texture":"#3"},"west":{"uv":[4.8,7.2,6.4,8.8],"texture":"#3"},"up":{"uv":[9,8.8,8,7.2],"texture":"#3"},"down":{"uv":[4.2,8.8,3.2,10.4],"texture":"#3"}}},{"from":[6,19.67031,6.75],"to":[10,23.67031,9.25],"rotation":{"angle":45,"axis":"z","origin":[8,21.67031,8]},"faces":{"north":{"uv":[6.4,7.2,8,8.8],"texture":"#3"},"east":{"uv":[4.4,8.8,5.4,10.4],"texture":"#3"},"south":{"uv":[8,0,9.6,1.6],"texture":"#3"},"west":{"uv":[5.6,8.8,6.6,10.4],"texture":"#3"},"up":{"uv":[8.4,9.8,6.8,8.8],"texture":"#3"},"down":{"uv":[10,8.8,8.4,9.8],"texture":"#3"}}},{"from":[7.25,22.79975,3.6875],"to":[8.75,24.79975,7.6875],"rotation":{"angle":-45,"axis":"x","origin":[8,22.11225,8]},"faces":{"north":{"uv":[5.2,13.2,5.8,14],"texture":"#3"},"east":{"uv":[5.2,10.4,6.8,11.2],"texture":"#3"},"south":{"uv":[6,13.2,6.6,14],"texture":"#3"},"west":{"uv":[10.4,5.2,12,6],"texture":"#3"},"up":{"uv":[8.2,12.8,7.6,11.2],"texture":"#3"},"down":{"uv":[9,11.2,8.4,12.8],"texture":"#3"}}},{"from":[7.5,24.79975,3.9375],"to":[8.5,26.79975,4.9375],"rotation":{"angle":-45,"axis":"x","origin":[8,22.11225,8]},"faces":{"north":{"uv":[10.8,12.8,11.2,13.6],"texture":"#3"},"east":{"uv":[12.4,14,12.8,14.8],"texture":"#3"},"south":{"uv":[14.4,10,14.8,10.8],"texture":"#3"},"west":{"uv":[10.4,14.4,10.8,15.2],"texture":"#3"},"up":{"uv":[10.8,8.8,10.4,8.4],"texture":"#3"},"down":{"uv":[11.2,8.4,10.8,8.8],"texture":"#3"}}},{"from":[7.25,21.80419,1.76992],"to":[8.75,23.30419,3.26992],"rotation":{"angle":0,"axis":"y","origin":[8,22.11225,8]},"faces":{"north":{"uv":[14,1.6,14.6,2.2],"texture":"#3"},"east":{"uv":[14,2.4,14.6,3],"texture":"#3"},"south":{"uv":[4.8,14,5.4,14.6],"texture":"#3"},"west":{"uv":[5.6,14,6.2,14.6],"texture":"#3"},"up":{"uv":[12.2,14.6,11.6,14],"texture":"#3"},"down":{"uv":[14.2,14,13.6,14.6],"texture":"#3"}}},{"from":[8,22.55419,-0.23008],"to":[8,31.05419,4.26992],"rotation":{"angle":0,"axis":"y","origin":[8,22.11225,8]},"faces":{"north":{"uv":[0,0,0,3.4],"texture":"#3"},"east":{"uv":[0,0,1.8,3.4],"texture":"#3"},"south":{"uv":[0,0,0,3.4],"texture":"#3"},"west":{"uv":[2,0,3.8,3.4],"texture":"#3"},"up":{"uv":[0,1.8,0,0],"texture":"#3"},"down":{"uv":[0,0,0,1.8],"texture":"#3"}}},{"from":[7.25,22.79975,8.3125],"to":[8.75,24.79975,12.3125],"rotation":{"angle":45,"axis":"x","origin":[8,22.11225,8]},"faces":{"north":{"uv":[12,13.2,12.6,14],"texture":"#3"},"east":{"uv":[10.4,6,12,6.8],"texture":"#3"},"south":{"uv":[3.2,13.6,3.8,14.4],"texture":"#3"},"west":{"uv":[10.4,6.8,12,7.6],"texture":"#3"},"up":{"uv":[11.8,10,11.2,8.4],"texture":"#3"},"down":{"uv":[9.8,11.2,9.2,12.8],"texture":"#3"}}},{"from":[7.5,24.79975,11.0625],"to":[8.5,26.79975,12.0625],"rotation":{"angle":45,"axis":"x","origin":[8,22.11225,8]},"faces":{"north":{"uv":[10.8,14.4,11.2,15.2],"texture":"#3"},"east":{"uv":[14.4,10.8,14.8,11.6],"texture":"#3"},"south":{"uv":[11.2,14.4,11.6,15.2],"texture":"#3"},"west":{"uv":[14.4,11.6,14.8,12.4],"texture":"#3"},"up":{"uv":[11.6,5.2,11.2,4.8],"texture":"#3"},"down":{"uv":[12,3.2,11.6,3.6],"texture":"#3"}}},{"from":[7.25,21.80419,12.73008],"to":[8.75,23.30419,14.23008],"rotation":{"angle":0,"axis":"y","origin":[8,22.11225,8]},"faces":{"north":{"uv":[0,14.4,0.6,15],"texture":"#3"},"east":{"uv":[0.8,14.4,1.4,15],"texture":"#3"},"south":{"uv":[1.6,14.4,2.2,15],"texture":"#3"},"west":{"uv":[2.4,14.4,3,15],"texture":"#3"},"up":{"uv":[3.8,15,3.2,14.4],"texture":"#3"},"down":{"uv":[15,3.2,14.4,3.8],"texture":"#3"}}},{"from":[8,22.55419,11.73008],"to":[8,31.05419,16.23008],"rotation":{"angle":0,"axis":"y","origin":[8,22.11225,8]},"faces":{"north":{"uv":[0,0,0,3.4],"texture":"#3"},"east":{"uv":[0,3.6,1.8,7],"texture":"#3"},"south":{"uv":[0,0,0,3.4],"texture":"#3"},"west":{"uv":[2,3.6,3.8,7],"texture":"#3"},"up":{"uv":[0,1.8,0,0],"texture":"#3"},"down":{"uv":[0,0,0,1.8],"texture":"#3"}}},{"from":[3.6875,22.79975,7.25],"to":[7.6875,24.79975,8.75],"rotation":{"angle":45,"axis":"z","origin":[8,22.11225,8]},"faces":{"north":{"uv":[10.4,7.6,12,8.4],"texture":"#3"},"east":{"uv":[13.6,3.2,14.2,4],"texture":"#3"},"south":{"uv":[10.4,10,12,10.8],"texture":"#3"},"west":{"uv":[4,13.6,4.6,14.4],"texture":"#3"},"up":{"uv":[12.8,11.4,11.2,10.8],"texture":"#3"},"down":{"uv":[13.2,1.6,11.6,2.2],"texture":"#3"}}},{"from":[3.9375,24.79975,7.5],"to":[4.9375,26.79975,8.5],"rotation":{"angle":45,"axis":"z","origin":[8,22.11225,8]},"faces":{"north":{"uv":[14.4,12.4,14.8,13.2],"texture":"#3"},"east":{"uv":[12.8,14.4,13.2,15.2],"texture":"#3"},"south":{"uv":[13.2,14.4,13.6,15.2],"texture":"#3"},"west":{"uv":[14.4,13.2,14.8,14],"texture":"#3"},"up":{"uv":[12,5.2,11.6,4.8],"texture":"#3"},"down":{"uv":[12.8,1.2,12.4,1.6],"texture":"#3"}}},{"from":[1.76992,21.80419,7.25],"to":[3.26992,23.30419,8.75],"rotation":{"angle":0,"axis":"y","origin":[8,22.11225,8]},"faces":{"north":{"uv":[4,14.4,4.6,15],"texture":"#3"},"east":{"uv":[14.4,4,15,4.6],"texture":"#3"},"south":{"uv":[14.4,4.8,15,5.4],"texture":"#3"},"west":{"uv":[6.4,14.4,7,15],"texture":"#3"},"up":{"uv":[15,7.4,14.4,6.8],"texture":"#3"},"down":{"uv":[7.8,14.4,7.2,15],"texture":"#3"}}},{"from":[-0.23008,22.55419,8],"to":[4.26992,31.05419,8],"rotation":{"angle":0,"axis":"y","origin":[8,22.11225,8]},"faces":{"north":{"uv":[4,0,5.8,3.4],"texture":"#3"},"east":{"uv":[0,0,0,3.4],"texture":"#3"},"south":{"uv":[4,3.6,5.8,7],"texture":"#3"},"west":{"uv":[0,0,0,3.4],"texture":"#3"},"up":{"uv":[1.8,0,0,0],"texture":"#3"},"down":{"uv":[1.8,0,0,0],"texture":"#3"}}},{"from":[8.3125,22.79975,7.25],"to":[12.3125,24.79975,8.75],"rotation":{"angle":-45,"axis":"z","origin":[8,22.11225,8]},"faces":{"north":{"uv":[10.8,0,12.4,0.8],"texture":"#3"},"east":{"uv":[13.6,4,14.2,4.8],"texture":"#3"},"south":{"uv":[10.8,0.8,12.4,1.6],"texture":"#3"},"west":{"uv":[13.6,4.8,14.2,5.6],"texture":"#3"},"up":{"uv":[13.2,3,11.6,2.4],"texture":"#3"},"down":{"uv":[12.8,11.6,11.2,12.2],"texture":"#3"}}},{"from":[11.0625,24.79975,7.5],"to":[12.0625,26.79975,8.5],"rotation":{"angle":-45,"axis":"z","origin":[8,22.11225,8]},"faces":{"north":{"uv":[14.4,14,14.8,14.8],"texture":"#3"},"east":{"uv":[14.8,0,15.2,0.8],"texture":"#3"},"south":{"uv":[14.8,0.8,15.2,1.6],"texture":"#3"},"west":{"uv":[14.8,1.6,15.2,2.4],"texture":"#3"},"up":{"uv":[13.2,1.6,12.8,1.2],"texture":"#3"},"down":{"uv":[5.2,13.6,4.8,14],"texture":"#3"}}},{"from":[12.73008,21.80419,7.25],"to":[14.23008,23.30419,8.75],"rotation":{"angle":0,"axis":"y","origin":[8,22.11225,8]},"faces":{"north":{"uv":[14.4,7.6,15,8.2],"texture":"#3"},"east":{"uv":[8,14.4,8.6,15],"texture":"#3"},"south":{"uv":[14.4,8.4,15,9],"texture":"#3"},"west":{"uv":[8.8,14.4,9.4,15],"texture":"#3"},"up":{"uv":[15,9.8,14.4,9.2],"texture":"#3"},"down":{"uv":[10.2,14.4,9.6,15],"texture":"#3"}}},{"from":[11.73008,22.55419,8],"to":[16.23008,31.05419,8],"rotation":{"angle":0,"axis":"y","origin":[8,22.11225,8]},"faces":{"north":{"uv":[6,0,7.8,3.4],"texture":"#3"},"east":{"uv":[0,0,0,3.4],"texture":"#3"},"south":{"uv":[6,3.6,7.8,7],"texture":"#3"},"west":{"uv":[0,0,0,3.4],"texture":"#3"},"up":{"uv":[1.8,0,0,0],"texture":"#3"},"down":{"uv":[1.8,0,0,0],"texture":"#3"}}},{"from":[6.5,26.5,6.5],"to":[9.5,29.5,9.5],"rotation":{"angle":45,"axis":"y","origin":[8,28,8]},"faces":{"north":{"uv":[9.6,2.4,10.8,3.6],"texture":"#3"},"east":{"uv":[6.8,10,8,11.2],"texture":"#3"},"south":{"uv":[8,10,9.2,11.2],"texture":"#3"},"west":{"uv":[10,8.8,11.2,10],"texture":"#3"},"up":{"uv":[10.4,11.2,9.2,10],"texture":"#3"},"down":{"uv":[4.4,10.4,3.2,11.6],"texture":"#3"}}},{"from":[6.4,26.4,6.4],"to":[9.6,29.6,9.6],"rotation":{"angle":45,"axis":"y","origin":[8,28,8]},"faces":{"north":{"uv":[9.2,4,10.4,5.2],"texture":"#3"},"east":{"uv":[9.2,5.2,10.4,6.4],"texture":"#3"},"south":{"uv":[9.2,6.4,10.4,7.6],"texture":"#3"},"west":{"uv":[9.2,7.6,10.4,8.8],"texture":"#3"},"up":{"uv":[10.8,1.2,9.6,0],"texture":"#3"},"down":{"uv":[10.8,1.2,9.6,2.4],"texture":"#3"}}}],"gui_light":"front","display":{"thirdperson_righthand":{"rotation":[43.07,-1.87,4.1],"translation":[0,-1,1.75],"scale":[0.8,0.8,0.8]},"thirdperson_lefthand":{"rotation":[43.07,-1.87,4.1],"translation":[0,-1,1.75],"scale":[0.8,0.8,0.8]},"firstperson_righthand":{"rotation":[-9.75,0,7],"translation":[10.5,-4.75,-7],"scale":[0.9043,0.9043,0.9043]},"firstperson_lefthand":{"rotation":[-9.75,0,7],"translation":[10.5,-4.75,-7],"scale":[0.9043,0.9043,0.9043]},"ground":{"rotation":[0,0,-90],"translation":[2.25,2.25,0],"scale":[0.55,0.55,0.55]},"gui":{"rotation":[-66,45,90],"translation":[1.5,-1.75,0],"scale":[0.42773,0.42773,0.42773]},"head":{"scale":[0,0,0]},"fixed":{"rotation":[0,-24,0],"translation":[-0.25,-3.25,-4.5],"scale":[1.56164,1.56164,1.56164]}}}