{"parent":"minecraft:item/generated","overrides":[{"model":"minecraft:item/leather_helmet_quartz_trim","predicate":{"trim_type":0.1}},{"model":"minecraft:item/leather_helmet_iron_trim","predicate":{"trim_type":0.2}},{"model":"minecraft:item/leather_helmet_netherite_trim","predicate":{"trim_type":0.3}},{"model":"minecraft:item/leather_helmet_redstone_trim","predicate":{"trim_type":0.4}},{"model":"minecraft:item/leather_helmet_copper_trim","predicate":{"trim_type":0.5}},{"model":"minecraft:item/leather_helmet_gold_trim","predicate":{"trim_type":0.6}},{"model":"minecraft:item/leather_helmet_emerald_trim","predicate":{"trim_type":0.7}},{"model":"minecraft:item/leather_helmet_diamond_trim","predicate":{"trim_type":0.8}},{"model":"minecraft:item/leather_helmet_lapis_trim","predicate":{"trim_type":0.9}},{"model":"minecraft:item/leather_helmet_amethyst_trim","predicate":{"trim_type":1.0}},{"predicate":{"custom_model_data":10000},"model":"cosmo_pack:ia_auto_gen/cosmo_helmet"},{"predicate":{"trim_type":0.1,"custom_model_data":10000},"model":"cosmo_pack:ia_auto_gen/cosmo_helmet"},{"predicate":{"trim_type":0.2,"custom_model_data":10000},"model":"cosmo_pack:ia_auto_gen/cosmo_helmet"},{"predicate":{"trim_type":0.3,"custom_model_data":10000},"model":"cosmo_pack:ia_auto_gen/cosmo_helmet"},{"predicate":{"trim_type":0.4,"custom_model_data":10000},"model":"cosmo_pack:ia_auto_gen/cosmo_helmet"},{"predicate":{"trim_type":0.5,"custom_model_data":10000},"model":"cosmo_pack:ia_auto_gen/cosmo_helmet"},{"predicate":{"trim_type":0.6,"custom_model_data":10000},"model":"cosmo_pack:ia_auto_gen/cosmo_helmet"},{"predicate":{"trim_type":0.7,"custom_model_data":10000},"model":"cosmo_pack:ia_auto_gen/cosmo_helmet"},{"predicate":{"trim_type":0.8,"custom_model_data":10000},"model":"cosmo_pack:ia_auto_gen/cosmo_helmet"},{"predicate":{"trim_type":0.9,"custom_model_data":10000},"model":"cosmo_pack:ia_auto_gen/cosmo_helmet"},{"predicate":{"trim_type":1.0,"custom_model_data":10000},"model":"cosmo_pack:ia_auto_gen/cosmo_helmet"},{"predicate":{"custom_model_data":10001},"model":"elitecreatures:ia_auto_gen/azgad_weapon_helmet1"},{"predicate":{"trim_type":0.1,"custom_model_data":10001},"model":"elitecreatures:ia_auto_gen/azgad_weapon_helmet1"},{"predicate":{"trim_type":0.2,"custom_model_data":10001},"model":"elitecreatures:ia_auto_gen/azgad_weapon_helmet1"},{"predicate":{"trim_type":0.3,"custom_model_data":10001},"model":"elitecreatures:ia_auto_gen/azgad_weapon_helmet1"},{"predicate":{"trim_type":0.4,"custom_model_data":10001},"model":"elitecreatures:ia_auto_gen/azgad_weapon_helmet1"},{"predicate":{"trim_type":0.5,"custom_model_data":10001},"model":"elitecreatures:ia_auto_gen/azgad_weapon_helmet1"},{"predicate":{"trim_type":0.6,"custom_model_data":10001},"model":"elitecreatures:ia_auto_gen/azgad_weapon_helmet1"},{"predicate":{"trim_type":0.7,"custom_model_data":10001},"model":"elitecreatures:ia_auto_gen/azgad_weapon_helmet1"},{"predicate":{"trim_type":0.8,"custom_model_data":10001},"model":"elitecreatures:ia_auto_gen/azgad_weapon_helmet1"},{"predicate":{"trim_type":0.9,"custom_model_data":10001},"model":"elitecreatures:ia_auto_gen/azgad_weapon_helmet1"},{"predicate":{"trim_type":1.0,"custom_model_data":10001},"model":"elitecreatures:ia_auto_gen/azgad_weapon_helmet1"},{"predicate":{"custom_model_data":10002},"model":"starlight:ia_auto_gen/starlighthelmet"},{"predicate":{"trim_type":0.1,"custom_model_data":10002},"model":"starlight:ia_auto_gen/starlighthelmet"},{"predicate":{"trim_type":0.2,"custom_model_data":10002},"model":"starlight:ia_auto_gen/starlighthelmet"},{"predicate":{"trim_type":0.3,"custom_model_data":10002},"model":"starlight:ia_auto_gen/starlighthelmet"},{"predicate":{"trim_type":0.4,"custom_model_data":10002},"model":"starlight:ia_auto_gen/starlighthelmet"},{"predicate":{"trim_type":0.5,"custom_model_data":10002},"model":"starlight:ia_auto_gen/starlighthelmet"},{"predicate":{"trim_type":0.6,"custom_model_data":10002},"model":"starlight:ia_auto_gen/starlighthelmet"},{"predicate":{"trim_type":0.7,"custom_model_data":10002},"model":"starlight:ia_auto_gen/starlighthelmet"},{"predicate":{"trim_type":0.8,"custom_model_data":10002},"model":"starlight:ia_auto_gen/starlighthelmet"},{"predicate":{"trim_type":0.9,"custom_model_data":10002},"model":"starlight:ia_auto_gen/starlighthelmet"},{"predicate":{"trim_type":1.0,"custom_model_data":10002},"model":"starlight:ia_auto_gen/starlighthelmet"},{"predicate":{"custom_model_data":10003},"model":"radiance_collection:ia_auto_gen/radiancehelmet"},{"predicate":{"trim_type":0.1,"custom_model_data":10003},"model":"radiance_collection:ia_auto_gen/radiancehelmet"},{"predicate":{"trim_type":0.2,"custom_model_data":10003},"model":"radiance_collection:ia_auto_gen/radiancehelmet"},{"predicate":{"trim_type":0.3,"custom_model_data":10003},"model":"radiance_collection:ia_auto_gen/radiancehelmet"},{"predicate":{"trim_type":0.4,"custom_model_data":10003},"model":"radiance_collection:ia_auto_gen/radiancehelmet"},{"predicate":{"trim_type":0.5,"custom_model_data":10003},"model":"radiance_collection:ia_auto_gen/radiancehelmet"},{"predicate":{"trim_type":0.6,"custom_model_data":10003},"model":"radiance_collection:ia_auto_gen/radiancehelmet"},{"predicate":{"trim_type":0.7,"custom_model_data":10003},"model":"radiance_collection:ia_auto_gen/radiancehelmet"},{"predicate":{"trim_type":0.8,"custom_model_data":10003},"model":"radiance_collection:ia_auto_gen/radiancehelmet"},{"predicate":{"trim_type":0.9,"custom_model_data":10003},"model":"radiance_collection:ia_auto_gen/radiancehelmet"},{"predicate":{"trim_type":1.0,"custom_model_data":10003},"model":"radiance_collection:ia_auto_gen/radiancehelmet"},{"predicate":{"custom_model_data":10004},"model":"azureset:ia_auto_gen/azurehelmet"},{"predicate":{"trim_type":0.1,"custom_model_data":10004},"model":"azureset:ia_auto_gen/azurehelmet"},{"predicate":{"trim_type":0.2,"custom_model_data":10004},"model":"azureset:ia_auto_gen/azurehelmet"},{"predicate":{"trim_type":0.3,"custom_model_data":10004},"model":"azureset:ia_auto_gen/azurehelmet"},{"predicate":{"trim_type":0.4,"custom_model_data":10004},"model":"azureset:ia_auto_gen/azurehelmet"},{"predicate":{"trim_type":0.5,"custom_model_data":10004},"model":"azureset:ia_auto_gen/azurehelmet"},{"predicate":{"trim_type":0.6,"custom_model_data":10004},"model":"azureset:ia_auto_gen/azurehelmet"},{"predicate":{"trim_type":0.7,"custom_model_data":10004},"model":"azureset:ia_auto_gen/azurehelmet"},{"predicate":{"trim_type":0.8,"custom_model_data":10004},"model":"azureset:ia_auto_gen/azurehelmet"},{"predicate":{"trim_type":0.9,"custom_model_data":10004},"model":"azureset:ia_auto_gen/azurehelmet"},{"predicate":{"trim_type":1.0,"custom_model_data":10004},"model":"azureset:ia_auto_gen/azurehelmet"},{"predicate":{"custom_model_data":10005},"model":"item/leather_helmet"}],"textures":{"layer0":"minecraft:item/leather_helmet","layer1":"minecraft:item/leather_helmet_overlay"}}