{
	"credit": "Made with Blockbench",
	"texture_size": [32, 32],
	"textures": {
		"0": "ec_elitewings:v2/tex8",
		"1": "ec_elitewings:v2/ani801",
		"2": "ec_elitewings:v2/ani802",
		"particle": "ec_elitewings:v2/tex8"
	},
	"elements": [
		{
			"from": [-0.5, -15.75, 8.98989],
			"to": [7.5, -7.75, 8.98989],
			"rotation": {"angle": 0, "axis": "y", "origin": [13, -4.25, 9.05239]},
			"faces": {
				"north": {"uv": [4, 12, 0, 16], "texture": "#0"},
				"east": {"uv": [0, 0, 0, 7.75], "texture": "#0"},
				"south": {"uv": [0, 12, 4, 16], "texture": "#0"},
				"west": {"uv": [0, 0, 0, 7.75], "texture": "#0"},
				"up": {"uv": [0, 0, 6, 0], "texture": "#0"},
				"down": {"uv": [0, 0, 6, 0], "texture": "#0"}
			}
		},
		{
			"from": [8.5, -15.75, 8.98989],
			"to": [16.5, -7.75, 8.98989],
			"rotation": {"angle": 0, "axis": "y", "origin": [3, -4.25, 9.05239]},
			"faces": {
				"north": {"uv": [0, 12, 4, 16], "texture": "#0"},
				"east": {"uv": [0, 0, 0, 7.75], "texture": "#0"},
				"south": {"uv": [4, 12, 0, 16], "texture": "#0"},
				"west": {"uv": [0, 0, 0, 7.75], "texture": "#0"},
				"up": {"uv": [6, 0, 0, 0], "texture": "#0"},
				"down": {"uv": [6, 0, 0, 0], "texture": "#0"}
			}
		},
		{
			"from": [-0.5, -15.75, 9.11489],
			"to": [7.5, -7.75, 9.11489],
			"rotation": {"angle": 0, "axis": "y", "origin": [13, -4.25, 9.05239]},
			"faces": {
				"north": {"uv": [4, 12, 0, 16], "texture": "#0"},
				"east": {"uv": [0, 0, 0, 7.75], "texture": "#0"},
				"south": {"uv": [0, 12, 4, 16], "texture": "#0"},
				"west": {"uv": [0, 0, 0, 7.75], "texture": "#0"},
				"up": {"uv": [0, 0, 6, 0], "texture": "#0"},
				"down": {"uv": [0, 0, 6, 0], "texture": "#0"}
			}
		},
		{
			"from": [8.5, -15.75, 9.11489],
			"to": [16.5, -7.75, 9.11489],
			"rotation": {"angle": 0, "axis": "y", "origin": [3, -4.25, 9.05239]},
			"faces": {
				"north": {"uv": [0, 12, 4, 16], "texture": "#0"},
				"east": {"uv": [0, 0, 0, 7.75], "texture": "#0"},
				"south": {"uv": [4, 12, 0, 16], "texture": "#0"},
				"west": {"uv": [0, 0, 0, 7.75], "texture": "#0"},
				"up": {"uv": [6, 0, 0, 0], "texture": "#0"},
				"down": {"uv": [6, 0, 0, 0], "texture": "#0"}
			}
		},
		{
			"from": [3.5, -9.25, 9.05239],
			"to": [8, 2.75, 9.05239],
			"rotation": {"angle": 0, "axis": "y", "origin": [13, -4.25, 9.05239]},
			"faces": {
				"north": {"uv": [6, 0, 3.75, 6], "texture": "#0"},
				"east": {"uv": [0, 0, 0, 7.75], "texture": "#0"},
				"south": {"uv": [3.75, 0, 6, 6], "texture": "#0"},
				"west": {"uv": [0, 0, 0, 7.75], "texture": "#0"},
				"up": {"uv": [0, 0, 6, 0], "texture": "#0"},
				"down": {"uv": [0, 0, 6, 0], "texture": "#0"}
			}
		},
		{
			"from": [-3.5, -9.25, 9.05239],
			"to": [-0.5, 2.75, 9.05239],
			"rotation": {"angle": 0, "axis": "y", "origin": [3.5, -3.25, 9.05239]},
			"faces": {
				"north": {"uv": [3, 0, 0, 12], "texture": "#2"},
				"east": {"uv": [0, 0, 0, 7.75], "texture": "#2"},
				"south": {"uv": [0, 0, 3, 12], "texture": "#2"},
				"west": {"uv": [0, 0, 0, 7.75], "texture": "#2"},
				"up": {"uv": [0, 0, 6, 0], "texture": "#2"},
				"down": {"uv": [0, 0, 6, 0], "texture": "#2"}
			}
		},
		{
			"from": [-0.5, -11, 9.05239],
			"to": [3.5, 1, 9.05239],
			"rotation": {"angle": 0, "axis": "y", "origin": [3.5, -5, 9.05239]},
			"faces": {
				"north": {"uv": [4, 0, 0, 12], "texture": "#1"},
				"east": {"uv": [0, 0, 0, 7.75], "texture": "#1"},
				"south": {"uv": [0, 0, 4, 12], "texture": "#1"},
				"west": {"uv": [0, 0, 0, 7.75], "texture": "#1"},
				"up": {"uv": [0, 0, 6, 0], "texture": "#1"},
				"down": {"uv": [0, 0, 6, 0], "texture": "#1"}
			}
		},
		{
			"from": [-0.5, -11, 9.05239],
			"to": [3.5, 1, 9.05239],
			"rotation": {"angle": 22.5, "axis": "y", "origin": [3.5, -5, 9.05239]},
			"faces": {
				"north": {"uv": [8, 0, 4, 12], "texture": "#1"},
				"east": {"uv": [0, 0, 0, 7.75], "texture": "#1"},
				"south": {"uv": [4, 0, 8, 12], "texture": "#1"},
				"west": {"uv": [0, 0, 0, 7.75], "texture": "#1"},
				"up": {"uv": [0, 0, 6, 0], "texture": "#1"},
				"down": {"uv": [0, 0, 6, 0], "texture": "#1"}
			}
		},
		{
			"from": [-3.5, -9.25, 9.05239],
			"to": [-0.5, 2.75, 9.05239],
			"rotation": {"angle": 22.5, "axis": "y", "origin": [3.5, -3.25, 9.05239]},
			"faces": {
				"north": {"uv": [6, 0, 3, 12], "texture": "#2"},
				"east": {"uv": [0, 0, 0, 7.75], "texture": "#2"},
				"south": {"uv": [3, 0, 6, 12], "texture": "#2"},
				"west": {"uv": [0, 0, 0, 7.75], "texture": "#2"},
				"up": {"uv": [0, 0, 6, 0], "texture": "#2"},
				"down": {"uv": [0, 0, 6, 0], "texture": "#2"}
			}
		},
		{
			"from": [-0.5, -11, 9.05239],
			"to": [3.5, 1, 9.05239],
			"rotation": {"angle": 45, "axis": "y", "origin": [3.5, -5, 9.05239]},
			"faces": {
				"north": {"uv": [12, 0, 8, 12], "texture": "#1"},
				"east": {"uv": [0, 0, 0, 7.75], "texture": "#1"},
				"south": {"uv": [8, 0, 12, 12], "texture": "#1"},
				"west": {"uv": [0, 0, 0, 7.75], "texture": "#1"},
				"up": {"uv": [0, 0, 6, 0], "texture": "#1"},
				"down": {"uv": [0, 0, 6, 0], "texture": "#1"}
			}
		},
		{
			"from": [-3.5, -9.25, 9.05239],
			"to": [-0.5, 2.75, 9.05239],
			"rotation": {"angle": 45, "axis": "y", "origin": [3.5, -3.25, 9.05239]},
			"faces": {
				"north": {"uv": [9, 0, 6, 12], "texture": "#2"},
				"east": {"uv": [0, 0, 0, 7.75], "texture": "#2"},
				"south": {"uv": [6, 0, 9, 12], "texture": "#2"},
				"west": {"uv": [0, 0, 0, 7.75], "texture": "#2"},
				"up": {"uv": [0, 0, 6, 0], "texture": "#2"},
				"down": {"uv": [0, 0, 6, 0], "texture": "#2"}
			}
		},
		{
			"from": [0.63232, -9.25, 11.8792],
			"to": [0.63232, 2.75, 14.8792],
			"rotation": {"angle": -22.5, "axis": "y", "origin": [0.65, -3.25, 11.92739]},
			"faces": {
				"north": {"uv": [0, 0, 0, 7.75], "texture": "#2"},
				"east": {"uv": [9, 0, 12, 12], "texture": "#2"},
				"south": {"uv": [0, 0, 0, 7.75], "texture": "#2"},
				"west": {"uv": [12, 0, 9, 12], "texture": "#2"},
				"up": {"uv": [0, 0, 6, 0], "rotation": 270, "texture": "#2"},
				"down": {"uv": [0, 0, 6, 0], "rotation": 90, "texture": "#2"}
			}
		},
		{
			"from": [-3.5, -9.25, 9.05239],
			"to": [-0.5, 2.75, 9.05239],
			"rotation": {"angle": -22.5, "axis": "y", "origin": [3.5, -3.25, 9.05239]},
			"faces": {
				"north": {"uv": [15, 0, 12, 12], "texture": "#2"},
				"east": {"uv": [0, 0, 0, 7.75], "texture": "#2"},
				"south": {"uv": [12, 0, 15, 12], "texture": "#2"},
				"west": {"uv": [0, 0, 0, 7.75], "texture": "#2"},
				"up": {"uv": [0, 0, 6, 0], "texture": "#2"},
				"down": {"uv": [0, 0, 6, 0], "texture": "#2"}
			}
		},
		{
			"from": [16.5, -9.25, 9.05239],
			"to": [19.5, 2.75, 9.05239],
			"rotation": {"angle": 22.5, "axis": "y", "origin": [12.5, -3.25, 9.05239]},
			"faces": {
				"north": {"uv": [12, 0, 15, 12], "texture": "#2"},
				"east": {"uv": [0, 0, 0, 7.75], "texture": "#2"},
				"south": {"uv": [15, 0, 12, 12], "texture": "#2"},
				"west": {"uv": [0, 0, 0, 7.75], "texture": "#2"},
				"up": {"uv": [6, 0, 0, 0], "texture": "#2"},
				"down": {"uv": [6, 0, 0, 0], "texture": "#2"}
			}
		},
		{
			"from": [15.36768, -9.25, 11.8792],
			"to": [15.36768, 2.75, 14.8792],
			"rotation": {"angle": 22.5, "axis": "y", "origin": [15.35, -3.25, 11.92739]},
			"faces": {
				"north": {"uv": [0, 0, 0, 7.75], "texture": "#2"},
				"east": {"uv": [9, 0, 12, 12], "texture": "#2"},
				"south": {"uv": [0, 0, 0, 7.75], "texture": "#2"},
				"west": {"uv": [12, 0, 9, 12], "texture": "#2"},
				"up": {"uv": [0, 0, 6, 0], "rotation": 270, "texture": "#2"},
				"down": {"uv": [0, 0, 6, 0], "rotation": 90, "texture": "#2"}
			}
		},
		{
			"from": [16.5, -9.25, 9.05239],
			"to": [19.5, 2.75, 9.05239],
			"rotation": {"angle": -45, "axis": "y", "origin": [12.5, -3.25, 9.05239]},
			"faces": {
				"north": {"uv": [6, 0, 9, 12], "texture": "#2"},
				"east": {"uv": [0, 0, 0, 7.75], "texture": "#2"},
				"south": {"uv": [9, 0, 6, 12], "texture": "#2"},
				"west": {"uv": [0, 0, 0, 7.75], "texture": "#2"},
				"up": {"uv": [6, 0, 0, 0], "texture": "#2"},
				"down": {"uv": [6, 0, 0, 0], "texture": "#2"}
			}
		},
		{
			"from": [12.5, -11, 9.05239],
			"to": [16.5, 1, 9.05239],
			"rotation": {"angle": -45, "axis": "y", "origin": [12.5, -5, 9.05239]},
			"faces": {
				"north": {"uv": [8, 0, 12, 12], "texture": "#1"},
				"east": {"uv": [0, 0, 0, 7.75], "texture": "#1"},
				"south": {"uv": [12, 0, 8, 12], "texture": "#1"},
				"west": {"uv": [0, 0, 0, 7.75], "texture": "#1"},
				"up": {"uv": [6, 0, 0, 0], "texture": "#1"},
				"down": {"uv": [6, 0, 0, 0], "texture": "#1"}
			}
		},
		{
			"from": [16.5, -9.25, 9.05239],
			"to": [19.5, 2.75, 9.05239],
			"rotation": {"angle": -22.5, "axis": "y", "origin": [12.5, -3.25, 9.05239]},
			"faces": {
				"north": {"uv": [3, 0, 6, 12], "texture": "#2"},
				"east": {"uv": [0, 0, 0, 7.75], "texture": "#2"},
				"south": {"uv": [6, 0, 3, 12], "texture": "#2"},
				"west": {"uv": [0, 0, 0, 7.75], "texture": "#2"},
				"up": {"uv": [6, 0, 0, 0], "texture": "#2"},
				"down": {"uv": [6, 0, 0, 0], "texture": "#2"}
			}
		},
		{
			"from": [12.5, -11, 9.05239],
			"to": [16.5, 1, 9.05239],
			"rotation": {"angle": -22.5, "axis": "y", "origin": [12.5, -5, 9.05239]},
			"faces": {
				"north": {"uv": [4, 0, 8, 12], "texture": "#1"},
				"east": {"uv": [0, 0, 0, 7.75], "texture": "#1"},
				"south": {"uv": [8, 0, 4, 12], "texture": "#1"},
				"west": {"uv": [0, 0, 0, 7.75], "texture": "#1"},
				"up": {"uv": [6, 0, 0, 0], "texture": "#1"},
				"down": {"uv": [6, 0, 0, 0], "texture": "#1"}
			}
		},
		{
			"from": [12.5, -11, 9.05239],
			"to": [16.5, 1, 9.05239],
			"rotation": {"angle": 0, "axis": "y", "origin": [12.5, -5, 9.05239]},
			"faces": {
				"north": {"uv": [0, 0, 4, 12], "texture": "#1"},
				"east": {"uv": [0, 0, 0, 7.75], "texture": "#1"},
				"south": {"uv": [4, 0, 0, 12], "texture": "#1"},
				"west": {"uv": [0, 0, 0, 7.75], "texture": "#1"},
				"up": {"uv": [6, 0, 0, 0], "texture": "#1"},
				"down": {"uv": [6, 0, 0, 0], "texture": "#1"}
			}
		},
		{
			"from": [16.5, -9.25, 9.05239],
			"to": [19.5, 2.75, 9.05239],
			"rotation": {"angle": 0, "axis": "y", "origin": [12.5, -3.25, 9.05239]},
			"faces": {
				"north": {"uv": [0, 0, 3, 12], "texture": "#2"},
				"east": {"uv": [0, 0, 0, 7.75], "texture": "#2"},
				"south": {"uv": [3, 0, 0, 12], "texture": "#2"},
				"west": {"uv": [0, 0, 0, 7.75], "texture": "#2"},
				"up": {"uv": [6, 0, 0, 0], "texture": "#2"},
				"down": {"uv": [6, 0, 0, 0], "texture": "#2"}
			}
		},
		{
			"from": [8, -9.25, 9.05239],
			"to": [12.5, 2.75, 9.05239],
			"rotation": {"angle": 0, "axis": "y", "origin": [3, -4.25, 9.05239]},
			"faces": {
				"north": {"uv": [3.75, 0, 6, 6], "texture": "#0"},
				"east": {"uv": [0, 0, 0, 7.75], "texture": "#0"},
				"south": {"uv": [6, 0, 3.75, 6], "texture": "#0"},
				"west": {"uv": [0, 0, 0, 7.75], "texture": "#0"},
				"up": {"uv": [6, 0, 0, 0], "texture": "#0"},
				"down": {"uv": [6, 0, 0, 0], "texture": "#0"}
			}
		}
	],
	"gui_light": "front",
	"display": {
		"thirdperson_righthand": {
			"rotation": [67.5, 180, 0],
			"translation": [0, 0.75, 1.25],
			"scale": [0.32031, 0.32031, 0.32031]
		},
		"thirdperson_lefthand": {
			"rotation": [68, 0, 0],
			"translation": [-5.25, -5, 12.25],
			"scale": [1.15, 1.15, 1.15]
		},
		"firstperson_righthand": {
			"translation": [-0.5, -0.25, 2.25],
			"scale": [0.5, 0.5, 0.5]
		},
		"firstperson_lefthand": {
			"rotation": [0, -92, 0],
			"translation": [0.5, 3, 2.25],
			"scale": [0, 0, 0]
		},
		"ground": {
			"rotation": [70, 0, 0],
			"translation": [0, 5, 0],
			"scale": [0.5, 0.5, 0.5]
		},
		"gui": {
			"translation": [0, 0.75, 0],
			"scale": [0.36493, 0.36493, 0.36493]
		},
		"head": {
			"rotation": [5, 0, 0],
			"translation": [0, -65, 7.5],
			"scale": [3, 3, 3]
		},
		"fixed": {
			"rotation": [0, 180, 0],
			"translation": [0, 4.75, -1.75],
			"scale": [1.18391, 1.18391, 1.18391]
		}
	},
	"groups": [
		{
			"name": "group",
			"origin": [-2, 10, 8],
			"color": 0,
			"boneType": "",
			"children": [0, 1, 2, 3, 4, 5, 6, 7, 8, 9, 10, 11, 12, 13, 14, 15, 16, 17, 18, 19, 20, 21]
		}
	]
}