{"credit":"Made with Blockbench","texture_size":[32,32],"textures":{"0":"ec_elitewings:v2/tex7","1":"ec_elitewings:v2/ani701","3":"ec_elitewings:v2/ani702","4":"ec_elitewings:v2/ani703","particle":"ec_elitewings:v2/tex7_e"},"elements":[{"from":[8,-7,7.9],"to":[17,24,7.9],"rotation":{"angle":0,"axis":"y","origin":[-2,10,8]},"faces":{"north":{"uv":[3.625,0,5.875,7.75],"texture":"#0"},"east":{"uv":[0,0,0,7.75],"texture":"#0"},"south":{"uv":[5.875,0,3.625,7.75],"texture":"#0"},"west":{"uv":[0,0,0,7.75],"texture":"#0"},"up":{"uv":[0,0,6,0],"texture":"#0"},"down":{"uv":[0,0,6,0],"texture":"#0"}}},{"from":[7.5,-8,8],"to":[20.5,5,8],"rotation":{"angle":0,"axis":"y","origin":[16,0,16]},"faces":{"north":{"uv":[3.625,12.75,0.375,16],"texture":"#0"},"east":{"uv":[0,0,0,3.5],"texture":"#0"},"south":{"uv":[0.375,12.75,3.625,16],"texture":"#0"},"west":{"uv":[0,0,0,3.5],"texture":"#0"},"up":{"uv":[3.5,0,0,0],"texture":"#0"},"down":{"uv":[3.5,0,0,0],"texture":"#0"}}},{"from":[17,0,7.9],"to":[25,21,7.9],"rotation":{"angle":0,"axis":"y","origin":[17,10.5,7.9]},"faces":{"north":{"uv":[0,0,4,10.5],"texture":"#1"},"east":{"uv":[0,0,0,7.75],"texture":"#1"},"south":{"uv":[4,0,0,10.5],"texture":"#1"},"west":{"uv":[0,0,0,7.75],"texture":"#1"},"up":{"uv":[0,0,6,0],"texture":"#1"},"down":{"uv":[0,0,6,0],"texture":"#1"}}},{"from":[25,-7.5,7.9],"to":[30.5,23.5,7.9],"rotation":{"angle":0,"axis":"y","origin":[16.75,8,7.9]},"faces":{"north":{"uv":[0,0,2.75,15.5],"texture":"#3"},"east":{"uv":[0,0,0,7.75],"texture":"#3"},"south":{"uv":[2.75,0,0,15.5],"texture":"#3"},"west":{"uv":[0,0,0,7.75],"texture":"#3"},"up":{"uv":[0,0,6,0],"texture":"#3"},"down":{"uv":[0,0,6,0],"texture":"#3"}}},{"from":[17,0,7.9],"to":[25,21,7.9],"rotation":{"angle":-22.5,"axis":"y","origin":[17,10.5,7.9]},"faces":{"north":{"uv":[4,0,8,10.5],"texture":"#1"},"east":{"uv":[0,0,0,7.75],"texture":"#1"},"south":{"uv":[8,0,4,10.5],"texture":"#1"},"west":{"uv":[0,0,0,7.75],"texture":"#1"},"up":{"uv":[0,0,6,0],"texture":"#1"},"down":{"uv":[0,0,6,0],"texture":"#1"}}},{"from":[24.9,-7.5,7.9],"to":[30.4,23.5,7.9],"rotation":{"angle":-22.5,"axis":"y","origin":[16.75,8,7.9]},"faces":{"north":{"uv":[3.25,0,6,15.5],"texture":"#3"},"east":{"uv":[0,0,0,7.75],"texture":"#3"},"south":{"uv":[6,0,3.25,15.5],"texture":"#3"},"west":{"uv":[0,0,0,7.75],"texture":"#3"},"up":{"uv":[0,0,6,0],"texture":"#3"},"down":{"uv":[0,0,6,0],"texture":"#3"}}},{"from":[24.9,-7.5,7.8],"to":[30.4,23.5,7.8],"rotation":{"angle":-45,"axis":"y","origin":[16.65,8,7.8]},"faces":{"north":{"uv":[6.5,0,9.25,15.5],"texture":"#3"},"east":{"uv":[0,0,0,7.75],"texture":"#3"},"south":{"uv":[9.25,0,6.5,15.5],"texture":"#3"},"west":{"uv":[0,0,0,7.75],"texture":"#3"},"up":{"uv":[0,0,6,0],"texture":"#3"},"down":{"uv":[0,0,6,0],"texture":"#3"}}},{"from":[17,0,7.9],"to":[25,21,7.9],"rotation":{"angle":-45,"axis":"y","origin":[17,10.5,7.9]},"faces":{"north":{"uv":[8,0,12,10.5],"texture":"#1"},"east":{"uv":[0,0,0,7.75],"texture":"#1"},"south":{"uv":[12,0,8,10.5],"texture":"#1"},"west":{"uv":[0,0,0,7.75],"texture":"#1"},"up":{"uv":[0,0,6,0],"texture":"#1"},"down":{"uv":[0,0,6,0],"texture":"#1"}}},{"from":[22.65,-7.5,13.56472],"to":[22.65,23.5,19.06472],"rotation":{"angle":22.5,"axis":"y","origin":[22.65,8,13.8]},"faces":{"north":{"uv":[0,0,0,7.75],"texture":"#3"},"east":{"uv":[9.75,0,12.5,15.5],"texture":"#3"},"south":{"uv":[0,0,0,7.75],"texture":"#3"},"west":{"uv":[12.5,0,9.75,15.5],"texture":"#3"},"up":{"uv":[6,0,0,0],"rotation":270,"texture":"#3"},"down":{"uv":[6,0,0,0],"rotation":90,"texture":"#3"}}},{"from":[22.65,-7.5,13.76472],"to":[22.65,23.5,19.26472],"rotation":{"angle":22.5,"axis":"y","origin":[22.65,8,14]},"faces":{"north":{"uv":[0,0,0,7.75],"texture":"#3"},"east":{"uv":[9.75,0,12.5,15.5],"texture":"#3"},"south":{"uv":[0,0,0,7.75],"texture":"#3"},"west":{"uv":[12.5,0,9.75,15.5],"texture":"#3"},"up":{"uv":[6,0,0,0],"rotation":270,"texture":"#3"},"down":{"uv":[6,0,0,0],"rotation":90,"texture":"#3"}}},{"from":[17,0,8.1],"to":[25,21,8.1],"rotation":{"angle":-45,"axis":"y","origin":[17,10.5,8.1]},"faces":{"north":{"uv":[8,0,12,10.5],"texture":"#1"},"east":{"uv":[0,0,0,7.75],"texture":"#1"},"south":{"uv":[12,0,8,10.5],"texture":"#1"},"west":{"uv":[0,0,0,7.75],"texture":"#1"},"up":{"uv":[0,0,6,0],"texture":"#1"},"down":{"uv":[0,0,6,0],"texture":"#1"}}},{"from":[24.9,-7.5,8],"to":[30.4,23.5,8],"rotation":{"angle":-45,"axis":"y","origin":[16.65,8,8]},"faces":{"north":{"uv":[6.5,0,9.25,15.5],"texture":"#3"},"east":{"uv":[0,0,0,7.75],"texture":"#3"},"south":{"uv":[9.25,0,6.5,15.5],"texture":"#3"},"west":{"uv":[0,0,0,7.75],"texture":"#3"},"up":{"uv":[0,0,6,0],"texture":"#3"},"down":{"uv":[0,0,6,0],"texture":"#3"}}},{"from":[24.9,-7.5,8.1],"to":[30.4,23.5,8.1],"rotation":{"angle":-22.5,"axis":"y","origin":[16.75,8,8.1]},"faces":{"north":{"uv":[3.25,0,6,15.5],"texture":"#3"},"east":{"uv":[0,0,0,7.75],"texture":"#3"},"south":{"uv":[6,0,3.25,15.5],"texture":"#3"},"west":{"uv":[0,0,0,7.75],"texture":"#3"},"up":{"uv":[0,0,6,0],"texture":"#3"},"down":{"uv":[0,0,6,0],"texture":"#3"}}},{"from":[17,0,8.1],"to":[25,21,8.1],"rotation":{"angle":-22.5,"axis":"y","origin":[17,10.5,8.1]},"faces":{"north":{"uv":[4,0,8,10.5],"texture":"#1"},"east":{"uv":[0,0,0,7.75],"texture":"#1"},"south":{"uv":[8,0,4,10.5],"texture":"#1"},"west":{"uv":[0,0,0,7.75],"texture":"#1"},"up":{"uv":[0,0,6,0],"texture":"#1"},"down":{"uv":[0,0,6,0],"texture":"#1"}}},{"from":[25,-7.5,8.1],"to":[30.5,23.5,8.1],"rotation":{"angle":0,"axis":"y","origin":[16.75,8,8.1]},"faces":{"north":{"uv":[0,0,2.75,15.5],"texture":"#3"},"east":{"uv":[0,0,0,7.75],"texture":"#3"},"south":{"uv":[2.75,0,0,15.5],"texture":"#3"},"west":{"uv":[0,0,0,7.75],"texture":"#3"},"up":{"uv":[0,0,6,0],"texture":"#3"},"down":{"uv":[0,0,6,0],"texture":"#3"}}},{"from":[17,0,8.1],"to":[25,21,8.1],"rotation":{"angle":0,"axis":"y","origin":[17,10.5,8.1]},"faces":{"north":{"uv":[0,0,4,10.5],"texture":"#1"},"east":{"uv":[0,0,0,7.75],"texture":"#1"},"south":{"uv":[4,0,0,10.5],"texture":"#1"},"west":{"uv":[0,0,0,7.75],"texture":"#1"},"up":{"uv":[0,0,6,0],"texture":"#1"},"down":{"uv":[0,0,6,0],"texture":"#1"}}},{"from":[8,-7,8.1],"to":[17,24,8.1],"rotation":{"angle":0,"axis":"y","origin":[-2,10,8.2]},"faces":{"north":{"uv":[3.625,0,5.875,7.75],"texture":"#0"},"east":{"uv":[0,0,0,7.75],"texture":"#0"},"south":{"uv":[5.875,0,3.625,7.75],"texture":"#0"},"west":{"uv":[0,0,0,7.75],"texture":"#0"},"up":{"uv":[0,0,6,0],"texture":"#0"},"down":{"uv":[0,0,6,0],"texture":"#0"}}},{"from":[-1,-7,8.1],"to":[8,24,8.1],"rotation":{"angle":0,"axis":"y","origin":[18,10,8.2]},"faces":{"north":{"uv":[5.875,0,3.625,7.75],"texture":"#0"},"east":{"uv":[0,0,0,7.75],"texture":"#0"},"south":{"uv":[3.625,0,5.875,7.75],"texture":"#0"},"west":{"uv":[0,0,0,7.75],"texture":"#0"},"up":{"uv":[6,0,0,0],"texture":"#0"},"down":{"uv":[6,0,0,0],"texture":"#0"}}},{"from":[-9,0,8.1],"to":[-1,21,8.1],"rotation":{"angle":0,"axis":"y","origin":[-1,10.5,8.1]},"faces":{"north":{"uv":[4,0,0,10.5],"texture":"#1"},"east":{"uv":[0,0,0,7.75],"texture":"#1"},"south":{"uv":[0,0,4,10.5],"texture":"#1"},"west":{"uv":[0,0,0,7.75],"texture":"#1"},"up":{"uv":[6,0,0,0],"texture":"#1"},"down":{"uv":[6,0,0,0],"texture":"#1"}}},{"from":[-14.5,-7.5,8.1],"to":[-9,23.5,8.1],"rotation":{"angle":0,"axis":"y","origin":[-0.75,8,8.1]},"faces":{"north":{"uv":[2.75,0,0,15.5],"texture":"#3"},"east":{"uv":[0,0,0,7.75],"texture":"#3"},"south":{"uv":[0,0,2.75,15.5],"texture":"#3"},"west":{"uv":[0,0,0,7.75],"texture":"#3"},"up":{"uv":[6,0,0,0],"texture":"#3"},"down":{"uv":[6,0,0,0],"texture":"#3"}}},{"from":[-9,0,8.1],"to":[-1,21,8.1],"rotation":{"angle":22.5,"axis":"y","origin":[-1,10.5,8.1]},"faces":{"north":{"uv":[8,0,4,10.5],"texture":"#1"},"east":{"uv":[0,0,0,7.75],"texture":"#1"},"south":{"uv":[4,0,8,10.5],"texture":"#1"},"west":{"uv":[0,0,0,7.75],"texture":"#1"},"up":{"uv":[6,0,0,0],"texture":"#1"},"down":{"uv":[6,0,0,0],"texture":"#1"}}},{"from":[-14.4,-7.5,8.1],"to":[-8.9,23.5,8.1],"rotation":{"angle":22.5,"axis":"y","origin":[-0.75,8,8.1]},"faces":{"north":{"uv":[6,0,3.25,15.5],"texture":"#3"},"east":{"uv":[0,0,0,7.75],"texture":"#3"},"south":{"uv":[3.25,0,6,15.5],"texture":"#3"},"west":{"uv":[0,0,0,7.75],"texture":"#3"},"up":{"uv":[6,0,0,0],"texture":"#3"},"down":{"uv":[6,0,0,0],"texture":"#3"}}},{"from":[-14.4,-7.5,8],"to":[-8.9,23.5,8],"rotation":{"angle":45,"axis":"y","origin":[-0.65,8,8]},"faces":{"north":{"uv":[9.25,0,6.5,15.5],"texture":"#3"},"east":{"uv":[0,0,0,7.75],"texture":"#3"},"south":{"uv":[6.5,0,9.25,15.5],"texture":"#3"},"west":{"uv":[0,0,0,7.75],"texture":"#3"},"up":{"uv":[6,0,0,0],"texture":"#3"},"down":{"uv":[6,0,0,0],"texture":"#3"}}},{"from":[-9,0,8.1],"to":[-1,21,8.1],"rotation":{"angle":45,"axis":"y","origin":[-1,10.5,8.1]},"faces":{"north":{"uv":[12,0,8,10.5],"texture":"#1"},"east":{"uv":[0,0,0,7.75],"texture":"#1"},"south":{"uv":[8,0,12,10.5],"texture":"#1"},"west":{"uv":[0,0,0,7.75],"texture":"#1"},"up":{"uv":[6,0,0,0],"texture":"#1"},"down":{"uv":[6,0,0,0],"texture":"#1"}}},{"from":[-6.65,-7.5,13.76472],"to":[-6.65,23.5,19.26472],"rotation":{"angle":-22.5,"axis":"y","origin":[-6.65,8,14]},"faces":{"north":{"uv":[0,0,0,7.75],"texture":"#3"},"east":{"uv":[9.75,0,12.5,15.5],"texture":"#3"},"south":{"uv":[0,0,0,7.75],"texture":"#3"},"west":{"uv":[12.5,0,9.75,15.5],"texture":"#3"},"up":{"uv":[6,0,0,0],"rotation":270,"texture":"#3"},"down":{"uv":[6,0,0,0],"rotation":90,"texture":"#3"}}},{"from":[-6.65,-7.5,13.56472],"to":[-6.65,23.5,19.06472],"rotation":{"angle":-22.5,"axis":"y","origin":[-6.65,8,13.8]},"faces":{"north":{"uv":[0,0,0,7.75],"texture":"#3"},"east":{"uv":[9.75,0,12.5,15.5],"texture":"#3"},"south":{"uv":[0,0,0,7.75],"texture":"#3"},"west":{"uv":[12.5,0,9.75,15.5],"texture":"#3"},"up":{"uv":[6,0,0,0],"rotation":270,"texture":"#3"},"down":{"uv":[6,0,0,0],"rotation":90,"texture":"#3"}}},{"from":[-9,0,7.9],"to":[-1,21,7.9],"rotation":{"angle":45,"axis":"y","origin":[-1,10.5,7.9]},"faces":{"north":{"uv":[12,0,8,10.5],"texture":"#1"},"east":{"uv":[0,0,0,7.75],"texture":"#1"},"south":{"uv":[8,0,12,10.5],"texture":"#1"},"west":{"uv":[0,0,0,7.75],"texture":"#1"},"up":{"uv":[6,0,0,0],"texture":"#1"},"down":{"uv":[6,0,0,0],"texture":"#1"}}},{"from":[-14.4,-7.5,7.8],"to":[-8.9,23.5,7.8],"rotation":{"angle":45,"axis":"y","origin":[-0.65,8,7.8]},"faces":{"north":{"uv":[9.25,0,6.5,15.5],"texture":"#3"},"east":{"uv":[0,0,0,7.75],"texture":"#3"},"south":{"uv":[6.5,0,9.25,15.5],"texture":"#3"},"west":{"uv":[0,0,0,7.75],"texture":"#3"},"up":{"uv":[6,0,0,0],"texture":"#3"},"down":{"uv":[6,0,0,0],"texture":"#3"}}},{"from":[-14.4,-7.5,7.9],"to":[-8.9,23.5,7.9],"rotation":{"angle":22.5,"axis":"y","origin":[-0.75,8,7.9]},"faces":{"north":{"uv":[6,0,3.25,15.5],"texture":"#3"},"east":{"uv":[0,0,0,7.75],"texture":"#3"},"south":{"uv":[3.25,0,6,15.5],"texture":"#3"},"west":{"uv":[0,0,0,7.75],"texture":"#3"},"up":{"uv":[6,0,0,0],"texture":"#3"},"down":{"uv":[6,0,0,0],"texture":"#3"}}},{"from":[-9,0,7.9],"to":[-1,21,7.9],"rotation":{"angle":22.5,"axis":"y","origin":[-1,10.5,7.9]},"faces":{"north":{"uv":[8,0,4,10.5],"texture":"#1"},"east":{"uv":[0,0,0,7.75],"texture":"#1"},"south":{"uv":[4,0,8,10.5],"texture":"#1"},"west":{"uv":[0,0,0,7.75],"texture":"#1"},"up":{"uv":[6,0,0,0],"texture":"#1"},"down":{"uv":[6,0,0,0],"texture":"#1"}}},{"from":[-14.5,-7.5,7.9],"to":[-9,23.5,7.9],"rotation":{"angle":0,"axis":"y","origin":[-0.75,8,7.9]},"faces":{"north":{"uv":[2.75,0,0,15.5],"texture":"#3"},"east":{"uv":[0,0,0,7.75],"texture":"#3"},"south":{"uv":[0,0,2.75,15.5],"texture":"#3"},"west":{"uv":[0,0,0,7.75],"texture":"#3"},"up":{"uv":[6,0,0,0],"texture":"#3"},"down":{"uv":[6,0,0,0],"texture":"#3"}}},{"from":[-9,0,7.9],"to":[-1,21,7.9],"rotation":{"angle":0,"axis":"y","origin":[-1,10.5,7.9]},"faces":{"north":{"uv":[4,0,0,10.5],"texture":"#1"},"east":{"uv":[0,0,0,7.75],"texture":"#1"},"south":{"uv":[0,0,4,10.5],"texture":"#1"},"west":{"uv":[0,0,0,7.75],"texture":"#1"},"up":{"uv":[6,0,0,0],"texture":"#1"},"down":{"uv":[6,0,0,0],"texture":"#1"}}},{"from":[17,-12,8],"to":[28,3,8],"rotation":{"angle":0,"axis":"y","origin":[16,0,0]},"faces":{"north":{"uv":[11,0.5,0,15.5],"texture":"#4"},"east":{"uv":[0,0,0,2.5],"texture":"#4"},"south":{"uv":[0,0.5,11,15.5],"texture":"#4"},"west":{"uv":[0,0,0,2.5],"texture":"#4"},"up":{"uv":[0,0,2.75,0],"texture":"#4"},"down":{"uv":[0,0,2.75,0],"texture":"#4"}}},{"from":[-12,-12,8],"to":[-1,3,8],"faces":{"north":{"uv":[0,0.5,11,15.5],"texture":"#4"},"east":{"uv":[0,0,0,2.5],"texture":"#4"},"south":{"uv":[11,0.5,0,15.5],"texture":"#4"},"west":{"uv":[0,0,0,2.5],"texture":"#4"},"up":{"uv":[2.75,0,0,0],"texture":"#4"},"down":{"uv":[2.75,0,0,0],"texture":"#4"}}},{"from":[-4.5,-8,8],"to":[8.5,5,8],"rotation":{"angle":0,"axis":"y","origin":[0,0,16]},"faces":{"north":{"uv":[0.375,12.75,3.625,16],"texture":"#0"},"east":{"uv":[0,0,0,3.5],"texture":"#0"},"south":{"uv":[3.625,12.75,0.375,16],"texture":"#0"},"west":{"uv":[0,0,0,3.5],"texture":"#0"},"up":{"uv":[0,0,3.5,0],"texture":"#0"},"down":{"uv":[0,0,3.5,0],"texture":"#0"}}},{"from":[-1,-7,7.9],"to":[8,24,7.9],"rotation":{"angle":0,"axis":"y","origin":[18,10,8]},"faces":{"north":{"uv":[5.875,0,3.625,7.75],"texture":"#0"},"east":{"uv":[0,0,0,7.75],"texture":"#0"},"south":{"uv":[3.625,0,5.875,7.75],"texture":"#0"},"west":{"uv":[0,0,0,7.75],"texture":"#0"},"up":{"uv":[6,0,0,0],"texture":"#0"},"down":{"uv":[6,0,0,0],"texture":"#0"}}}],"gui_light":"front","display":{"thirdperson_righthand":{"rotation":[67.5,180,0],"translation":[0,0.75,1.25],"scale":[0.32031,0.32031,0.32031]},"thirdperson_lefthand":{"rotation":[68,0,0],"translation":[-5.25,-5.75,13.25],"scale":[1.15,1.15,1.15]},"firstperson_righthand":{"translation":[0.25,0.75,-2.25],"scale":[0.5,0.5,0.5]},"firstperson_lefthand":{"rotation":[0,-92,0],"translation":[0.5,3,2.25],"scale":[0,0,0]},"ground":{"rotation":[70,0,0],"translation":[0,5,0],"scale":[0.5,0.5,0.5]},"gui":{"scale":[0.38836,0.38836,0.38836]},"head":{"rotation":[5,0,0],"translation":[0,-7,7.5],"scale":[1.5,1.5,1.5]},"fixed":{"rotation":[0,180,0],"translation":[0,4.75,-1.75],"scale":[1.18391,1.18391,1.18391]}},"groups":[{"name":"group","origin":[18,10,8],"color":0,"boneType":"","children":[0,1,2,3,4,5,6,7,8,9,10,11,12,13,14,15,16,17,18,19,20,21,22,23,24,25,26,27,28,29,30,31,32,33,34,35]}]}