{
	"credit": "Made by PolygonMC",
	"texture_size": [28, 28],
	"textures": {
		"3": "pinkfairyset:animations/animations_02",
		"5": "pinkfairyset:bow"
	},
	"elements": [
		{
			"from": [7.5, 4.875, 7.5],
			"to": [8.5, 10.875, 8.5],
			"rotation": {"angle": 0, "axis": "y", "origin": [7.5, 4.075, 7.5]},
			"faces": {
				"north": {"uv": [8, 7.42857, 8.57143, 10.85714], "texture": "#5"},
				"east": {"uv": [8.57143, 0, 9.14286, 3.42857], "texture": "#5"},
				"south": {"uv": [8.57143, 7.42857, 9.14286, 10.85714], "texture": "#5"},
				"west": {"uv": [9.14286, 0, 9.71429, 3.42857], "texture": "#5"}
			}
		},
		{
			"from": [7.4, 5.875, 7.4],
			"to": [8.6, 6.375, 8.6],
			"rotation": {"angle": 0, "axis": "y", "origin": [7.5, 4.075, 7.5]},
			"faces": {
				"north": {"uv": [13.71429, 4.57143, 14.42857, 4.85714], "texture": "#5"},
				"east": {"uv": [5.14286, 13.71429, 5.85714, 14], "texture": "#5"},
				"south": {"uv": [13.71429, 5.14286, 14.42857, 5.42857], "texture": "#5"},
				"west": {"uv": [13.71429, 5.71429, 14.42857, 6], "texture": "#5"},
				"up": {"uv": [12.14286, 8.71429, 11.42857, 8], "texture": "#5"},
				"down": {"uv": [12.14286, 10.28571, 11.42857, 11], "texture": "#5"}
			}
		},
		{
			"from": [7.4, 9.625, 7.4],
			"to": [8.6, 10.125, 8.6],
			"rotation": {"angle": 0, "axis": "y", "origin": [7.5, 4.075, 7.5]},
			"faces": {
				"north": {"uv": [6.28571, 13.71429, 7, 14], "texture": "#5"},
				"east": {"uv": [13.71429, 6.28571, 14.42857, 6.57143], "texture": "#5"},
				"south": {"uv": [13.71429, 6.85714, 14.42857, 7.14286], "texture": "#5"},
				"west": {"uv": [13.71429, 7.42857, 14.42857, 7.71429], "texture": "#5"},
				"up": {"uv": [12.14286, 12.14286, 11.42857, 11.42857], "texture": "#5"},
				"down": {"uv": [1.85714, 12, 1.14286, 12.71429], "texture": "#5"}
			}
		},
		{
			"from": [7.4, 7.375, 7.4],
			"to": [8.6, 8.625, 8.6],
			"rotation": {"angle": 0, "axis": "y", "origin": [7.5, 4.075, 7.5]},
			"faces": {
				"north": {"uv": [12, 1.14286, 12.71429, 1.85714], "texture": "#5"},
				"east": {"uv": [2.28571, 12, 3, 12.71429], "texture": "#5"},
				"south": {"uv": [12, 3.42857, 12.71429, 4.14286], "texture": "#5"},
				"west": {"uv": [8, 12, 8.71429, 12.71429], "texture": "#5"},
				"up": {"uv": [9.85714, 12.71429, 9.14286, 12], "texture": "#5"},
				"down": {"uv": [12.71429, 9.14286, 12, 9.85714], "texture": "#5"}
			}
		},
		{
			"from": [7.4, 4.15, 7.4],
			"to": [8.6, 5.35, 8.6],
			"rotation": {"angle": -45, "axis": "x", "origin": [8, 4.75, 8]},
			"faces": {
				"north": {"uv": [10.28571, 12, 11, 12.71429], "texture": "#5"},
				"east": {"uv": [0, 12.57143, 0.71429, 13.28571], "texture": "#5"},
				"south": {"uv": [12.57143, 0, 13.28571, 0.71429], "texture": "#5"},
				"west": {"uv": [12.57143, 2.28571, 13.28571, 3], "texture": "#5"},
				"up": {"uv": [4.14286, 13.28571, 3.42857, 12.57143], "texture": "#5"},
				"down": {"uv": [5.28571, 12.57143, 4.57143, 13.28571], "texture": "#5"}
			}
		},
		{
			"from": [7.2, 4.35, 7.6],
			"to": [8.8, 5.15, 8.4],
			"rotation": {"angle": -45, "axis": "x", "origin": [8, 4.75, 8]},
			"faces": {
				"north": {"uv": [13.14286, 1.14286, 14, 1.57143], "texture": "#5"},
				"east": {"uv": [7.42857, 13.71429, 7.85714, 14.14286], "texture": "#5"},
				"south": {"uv": [13.14286, 1.71429, 14, 2.14286], "texture": "#5"},
				"west": {"uv": [13.71429, 8, 14.14286, 8.42857], "texture": "#5"},
				"up": {"uv": [14, 3.85714, 13.14286, 3.42857], "texture": "#5"},
				"down": {"uv": [14, 4, 13.14286, 4.42857], "texture": "#5"}
			}
		},
		{
			"from": [7.4, 10.65, 7.4],
			"to": [8.6, 11.85, 8.6],
			"rotation": {"angle": 45, "axis": "x", "origin": [8, 11.25, 8]},
			"faces": {
				"north": {"uv": [12.57143, 5.71429, 13.28571, 6.42857], "texture": "#5"},
				"east": {"uv": [6.85714, 12.57143, 7.57143, 13.28571], "texture": "#5"},
				"south": {"uv": [12.57143, 6.85714, 13.28571, 7.57143], "texture": "#5"},
				"west": {"uv": [12.57143, 8, 13.28571, 8.71429], "texture": "#5"},
				"up": {"uv": [13.28571, 11, 12.57143, 10.28571], "texture": "#5"},
				"down": {"uv": [12.14286, 12.57143, 11.42857, 13.28571], "texture": "#5"}
			}
		},
		{
			"from": [7.2, 10.85, 7.6],
			"to": [8.8, 11.65, 8.4],
			"rotation": {"angle": 45, "axis": "x", "origin": [8, 11.25, 8]},
			"faces": {
				"north": {"uv": [13.14286, 9.71429, 14, 10.14286], "texture": "#5"},
				"east": {"uv": [9.71429, 13.71429, 10.14286, 14.14286], "texture": "#5"},
				"south": {"uv": [12.57143, 13.14286, 13.42857, 13.57143], "texture": "#5"},
				"west": {"uv": [10.28571, 13.71429, 10.71429, 14.14286], "texture": "#5"},
				"up": {"uv": [0.85714, 14.14286, 0, 13.71429], "texture": "#5"},
				"down": {"uv": [14.57143, 0, 13.71429, 0.42857], "texture": "#5"}
			}
		},
		{
			"from": [7.35, 11.15, 7.4],
			"to": [8.65, 13.35, 9.6],
			"rotation": {"angle": -45, "axis": "x", "origin": [8, 11.75, 8]},
			"faces": {
				"north": {"uv": [5.71429, 9.71429, 6.42857, 11], "texture": "#5"},
				"east": {"uv": [8.57143, 3.42857, 9.85714, 4.71429], "texture": "#5"},
				"south": {"uv": [6.85714, 9.71429, 7.57143, 11], "texture": "#5"},
				"west": {"uv": [9.14286, 7.42857, 10.42857, 8.71429], "texture": "#5"},
				"up": {"uv": [11, 3.57143, 10.28571, 2.28571], "texture": "#5"},
				"down": {"uv": [9.85714, 10.28571, 9.14286, 11.57143], "texture": "#5"}
			}
		},
		{
			"from": [7.1, 11.4, 7.65],
			"to": [8.9, 13.1, 9.35],
			"rotation": {"angle": -45, "axis": "x", "origin": [8, 11.75, 8]},
			"faces": {
				"north": {"uv": [9.14286, 9.14286, 10.14286, 10.14286], "texture": "#5"},
				"east": {"uv": [0, 9.71429, 1, 10.71429], "texture": "#5"},
				"south": {"uv": [9.71429, 0, 10.71429, 1], "texture": "#5"},
				"west": {"uv": [1.14286, 9.71429, 2.14286, 10.71429], "texture": "#5"},
				"up": {"uv": [10.71429, 2.14286, 9.71429, 1.14286], "texture": "#5"},
				"down": {"uv": [3.28571, 9.71429, 2.28571, 10.71429], "texture": "#5"}
			}
		},
		{
			"from": [7.5, 11.92075, 5.34675],
			"to": [8.5, 12.92075, 7.34675],
			"rotation": {"angle": 0, "axis": "x", "origin": [8, 12.51676, 6.41522]},
			"faces": {
				"north": {"uv": [11.42857, 1.14286, 12, 1.71429], "texture": "#5"},
				"east": {"uv": [10.85714, 1.71429, 12, 2.28571], "texture": "#5"},
				"west": {"uv": [10.85714, 7.42857, 12, 8], "texture": "#5"},
				"down": {"uv": [10.28571, 2.28571, 9.71429, 3.42857], "texture": "#5"}
			}
		},
		{
			"from": [7.595, 11.47426, 5.50522],
			"to": [8.405, 12.28426, 7.12522],
			"rotation": {"angle": -22.5, "axis": "x", "origin": [8, 12.51676, 6.41522]},
			"faces": {
				"north": {"uv": [13.71429, 8.57143, 14.14286, 9], "texture": "#5"},
				"east": {"uv": [13.14286, 9.14286, 14, 9.57143], "texture": "#5"},
				"west": {"uv": [9.71429, 13.14286, 10.57143, 13.57143], "texture": "#5"},
				"down": {"uv": [9, 10.85714, 8.57143, 11.71429], "texture": "#5"}
			}
		},
		{
			"from": [7.43, 12.46825, 4.89515],
			"to": [8.57, 13.60825, 7.17515],
			"rotation": {"angle": 22.5, "axis": "x", "origin": [8, 12.51676, 6.41522]},
			"faces": {
				"north": {"uv": [12.57143, 4.57143, 13.28571, 5.28571], "texture": "#5"},
				"east": {"uv": [10.28571, 4, 11.57143, 4.71429], "texture": "#5"},
				"south": {"uv": [5.71429, 12.57143, 6.42857, 13.28571], "texture": "#5"},
				"west": {"uv": [10.28571, 9.14286, 11.57143, 9.85714], "texture": "#5"},
				"up": {"uv": [11, 11.57143, 10.28571, 10.28571], "texture": "#5"},
				"down": {"uv": [0.71429, 10.85714, 0, 12.14286], "texture": "#5"}
			}
		},
		{
			"from": [7.95, 14.975, 9.3],
			"to": [8.05, 23.475, 16.8],
			"rotation": {"angle": -22.5, "axis": "x", "origin": [7.98, 19.225, 13.425]},
			"faces": {
				"east": {"uv": [8.28571, 0, 4, 4.85714], "texture": "#5"},
				"west": {"uv": [4, 0, 8.28571, 4.85714], "texture": "#5"}
			}
		},
		{
			"from": [7.5, 12.68254, 8.14462],
			"to": [8.5, 15.18254, 8.64462],
			"rotation": {"angle": 45, "axis": "x", "origin": [8, 14.18254, 8.14462]},
			"faces": {
				"north": {"uv": [3.42857, 9.71429, 4, 11.14286], "texture": "#5"},
				"east": {"uv": [2.28571, 13.14286, 2.57143, 14.57143], "texture": "#5"},
				"south": {"uv": [10.85714, 0, 11.42857, 1.42857], "texture": "#5"},
				"west": {"uv": [2.85714, 13.14286, 3.14286, 14.57143], "texture": "#5"}
			}
		},
		{
			"from": [7.75, 12.68254, 7.64462],
			"to": [8.25, 15.18254, 8.14462],
			"rotation": {"angle": 45, "axis": "x", "origin": [8, 14.18254, 8.14462]},
			"faces": {
				"north": {"uv": [8, 13.14286, 8.28571, 14.57143], "texture": "#5"},
				"east": {"uv": [8.57143, 13.14286, 8.85714, 14.57143], "texture": "#5"},
				"west": {"uv": [9.14286, 13.14286, 9.42857, 14.57143], "texture": "#5"}
			}
		},
		{
			"from": [7.5, 15.59, 8.9417],
			"to": [8.5, 16.09, 10.9417],
			"rotation": {"angle": -22.5, "axis": "x", "origin": [8, 17.54, 9.8917]},
			"faces": {
				"north": {"uv": [13.71429, 10.28571, 14.28571, 10.57143], "texture": "#5"},
				"east": {"uv": [13.71429, 2.28571, 14.85714, 2.57143], "texture": "#5"},
				"west": {"uv": [13.71429, 2.85714, 14.85714, 3.14286], "texture": "#5"},
				"up": {"uv": [8.57143, 12, 8, 10.85714], "texture": "#5"},
				"down": {"uv": [11.42857, 8, 10.85714, 9.14286], "texture": "#5"}
			}
		},
		{
			"from": [7.75, 16.09, 8.9417],
			"to": [8.25, 16.59, 10.9417],
			"rotation": {"angle": -22.5, "axis": "x", "origin": [8, 17.54, 9.8917]},
			"faces": {
				"north": {"uv": [13.71429, 10.85714, 14, 11.14286], "texture": "#5"},
				"east": {"uv": [13.71429, 0.57143, 14.85714, 0.85714], "texture": "#5"},
				"west": {"uv": [1.14286, 13.71429, 2.28571, 14], "texture": "#5"},
				"up": {"uv": [11.14286, 14.28571, 10.85714, 13.14286], "texture": "#5"}
			}
		},
		{
			"from": [7.4, 14.75, 8.325],
			"to": [8.6, 16.25, 9.825],
			"rotation": {"angle": -45, "axis": "x", "origin": [8, 15.75, 9.325]},
			"faces": {
				"north": {"uv": [11.42857, 0, 12.14286, 0.85714], "texture": "#5"},
				"east": {"uv": [1.14286, 10.85714, 2, 11.71429], "texture": "#5"},
				"south": {"uv": [11.42857, 2.28571, 12.14286, 3.14286], "texture": "#5"},
				"west": {"uv": [2.28571, 10.85714, 3.14286, 11.71429], "texture": "#5"},
				"up": {"uv": [6.42857, 12.28571, 5.71429, 11.42857], "texture": "#5"},
				"down": {"uv": [7.57143, 11.42857, 6.85714, 12.28571], "texture": "#5"}
			}
		},
		{
			"from": [7.2, 15, 8.575],
			"to": [8.8, 16, 9.575],
			"rotation": {"angle": -45, "axis": "x", "origin": [8, 15.75, 9.325]},
			"faces": {
				"north": {"uv": [12.57143, 11.42857, 13.42857, 12], "texture": "#5"},
				"east": {"uv": [3.42857, 11.42857, 4, 12], "texture": "#5"},
				"south": {"uv": [12.57143, 12, 13.42857, 12.57143], "texture": "#5"},
				"west": {"uv": [11.42857, 3.42857, 12, 4], "texture": "#5"},
				"up": {"uv": [13.42857, 13.14286, 12.57143, 12.57143], "texture": "#5"},
				"down": {"uv": [2, 13.14286, 1.14286, 13.71429], "texture": "#5"}
			}
		},
		{
			"from": [7.475, 16.6, 11.025],
			"to": [8.525, 17.6, 12.025],
			"rotation": {"angle": -45, "axis": "x", "origin": [8, 16.85, 12.025]},
			"faces": {
				"north": {"uv": [3.42857, 12, 4, 12.57143], "texture": "#5"},
				"east": {"uv": [12, 4.57143, 12.57143, 5.14286], "texture": "#5"},
				"south": {"uv": [12, 7.42857, 12.57143, 8], "texture": "#5"},
				"west": {"uv": [3.42857, 13.71429, 4, 14.28571], "texture": "#5"},
				"up": {"uv": [4.57143, 14.28571, 4, 13.71429], "texture": "#5"},
				"down": {"uv": [5.14286, 13.71429, 4.57143, 14.28571], "texture": "#5"}
			}
		},
		{
			"from": [7.985, 9.75, -0.25],
			"to": [8.015, 13.25, 7.75],
			"rotation": {"angle": 0, "axis": "x", "origin": [7.985, 13.25, -2.25]},
			"faces": {
				"east": {"uv": [12.57143, 5.14286, 8, 7.14286], "texture": "#5"},
				"west": {"uv": [8, 5.14286, 12.57143, 7.14286], "texture": "#5"}
			}
		},
		{
			"from": [7.985, 14.10165, 2.5552],
			"to": [8.015, 17.60165, 10.5552],
			"rotation": {"angle": -22.5, "axis": "x", "origin": [8.485, 17.60165, 7.4802]},
			"faces": {
				"east": {"uv": [7.71429, 5.14286, 5.71429, 9.71429], "rotation": 90, "texture": "#5"},
				"west": {"uv": [7.71429, 9.71429, 5.71429, 5.14286], "rotation": 90, "texture": "#5"}
			}
		},
		{
			"from": [7.6, 15.475, 9.8],
			"to": [7.6, 23.975, 16.8],
			"rotation": {"angle": -22.5, "axis": "x", "origin": [8, 19.225, 13.425]},
			"faces": {
				"west": {"uv": [9.33333, 0, 0, 11.33333], "texture": "#3"}
			}
		},
		{
			"from": [8.4, 15.475, 9.8],
			"to": [8.4, 23.975, 16.8],
			"rotation": {"angle": -22.5, "axis": "x", "origin": [8, 19.225, 13.425]},
			"faces": {
				"east": {"uv": [0, 0, 9.33333, 11.33333], "texture": "#3"}
			}
		},
		{
			"from": [8.4, -7.975, 9.8],
			"to": [8.4, 0.525, 16.8],
			"rotation": {"angle": 22.5, "axis": "x", "origin": [8, -3.225, 13.425]},
			"faces": {
				"east": {"uv": [0, 11.33333, 9.33333, 0], "texture": "#3"}
			}
		},
		{
			"from": [7.6, -7.975, 9.8],
			"to": [7.6, 0.525, 16.8],
			"rotation": {"angle": 22.5, "axis": "x", "origin": [8, -3.225, 13.425]},
			"faces": {
				"west": {"uv": [9.33333, 11.33333, 0, 0], "texture": "#3"}
			}
		},
		{
			"from": [7.985, -0.375, 11.5],
			"to": [8.015, 16.375, 18],
			"rotation": {"angle": 0, "axis": "y", "origin": [7.985, -0.125, 11.5]},
			"faces": {
				"east": {"uv": [3.71429, 0, 0, 9.57143], "texture": "#5"},
				"west": {"uv": [0, 0, 3.71429, 9.57143], "texture": "#5"}
			}
		},
		{
			"from": [6.875, 7.985, -1.25],
			"to": [9.125, 8.015, 11.75],
			"rotation": {"angle": 45, "axis": "z", "origin": [8, 8, 5.25]},
			"faces": {
				"up": {"uv": [16, 10.85714, 14.71429, 3.42857], "texture": "#5"},
				"down": {"uv": [16, 3.42857, 14.71429, 10.85714], "texture": "#5"}
			}
		},
		{
			"from": [6.875, 7.985, -1.25],
			"to": [9.125, 8.015, 11.75],
			"rotation": {"angle": -45, "axis": "z", "origin": [8, 8, 5.25]},
			"faces": {
				"up": {"uv": [16, 3.42857, 14.71429, 10.85714], "rotation": 180, "texture": "#5"},
				"down": {"uv": [16, 10.85714, 14.71429, 3.42857], "rotation": 180, "texture": "#5"}
			}
		},
		{
			"from": [7.985, 13.2, 7.8],
			"to": [8.015, 16.2, 9.3],
			"rotation": {"angle": 22.5, "axis": "x", "origin": [7.985, 13.2, 7.8]},
			"faces": {
				"east": {"uv": [16, 0, 15.14286, 1.71429], "texture": "#5"},
				"west": {"uv": [15.14286, 0, 16, 1.71429], "texture": "#5"}
			}
		},
		{
			"from": [7.35, 2.65, 7.4],
			"to": [8.65, 4.85, 9.6],
			"rotation": {"angle": 45, "axis": "x", "origin": [8, 4.25, 8]},
			"faces": {
				"north": {"uv": [5.71429, 11, 6.42857, 9.71429], "texture": "#5"},
				"east": {"uv": [8.57143, 4.71429, 9.85714, 3.42857], "texture": "#5"},
				"south": {"uv": [6.85714, 11, 7.57143, 9.71429], "texture": "#5"},
				"west": {"uv": [9.14286, 8.71429, 10.42857, 7.42857], "texture": "#5"},
				"up": {"uv": [9.85714, 11.57143, 9.14286, 10.28571], "texture": "#5"},
				"down": {"uv": [11, 2.28571, 10.28571, 3.57143], "texture": "#5"}
			}
		},
		{
			"from": [7.1, 2.9, 7.65],
			"to": [8.9, 4.6, 9.35],
			"rotation": {"angle": 45, "axis": "x", "origin": [8, 4.25, 8]},
			"faces": {
				"north": {"uv": [9.14286, 10.14286, 10.14286, 9.14286], "texture": "#5"},
				"east": {"uv": [0, 10.71429, 1, 9.71429], "texture": "#5"},
				"south": {"uv": [9.71429, 1, 10.71429, 0], "texture": "#5"},
				"west": {"uv": [1.14286, 10.71429, 2.14286, 9.71429], "texture": "#5"},
				"up": {"uv": [3.28571, 10.71429, 2.28571, 9.71429], "texture": "#5"},
				"down": {"uv": [10.71429, 1.14286, 9.71429, 2.14286], "texture": "#5"}
			}
		},
		{
			"from": [7.5, 3.07925, 5.34675],
			"to": [8.5, 4.07925, 7.34675],
			"rotation": {"angle": 0, "axis": "x", "origin": [8, 3.48324, 6.41522]},
			"faces": {
				"north": {"uv": [11.42857, 1.71429, 12, 1.14286], "texture": "#5"},
				"east": {"uv": [10.85714, 2.28571, 12, 1.71429], "texture": "#5"},
				"west": {"uv": [10.85714, 8, 12, 7.42857], "texture": "#5"},
				"up": {"uv": [10.28571, 3.42857, 9.71429, 2.28571], "texture": "#5"}
			}
		},
		{
			"from": [7.595, 3.71574, 5.50522],
			"to": [8.405, 4.52574, 7.12522],
			"rotation": {"angle": 22.5, "axis": "x", "origin": [8, 3.48324, 6.41522]},
			"faces": {
				"north": {"uv": [13.71429, 9, 14.14286, 8.57143], "texture": "#5"},
				"east": {"uv": [13.14286, 9.57143, 14, 9.14286], "texture": "#5"},
				"west": {"uv": [9.71429, 13.57143, 10.57143, 13.14286], "texture": "#5"},
				"up": {"uv": [9, 11.71429, 8.57143, 10.85714], "texture": "#5"}
			}
		},
		{
			"from": [7.43, 2.39175, 4.89515],
			"to": [8.57, 3.53175, 7.17515],
			"rotation": {"angle": -22.5, "axis": "x", "origin": [8, 3.48324, 6.41522]},
			"faces": {
				"north": {"uv": [12.57143, 5.28571, 13.28571, 4.57143], "texture": "#5"},
				"east": {"uv": [10.28571, 4.71429, 11.57143, 4], "texture": "#5"},
				"south": {"uv": [5.71429, 13.28571, 6.42857, 12.57143], "texture": "#5"},
				"west": {"uv": [10.28571, 9.85714, 11.57143, 9.14286], "texture": "#5"},
				"up": {"uv": [0.71429, 12.14286, 0, 10.85714], "texture": "#5"},
				"down": {"uv": [11, 10.28571, 10.28571, 11.57143], "texture": "#5"}
			}
		},
		{
			"from": [7.95, -7.475, 9.3],
			"to": [8.05, 1.025, 16.8],
			"rotation": {"angle": 22.5, "axis": "x", "origin": [7.98, -3.225, 13.425]},
			"faces": {
				"east": {"uv": [8.28571, 4.85714, 4, 0], "texture": "#5"},
				"west": {"uv": [4, 4.85714, 8.28571, 0], "texture": "#5"}
			}
		},
		{
			"from": [7.5, 0.81746, 8.14462],
			"to": [8.5, 3.31746, 8.64462],
			"rotation": {"angle": -45, "axis": "x", "origin": [8, 1.81746, 8.14462]},
			"faces": {
				"north": {"uv": [3.42857, 11.14286, 4, 9.71429], "texture": "#5"},
				"east": {"uv": [2.28571, 14.57143, 2.57143, 13.14286], "texture": "#5"},
				"south": {"uv": [10.85714, 1.42857, 11.42857, 0], "texture": "#5"},
				"west": {"uv": [2.85714, 14.57143, 3.14286, 13.14286], "texture": "#5"}
			}
		},
		{
			"from": [7.75, 0.81746, 7.64462],
			"to": [8.25, 3.31746, 8.14462],
			"rotation": {"angle": -45, "axis": "x", "origin": [8, 1.81746, 8.14462]},
			"faces": {
				"north": {"uv": [8, 14.57143, 8.28571, 13.14286], "texture": "#5"},
				"east": {"uv": [8.57143, 14.57143, 8.85714, 13.14286], "texture": "#5"},
				"west": {"uv": [9.14286, 14.57143, 9.42857, 13.14286], "texture": "#5"}
			}
		},
		{
			"from": [7.4, -0.25, 8.325],
			"to": [8.6, 1.25, 9.825],
			"rotation": {"angle": 45, "axis": "x", "origin": [8, 0.25, 9.325]},
			"faces": {
				"north": {"uv": [11.42857, 0.85714, 12.14286, 0], "texture": "#5"},
				"east": {"uv": [1.14286, 11.71429, 2, 10.85714], "texture": "#5"},
				"south": {"uv": [11.42857, 3.14286, 12.14286, 2.28571], "texture": "#5"},
				"west": {"uv": [2.28571, 11.71429, 3.14286, 10.85714], "texture": "#5"},
				"up": {"uv": [7.57143, 12.28571, 6.85714, 11.42857], "texture": "#5"},
				"down": {"uv": [6.42857, 11.42857, 5.71429, 12.28571], "texture": "#5"}
			}
		},
		{
			"from": [7.2, 0, 8.575],
			"to": [8.8, 1, 9.575],
			"rotation": {"angle": 45, "axis": "x", "origin": [8, 0.25, 9.325]},
			"faces": {
				"north": {"uv": [12.57143, 12, 13.42857, 11.42857], "texture": "#5"},
				"east": {"uv": [3.42857, 12, 4, 11.42857], "texture": "#5"},
				"south": {"uv": [12.57143, 12.57143, 13.42857, 12], "texture": "#5"},
				"west": {"uv": [11.42857, 4, 12, 3.42857], "texture": "#5"},
				"up": {"uv": [2, 13.71429, 1.14286, 13.14286], "texture": "#5"},
				"down": {"uv": [13.42857, 12.57143, 12.57143, 13.14286], "texture": "#5"}
			}
		},
		{
			"from": [7.75, -0.59, 8.9417],
			"to": [8.25, -0.09, 10.9417],
			"rotation": {"angle": 22.5, "axis": "x", "origin": [8, -1.54, 9.8917]},
			"faces": {
				"north": {"uv": [13.71429, 11.14286, 14, 10.85714], "texture": "#5"},
				"east": {"uv": [13.71429, 0.85714, 14.85714, 0.57143], "texture": "#5"},
				"west": {"uv": [1.14286, 14, 2.28571, 13.71429], "texture": "#5"},
				"down": {"uv": [11.14286, 13.14286, 10.85714, 14.28571], "texture": "#5"}
			}
		},
		{
			"from": [7.5, -0.09, 8.9417],
			"to": [8.5, 0.41, 10.9417],
			"rotation": {"angle": 22.5, "axis": "x", "origin": [8, -1.54, 9.8917]},
			"faces": {
				"north": {"uv": [13.71429, 10.57143, 14.28571, 10.28571], "texture": "#5"},
				"east": {"uv": [13.71429, 2.57143, 14.85714, 2.28571], "texture": "#5"},
				"west": {"uv": [13.71429, 3.14286, 14.85714, 2.85714], "texture": "#5"},
				"up": {"uv": [11.42857, 9.14286, 10.85714, 8], "texture": "#5"},
				"down": {"uv": [8.57143, 10.85714, 8, 12], "texture": "#5"}
			}
		},
		{
			"from": [7.985, -1.60165, 2.5552],
			"to": [8.015, 1.89835, 10.5552],
			"rotation": {"angle": 22.5, "axis": "x", "origin": [8.485, -1.60165, 7.4802]},
			"faces": {
				"east": {"uv": [5.71429, 5.14286, 7.71429, 9.71429], "rotation": 90, "texture": "#5"},
				"west": {"uv": [5.71429, 9.71429, 7.71429, 5.14286], "rotation": 90, "texture": "#5"}
			}
		},
		{
			"from": [7.985, 2.75, -0.25],
			"to": [8.015, 6.25, 7.75],
			"rotation": {"angle": 0, "axis": "x", "origin": [7.985, 2.75, -2.25]},
			"faces": {
				"east": {"uv": [12.57143, 7.14286, 8, 5.14286], "texture": "#5"},
				"west": {"uv": [8, 7.14286, 12.57143, 5.14286], "texture": "#5"}
			}
		},
		{
			"from": [7.985, -0.2, 7.8],
			"to": [8.015, 2.8, 9.3],
			"rotation": {"angle": -22.5, "axis": "x", "origin": [7.985, 2.8, 7.8]},
			"faces": {
				"east": {"uv": [16, 1.71429, 15.14286, 0], "texture": "#5"},
				"west": {"uv": [15.14286, 1.71429, 16, 0], "texture": "#5"}
			}
		}
	],
	"gui_light": "front",
	"display": {
		"thirdperson_righthand": {
			"translation": [0, -2, 1]
		},
		"thirdperson_lefthand": {
			"translation": [0, -2, 1]
		},
		"firstperson_righthand": {
			"rotation": [20, 19, 0],
			"translation": [0.75, 2.5, -0.5]
		},
		"firstperson_lefthand": {
			"rotation": [20, -20, 0],
			"translation": [2.75, 2.75, 0]
		},
		"ground": {
			"rotation": [45, 0, 0],
			"translation": [0, 9.5, 0]
		},
		"gui": {
			"rotation": [90, 45, 90],
			"translation": [-2.5, 2.5, 0],
			"scale": [0.69531, 0.69531, 0.69531]
		},
		"head": {
			"rotation": [-90, 135, 90]
		},
		"fixed": {
			"rotation": [0, 90, 0],
			"translation": [0, 0, -1.75],
			"scale": [2, 2, 2]
		}
	}
}