{"credit":"119881 / 77369Q04BDID","texture_size":[44,44],"textures":{"0":"pinkfairyset:chest","1":"pinkfairyset:animations/animations_pickaxe","particle":"pinkfairyset:animations/animations_pickaxe"},"elements":[{"from":[3.25,7.71825,3.25],"to":[12.75,8.46825,12.75],"rotation":{"angle":0,"axis":"y","origin":[0,-0.03175,0]},"faces":{"north":{"uv":[11.27273,9.09091,14.72727,9.36364],"texture":"#0"},"east":{"uv":[11.27273,9.45455,14.72727,9.72727],"texture":"#0"},"south":{"uv":[11.27273,11.27273,14.72727,11.54545],"texture":"#0"},"west":{"uv":[11.27273,11.63636,14.72727,11.90909],"texture":"#0"},"up":{"uv":[3.45455,3.45455,0,0],"texture":"#0"},"down":{"uv":[3.45455,3.63636,0,7.09091],"texture":"#0"}}},{"from":[3.95,8.46825,3.95],"to":[12.05,10.62825,12.05],"rotation":{"angle":0,"axis":"y","origin":[-0.64,-0.71175,-0.64]},"faces":{"north":{"uv":[0,9.81818,2.90909,10.63636],"texture":"#0"},"east":{"uv":[2.90909,9.81818,5.81818,10.63636],"texture":"#0"},"south":{"uv":[9.81818,3.27273,12.72727,4.09091],"texture":"#0"},"west":{"uv":[9.81818,4.36364,12.72727,5.18182],"texture":"#0"},"up":{"uv":[9.81818,6.18182,6.90909,3.27273],"texture":"#0"}}},{"from":[10.16,8.08486,3.41],"to":[11.942,11.32486,12.59],"rotation":{"angle":-22.5,"axis":"z","origin":[10.7,10.19086,3.41]},"faces":{"north":{"uv":[5.09091,10.90909,5.72727,12.09091],"texture":"#0"},"east":{"uv":[6.90909,6.18182,10.27273,7.36364],"texture":"#0"},"south":{"uv":[5.09091,12.36364,5.72727,13.54545],"texture":"#0"},"west":{"uv":[0,7.27273,3.36364,8.45455],"texture":"#0"},"up":{"uv":[11.18182,9.54545,10.54545,6.18182],"texture":"#0"}}},{"from":[6.65,8.81386,3.43],"to":[9.35,11.51386,12.57],"rotation":{"angle":45,"axis":"z","origin":[8,10.16386,8]},"faces":{"north":{"uv":[4,10.90909,5,11.90909],"texture":"#0"},"east":{"uv":[6.90909,7.63636,10.27273,8.63636],"texture":"#0"},"south":{"uv":[11.27273,7.63636,12.27273,8.63636],"texture":"#0"},"west":{"uv":[0,8.72727,3.36364,9.72727],"texture":"#0"},"up":{"uv":[6.90909,7.63636,10.27273,8.63636],"rotation":90,"texture":"#0"},"down":{"uv":[9,8.72727,8,12.09091],"texture":"#0"}}},{"from":[9.725,9.21825,7],"to":[12.725,11.71825,9],"rotation":{"angle":-22.5,"axis":"z","origin":[11.225,10.71825,8]},"faces":{"north":{"uv":[9.09091,11.27273,10.18182,12.18182],"texture":"#0"},"east":{"uv":[6.54545,12.36364,7.27273,13.27273],"texture":"#0"},"south":{"uv":[10.18182,11.27273,11.27273,12.18182],"texture":"#0"},"west":{"uv":[7.27273,12.36364,8,13.27273],"texture":"#0"},"up":{"uv":[5.09091,12.72727,4,12],"texture":"#0"}}},{"from":[12.75,7.96825,3.5],"to":[14,7.99825,12.5],"rotation":{"angle":0,"axis":"y","origin":[9.25,4.21825,0]},"faces":{"up":{"uv":[3.72727,14.18182,3.27273,10.90909],"texture":"#0"},"down":{"uv":[3.72727,14.18182,3.27273,10.90909],"texture":"#0"}}},{"from":[3.275,9.21825,7],"to":[6.275,11.71825,9],"rotation":{"angle":22.5,"axis":"z","origin":[4.775,10.71825,8]},"faces":{"north":{"uv":[10.18182,11.27273,9.09091,12.18182],"texture":"#0"},"east":{"uv":[8,12.36364,7.27273,13.27273],"texture":"#0"},"south":{"uv":[11.27273,11.27273,10.18182,12.18182],"texture":"#0"},"west":{"uv":[7.27273,12.36364,6.54545,13.27273],"texture":"#0"},"up":{"uv":[4,12.72727,5.09091,12],"texture":"#0"}}},{"from":[4.058,8.08486,3.41],"to":[5.84,11.32486,12.59],"rotation":{"angle":22.5,"axis":"z","origin":[5.3,10.19086,3.41]},"faces":{"north":{"uv":[5.72727,10.90909,5.09091,12.09091],"texture":"#0"},"east":{"uv":[3.36364,7.27273,0,8.45455],"texture":"#0"},"south":{"uv":[5.72727,12.36364,5.09091,13.54545],"texture":"#0"},"west":{"uv":[10.27273,6.18182,6.90909,7.36364],"texture":"#0"},"up":{"uv":[10.54545,9.54545,11.18182,6.18182],"texture":"#0"}}},{"from":[2,7.96825,3.5],"to":[3.25,7.99825,12.5],"rotation":{"angle":0,"axis":"y","origin":[6.75,4.21825,0]},"faces":{"up":{"uv":[3.27273,14.18182,3.72727,10.90909],"texture":"#0"},"down":{"uv":[3.27273,14.18182,3.72727,10.90909],"texture":"#0"}}},{"from":[12.34299,10.19616,8.5],"to":[12.37299,13.94616,15.5],"rotation":{"angle":-22.5,"axis":"z","origin":[12.33299,13.32116,8]},"faces":{"east":{"uv":[0,7.5,14,0],"texture":"#1"},"west":{"uv":[14,7.5,0,0],"texture":"#1"}}},{"from":[12.34299,10.19616,0.5],"to":[12.37299,13.94616,7.5],"rotation":{"angle":-22.5,"axis":"z","origin":[12.33299,13.32116,8]},"faces":{"east":{"uv":[14,7.5,0,0],"texture":"#1"},"west":{"uv":[0,7.5,14,0],"texture":"#1"}}},{"from":[3.62701,10.19616,8.5],"to":[3.65701,13.94616,15.5],"rotation":{"angle":22.5,"axis":"z","origin":[3.66701,13.32116,8]},"faces":{"east":{"uv":[0,7.5,14,0],"texture":"#1"},"west":{"uv":[14,7.5,0,0],"texture":"#1"}}},{"from":[3.62701,10.19616,0.5],"to":[3.65701,13.94616,7.5],"rotation":{"angle":22.5,"axis":"z","origin":[3.66701,13.32116,8]},"faces":{"east":{"uv":[14,7.5,0,0],"texture":"#1"},"west":{"uv":[0,7.5,14,0],"texture":"#1"}}},{"from":[11.75,4.46825,3.25],"to":[12.75,7.46825,4.25],"rotation":{"angle":0,"axis":"z","origin":[13.25,5.46825,2.75]},"faces":{"north":{"uv":[6.54545,9.81818,6.90909,10.90909],"texture":"#0"},"east":{"uv":[6.54545,10.90909,6.90909,12],"texture":"#0"},"south":{"uv":[12.36364,7.63636,12.72727,8.72727],"texture":"#0"},"west":{"uv":[8,12.36364,8.36364,13.45455],"texture":"#0"},"up":{"uv":[6.90909,12.36364,6.54545,12],"texture":"#0"},"down":{"uv":[0.36364,12.72727,0,13.09091],"texture":"#0"}}},{"from":[11.75,3.21825,3],"to":[13,4.46825,4.25],"rotation":{"angle":0,"axis":"y","origin":[16,3.21825,0]},"faces":{"north":{"uv":[8.36364,12.36364,8.81818,12.81818],"texture":"#0"},"east":{"uv":[9.09091,12.36364,9.54545,12.81818],"texture":"#0"},"south":{"uv":[9.81818,12.36364,10.27273,12.81818],"texture":"#0"},"west":{"uv":[10.54545,12.36364,11,12.81818],"texture":"#0"},"up":{"uv":[12.81818,11,12.36364,10.54545],"texture":"#0"},"down":{"uv":[11.72727,12.36364,11.27273,12.81818],"texture":"#0"}}},{"from":[4.25,3.21825,3.25],"to":[11.75,4.46825,4.25],"rotation":{"angle":0,"axis":"y","origin":[15.75,3.21825,0]},"faces":{"north":{"uv":[11.27273,6.18182,14,6.63636],"texture":"#0"},"east":{"uv":[12,12.36364,12.36364,12.81818],"texture":"#0"},"south":{"uv":[11.27273,6.90909,14,7.36364],"texture":"#0"},"west":{"uv":[12.36364,12.36364,12.72727,12.81818],"texture":"#0"},"up":{"uv":[12.90909,3.27273,10.18182,2.90909],"texture":"#0"},"down":{"uv":[14,8.72727,11.27273,9.09091],"texture":"#0"}}},{"from":[3.5,3.46825,3.5],"to":[12.5,4.96825,12.5],"rotation":{"angle":0,"axis":"y","origin":[0,3.21825,0]},"faces":{"north":{"uv":[10.18182,2.18182,13.45455,2.72727],"texture":"#0"},"east":{"uv":[9.09091,10.54545,12.36364,11.09091],"texture":"#0"},"south":{"uv":[10.54545,9.81818,13.81818,10.36364],"texture":"#0"},"west":{"uv":[0,10.90909,3.27273,11.45455],"texture":"#0"},"up":{"uv":[6.90909,3.27273,3.63636,0],"texture":"#0"},"down":{"uv":[6.90909,3.27273,3.63636,6.54545],"texture":"#0"}}},{"from":[3.75,4.96825,3.75],"to":[12.25,6.96825,12.25],"rotation":{"angle":0,"axis":"y","origin":[0,3.21825,0]},"faces":{"north":{"uv":[9.81818,5.45455,12.90909,6.18182],"texture":"#0"},"east":{"uv":[10.18182,0,13.27273,0.72727],"texture":"#0"},"south":{"uv":[10.18182,0.72727,13.27273,1.45455],"texture":"#0"},"west":{"uv":[10.18182,1.45455,13.27273,2.18182],"texture":"#0"}}},{"from":[3.5,6.96825,3.5],"to":[12.5,7.71825,12.5],"rotation":{"angle":0,"axis":"y","origin":[0,3.21825,0]},"faces":{"north":{"uv":[0,11.63636,3.27273,11.90909],"texture":"#0"},"east":{"uv":[0,12,3.27273,12.27273],"texture":"#0"},"south":{"uv":[11.27273,12,14.54545,12.27273],"texture":"#0"},"west":{"uv":[0,12.36364,3.27273,12.63636],"texture":"#0"},"up":{"uv":[6.90909,9.81818,3.63636,6.54545],"texture":"#0"},"down":{"uv":[10.18182,0,6.90909,3.27273],"texture":"#0"}}},{"from":[12.5,4.71825,3.5],"to":[14.5,4.74825,12.5],"rotation":{"angle":0,"axis":"y","origin":[9,0.96825,0]},"faces":{"up":{"uv":[14.36364,3.27273,13.63636,0],"texture":"#0"},"down":{"uv":[14.36364,3.27273,13.63636,0],"texture":"#0"}}},{"from":[11.75,3.21825,4.25],"to":[12.75,4.46825,11.75],"rotation":{"angle":0,"axis":"y","origin":[12.25,3.84325,8]},"faces":{"north":{"uv":[12.36364,12.36364,12.72727,12.81818],"texture":"#0"},"east":{"uv":[11.27273,6.18182,14,6.63636],"texture":"#0"},"south":{"uv":[12,12.36364,12.36364,12.81818],"texture":"#0"},"west":{"uv":[11.27273,6.90909,14,7.36364],"texture":"#0"},"up":{"uv":[12.90909,3.27273,10.18182,2.90909],"rotation":90,"texture":"#0"},"down":{"uv":[14,8.72727,11.27273,9.09091],"rotation":270,"texture":"#0"}}},{"from":[3.25,3.21825,4.25],"to":[4.25,4.46825,11.75],"rotation":{"angle":0,"axis":"y","origin":[3.75,3.84325,8]},"faces":{"north":{"uv":[12.72727,12.36364,12.36364,12.81818],"texture":"#0"},"east":{"uv":[14,6.90909,11.27273,7.36364],"texture":"#0"},"south":{"uv":[12.36364,12.36364,12,12.81818],"texture":"#0"},"west":{"uv":[14,6.18182,11.27273,6.63636],"texture":"#0"},"up":{"uv":[12.90909,2.90909,10.18182,3.27273],"rotation":90,"texture":"#0"},"down":{"uv":[14,9.09091,11.27273,8.72727],"rotation":270,"texture":"#0"}}},{"from":[4.25,3.21825,11.75],"to":[11.75,4.46825,12.75],"rotation":{"angle":0,"axis":"y","origin":[15.75,3.21825,16]},"faces":{"north":{"uv":[14,6.90909,11.27273,7.36364],"texture":"#0"},"east":{"uv":[12.36364,12.36364,12,12.81818],"texture":"#0"},"south":{"uv":[14,6.18182,11.27273,6.63636],"texture":"#0"},"west":{"uv":[12.72727,12.36364,12.36364,12.81818],"texture":"#0"},"up":{"uv":[12.90909,2.90909,10.18182,3.27273],"texture":"#0"},"down":{"uv":[14,9.09091,11.27273,8.72727],"texture":"#0"}}},{"from":[3.25,4.46825,3.25],"to":[4.25,7.46825,4.25],"rotation":{"angle":0,"axis":"z","origin":[2.75,5.46825,2.75]},"faces":{"north":{"uv":[6.90909,9.81818,6.54545,10.90909],"texture":"#0"},"east":{"uv":[8.36364,12.36364,8,13.45455],"texture":"#0"},"south":{"uv":[12.72727,7.63636,12.36364,8.72727],"texture":"#0"},"west":{"uv":[6.90909,10.90909,6.54545,12],"texture":"#0"},"up":{"uv":[6.54545,12.36364,6.90909,12],"texture":"#0"},"down":{"uv":[0,12.72727,0.36364,13.09091],"texture":"#0"}}},{"from":[3,3.21825,3],"to":[4.25,4.46825,4.25],"rotation":{"angle":0,"axis":"y","origin":[0,3.21825,0]},"faces":{"north":{"uv":[8.81818,12.36364,8.36364,12.81818],"texture":"#0"},"east":{"uv":[11,12.36364,10.54545,12.81818],"texture":"#0"},"south":{"uv":[10.27273,12.36364,9.81818,12.81818],"texture":"#0"},"west":{"uv":[9.54545,12.36364,9.09091,12.81818],"texture":"#0"},"up":{"uv":[12.36364,11,12.81818,10.54545],"texture":"#0"},"down":{"uv":[11.27273,12.36364,11.72727,12.81818],"texture":"#0"}}},{"from":[11.75,3.21825,11.75],"to":[13,4.46825,13],"rotation":{"angle":0,"axis":"y","origin":[16,3.21825,16]},"faces":{"north":{"uv":[10.27273,12.36364,9.81818,12.81818],"texture":"#0"},"east":{"uv":[9.54545,12.36364,9.09091,12.81818],"texture":"#0"},"south":{"uv":[8.81818,12.36364,8.36364,12.81818],"texture":"#0"},"west":{"uv":[11,12.36364,10.54545,12.81818],"texture":"#0"},"up":{"uv":[12.81818,10.54545,12.36364,11],"texture":"#0"},"down":{"uv":[11.72727,12.81818,11.27273,12.36364],"texture":"#0"}}},{"from":[11.75,4.46825,11.75],"to":[12.75,7.46825,12.75],"rotation":{"angle":0,"axis":"z","origin":[13.25,5.46825,13.25]},"faces":{"north":{"uv":[12.72727,7.63636,12.36364,8.72727],"texture":"#0"},"east":{"uv":[6.90909,10.90909,6.54545,12],"texture":"#0"},"south":{"uv":[6.90909,9.81818,6.54545,10.90909],"texture":"#0"},"west":{"uv":[8.36364,12.36364,8,13.45455],"texture":"#0"},"up":{"uv":[6.90909,12,6.54545,12.36364],"texture":"#0"},"down":{"uv":[0.36364,13.09091,0,12.72727],"texture":"#0"}}},{"from":[3,3.21825,11.75],"to":[4.25,4.46825,13],"rotation":{"angle":0,"axis":"y","origin":[0,3.21825,16]},"faces":{"north":{"uv":[9.81818,12.36364,10.27273,12.81818],"texture":"#0"},"east":{"uv":[10.54545,12.36364,11,12.81818],"texture":"#0"},"south":{"uv":[8.36364,12.36364,8.81818,12.81818],"texture":"#0"},"west":{"uv":[9.09091,12.36364,9.54545,12.81818],"texture":"#0"},"up":{"uv":[12.36364,10.54545,12.81818,11],"texture":"#0"},"down":{"uv":[11.27273,12.81818,11.72727,12.36364],"texture":"#0"}}},{"from":[3.25,4.46825,11.75],"to":[4.25,7.46825,12.75],"rotation":{"angle":0,"axis":"z","origin":[2.75,5.46825,13.25]},"faces":{"north":{"uv":[12.36364,7.63636,12.72727,8.72727],"texture":"#0"},"east":{"uv":[8,12.36364,8.36364,13.45455],"texture":"#0"},"south":{"uv":[6.54545,9.81818,6.90909,10.90909],"texture":"#0"},"west":{"uv":[6.54545,10.90909,6.90909,12],"texture":"#0"},"up":{"uv":[6.54545,12,6.90909,12.36364],"texture":"#0"},"down":{"uv":[0,13.09091,0.36364,12.72727],"texture":"#0"}}},{"from":[1.5,4.71825,3.5],"to":[3.5,4.74825,12.5],"rotation":{"angle":0,"axis":"y","origin":[7,0.96825,0]},"faces":{"up":{"uv":[13.63636,3.27273,14.36364,0],"texture":"#0"},"down":{"uv":[13.63636,3.27273,14.36364,0],"texture":"#0"}}},{"from":[7,5.96825,3],"to":[9,7.96825,4],"rotation":{"angle":-45,"axis":"z","origin":[8,6.96825,3.5]},"faces":{"north":{"uv":[14.45455,3.63636,15.18182,4.36364],"texture":"#0"},"east":{"uv":[13.63636,3.63636,14,4.36364],"texture":"#0"},"south":{"uv":[14.45455,4.45455,15.18182,5.18182],"texture":"#0"},"west":{"uv":[14,3.63636,14.36364,4.36364],"texture":"#0"},"up":{"uv":[13.63636,4.45455,14.36364,4.81818],"texture":"#0"},"down":{"uv":[13.63636,4.81818,14.36364,5.18182],"texture":"#0"}}}],"gui_light":"front","display":{"thirdperson_righthand":{"rotation":[73,0,0],"translation":[0,3,2.5],"scale":[0.69336,0.69336,0.69336]},"thirdperson_lefthand":{"rotation":[73,0,0],"translation":[0,3,2.5],"scale":[0.69336,0.69336,0.69336]},"firstperson_righthand":{"rotation":[162,0,-180],"translation":[-3,5,1.5],"scale":[0.83203,0.83203,0.83203]},"firstperson_lefthand":{"rotation":[162,0,-180],"translation":[-3,5,1.5],"scale":[0.83203,0.83203,0.83203]},"ground":{"translation":[0,5.5,0]},"gui":{"rotation":[0,135,0],"scale":[1.17578,1.17578,1.17578]},"head":{"rotation":[0,180,0],"translation":[0,-29,0],"scale":[2.93945,2.93945,2.93945]},"fixed":{"rotation":[-90,0,0],"translation":[0,0,-15.5],"scale":[3.23047,3.23047,3.23047]}}}