{"credit":"Made by PolygonMC","texture_size":[28,28],"textures":{"3":"pinkfairyset:animations/animations_pickaxe","4":"pinkfairyset:animations/animations_03","5":"pinkfairyset:animations/animations_04","6":"pinkfairyset:scythe","particle":"pinkfairyset:animations/animations_pickaxe"},"elements":[{"from":[7.5,0.8,7.5],"to":[8.5,6.8,8.5],"rotation":{"angle":0,"axis":"y","origin":[7.5,0,7.5]},"faces":{"north":{"uv":[2.28571,5.71429,2.85714,9.14286],"texture":"#6"},"east":{"uv":[2.85714,6.85714,3.42857,10.28571],"texture":"#6"},"south":{"uv":[3.42857,6.85714,4,10.28571],"texture":"#6"},"west":{"uv":[4,6.85714,4.57143,10.28571],"texture":"#6"}}},{"from":[7.5,11.8,7.5],"to":[8.5,15.8,8.5],"rotation":{"angle":0,"axis":"y","origin":[7.5,9,7.5]},"faces":{"north":{"uv":[6.85714,7.42857,7.42857,9.71429],"texture":"#6"},"east":{"uv":[8,6.28571,8.57143,8.57143],"texture":"#6"},"south":{"uv":[7.42857,8,8,10.28571],"texture":"#6"},"west":{"uv":[0,8.57143,0.57143,10.85714],"texture":"#6"}}},{"from":[7.4,1.8,7.4],"to":[8.6,2.3,8.6],"rotation":{"angle":0,"axis":"y","origin":[7.5,0,7.5]},"faces":{"north":{"uv":[11.42857,12.57143,12.14286,12.85714],"texture":"#6"},"east":{"uv":[12.57143,11.42857,13.28571,11.71429],"texture":"#6"},"south":{"uv":[12.57143,12,13.28571,12.28571],"texture":"#6"},"west":{"uv":[12.57143,12.57143,13.28571,12.85714],"texture":"#6"},"up":{"uv":[2.42857,11.57143,1.71429,10.85714],"texture":"#6"},"down":{"uv":[11.57143,2.85714,10.85714,3.57143],"texture":"#6"}}},{"from":[7.4,5.55,7.4],"to":[8.6,6.05,8.6],"rotation":{"angle":0,"axis":"y","origin":[7.5,0,7.5]},"faces":{"north":{"uv":[0,13.14286,0.71429,13.42857],"texture":"#6"},"east":{"uv":[13.14286,0,13.85714,0.28571],"texture":"#6"},"south":{"uv":[13.14286,0.57143,13.85714,0.85714],"texture":"#6"},"west":{"uv":[1.14286,13.14286,1.85714,13.42857],"texture":"#6"},"up":{"uv":[4.71429,11.57143,4,10.85714],"texture":"#6"},"down":{"uv":[11.57143,4,10.85714,4.71429],"texture":"#6"}}},{"from":[7.4,3.3,7.4],"to":[8.6,4.55,8.6],"rotation":{"angle":0,"axis":"y","origin":[7.5,0,7.5]},"faces":{"north":{"uv":[5.14286,10.85714,5.85714,11.57143],"texture":"#6"},"east":{"uv":[10.85714,5.14286,11.57143,5.85714],"texture":"#6"},"south":{"uv":[6.28571,10.85714,7,11.57143],"texture":"#6"},"west":{"uv":[10.85714,9.14286,11.57143,9.85714],"texture":"#6"},"up":{"uv":[11,11.57143,10.28571,10.85714],"texture":"#6"},"down":{"uv":[12.14286,1.14286,11.42857,1.85714],"texture":"#6"}}},{"from":[7.4,6.8,7.4],"to":[8.6,11.8,8.6],"rotation":{"angle":0,"axis":"y","origin":[7.5,3.5,7.5]},"faces":{"north":{"uv":[5.14286,4.57143,5.85714,7.42857],"texture":"#6"},"east":{"uv":[0,5.71429,0.71429,8.57143],"texture":"#6"},"south":{"uv":[1.14286,5.71429,1.85714,8.57143],"texture":"#6"},"west":{"uv":[6.28571,4.57143,7,7.42857],"texture":"#6"},"up":{"uv":[3.57143,12.14286,2.85714,11.42857],"texture":"#6"},"down":{"uv":[12.14286,6.28571,11.42857,7],"texture":"#6"}}},{"from":[7.4,-0.1,7.4],"to":[8.6,1.1,8.6],"rotation":{"angle":-45,"axis":"x","origin":[8,0.5,8]},"faces":{"north":{"uv":[11.42857,7.42857,12.14286,8.14286],"texture":"#6"},"east":{"uv":[8,11.42857,8.71429,12.14286],"texture":"#6"},"south":{"uv":[11.42857,10.28571,12.14286,11],"texture":"#6"},"west":{"uv":[11.42857,11.42857,12.14286,12.14286],"texture":"#6"},"up":{"uv":[12.71429,0.71429,12,0],"texture":"#6"},"down":{"uv":[2.42857,12,1.71429,12.71429],"texture":"#6"}}},{"from":[7.2,0.1,7.6],"to":[8.8,0.9,8.4],"rotation":{"angle":-45,"axis":"x","origin":[8,0.5,8]},"faces":{"north":{"uv":[9.14286,12,10,12.42857],"texture":"#6"},"east":{"uv":[13.14286,3.42857,13.57143,3.85714],"texture":"#6"},"south":{"uv":[12,9.71429,12.85714,10.14286],"texture":"#6"},"west":{"uv":[4,13.14286,4.42857,13.57143],"texture":"#6"},"up":{"uv":[11.14286,12.42857,10.28571,12],"texture":"#6"},"down":{"uv":[13.42857,1.14286,12.57143,1.57143],"texture":"#6"}}},{"from":[7.3,21.325,7.4],"to":[8.7,23.525,9.6],"rotation":{"angle":-45,"axis":"x","origin":[8,21.925,8]},"faces":{"north":{"uv":[9.14286,1.14286,10,2.42857],"texture":"#6"},"east":{"uv":[5.14286,7.42857,6.42857,8.71429],"texture":"#6"},"south":{"uv":[1.71429,9.14286,2.57143,10.42857],"texture":"#6"},"west":{"uv":[8,4.57143,9.28571,5.85714],"texture":"#6"},"up":{"uv":[6,10.42857,5.14286,9.14286],"texture":"#6"},"down":{"uv":[10,8.57143,9.14286,9.85714],"texture":"#6"}}},{"from":[7.05,21.575,7.65],"to":[8.95,23.275,9.35],"rotation":{"angle":-45,"axis":"x","origin":[8,21.925,8]},"faces":{"north":{"uv":[8.57143,6.28571,9.71429,7.28571],"texture":"#6"},"east":{"uv":[9.71429,2.85714,10.71429,3.85714],"texture":"#6"},"south":{"uv":[8.57143,7.42857,9.71429,8.42857],"texture":"#6"},"west":{"uv":[9.71429,4,10.71429,5],"texture":"#6"},"up":{"uv":[9.14286,9.57143,8,8.57143],"texture":"#6"},"down":{"uv":[10.28571,0,9.14286,1],"texture":"#6"}}},{"from":[7.4,22.09575,5.34675],"to":[8.6,23.09575,7.34675],"rotation":{"angle":0,"axis":"x","origin":[8,22.69176,6.41522]},"faces":{"north":{"uv":[12,5.71429,12.71429,6.28571],"texture":"#6"},"east":{"uv":[4,10.28571,5.14286,10.85714],"texture":"#6"},"west":{"uv":[10.28571,8.57143,11.42857,9.14286],"texture":"#6"},"down":{"uv":[3.57143,10.28571,2.85714,11.42857],"texture":"#6"}}},{"from":[7.495,21.64926,5.50522],"to":[8.505,22.45926,7.12522],"rotation":{"angle":-22.5,"axis":"x","origin":[8,22.69176,6.41522]},"faces":{"north":{"uv":[12.57143,5.14286,13.14286,5.57143],"texture":"#6"},"east":{"uv":[12.57143,1.71429,13.42857,2.14286],"texture":"#6"},"west":{"uv":[2.85714,12.57143,3.71429,13],"texture":"#6"},"down":{"uv":[0.57143,10.85714,0,11.71429],"texture":"#6"}}},{"from":[7.33,22.64325,4.89515],"to":[8.67,23.78325,7.17515],"rotation":{"angle":22.5,"axis":"x","origin":[8,22.69176,6.41522]},"faces":{"north":{"uv":[12,2.28571,12.71429,3],"texture":"#6"},"east":{"uv":[9.71429,7.42857,11,8.14286],"texture":"#6"},"south":{"uv":[12,3.42857,12.71429,4.14286],"texture":"#6"},"west":{"uv":[10.28571,0,11.57143,0.71429],"texture":"#6"},"up":{"uv":[8.71429,11,8,9.71429],"texture":"#6"},"down":{"uv":[11,1.14286,10.28571,2.42857],"texture":"#6"}}},{"from":[7.985,-2.25,5.75],"to":[8.015,1.75,10.25],"rotation":{"angle":0,"axis":"y","origin":[7.985,-1.25,6.5]},"faces":{"east":{"uv":[10,13.71429,7.42857,16],"texture":"#6"},"west":{"uv":[7.42857,13.71429,10,16],"texture":"#6"}}},{"from":[7.5,16,7.25],"to":[8.5,22,8.75],"rotation":{"angle":0,"axis":"y","origin":[7.75,11,6.75]},"faces":{"north":{"uv":[4.57143,6.85714,5.14286,10.28571],"texture":"#6"},"east":{"uv":[14,0,14.85714,3.42857],"texture":"#6"},"south":{"uv":[7.42857,4.57143,8,8],"texture":"#6"},"west":{"uv":[15.14286,0,16,3.42857],"texture":"#6"}}},{"from":[7.601,18.17938,5.22084],"to":[8.399,19.17938,5.97084],"rotation":{"angle":-45,"axis":"x","origin":[8.001,20.17938,5.59584]},"faces":{"north":{"uv":[12.57143,8.57143,13,9.14286],"texture":"#6"},"east":{"uv":[9.14286,12.57143,9.57143,13.14286],"texture":"#6"},"south":{"uv":[12.57143,9.14286,13,9.71429],"texture":"#6"},"west":{"uv":[9.71429,12.57143,10.14286,13.14286],"texture":"#6"},"up":{"uv":[13.57143,4.42857,13.14286,4],"texture":"#6"}}},{"from":[7.601,21.4205,6.1565],"to":[8.399,22.1705,7.1565],"rotation":{"angle":-45,"axis":"x","origin":[8.001,21.7955,6.6565]},"faces":{"east":{"uv":[10.28571,12.57143,10.85714,13],"texture":"#6"},"south":{"uv":[4.57143,13.14286,5,13.57143],"texture":"#6"},"west":{"uv":[12.57143,10.28571,13.14286,10.71429],"texture":"#6"},"up":{"uv":[11.28571,13.14286,10.85714,12.57143],"texture":"#6"},"down":{"uv":[13,10.85714,12.57143,11.42857],"texture":"#6"}}},{"from":[7.6,19.20711,6.03778],"to":[8.4,21.70711,6.78778],"rotation":{"angle":0,"axis":"x","origin":[8,19.95711,6.41278]},"faces":{"north":{"uv":[7.42857,10.28571,7.85714,11.71429],"texture":"#6"},"east":{"uv":[9.14286,10.28571,9.57143,11.71429],"texture":"#6"},"south":{"uv":[10.28571,9.14286,10.71429,10.57143],"texture":"#6"},"west":{"uv":[9.71429,10.28571,10.14286,11.71429],"texture":"#6"},"up":{"uv":[13.57143,5,13.14286,4.57143],"texture":"#6"},"down":{"uv":[13.57143,5.14286,13.14286,5.57143],"texture":"#6"}}},{"from":[7.5975,17.24489,8],"to":[8.4025,19.01989,9.775],"rotation":{"angle":-45,"axis":"x","origin":[7.7475,17.24489,8]},"faces":{"north":{"uv":[6.28571,12,6.71429,13],"texture":"#6"},"east":{"uv":[9.71429,5.14286,10.71429,6.14286],"texture":"#6"},"south":{"uv":[6.85714,12,7.28571,13],"texture":"#6"},"west":{"uv":[6.28571,9.71429,7.28571,10.71429],"texture":"#6"},"up":{"uv":[7.85714,13,7.42857,12],"texture":"#6"},"down":{"uv":[12.42857,8.57143,12,9.57143],"texture":"#6"}}},{"from":[7.4975,15.24835,8],"to":[8.5025,16.31135,9.063],"rotation":{"angle":-45,"axis":"x","origin":[8.2525,15.24835,8]},"faces":{"north":{"uv":[1.71429,8.57143,2.28571,9.14286],"texture":"#6"},"east":{"uv":[9.14286,2.85714,9.71429,3.42857],"texture":"#6"},"south":{"uv":[6.28571,9.14286,6.85714,9.71429],"texture":"#6"},"west":{"uv":[10.85714,10.28571,11.42857,10.85714],"texture":"#6"},"up":{"uv":[12,2.85714,11.42857,2.28571],"texture":"#6"},"down":{"uv":[12,8.57143,11.42857,9.14286],"texture":"#6"}}},{"from":[7.5,23.47654,6.07178],"to":[8.5,24.97654,7.07178],"rotation":{"angle":-22.5,"axis":"x","origin":[8,25.21485,6.90852]},"faces":{"north":{"uv":[0,12,0.57143,12.85714],"texture":"#6"},"east":{"uv":[4,12,4.57143,12.85714],"texture":"#6"},"south":{"uv":[4.57143,12,5.14286,12.85714],"texture":"#6"},"west":{"uv":[12,4.57143,12.57143,5.42857],"texture":"#6"},"up":{"uv":[13.14286,5.14286,12.57143,4.57143],"texture":"#6"}}},{"from":[7.605,24.67718,6.28869],"to":[8.395,25.86218,7.07869],"rotation":{"angle":0,"axis":"x","origin":[8,25.21485,6.90852]},"faces":{"north":{"uv":[12.57143,6.28571,13,7],"texture":"#6"},"east":{"uv":[12.57143,7.42857,13,8.14286],"texture":"#6"},"south":{"uv":[8,12.57143,8.42857,13.28571],"texture":"#6"},"west":{"uv":[8.57143,12.57143,9,13.28571],"texture":"#6"},"up":{"uv":[13.57143,6.14286,13.14286,5.71429],"texture":"#6"}}},{"from":[7.68795,25.55871,6.13574],"to":[8.31205,26.74486,6.75984],"rotation":{"angle":22.5,"axis":"x","origin":[8,25.21485,6.90852]},"faces":{"north":{"uv":[2.28571,13.14286,2.57143,13.85714],"texture":"#6"},"east":{"uv":[13.14286,2.28571,13.42857,3],"texture":"#6"},"south":{"uv":[2.85714,13.14286,3.14286,13.85714],"texture":"#6"},"west":{"uv":[3.42857,13.14286,3.71429,13.85714],"texture":"#6"},"up":{"uv":[7.14286,13.42857,6.85714,13.14286],"texture":"#6"}}},{"from":[7.68795,25.55871,9.24016],"to":[8.31205,26.74486,9.86426],"rotation":{"angle":-22.5,"axis":"x","origin":[8,25.21485,9.09148]},"faces":{"north":{"uv":[3.14286,13.14286,2.85714,13.85714],"texture":"#6"},"east":{"uv":[13.42857,2.28571,13.14286,3],"texture":"#6"},"south":{"uv":[2.57143,13.14286,2.28571,13.85714],"texture":"#6"},"west":{"uv":[3.71429,13.14286,3.42857,13.85714],"texture":"#6"},"up":{"uv":[7.14286,13.14286,6.85714,13.42857],"texture":"#6"}}},{"from":[7.605,24.67718,8.92131],"to":[8.395,25.86218,9.71131],"rotation":{"angle":0,"axis":"x","origin":[8,25.21485,9.09148]},"faces":{"north":{"uv":[8.42857,12.57143,8,13.28571],"texture":"#6"},"east":{"uv":[13,7.42857,12.57143,8.14286],"texture":"#6"},"south":{"uv":[13,6.28571,12.57143,7],"texture":"#6"},"west":{"uv":[9,12.57143,8.57143,13.28571],"texture":"#6"},"up":{"uv":[13.57143,5.71429,13.14286,6.14286],"texture":"#6"}}},{"from":[7.5,23.47654,8.92822],"to":[8.5,24.97654,9.92822],"rotation":{"angle":22.5,"axis":"x","origin":[8,25.21485,9.09148]},"faces":{"north":{"uv":[5.14286,12,4.57143,12.85714],"texture":"#6"},"east":{"uv":[4.57143,12,4,12.85714],"texture":"#6"},"south":{"uv":[0.57143,12,0,12.85714],"texture":"#6"},"west":{"uv":[12.57143,4.57143,12,5.42857],"texture":"#6"},"up":{"uv":[13.14286,4.57143,12.57143,5.14286],"texture":"#6"}}},{"from":[7.33,22.64325,8.82485],"to":[8.67,23.78325,11.10485],"rotation":{"angle":-22.5,"axis":"x","origin":[8,22.69176,9.58478]},"faces":{"north":{"uv":[12.71429,3.42857,12,4.14286],"texture":"#6"},"east":{"uv":[11,7.42857,9.71429,8.14286],"texture":"#6"},"south":{"uv":[12.71429,2.28571,12,3],"texture":"#6"},"west":{"uv":[11.57143,0,10.28571,0.71429],"texture":"#6"},"up":{"uv":[8.71429,9.71429,8,11],"texture":"#6"},"down":{"uv":[11,2.42857,10.28571,1.14286],"texture":"#6"}}},{"from":[7.4,22.09575,8.65325],"to":[8.6,23.09575,10.65325],"rotation":{"angle":0,"axis":"x","origin":[8,22.69176,9.58478]},"faces":{"east":{"uv":[5.14286,10.28571,4,10.85714],"texture":"#6"},"south":{"uv":[12.71429,5.71429,12,6.28571],"texture":"#6"},"west":{"uv":[11.42857,8.57143,10.28571,9.14286],"texture":"#6"},"down":{"uv":[3.57143,11.42857,2.85714,10.28571],"texture":"#6"}}},{"from":[7.495,21.64926,8.87478],"to":[8.505,22.45926,10.49478],"rotation":{"angle":22.5,"axis":"x","origin":[8,22.69176,9.58478]},"faces":{"east":{"uv":[13.42857,1.71429,12.57143,2.14286],"texture":"#6"},"south":{"uv":[13.14286,5.14286,12.57143,5.57143],"texture":"#6"},"west":{"uv":[3.71429,12.57143,2.85714,13],"texture":"#6"},"down":{"uv":[0.57143,11.71429,0,10.85714],"texture":"#6"}}},{"from":[7.601,21.4205,8.8435],"to":[8.399,22.1705,9.8435],"rotation":{"angle":45,"axis":"x","origin":[8.001,21.7955,9.3435]},"faces":{"north":{"uv":[5,13.14286,4.57143,13.57143],"texture":"#6"},"east":{"uv":[10.85714,12.57143,10.28571,13],"texture":"#6"},"west":{"uv":[13.14286,10.28571,12.57143,10.71429],"texture":"#6"},"up":{"uv":[11.28571,12.57143,10.85714,13.14286],"texture":"#6"},"down":{"uv":[13,11.42857,12.57143,10.85714],"texture":"#6"}}},{"from":[7.6,19.20711,9.21222],"to":[8.4,21.70711,9.96222],"rotation":{"angle":0,"axis":"x","origin":[8,19.95711,9.58722]},"faces":{"north":{"uv":[10.71429,9.14286,10.28571,10.57143],"texture":"#6"},"east":{"uv":[9.57143,10.28571,9.14286,11.71429],"texture":"#6"},"south":{"uv":[7.85714,10.28571,7.42857,11.71429],"texture":"#6"},"west":{"uv":[10.14286,10.28571,9.71429,11.71429],"texture":"#6"},"up":{"uv":[13.57143,4.57143,13.14286,5],"texture":"#6"},"down":{"uv":[13.57143,5.57143,13.14286,5.14286],"texture":"#6"}}},{"from":[7.601,18.17938,10.02916],"to":[8.399,19.17938,10.77916],"rotation":{"angle":45,"axis":"x","origin":[8.001,20.17938,10.40416]},"faces":{"north":{"uv":[13,9.14286,12.57143,9.71429],"texture":"#6"},"east":{"uv":[9.57143,12.57143,9.14286,13.14286],"texture":"#6"},"south":{"uv":[13,8.57143,12.57143,9.14286],"texture":"#6"},"west":{"uv":[10.14286,12.57143,9.71429,13.14286],"texture":"#6"},"up":{"uv":[13.57143,4,13.14286,4.42857],"texture":"#6"}}},{"from":[7.6,-2.5,5.5],"to":[7.6,2.5,10.5],"rotation":{"angle":0,"axis":"y","origin":[7.6,-7,6.5]},"faces":{"west":{"uv":[0,0,10,10],"texture":"#4"}}},{"from":[8.4,-2.5,5.5],"to":[8.4,2.5,10.5],"rotation":{"angle":0,"axis":"y","origin":[8.4,-7,6.5]},"faces":{"east":{"uv":[10,0,0,10],"texture":"#4"}}},{"from":[8,22.525,10.725],"to":[8.03,26.275,17.725],"rotation":{"angle":-22.5,"axis":"x","origin":[8.015,24.4,14.225]},"faces":{"east":{"uv":[14,7.5,0,0],"rotation":180,"texture":"#3"},"west":{"uv":[0,7.5,14,0],"rotation":180,"texture":"#3"}}},{"from":[8,19.025,9.925],"to":[8.03,22.775,16.925],"rotation":{"angle":0,"axis":"x","origin":[8.015,20.9,13.425]},"faces":{"east":{"uv":[14,7.5,0,0],"rotation":180,"texture":"#3"},"west":{"uv":[0,7.5,14,0],"rotation":180,"texture":"#3"}}},{"from":[8,15.8,8.95],"to":[8.03,19.55,15.95],"rotation":{"angle":22.5,"axis":"x","origin":[8.015,17.675,12.45]},"faces":{"east":{"uv":[14,7.5,0,0],"rotation":180,"texture":"#3"},"west":{"uv":[0,7.5,14,0],"rotation":180,"texture":"#3"}}},{"from":[7.75,22.5,-2],"to":[8.25,23.5,6],"rotation":{"angle":-22.5,"axis":"x","origin":[7.25,22.5,4]},"faces":{"north":{"uv":[6.28571,13.14286,6.57143,13.71429],"texture":"#6"},"east":{"uv":[0,14,4.57143,14.57143],"texture":"#6"},"west":{"uv":[0,14.57143,4.57143,15.14286],"texture":"#6"},"up":{"uv":[0.85714,13.14286,0.57143,8.57143],"texture":"#6"},"down":{"uv":[1.42857,8.57143,1.14286,13.14286],"texture":"#6"}}},{"from":[7.755,21.76344,-5.15819],"to":[8.245,22.68844,-2.15819],"rotation":{"angle":-45,"axis":"x","origin":[8.005,22.18844,-0.15819]},"faces":{"north":{"uv":[13.14286,6.28571,13.42857,6.85714],"texture":"#6"},"east":{"uv":[9.71429,6.28571,11.42857,6.85714],"texture":"#6"},"west":{"uv":[9.71429,6.85714,11.42857,7.42857],"texture":"#6"},"up":{"uv":[5.42857,13.71429,5.14286,12],"texture":"#6"},"down":{"uv":[6,12,5.71429,13.71429],"texture":"#6"}}},{"from":[7.985,15,-6],"to":[8.015,21,10],"rotation":{"angle":-22.5,"axis":"x","origin":[7.985,14,0]},"faces":{"east":{"uv":[9.14286,0,0,3.42857],"texture":"#6"},"west":{"uv":[0,0,9.14286,3.42857],"texture":"#6"}}},{"from":[7.2,16.64,-7.8725],"to":[7.2,21.26,10.2225],"rotation":{"angle":-45,"axis":"x","origin":[7.2,18.95,1.175]},"faces":{"west":{"uv":[0,0,3.66607,15.66607],"rotation":270,"texture":"#5"}}},{"from":[8.8,16.64,-7.8725],"to":[8.8,21.26,10.2225],"rotation":{"angle":-45,"axis":"x","origin":[8.8,18.95,1.175]},"faces":{"east":{"uv":[0,15.66607,3.66607,0],"rotation":270,"texture":"#5"}}}],"gui_light":"front","display":{"thirdperson_righthand":{"translation":[0,-3.25,1]},"thirdperson_lefthand":{"translation":[0,-3.25,1]},"firstperson_righthand":{"rotation":[-10,0,0],"translation":[0,-2.25,1.5]},"firstperson_lefthand":{"rotation":[-10,0,0],"translation":[0,-2.25,1.5]},"ground":{"rotation":[-45,0,0],"translation":[0,9.5,0]},"gui":{"rotation":[-90,45,90],"translation":[2.75,-2,0],"scale":[0.67969,0.67969,0.67969]},"head":{"rotation":[90,-90,90]},"fixed":{"rotation":[0,-90,0],"translation":[0,-8,-1.75],"scale":[2,2,2]}}}