{
	"credit": "Made with Blockbench",
	"texture_size": [32, 32],
	"textures": {
		"0": "ec_elitewings:v1/tex3",
		"1": "ec_elitewings:v1/ani301",
		"2": "ec_elitewings:v1/ani302",
		"3": "ec_elitewings:v1/ani303",
		"4": "ec_elitewings:v1/ani304",
		"particle": "ec_elitewings:v1/tex3"
	},
	"elements": [
		{
			"from": [1.64238, 0.5, 10.71695],
			"to": [11.64238, 22.5, 10.71695],
			"rotation": {"angle": -45, "axis": "y", "origin": [8, 3.25, 16.54484]},
			"faces": {
				"north": {"uv": [2.5, 0, 0, 5.5], "texture": "#0"},
				"east": {"uv": [0, 0, 0, 5.5], "texture": "#0"},
				"south": {"uv": [0, 0, 2.5, 5.5], "texture": "#0"},
				"west": {"uv": [0, 0, 0, 5.5], "texture": "#0"},
				"up": {"uv": [0, 0, 6, 0], "texture": "#0"},
				"down": {"uv": [0, 0, 6, 0], "texture": "#0"}
			}
		},
		{
			"from": [4.35762, 0.5, 10.71695],
			"to": [14.35762, 22.5, 10.71695],
			"rotation": {"angle": 45, "axis": "y", "origin": [8, 3.25, 16.54484]},
			"faces": {
				"north": {"uv": [0, 0, 2.5, 5.5], "texture": "#0"},
				"east": {"uv": [0, 0, 0, 5.5], "texture": "#0"},
				"south": {"uv": [2.5, 0, 0, 5.5], "texture": "#0"},
				"west": {"uv": [0, 0, 0, 5.5], "texture": "#0"},
				"up": {"uv": [6, 0, 0, 0], "texture": "#0"},
				"down": {"uv": [6, 0, 0, 0], "texture": "#0"}
			}
		},
		{
			"from": [13.59881, 0.5, 12.55361],
			"to": [21.59881, 22.5, 12.55361],
			"rotation": {"angle": -22.5, "axis": "y", "origin": [8, 3.25, 16.54484]},
			"faces": {
				"north": {"uv": [8, 0, 4, 11], "texture": "#1"},
				"east": {"uv": [2.625, 0, 2.625, 5.5], "texture": "#1"},
				"south": {"uv": [4, 0, 8, 11], "texture": "#1"},
				"west": {"uv": [2.625, 0, 2.625, 5.5], "texture": "#1"},
				"up": {"uv": [3, 0, 6, 0], "texture": "#1"},
				"down": {"uv": [3, 0, 6, 0], "texture": "#1"}
			}
		},
		{
			"from": [22.7, 1, 15],
			"to": [27.2, 23.5, 15],
			"rotation": {"angle": 0, "axis": "y", "origin": [8, 3.25, 16.54484]},
			"faces": {
				"north": {"uv": [2.25, 0, 0, 11.25], "texture": "#2"},
				"east": {"uv": [2.625, 0, 2.625, 11.25], "texture": "#2"},
				"south": {"uv": [0, 0, 2.25, 11.25], "texture": "#2"},
				"west": {"uv": [2.625, 0, 2.625, 11.25], "texture": "#2"},
				"up": {"uv": [3, 0, 6, 0], "texture": "#2"},
				"down": {"uv": [3, 0, 6, 0], "texture": "#2"}
			}
		},
		{
			"from": [14.7, 0.5, 15],
			"to": [22.7, 22.5, 15],
			"rotation": {"angle": 0, "axis": "y", "origin": [8, 3.25, 16.54484]},
			"faces": {
				"north": {"uv": [4, 0, 0, 11], "texture": "#1"},
				"east": {"uv": [0, 0, 0, 11], "texture": "#1"},
				"south": {"uv": [0, 0, 4, 11], "texture": "#1"},
				"west": {"uv": [0, 0, 0, 11], "texture": "#1"},
				"up": {"uv": [0.375, 0, 4.375, 0], "texture": "#1"},
				"down": {"uv": [0.375, 0, 4.375, 0], "texture": "#1"}
			}
		},
		{
			"from": [17.91287, 1.5, 25.11283],
			"to": [17.91287, 23.5, 29.61283],
			"rotation": {"angle": 22.5, "axis": "y", "origin": [8, 3.25, 16.54484]},
			"faces": {
				"north": {"uv": [6.75, 0, 6.75, 11], "texture": "#2"},
				"east": {"uv": [9, 0, 6.75, 11], "texture": "#2"},
				"south": {"uv": [6.75, 0, 6.75, 11], "texture": "#2"},
				"west": {"uv": [6.75, 0, 9, 11], "texture": "#2"},
				"up": {"uv": [5.25, 0, 3, 0], "rotation": 270, "texture": "#0"},
				"down": {"uv": [5.25, 0, 3, 0], "rotation": 90, "texture": "#0"}
			}
		},
		{
			"from": [11.64525, 1, 10.71486],
			"to": [19.64525, 22.5, 10.71486],
			"rotation": {"angle": -45, "axis": "y", "origin": [8, 3.25, 16.54484]},
			"faces": {
				"north": {"uv": [12, 0, 8, 11], "texture": "#1"},
				"east": {"uv": [2.625, 0, 2.625, 11], "texture": "#1"},
				"south": {"uv": [8, 0, 12, 11], "texture": "#1"},
				"west": {"uv": [2.625, 0, 2.625, 11], "texture": "#1"},
				"up": {"uv": [3, 0, 6, 0], "texture": "#1"},
				"down": {"uv": [3, 0, 6, 0], "texture": "#1"}
			}
		},
		{
			"from": [14.78118, 0.5, 17.68157],
			"to": [22.78118, 22.5, 17.68157],
			"rotation": {"angle": 22.5, "axis": "y", "origin": [8, 3.25, 16.54484]},
			"faces": {
				"north": {"uv": [16, 0, 12, 11], "texture": "#1"},
				"east": {"uv": [2.625, 0, 2.625, 11], "texture": "#1"},
				"south": {"uv": [12, 0, 16, 11], "texture": "#1"},
				"west": {"uv": [2.625, 0, 2.625, 11], "texture": "#1"},
				"up": {"uv": [3, 0, 6, 0], "texture": "#1"},
				"down": {"uv": [3, 0, 6, 0], "texture": "#1"}
			}
		},
		{
			"from": [22.79069, 2, 17.63374],
			"to": [27.29069, 24, 17.63374],
			"rotation": {"angle": 22.5, "axis": "y", "origin": [8, 3.25, 16.54484]},
			"faces": {
				"north": {"uv": [11.25, 0, 9, 11], "texture": "#2"},
				"east": {"uv": [2.625, 0, 2.625, 5.5], "texture": "#2"},
				"south": {"uv": [9, 0, 11.25, 11], "texture": "#2"},
				"west": {"uv": [2.625, 0, 2.625, 5.5], "texture": "#2"},
				"up": {"uv": [3, 0, 6, 0], "texture": "#2"},
				"down": {"uv": [3, 0, 6, 0], "texture": "#2"}
			}
		},
		{
			"from": [21.19239, 2, 23.21763],
			"to": [25.69239, 24, 23.21763],
			"rotation": {"angle": 45, "axis": "y", "origin": [8, 3.25, 16.54484]},
			"faces": {
				"north": {"uv": [14, 0, 11.75, 11], "texture": "#2"},
				"east": {"uv": [2.625, 0, 2.625, 5.5], "texture": "#2"},
				"south": {"uv": [11.75, 0, 14, 11], "texture": "#2"},
				"west": {"uv": [2.625, 0, 2.625, 5.5], "texture": "#2"},
				"up": {"uv": [7.25, 0, 9.5, 0], "texture": "#2"},
				"down": {"uv": [7.25, 0, 9.5, 0], "texture": "#2"}
			}
		},
		{
			"from": [-9.69239, 2, 23.21763],
			"to": [-5.19239, 24, 23.21763],
			"rotation": {"angle": -45, "axis": "y", "origin": [8, 3.25, 16.54484]},
			"faces": {
				"north": {"uv": [11.75, 0, 14, 11], "texture": "#2"},
				"east": {"uv": [2.625, 0, 2.625, 5.5], "texture": "#2"},
				"south": {"uv": [14, 0, 11.75, 11], "texture": "#2"},
				"west": {"uv": [2.625, 0, 2.625, 5.5], "texture": "#2"},
				"up": {"uv": [9.5, 0, 7.25, 0], "texture": "#2"},
				"down": {"uv": [9.5, 0, 7.25, 0], "texture": "#2"}
			}
		},
		{
			"from": [-11.29069, 2, 17.63374],
			"to": [-6.79069, 24, 17.63374],
			"rotation": {"angle": -22.5, "axis": "y", "origin": [8, 3.25, 16.54484]},
			"faces": {
				"north": {"uv": [9, 0, 11.25, 11], "texture": "#2"},
				"east": {"uv": [2.625, 0, 2.625, 5.5], "texture": "#2"},
				"south": {"uv": [11.25, 0, 9, 11], "texture": "#2"},
				"west": {"uv": [2.625, 0, 2.625, 5.5], "texture": "#2"},
				"up": {"uv": [6, 0, 3, 0], "texture": "#2"},
				"down": {"uv": [6, 0, 3, 0], "texture": "#2"}
			}
		},
		{
			"from": [-6.78118, 0.5, 17.68157],
			"to": [1.21882, 22.5, 17.68157],
			"rotation": {"angle": -22.5, "axis": "y", "origin": [8, 3.25, 16.54484]},
			"faces": {
				"north": {"uv": [12, 0, 16, 11], "texture": "#1"},
				"east": {"uv": [2.625, 0, 2.625, 11], "texture": "#1"},
				"south": {"uv": [16, 0, 12, 11], "texture": "#1"},
				"west": {"uv": [2.625, 0, 2.625, 11], "texture": "#1"},
				"up": {"uv": [6, 0, 3, 0], "texture": "#1"},
				"down": {"uv": [6, 0, 3, 0], "texture": "#1"}
			}
		},
		{
			"from": [-8.08186, 1.5, 10.67824],
			"to": [-3.58186, 23.5, 10.80324],
			"rotation": {"angle": 45, "axis": "y", "origin": [8, 3.25, 16.54484]},
			"faces": {
				"north": {"uv": [4.5, 0, 6.75, 11], "texture": "#2"},
				"east": {"uv": [7.125, 0, 8.125, 1.125], "texture": "#0"},
				"south": {"uv": [6.75, 0, 4.5, 11], "texture": "#2"},
				"west": {"uv": [7.125, 0, 8.125, 1.125], "texture": "#0"},
				"up": {"uv": [7.125, 0, 8.125, 1.125], "texture": "#0"},
				"down": {"uv": [7.125, 0, 8.125, 1.125], "texture": "#0"}
			}
		},
		{
			"from": [19.58186, 1.5, 10.67824],
			"to": [24.08186, 23.5, 10.80324],
			"rotation": {"angle": -45, "axis": "y", "origin": [8, 3.25, 16.54484]},
			"faces": {
				"north": {"uv": [6.75, 0, 4.5, 11], "texture": "#2"},
				"east": {"uv": [8.125, 0, 7.125, 1.125], "texture": "#0"},
				"south": {"uv": [4.5, 0, 6.75, 11], "texture": "#2"},
				"west": {"uv": [8.125, 0, 7.125, 1.125], "texture": "#0"},
				"up": {"uv": [8.125, 0, 7.125, 1.125], "texture": "#0"},
				"down": {"uv": [8.125, 0, 7.125, 1.125], "texture": "#0"}
			}
		},
		{
			"from": [-3.64525, 1, 10.71486],
			"to": [4.35475, 22.5, 10.71486],
			"rotation": {"angle": 45, "axis": "y", "origin": [8, 3.25, 16.54484]},
			"faces": {
				"north": {"uv": [8, 0, 12, 11], "texture": "#1"},
				"east": {"uv": [2.625, 0, 2.625, 11], "texture": "#1"},
				"south": {"uv": [12, 0, 8, 11], "texture": "#1"},
				"west": {"uv": [2.625, 0, 2.625, 11], "texture": "#1"},
				"up": {"uv": [6, 0, 3, 0], "texture": "#1"},
				"down": {"uv": [6, 0, 3, 0], "texture": "#1"}
			}
		},
		{
			"from": [-1.91287, 1.5, 25.01283],
			"to": [-1.81287, 23.5, 29.51283],
			"rotation": {"angle": -22.5, "axis": "y", "origin": [8, 3.25, 16.54484]},
			"faces": {
				"north": {"uv": [6.5, 0, 7, 11], "texture": "#3"},
				"east": {"uv": [9, 0, 6.75, 11], "texture": "#2"},
				"south": {"uv": [7.125, 0, 8.125, 1.125], "texture": "#0"},
				"west": {"uv": [6.75, 0, 9, 11], "texture": "#2"},
				"up": {"uv": [7.125, 0, 8.125, 1.125], "texture": "#0"},
				"down": {"uv": [7.125, 0, 8.125, 1.125], "texture": "#0"}
			}
		},
		{
			"from": [17.81287, 1.5, 25.01283],
			"to": [17.91287, 23.5, 29.51283],
			"rotation": {"angle": 22.5, "axis": "y", "origin": [8, 3.25, 16.54484]},
			"faces": {
				"north": {"uv": [7, 0, 6.5, 11], "texture": "#3"},
				"east": {"uv": [9, 0, 6.75, 11], "texture": "#2"},
				"south": {"uv": [8.125, 0, 7.125, 1.125], "texture": "#0"},
				"west": {"uv": [6.75, 0, 9, 11], "texture": "#2"},
				"up": {"uv": [8.125, 0, 7.125, 1.125], "texture": "#0"},
				"down": {"uv": [8.125, 0, 7.125, 1.125], "texture": "#0"}
			}
		},
		{
			"from": [-6.7, 0.5, 15],
			"to": [1.3, 22.5, 15],
			"rotation": {"angle": 0, "axis": "y", "origin": [8, 3.25, 16.54484]},
			"faces": {
				"north": {"uv": [0, 0, 4, 11], "texture": "#1"},
				"east": {"uv": [0, 0, 0, 11], "texture": "#1"},
				"south": {"uv": [4, 0, 0, 11], "texture": "#1"},
				"west": {"uv": [0, 0, 0, 11], "texture": "#1"},
				"up": {"uv": [4.375, 0, 0.375, 0], "texture": "#1"},
				"down": {"uv": [4.375, 0, 0.375, 0], "texture": "#1"}
			}
		},
		{
			"from": [-11.2, 1, 15],
			"to": [-6.7, 23.5, 15],
			"rotation": {"angle": 0, "axis": "y", "origin": [8, 3.25, 16.54484]},
			"faces": {
				"north": {"uv": [0, 0, 2.25, 11.25], "texture": "#2"},
				"east": {"uv": [2.625, 0, 2.625, 11.25], "texture": "#2"},
				"south": {"uv": [2.25, 0, 0, 11.25], "texture": "#2"},
				"west": {"uv": [2.625, 0, 2.625, 11.25], "texture": "#2"},
				"up": {"uv": [6, 0, 3, 0], "texture": "#2"},
				"down": {"uv": [6, 0, 3, 0], "texture": "#2"}
			}
		},
		{
			"from": [-10.10832, 1.5, 12.60145],
			"to": [-5.60832, 23.5, 12.60145],
			"rotation": {"angle": 22.5, "axis": "y", "origin": [8, 3.25, 16.54484]},
			"faces": {
				"north": {"uv": [2.25, 0, 4.5, 11], "texture": "#2"},
				"east": {"uv": [4.875, 0, 4.875, 11], "texture": "#2"},
				"south": {"uv": [4.5, 0, 2.25, 11], "texture": "#2"},
				"west": {"uv": [4.875, 0, 4.875, 11], "texture": "#2"},
				"up": {"uv": [6, 0, 3, 0], "texture": "#0"},
				"down": {"uv": [6, 0, 3, 0], "texture": "#0"}
			}
		},
		{
			"from": [21.60832, 1.5, 12.60145],
			"to": [26.10832, 23.5, 12.60145],
			"rotation": {"angle": -22.5, "axis": "y", "origin": [8, 3.25, 16.54484]},
			"faces": {
				"north": {"uv": [4.5, 0, 2.25, 11], "texture": "#2"},
				"east": {"uv": [4.875, 0, 4.875, 11], "texture": "#2"},
				"south": {"uv": [2.25, 0, 4.5, 11], "texture": "#2"},
				"west": {"uv": [4.875, 0, 4.875, 11], "texture": "#2"},
				"up": {"uv": [3, 0, 6, 0], "texture": "#0"},
				"down": {"uv": [3, 0, 6, 0], "texture": "#0"}
			}
		},
		{
			"from": [-5.59881, 0.5, 12.55361],
			"to": [2.40119, 22.5, 12.55361],
			"rotation": {"angle": 22.5, "axis": "y", "origin": [8, 3.25, 16.54484]},
			"faces": {
				"north": {"uv": [4, 0, 8, 11], "texture": "#1"},
				"east": {"uv": [2.625, 0, 2.625, 5.5], "texture": "#1"},
				"south": {"uv": [8, 0, 4, 11], "texture": "#1"},
				"west": {"uv": [2.625, 0, 2.625, 5.5], "texture": "#1"},
				"up": {"uv": [6, 0, 3, 0], "texture": "#1"},
				"down": {"uv": [6, 0, 3, 0], "texture": "#1"}
			}
		},
		{
			"from": [2.06391, -7, 10.81962],
			"to": [11.06391, 8, 10.81962],
			"rotation": {"angle": -45, "axis": "y", "origin": [8, 3.25, 16.54484]},
			"faces": {
				"north": {"uv": [3.375, 12, 1.125, 15.75], "texture": "#0"},
				"east": {"uv": [0, 0, 0, 5.5], "texture": "#0"},
				"south": {"uv": [1.125, 12, 3.375, 15.75], "texture": "#0"},
				"west": {"uv": [0, 0, 0, 5.5], "texture": "#0"},
				"up": {"uv": [0, 0, 5.75, 0], "texture": "#0"},
				"down": {"uv": [0, 0, 5.75, 0], "texture": "#0"}
			}
		},
		{
			"from": [13.7, -7.5, 14.6],
			"to": [25.7, 3.5, 14.6],
			"rotation": {"angle": 0, "axis": "y", "origin": [8, 3.25, 16.54484]},
			"faces": {
				"north": {"uv": [6, 0.75, 0, 6.25], "texture": "#3"},
				"east": {"uv": [0, 0, 0, 5.5], "texture": "#3"},
				"south": {"uv": [0, 0.75, 6, 6.25], "texture": "#3"},
				"west": {"uv": [0, 0, 0, 5.5], "texture": "#3"},
				"up": {"uv": [0, 0, 5.75, 0], "texture": "#3"},
				"down": {"uv": [0, 0, 5.75, 0], "texture": "#3"}
			}
		},
		{
			"from": [12.52186, -7.5, 12.56675],
			"to": [24.52186, 3.5, 12.56675],
			"rotation": {"angle": -22.5, "axis": "y", "origin": [8, 3.25, 16.54484]},
			"faces": {
				"north": {"uv": [14, 0.75, 8, 6.25], "texture": "#3"},
				"east": {"uv": [0, 0, 0, 5.5], "texture": "#3"},
				"south": {"uv": [8, 0.75, 14, 6.25], "texture": "#3"},
				"west": {"uv": [0, 0, 0, 5.5], "texture": "#3"},
				"up": {"uv": [0, 0, 5.75, 0], "texture": "#3"},
				"down": {"uv": [0, 0, 5.75, 0], "texture": "#3"}
			}
		},
		{
			"from": [10.6553, -7.5, 11.13912],
			"to": [22.6553, 3.5, 11.13912],
			"rotation": {"angle": -45, "axis": "y", "origin": [8, 3.25, 16.54484]},
			"faces": {
				"north": {"uv": [6, 8.75, 0, 14.25], "texture": "#3"},
				"east": {"uv": [0, 0, 0, 5.5], "texture": "#3"},
				"south": {"uv": [0, 8.75, 6, 14.25], "texture": "#3"},
				"west": {"uv": [0, 0, 0, 5.5], "texture": "#3"},
				"up": {"uv": [0, 0, 5.75, 0], "texture": "#3"},
				"down": {"uv": [0, 0, 5.75, 0], "texture": "#3"}
			}
		},
		{
			"from": [13.99124, -7.5, 16.97553],
			"to": [25.99124, 3.5, 16.97553],
			"rotation": {"angle": 22.5, "axis": "y", "origin": [8, 3.25, 16.54484]},
			"faces": {
				"north": {"uv": [14, 8.75, 8, 14.25], "texture": "#3"},
				"east": {"uv": [0, 0, 0, 5.5], "texture": "#3"},
				"south": {"uv": [8, 8.75, 14, 14.25], "texture": "#3"},
				"west": {"uv": [0, 0, 0, 5.5], "texture": "#3"},
				"up": {"uv": [0, 0, 5.75, 0], "texture": "#3"},
				"down": {"uv": [0, 0, 5.75, 0], "texture": "#3"}
			}
		},
		{
			"from": [2.06391, -7, 10.61962],
			"to": [11.06391, 8, 10.61962],
			"rotation": {"angle": -45, "axis": "y", "origin": [8, 3.25, 16.54484]},
			"faces": {
				"north": {"uv": [3.375, 12, 1.125, 15.75], "texture": "#0"},
				"east": {"uv": [0, 0, 0, 5.5], "texture": "#0"},
				"south": {"uv": [1.125, 12, 3.375, 15.75], "texture": "#0"},
				"west": {"uv": [0, 0, 0, 5.5], "texture": "#0"},
				"up": {"uv": [0, 0, 5.75, 0], "texture": "#0"},
				"down": {"uv": [0, 0, 5.75, 0], "texture": "#0"}
			}
		},
		{
			"from": [4.93609, -7, 10.61962],
			"to": [13.93609, 8, 10.61962],
			"rotation": {"angle": 45, "axis": "y", "origin": [8, 3.25, 16.54484]},
			"faces": {
				"north": {"uv": [1.125, 12, 3.375, 15.75], "texture": "#0"},
				"east": {"uv": [0, 0, 0, 5.5], "texture": "#0"},
				"south": {"uv": [3.375, 12, 1.125, 15.75], "texture": "#0"},
				"west": {"uv": [0, 0, 0, 5.5], "texture": "#0"},
				"up": {"uv": [5.75, 0, 0, 0], "texture": "#0"},
				"down": {"uv": [5.75, 0, 0, 0], "texture": "#0"}
			}
		},
		{
			"from": [4.93609, -7, 10.81962],
			"to": [13.93609, 8, 10.81962],
			"rotation": {"angle": 45, "axis": "y", "origin": [8, 3.25, 16.54484]},
			"faces": {
				"north": {"uv": [1.125, 12, 3.375, 15.75], "texture": "#0"},
				"east": {"uv": [0, 0, 0, 5.5], "texture": "#0"},
				"south": {"uv": [3.375, 12, 1.125, 15.75], "texture": "#0"},
				"west": {"uv": [0, 0, 0, 5.5], "texture": "#0"},
				"up": {"uv": [5.75, 0, 0, 0], "texture": "#0"},
				"down": {"uv": [5.75, 0, 0, 0], "texture": "#0"}
			}
		},
		{
			"from": [-9.99124, -7.5, 16.97553],
			"to": [2.00876, 3.5, 16.97553],
			"rotation": {"angle": -22.5, "axis": "y", "origin": [8, 3.25, 16.54484]},
			"faces": {
				"north": {"uv": [8, 8.75, 14, 14.25], "texture": "#3"},
				"east": {"uv": [0, 0, 0, 5.5], "texture": "#3"},
				"south": {"uv": [14, 8.75, 8, 14.25], "texture": "#3"},
				"west": {"uv": [0, 0, 0, 5.5], "texture": "#3"},
				"up": {"uv": [5.75, 0, 0, 0], "texture": "#3"},
				"down": {"uv": [5.75, 0, 0, 0], "texture": "#3"}
			}
		},
		{
			"from": [-6.6553, -7.5, 11.13912],
			"to": [5.3447, 3.5, 11.13912],
			"rotation": {"angle": 45, "axis": "y", "origin": [8, 3.25, 16.54484]},
			"faces": {
				"north": {"uv": [0, 8.75, 6, 14.25], "texture": "#3"},
				"east": {"uv": [0, 0, 0, 5.5], "texture": "#3"},
				"south": {"uv": [6, 8.75, 0, 14.25], "texture": "#3"},
				"west": {"uv": [0, 0, 0, 5.5], "texture": "#3"},
				"up": {"uv": [5.75, 0, 0, 0], "texture": "#3"},
				"down": {"uv": [5.75, 0, 0, 0], "texture": "#3"}
			}
		},
		{
			"from": [-8.52186, -7.5, 12.56675],
			"to": [3.47814, 3.5, 12.56675],
			"rotation": {"angle": 22.5, "axis": "y", "origin": [8, 3.25, 16.54484]},
			"faces": {
				"north": {"uv": [8, 0.75, 14, 6.25], "texture": "#3"},
				"east": {"uv": [0, 0, 0, 5.5], "texture": "#3"},
				"south": {"uv": [14, 0.75, 8, 6.25], "texture": "#3"},
				"west": {"uv": [0, 0, 0, 5.5], "texture": "#3"},
				"up": {"uv": [5.75, 0, 0, 0], "texture": "#3"},
				"down": {"uv": [5.75, 0, 0, 0], "texture": "#3"}
			}
		},
		{
			"from": [-9.7, -7.5, 14.6],
			"to": [2.3, 3.5, 14.6],
			"rotation": {"angle": 0, "axis": "y", "origin": [8, 3.25, 16.54484]},
			"faces": {
				"north": {"uv": [0, 0.75, 6, 6.25], "texture": "#3"},
				"east": {"uv": [0, 0, 0, 5.5], "texture": "#3"},
				"south": {"uv": [6, 0.75, 0, 6.25], "texture": "#3"},
				"west": {"uv": [0, 0, 0, 5.5], "texture": "#3"},
				"up": {"uv": [5.75, 0, 0, 0], "texture": "#3"},
				"down": {"uv": [5.75, 0, 0, 0], "texture": "#3"}
			}
		},
		{
			"from": [-8.7, -14, 14.5],
			"to": [2.3, 1, 14.5],
			"rotation": {"angle": 0, "axis": "y", "origin": [8, 3.25, 16.54484]},
			"faces": {
				"north": {"uv": [0, 0.5, 11, 15.5], "texture": "#4"},
				"east": {"uv": [0, 0, 0, 2.5], "texture": "#4"},
				"south": {"uv": [11, 0.5, 0, 15.5], "texture": "#4"},
				"west": {"uv": [0, 0, 0, 2.5], "texture": "#4"},
				"up": {"uv": [2.75, 0, 0, 0], "texture": "#4"},
				"down": {"uv": [2.75, 0, 0, 0], "texture": "#4"}
			}
		},
		{
			"from": [13.7, -14, 14.5],
			"to": [24.7, 1, 14.5],
			"rotation": {"angle": 0, "axis": "y", "origin": [8, 3.25, 16.54484]},
			"faces": {
				"north": {"uv": [11, 0.5, 0, 15.5], "texture": "#4"},
				"east": {"uv": [0, 0, 0, 2.5], "texture": "#4"},
				"south": {"uv": [0, 0.5, 11, 15.5], "texture": "#4"},
				"west": {"uv": [0, 0, 0, 2.5], "texture": "#4"},
				"up": {"uv": [0, 0, 2.75, 0], "texture": "#4"},
				"down": {"uv": [0, 0, 2.75, 0], "texture": "#4"}
			}
		}
	],
	"gui_light": "front",
	"display": {
		"thirdperson_righthand": {
			"rotation": [67.5, 180, 0],
			"translation": [0, 0.75, 1.25],
			"scale": [0.32031, 0.32031, 0.32031]
		},
		"thirdperson_lefthand": {
			"rotation": [67.5, 0, 0],
			"translation": [-5.25, -6, 8.5]
		},
		"firstperson_righthand": {
			"translation": [-0.5, -0.25, 2.25],
			"scale": [0.5, 0.5, 0.5]
		},
		"firstperson_lefthand": {
			"rotation": [0, -92, 0],
			"translation": [0.5, 3, 2.25],
			"scale": [0, 0, 0]
		},
		"ground": {
			"rotation": [70, 0, 0],
			"translation": [0, 5, 0],
			"scale": [0.5, 0.5, 0.5]
		},
		"gui": {
			"rotation": [-22.5, 22.5, 0],
			"translation": [-1.25, -1.5, 0],
			"scale": [0.42938, 0.42938, 0.42938]
		},
		"head": {
			"rotation": [-2, 0, 0],
			"translation": [0, -51, 4.5],
			"scale": [1.5, 1.5, 1.5]
		},
		"fixed": {
			"rotation": [0, 180, 0],
			"translation": [0, 0, -1.25],
			"scale": [1.55, 1.55, 1.55]
		}
	},
	"groups": [
		{
			"name": "group",
			"origin": [18.2, 10, 8],
			"color": 0,
			"boneType": "",
			"children": [0, 1, 2, 3, 4, 5, 6, 7, 8, 9, 10, 11, 12, 13, 14, 15, 16, 17, 18, 19, 20, 21, 22, 23, 24, 25, 26, 27, 28, 29, 30, 31, 32, 33, 34, 35, 36]
		}
	]
}