{
	"credit": "Made with Blockbench",
	"texture_size": [32, 32],
	"textures": {
		"0": "ec_elitewings:v1/tex4",
		"1": "ec_elitewings:v1/ani403",
		"2": "ec_elitewings:v1/ani402",
		"3": "ec_elitewings:v1/ani401",
		"4": "ec_elitewings:v1/ani404",
		"particle": "ec_elitewings:v1/tex4"
	},
	"elements": [
		{
			"from": [11.375, -15.875, 10.79589],
			"to": [16.875, -8.375, 10.79589],
			"rotation": {"angle": 0, "axis": "y", "origin": [10.875, -9.875, 6.79589]},
			"faces": {
				"north": {"uv": [11, 0.5, 0, 15.5], "texture": "#4"},
				"east": {"uv": [0, 0, 0, 2.5], "texture": "#4"},
				"south": {"uv": [0, 0.5, 11, 15.5], "texture": "#4"},
				"west": {"uv": [0, 0, 0, 2.5], "texture": "#4"},
				"up": {"uv": [0, 0, 2.75, 0], "texture": "#4"},
				"down": {"uv": [0, 0, 2.75, 0], "texture": "#4"}
			}
		},
		{
			"from": [-1.375, -15.875, 10.79589],
			"to": [4.125, -8.375, 10.79589],
			"rotation": {"angle": 0, "axis": "y", "origin": [4.625, -9.875, 6.79589]},
			"faces": {
				"north": {"uv": [0, 0.5, 11, 15.5], "texture": "#4"},
				"east": {"uv": [0, 0, 0, 2.5], "texture": "#4"},
				"south": {"uv": [11, 0.5, 0, 15.5], "texture": "#4"},
				"west": {"uv": [0, 0, 0, 2.5], "texture": "#4"},
				"up": {"uv": [2.75, 0, 0, 0], "texture": "#4"},
				"down": {"uv": [2.75, 0, 0, 0], "texture": "#4"}
			}
		},
		{
			"from": [5.625, -8.875, 10.79589],
			"to": [8.625, 2.125, 10.79589],
			"rotation": {"angle": 45, "axis": "y", "origin": [5.625, -3.375, 10.79589]},
			"faces": {
				"north": {"uv": [0, 0, 1.5, 5.5], "texture": "#0"},
				"east": {"uv": [0, 0, 0, 5.5], "texture": "#0"},
				"south": {"uv": [1.5, 0, 0, 5.5], "texture": "#0"},
				"west": {"uv": [0, 0, 0, 5.5], "texture": "#0"},
				"up": {"uv": [0, 0, 6, 0], "texture": "#0"},
				"down": {"uv": [0, 0, 6, 0], "texture": "#0"}
			}
		},
		{
			"from": [7.875, -14.625, 9.74589],
			"to": [13.875, -7.125, 9.74589],
			"rotation": {"angle": 0, "axis": "y", "origin": [7.875, -11.125, 9.74589]},
			"faces": {
				"north": {"uv": [6, 0, 0, 7.5], "texture": "#1"},
				"east": {"uv": [0, 0, 0, 5.5], "texture": "#1"},
				"south": {"uv": [0, 0, 6, 7.5], "texture": "#1"},
				"west": {"uv": [0, 0, 0, 5.5], "texture": "#1"},
				"up": {"uv": [0, 0, 5.75, 0], "texture": "#1"},
				"down": {"uv": [0, 0, 5.75, 0], "texture": "#1"}
			}
		},
		{
			"from": [7.875, -15.125, 9.74589],
			"to": [13.875, -7.125, 9.74589],
			"rotation": {"angle": -22.5, "axis": "y", "origin": [7.875, -11.125, 9.74589]},
			"faces": {
				"north": {"uv": [14, 0, 8, 7.5], "texture": "#1"},
				"east": {"uv": [0, 0, 0, 5.5], "texture": "#0"},
				"south": {"uv": [8, 0, 14, 7.5], "texture": "#1"},
				"west": {"uv": [0, 0, 0, 5.5], "texture": "#0"},
				"up": {"uv": [0, 0, 5.75, 0], "texture": "#0"},
				"down": {"uv": [0, 0, 5.75, 0], "texture": "#0"}
			}
		},
		{
			"from": [7.875, -15.125, 9.74589],
			"to": [13.875, -7.125, 9.74589],
			"rotation": {"angle": -45, "axis": "y", "origin": [7.875, -11.125, 9.74589]},
			"faces": {
				"north": {"uv": [6, 8, 0, 15.5], "texture": "#1"},
				"east": {"uv": [0, 0, 0, 5.5], "texture": "#0"},
				"south": {"uv": [0, 8, 6, 15.5], "texture": "#1"},
				"west": {"uv": [0, 0, 0, 5.5], "texture": "#0"},
				"up": {"uv": [0, 0, 5.75, 0], "texture": "#0"},
				"down": {"uv": [0, 0, 5.75, 0], "texture": "#0"}
			}
		},
		{
			"from": [1.625, -15.125, 9.74589],
			"to": [7.625, -7.125, 9.74589],
			"rotation": {"angle": 45, "axis": "y", "origin": [7.625, -11.125, 9.74589]},
			"faces": {
				"north": {"uv": [0, 8, 6, 15.5], "texture": "#1"},
				"east": {"uv": [0, 0, 0, 5.5], "texture": "#0"},
				"south": {"uv": [6, 8, 0, 15.5], "texture": "#1"},
				"west": {"uv": [0, 0, 0, 5.5], "texture": "#0"},
				"up": {"uv": [5.75, 0, 0, 0], "texture": "#0"},
				"down": {"uv": [5.75, 0, 0, 0], "texture": "#0"}
			}
		},
		{
			"from": [1.625, -15.125, 9.74589],
			"to": [7.625, -7.125, 9.74589],
			"rotation": {"angle": 22.5, "axis": "y", "origin": [7.625, -11.125, 9.74589]},
			"faces": {
				"north": {"uv": [8, 0, 14, 7.5], "texture": "#1"},
				"east": {"uv": [0, 0, 0, 5.5], "texture": "#0"},
				"south": {"uv": [14, 0, 8, 7.5], "texture": "#1"},
				"west": {"uv": [0, 0, 0, 5.5], "texture": "#0"},
				"up": {"uv": [5.75, 0, 0, 0], "texture": "#0"},
				"down": {"uv": [5.75, 0, 0, 0], "texture": "#0"}
			}
		},
		{
			"from": [1.625, -14.625, 9.74589],
			"to": [7.625, -7.125, 9.74589],
			"rotation": {"angle": 0, "axis": "y", "origin": [7.625, -11.125, 9.74589]},
			"faces": {
				"north": {"uv": [0, 0, 6, 7.5], "texture": "#1"},
				"east": {"uv": [0, 0, 0, 5.5], "texture": "#1"},
				"south": {"uv": [6, 0, 0, 7.5], "texture": "#1"},
				"west": {"uv": [0, 0, 0, 5.5], "texture": "#1"},
				"up": {"uv": [5.75, 0, 0, 0], "texture": "#1"},
				"down": {"uv": [5.75, 0, 0, 0], "texture": "#1"}
			}
		},
		{
			"from": [-2.375, -9.875, 10.79589],
			"to": [1.625, 1.125, 10.79589],
			"rotation": {"angle": 22.5, "axis": "y", "origin": [5.625, -5.875, 10.79589]},
			"faces": {
				"north": {"uv": [4, 0, 8, 11], "texture": "#2"},
				"east": {"uv": [0, 0, 0, 5.5], "texture": "#2"},
				"south": {"uv": [8, 0, 4, 11], "texture": "#2"},
				"west": {"uv": [0, 0, 0, 5.5], "texture": "#2"},
				"up": {"uv": [0, 0, 6, 0], "texture": "#2"},
				"down": {"uv": [0, 0, 6, 0], "texture": "#2"}
			}
		},
		{
			"from": [6.875, -8.875, 10.79589],
			"to": [9.875, 2.125, 10.79589],
			"rotation": {"angle": -45, "axis": "y", "origin": [9.875, -3.375, 10.79589]},
			"faces": {
				"north": {"uv": [1.5, 0, 0, 5.5], "texture": "#0"},
				"east": {"uv": [0, 0, 0, 5.5], "texture": "#0"},
				"south": {"uv": [0, 0, 1.5, 5.5], "texture": "#0"},
				"west": {"uv": [0, 0, 0, 5.5], "texture": "#0"},
				"up": {"uv": [6, 0, 0, 0], "texture": "#0"},
				"down": {"uv": [6, 0, 0, 0], "texture": "#0"}
			}
		},
		{
			"from": [1.625, -9.875, 10.79589],
			"to": [5.625, 1.125, 10.79589],
			"rotation": {"angle": 22.5, "axis": "y", "origin": [5.625, -5.875, 10.79589]},
			"faces": {
				"north": {"uv": [4, 0, 8, 11], "texture": "#3"},
				"east": {"uv": [0, 0, 0, 5.5], "texture": "#3"},
				"south": {"uv": [8, 0, 4, 11], "texture": "#3"},
				"west": {"uv": [0, 0, 0, 5.5], "texture": "#3"},
				"up": {"uv": [0, 0, 6, 0], "texture": "#3"},
				"down": {"uv": [0, 0, 6, 0], "texture": "#3"}
			}
		},
		{
			"from": [1.625, -9.875, 10.79589],
			"to": [5.625, 1.125, 10.79589],
			"rotation": {"angle": 0, "axis": "y", "origin": [5.625, -5.875, 10.79589]},
			"faces": {
				"north": {"uv": [0, 0, 4, 11], "texture": "#3"},
				"east": {"uv": [0, 0, 0, 5.5], "texture": "#3"},
				"south": {"uv": [4, 0, 0, 11], "texture": "#3"},
				"west": {"uv": [0, 0, 0, 5.5], "texture": "#3"},
				"up": {"uv": [0, 0, 6, 0], "texture": "#3"},
				"down": {"uv": [0, 0, 6, 0], "texture": "#3"}
			}
		},
		{
			"from": [-2.375, -9.875, 10.79589],
			"to": [1.625, 1.125, 10.79589],
			"rotation": {"angle": 0, "axis": "y", "origin": [5.625, -5.875, 10.79589]},
			"faces": {
				"north": {"uv": [0, 0, 4, 11], "texture": "#2"},
				"east": {"uv": [0, 0, 0, 5.5], "texture": "#2"},
				"south": {"uv": [4, 0, 0, 11], "texture": "#2"},
				"west": {"uv": [0, 0, 0, 5.5], "texture": "#2"},
				"up": {"uv": [0, 0, 6, 0], "texture": "#2"},
				"down": {"uv": [0, 0, 6, 0], "texture": "#2"}
			}
		},
		{
			"from": [-2.375, -9.875, 10.79589],
			"to": [1.625, 1.125, 10.79589],
			"rotation": {"angle": 45, "axis": "y", "origin": [5.625, -5.875, 10.79589]},
			"faces": {
				"north": {"uv": [8, 0, 12, 11], "texture": "#2"},
				"east": {"uv": [0, 0, 0, 5.5], "texture": "#2"},
				"south": {"uv": [12, 0, 8, 11], "texture": "#2"},
				"west": {"uv": [0, 0, 0, 5.5], "texture": "#2"},
				"up": {"uv": [0, 0, 6, 0], "texture": "#2"},
				"down": {"uv": [0, 0, 6, 0], "texture": "#2"}
			}
		},
		{
			"from": [1.625, -9.875, 10.79589],
			"to": [5.625, 1.125, 10.79589],
			"rotation": {"angle": 45, "axis": "y", "origin": [5.625, -5.875, 10.79589]},
			"faces": {
				"north": {"uv": [8, 0, 12, 11], "texture": "#3"},
				"east": {"uv": [0, 0, 0, 5.5], "texture": "#3"},
				"south": {"uv": [12, 0, 8, 11], "texture": "#3"},
				"west": {"uv": [0, 0, 0, 5.5], "texture": "#3"},
				"up": {"uv": [0, 0, 6, 0], "texture": "#3"},
				"down": {"uv": [0, 0, 6, 0], "texture": "#3"}
			}
		},
		{
			"from": [2.9341, -9.875, 13.54948],
			"to": [2.9341, 1.125, 17.54948],
			"rotation": {"angle": -22.5, "axis": "y", "origin": [2.775, -5.875, 13.42089]},
			"faces": {
				"north": {"uv": [0, 0, 0, 5.5], "texture": "#2"},
				"east": {"uv": [16, 0, 12, 11], "texture": "#2"},
				"south": {"uv": [0, 0, 0, 5.5], "texture": "#2"},
				"west": {"uv": [12, 0, 16, 11], "texture": "#2"},
				"up": {"uv": [0, 0, 6, 0], "rotation": 270, "texture": "#2"},
				"down": {"uv": [0, 0, 6, 0], "rotation": 90, "texture": "#2"}
			}
		},
		{
			"from": [13.875, -9.875, 10.79589],
			"to": [17.875, 1.125, 10.79589],
			"rotation": {"angle": -22.5, "axis": "y", "origin": [9.875, -5.875, 10.79589]},
			"faces": {
				"north": {"uv": [8, 0, 4, 11], "texture": "#2"},
				"east": {"uv": [0, 0, 0, 5.5], "texture": "#2"},
				"south": {"uv": [4, 0, 8, 11], "texture": "#2"},
				"west": {"uv": [0, 0, 0, 5.5], "texture": "#2"},
				"up": {"uv": [6, 0, 0, 0], "texture": "#2"},
				"down": {"uv": [6, 0, 0, 0], "texture": "#2"}
			}
		},
		{
			"from": [9.875, -9.875, 10.79589],
			"to": [13.875, 1.125, 10.79589],
			"rotation": {"angle": -22.5, "axis": "y", "origin": [9.875, -5.875, 10.79589]},
			"faces": {
				"north": {"uv": [8, 0, 4, 11], "texture": "#3"},
				"east": {"uv": [0, 0, 0, 5.5], "texture": "#3"},
				"south": {"uv": [4, 0, 8, 11], "texture": "#3"},
				"west": {"uv": [0, 0, 0, 5.5], "texture": "#3"},
				"up": {"uv": [6, 0, 0, 0], "texture": "#3"},
				"down": {"uv": [6, 0, 0, 0], "texture": "#3"}
			}
		},
		{
			"from": [9.875, -9.875, 10.79589],
			"to": [13.875, 1.125, 10.79589],
			"rotation": {"angle": 0, "axis": "y", "origin": [9.875, -5.875, 10.79589]},
			"faces": {
				"north": {"uv": [4, 0, 0, 11], "texture": "#3"},
				"east": {"uv": [0, 0, 0, 5.5], "texture": "#3"},
				"south": {"uv": [0, 0, 4, 11], "texture": "#3"},
				"west": {"uv": [0, 0, 0, 5.5], "texture": "#3"},
				"up": {"uv": [6, 0, 0, 0], "texture": "#3"},
				"down": {"uv": [6, 0, 0, 0], "texture": "#3"}
			}
		},
		{
			"from": [13.875, -9.875, 10.79589],
			"to": [17.875, 1.125, 10.79589],
			"rotation": {"angle": 0, "axis": "y", "origin": [9.875, -5.875, 10.79589]},
			"faces": {
				"north": {"uv": [4, 0, 0, 11], "texture": "#2"},
				"east": {"uv": [0, 0, 0, 5.5], "texture": "#2"},
				"south": {"uv": [0, 0, 4, 11], "texture": "#2"},
				"west": {"uv": [0, 0, 0, 5.5], "texture": "#2"},
				"up": {"uv": [6, 0, 0, 0], "texture": "#2"},
				"down": {"uv": [6, 0, 0, 0], "texture": "#2"}
			}
		},
		{
			"from": [13.875, -9.875, 10.79589],
			"to": [17.875, 1.125, 10.79589],
			"rotation": {"angle": -45, "axis": "y", "origin": [9.875, -5.875, 10.79589]},
			"faces": {
				"north": {"uv": [12, 0, 8, 11], "texture": "#2"},
				"east": {"uv": [0, 0, 0, 5.5], "texture": "#2"},
				"south": {"uv": [8, 0, 12, 11], "texture": "#2"},
				"west": {"uv": [0, 0, 0, 5.5], "texture": "#2"},
				"up": {"uv": [6, 0, 0, 0], "texture": "#2"},
				"down": {"uv": [6, 0, 0, 0], "texture": "#2"}
			}
		},
		{
			"from": [9.875, -9.875, 10.79589],
			"to": [13.875, 1.125, 10.79589],
			"rotation": {"angle": -45, "axis": "y", "origin": [9.875, -5.875, 10.79589]},
			"faces": {
				"north": {"uv": [12, 0, 8, 11], "texture": "#3"},
				"east": {"uv": [0, 0, 0, 5.5], "texture": "#3"},
				"south": {"uv": [8, 0, 12, 11], "texture": "#3"},
				"west": {"uv": [0, 0, 0, 5.5], "texture": "#3"},
				"up": {"uv": [6, 0, 0, 0], "texture": "#3"},
				"down": {"uv": [6, 0, 0, 0], "texture": "#3"}
			}
		},
		{
			"from": [12.5659, -9.875, 13.54948],
			"to": [12.5659, 1.125, 17.54948],
			"rotation": {"angle": 22.5, "axis": "y", "origin": [12.725, -5.875, 13.42089]},
			"faces": {
				"north": {"uv": [0, 0, 0, 5.5], "texture": "#2"},
				"east": {"uv": [16, 0, 12, 11], "texture": "#2"},
				"south": {"uv": [0, 0, 0, 5.5], "texture": "#2"},
				"west": {"uv": [12, 0, 16, 11], "texture": "#2"},
				"up": {"uv": [0, 0, 6, 0], "rotation": 270, "texture": "#2"},
				"down": {"uv": [0, 0, 6, 0], "rotation": 90, "texture": "#2"}
			}
		}
	],
	"gui_light": "front",
	"display": {
		"thirdperson_righthand": {
			"rotation": [67.5, 180, 0],
			"translation": [0, 0.75, 1.25],
			"scale": [0.32031, 0.32031, 0.32031]
		},
		"thirdperson_lefthand": {
			"rotation": [68, 0, 0],
			"translation": [-5.25, -9, 12]
		},
		"firstperson_righthand": {
			"translation": [-0.5, -0.25, 2.25],
			"scale": [0.5, 0.5, 0.5]
		},
		"firstperson_lefthand": {
			"rotation": [0, -92, 0],
			"translation": [0.5, 3, 2.25],
			"scale": [0, 0, 0]
		},
		"ground": {
			"rotation": [70, 0, 0],
			"translation": [0, 5, 0],
			"scale": [0.5, 0.5, 0.5]
		},
		"gui": {
			"rotation": [-22.5, 22, 0],
			"translation": [-0.5, 0, 0],
			"scale": [0.42938, 0.42938, 0.42938]
		},
		"head": {
			"rotation": [-2, 0, 0],
			"translation": [0, -62.75, 1.75],
			"scale": [3.2, 3.2, 3.2]
		},
		"fixed": {
			"rotation": [0, 180, 0],
			"translation": [0, 4.75, -4.75],
			"scale": [1.18391, 1.18391, 1.18391]
		}
	},
	"groups": [
		{
			"name": "group",
			"origin": [-3.7, 10, 13.25],
			"color": 0,
			"boneType": "",
			"children": [0, 1, 2, 3, 4, 5, 6, 7, 8, 9, 10, 11, 12, 13, 14, 15, 16, 17, 18, 19, 20, 21, 22, 23]
		}
	]
}