{"credit":"Pologony Creation Co.,Ltd.","texture_size":[28,28],"textures":{"2":"frostbite_set:animated/axe_animated","3":"frostbite_set:animated/animated_1","5":"frostbite_set:axe","particle":"frostbite_set:animated/axe_animated"},"elements":[{"from":[7.5,11.66421,6.5],"to":[8.5,14.66421,9.5],"rotation":{"angle":45,"axis":"x","origin":[8.5,13.16421,8]},"faces":{"north":{"uv":[3.2,7.6,3.6,8.8],"texture":"#5"},"east":{"uv":[2.8,2.8,4,4],"texture":"#5"},"south":{"uv":[1.2,8,1.6,9.2],"texture":"#5"},"west":{"uv":[4,0,5.2,1.2],"texture":"#5"},"up":{"uv":[8.4,2.4,8,1.2],"texture":"#5"},"down":{"uv":[8.4,2.8,8,4],"texture":"#5"}}},{"from":[7,12.91421,6.75],"to":[9,13.41421,7.25],"rotation":{"angle":45,"axis":"x","origin":[8.5,13.16421,8]},"faces":{"north":{"uv":[12,11.2,12.8,11.4],"texture":"#5"},"east":{"uv":[9.2,14.8,9.4,15],"texture":"#5"},"south":{"uv":[12,12,12.8,12.2],"texture":"#5"},"west":{"uv":[10,14.8,10.2,15],"texture":"#5"},"up":{"uv":[0.8,12.6,0,12.4],"texture":"#5"},"down":{"uv":[2,12.4,1.2,12.6],"texture":"#5"}}},{"from":[7,12.91421,8.75],"to":[9,13.41421,9.25],"rotation":{"angle":-45,"axis":"x","origin":[8.5,13.16421,8]},"faces":{"north":{"uv":[2.4,12.4,3.2,12.6],"texture":"#5"},"east":{"uv":[12,14.8,12.2,15],"texture":"#5"},"south":{"uv":[3.6,12.4,4.4,12.6],"texture":"#5"},"west":{"uv":[14.8,13.2,15,13.4],"texture":"#5"},"up":{"uv":[5.6,12.6,4.8,12.4],"texture":"#5"},"down":{"uv":[13.6,0.8,12.8,1],"texture":"#5"}}},{"from":[7,11.91421,7.75],"to":[9,12.41421,8.25],"rotation":{"angle":45,"axis":"x","origin":[8.5,13.16421,8]},"faces":{"north":{"uv":[12.8,1.6,13.6,1.8],"texture":"#5"},"east":{"uv":[13.6,14.8,13.8,15],"texture":"#5"},"south":{"uv":[12.8,2.4,13.6,2.6],"texture":"#5"},"west":{"uv":[14.8,14,15,14.2],"texture":"#5"},"up":{"uv":[13.6,3.4,12.8,3.2],"texture":"#5"},"down":{"uv":[13.6,4,12.8,4.2],"texture":"#5"}}},{"from":[7,11.91421,7.75],"to":[9,12.41421,8.25],"rotation":{"angle":-45,"axis":"x","origin":[8.5,13.16421,8]},"faces":{"north":{"uv":[12.8,4.8,13.6,5],"texture":"#5"},"east":{"uv":[14.4,14.8,14.6,15],"texture":"#5"},"south":{"uv":[12.8,5.6,13.6,5.8],"texture":"#5"},"west":{"uv":[15.2,0,15.4,0.2],"texture":"#5"},"up":{"uv":[6.8,13,6,12.8],"texture":"#5"},"down":{"uv":[13.6,6.4,12.8,6.6],"texture":"#5"}}},{"from":[7.25,12.16421,7],"to":[8.75,14.16421,9],"rotation":{"angle":45,"axis":"x","origin":[8.5,13.16421,8]},"faces":{"north":{"uv":[4,8,4.6,8.8],"texture":"#5"},"east":{"uv":[0,5.6,0.8,6.4],"texture":"#5"},"south":{"uv":[8,4.4,8.6,5.2],"texture":"#5"},"west":{"uv":[5.6,0,6.4,0.8],"texture":"#5"},"up":{"uv":[5.8,8.8,5.2,8],"texture":"#5"},"down":{"uv":[8.6,5.6,8,6.4],"texture":"#5"}}},{"from":[7.125,-4.08579,7.5],"to":[8.875,-2.08579,9.5],"rotation":{"angle":45,"axis":"x","origin":[8.375,-2.58579,8]},"faces":{"north":{"uv":[0,6.8,0.7,7.6],"texture":"#5"},"east":{"uv":[1.2,5.6,2,6.4],"texture":"#5"},"south":{"uv":[6.8,0,7.5,0.8],"texture":"#5"},"west":{"uv":[5.6,1.2,6.4,2],"texture":"#5"},"up":{"uv":[1.9,7.6,1.2,6.8],"texture":"#5"},"down":{"uv":[7.5,1.2,6.8,2],"texture":"#5"}}},{"from":[6.75,-3.83579,7.75],"to":[9.25,-2.33579,9.25],"rotation":{"angle":45,"axis":"x","origin":[8.5,-2.58579,8]},"faces":{"north":{"uv":[5.6,2.4,6.6,3],"texture":"#5"},"east":{"uv":[0,9.2,0.6,9.8],"texture":"#5"},"south":{"uv":[5.6,3.6,6.6,4.2],"texture":"#5"},"west":{"uv":[9.2,3.6,9.8,4.2],"texture":"#5"},"up":{"uv":[7.4,5.4,6.4,4.8],"texture":"#5"},"down":{"uv":[7.4,6,6.4,6.6],"texture":"#5"}}},{"from":[7.25,-2.75,7.25],"to":[8.75,-2,8.75],"rotation":{"angle":0,"axis":"y","origin":[7.5,-2.75,7.5]},"faces":{"north":{"uv":[0,11.6,0.6,11.9],"texture":"#5"},"east":{"uv":[11.6,0.8,12.2,1.1],"texture":"#5"},"south":{"uv":[1.2,11.6,1.8,11.9],"texture":"#5"},"west":{"uv":[11.6,1.6,12.2,1.9],"texture":"#5"},"up":{"uv":[5.4,9.8,4.8,9.2],"texture":"#5"}}},{"from":[7.375,-2,7.375],"to":[8.625,-1.25,8.625],"rotation":{"angle":0,"axis":"y","origin":[7.625,-2,7.375]},"faces":{"north":{"uv":[7.2,12.8,7.7,13.1],"texture":"#5"},"east":{"uv":[12.8,7.2,13.3,7.5],"texture":"#5"},"south":{"uv":[12.8,8,13.3,8.3],"texture":"#5"},"west":{"uv":[12.8,8.8,13.3,9.1],"texture":"#5"},"up":{"uv":[10.9,2.9,10.4,2.4],"texture":"#5"}}},{"from":[7.375,-1,7.44822],"to":[8.375,2.5,8.44822],"rotation":{"angle":45,"axis":"y","origin":[8,-0.875,7.82322]},"faces":{"north":{"uv":[7.2,2.4,7.6,3.8],"texture":"#5"},"east":{"uv":[6.4,7.2,6.8,8.6],"texture":"#5"},"south":{"uv":[7.2,7.2,7.6,8.6],"texture":"#5"},"west":{"uv":[2.4,7.6,2.8,9],"texture":"#5"}}},{"from":[7.375,2.75,7.375],"to":[8.625,3.5,8.625],"rotation":{"angle":0,"axis":"y","origin":[7.625,3.5,7.375]},"faces":{"north":{"uv":[12.8,9.6,13.3,9.9],"texture":"#5"},"east":{"uv":[10,12.8,10.5,13.1],"texture":"#5"},"south":{"uv":[12,12.8,12.5,13.1],"texture":"#5"},"west":{"uv":[0,13.2,0.5,13.5],"texture":"#5"},"down":{"uv":[4.1,10.4,3.6,10.9],"texture":"#5"}}},{"from":[7.375,0.5,7.375],"to":[8.625,1.25,8.625],"rotation":{"angle":45,"axis":"y","origin":[8,0.875,8]},"faces":{"north":{"uv":[13.2,0,13.7,0.3],"texture":"#5"},"east":{"uv":[1.2,13.2,1.7,13.5],"texture":"#5"},"south":{"uv":[2.4,13.2,2.9,13.5],"texture":"#5"},"west":{"uv":[3.6,13.2,4.1,13.5],"texture":"#5"},"up":{"uv":[10.9,4.1,10.4,3.6],"texture":"#5"},"down":{"uv":[5.3,10.4,4.8,10.9],"texture":"#5"}}},{"from":[7.375,-1.75,7.375],"to":[8.625,-1,8.625],"rotation":{"angle":45,"axis":"y","origin":[8,-1.375,8]},"faces":{"north":{"uv":[4.8,13.2,5.3,13.5],"texture":"#5"},"east":{"uv":[8.4,13.2,8.9,13.5],"texture":"#5"},"south":{"uv":[13.2,10.4,13.7,10.7],"texture":"#5"},"west":{"uv":[13.2,11.2,13.7,11.5],"texture":"#5"},"up":{"uv":[10.9,5.3,10.4,4.8],"texture":"#5"},"down":{"uv":[6.5,10.4,6,10.9],"texture":"#5"}}},{"from":[7.375,2.5,7.375],"to":[8.625,3.25,8.625],"rotation":{"angle":45,"axis":"y","origin":[8,11.875,8]},"faces":{"north":{"uv":[13.2,12,13.7,12.3],"texture":"#5"},"east":{"uv":[13.2,12.8,13.7,13.1],"texture":"#5"},"south":{"uv":[6,13.6,6.5,13.9],"texture":"#5"},"west":{"uv":[7.2,13.6,7.7,13.9],"texture":"#5"},"up":{"uv":[10.9,6.5,10.4,6],"texture":"#5"},"down":{"uv":[7.7,10.4,7.2,10.9],"texture":"#5"}}},{"from":[7.25,3.5,7.25],"to":[8.75,4.25,8.75],"rotation":{"angle":0,"axis":"y","origin":[7.5,4.25,7.5]},"faces":{"north":{"uv":[2.4,11.6,3,11.9],"texture":"#5"},"east":{"uv":[11.6,2.4,12.2,2.7],"texture":"#5"},"south":{"uv":[11.6,3.2,12.2,3.5],"texture":"#5"},"west":{"uv":[3.6,11.6,4.2,11.9],"texture":"#5"},"up":{"uv":[9.8,5.4,9.2,4.8],"texture":"#5"},"down":{"uv":[6.6,9.2,6,9.8],"texture":"#5"}}},{"from":[7.25,3.75,7.25],"to":[8.75,4.5,8.75],"rotation":{"angle":45,"axis":"y","origin":[8,4.125,8]},"faces":{"north":{"uv":[11.6,4,12.2,4.3],"texture":"#5"},"east":{"uv":[4.8,11.6,5.4,11.9],"texture":"#5"},"south":{"uv":[11.6,4.8,12.2,5.1],"texture":"#5"},"west":{"uv":[11.6,5.6,12.2,5.9],"texture":"#5"},"up":{"uv":[9.8,6.6,9.2,6],"texture":"#5"},"down":{"uv":[7.8,9.2,7.2,9.8],"texture":"#5"}}},{"from":[7.25,11,7.25],"to":[8.75,11.75,8.75],"rotation":{"angle":45,"axis":"y","origin":[8,11.375,8]},"faces":{"north":{"uv":[11.6,9.6,12.2,9.9],"texture":"#5"},"east":{"uv":[12,0,12.6,0.3],"texture":"#5"},"south":{"uv":[10,12,10.6,12.3],"texture":"#5"},"west":{"uv":[12,10.4,12.6,10.7],"texture":"#5"},"up":{"uv":[9.8,7.8,9.2,7.2],"texture":"#5"},"down":{"uv":[9,9.2,8.4,9.8],"texture":"#5"}}},{"from":[7.6285,12.16421,5.12132],"to":[8.3715,14.16421,6.62132],"rotation":{"angle":0,"axis":"y","origin":[7.1285,11.66421,6.62132]},"faces":{"north":{"uv":[10.4,7.2,10.7,8],"texture":"#5"},"east":{"uv":[8,6.8,8.6,7.6],"texture":"#5"},"south":{"uv":[8.4,10.4,8.7,11.2],"texture":"#5"},"west":{"uv":[8,8,8.6,8.8],"texture":"#5"}}},{"from":[7.625,13.19454,4.53033],"to":[8.375,14.69454,5.78033],"rotation":{"angle":-45,"axis":"x","origin":[7.625,14.69454,5.03033]},"faces":{"north":{"uv":[6,11.6,6.3,12.2],"texture":"#5"},"east":{"uv":[1.2,9.6,1.7,10.2],"texture":"#5"},"south":{"uv":[6.8,11.6,7.1,12.2],"texture":"#5"},"west":{"uv":[9.6,8.4,10.1,9],"texture":"#5"},"up":{"uv":[11.5,13.7,11.2,13.2],"texture":"#5"},"down":{"uv":[9.9,13.6,9.6,14.1],"texture":"#5"}}},{"from":[7.625,11.63388,4.53033],"to":[8.375,13.13388,5.78033],"rotation":{"angle":45,"axis":"x","origin":[7.625,11.63388,5.03033]},"faces":{"north":{"uv":[7.6,11.6,7.9,12.2],"texture":"#5"},"east":{"uv":[9.6,9.6,10.1,10.2],"texture":"#5"},"south":{"uv":[8.4,11.6,8.7,12.2],"texture":"#5"},"west":{"uv":[0,10.4,0.5,11],"texture":"#5"},"up":{"uv":[10.7,14.1,10.4,13.6],"texture":"#5"},"down":{"uv":[12.3,13.6,12,14.1],"texture":"#5"}}},{"from":[7.7535,-4.04289,6.08579],"to":[8.2465,-2.54289,7.33579],"rotation":{"angle":0,"axis":"y","origin":[7.2535,-4.79289,7.33579]},"faces":{"north":{"uv":[14,1.6,14.2,2.2],"texture":"#5"},"east":{"uv":[10.4,1.2,10.9,1.8],"texture":"#5"},"south":{"uv":[2.4,14,2.6,14.6],"texture":"#5"},"west":{"uv":[2.4,10.4,2.9,11],"texture":"#5"}}},{"from":[7.75,-3.51256,5.4948],"to":[8.25,-2.26256,6.4948],"rotation":{"angle":-45,"axis":"x","origin":[7.75,-2.01256,5.7448]},"faces":{"north":{"uv":[14,6.4,14.2,6.9],"texture":"#5"},"east":{"uv":[10.8,9.2,11.2,9.7],"texture":"#5"},"south":{"uv":[14,7.6,14.2,8.1],"texture":"#5"},"west":{"uv":[10.4,10.8,10.8,11.3],"texture":"#5"},"up":{"uv":[14.6,11.2,14.4,10.8],"texture":"#5"},"down":{"uv":[11.4,14.4,11.2,14.8],"texture":"#5"}}},{"from":[7.75,-4.32322,5.4948],"to":[8.25,-3.07322,6.4948],"rotation":{"angle":45,"axis":"x","origin":[7.75,-4.57322,5.7448]},"faces":{"north":{"uv":[8.4,14,8.6,14.5],"texture":"#5"},"east":{"uv":[11.2,7.2,11.6,7.7],"texture":"#5"},"south":{"uv":[14,8.8,14.2,9.3],"texture":"#5"},"west":{"uv":[11.2,10.4,11.6,10.9],"texture":"#5"},"up":{"uv":[14.6,12,14.4,11.6],"texture":"#5"},"down":{"uv":[14.6,12.4,14.4,12.8],"texture":"#5"}}},{"from":[7.985,-7,5.25],"to":[8.015,-1,7.25],"rotation":{"angle":0,"axis":"y","origin":[7.985,-8,3.25]},"faces":{"east":{"uv":[3.6,0,2.8,2.4],"texture":"#5"},"west":{"uv":[2.8,0,3.6,2.4],"texture":"#5"}}},{"from":[7.7535,-4.04289,8.66421],"to":[8.2465,-2.54289,9.91421],"rotation":{"angle":0,"axis":"y","origin":[7.2535,-4.79289,8.66421]},"faces":{"north":{"uv":[2.6,14,2.4,14.6],"texture":"#5"},"east":{"uv":[10.9,1.2,10.4,1.8],"texture":"#5"},"south":{"uv":[14.2,1.6,14,2.2],"texture":"#5"},"west":{"uv":[2.9,10.4,2.4,11],"texture":"#5"}}},{"from":[7.75,-3.51256,9.5052],"to":[8.25,-2.26256,10.5052],"rotation":{"angle":45,"axis":"x","origin":[7.75,-2.01256,10.2552]},"faces":{"north":{"uv":[14.2,7.6,14,8.1],"texture":"#5"},"east":{"uv":[11.2,9.2,10.8,9.7],"texture":"#5"},"south":{"uv":[14.2,6.4,14,6.9],"texture":"#5"},"west":{"uv":[10.8,10.8,10.4,11.3],"texture":"#5"},"up":{"uv":[14.6,10.8,14.4,11.2],"texture":"#5"},"down":{"uv":[11.4,14.8,11.2,14.4],"texture":"#5"}}},{"from":[7.75,-4.32322,9.5052],"to":[8.25,-3.07322,10.5052],"rotation":{"angle":-45,"axis":"x","origin":[7.75,-4.57322,10.2552]},"faces":{"north":{"uv":[14.2,8.8,14,9.3],"texture":"#5"},"east":{"uv":[11.6,7.2,11.2,7.7],"texture":"#5"},"south":{"uv":[8.6,14,8.4,14.5],"texture":"#5"},"west":{"uv":[11.6,10.4,11.2,10.9],"texture":"#5"},"up":{"uv":[14.6,11.6,14.4,12],"texture":"#5"},"down":{"uv":[14.6,12.8,14.4,12.4],"texture":"#5"}}},{"from":[7.985,-7,8.75],"to":[8.015,-1,10.75],"rotation":{"angle":0,"axis":"y","origin":[7.985,-8,12.75]},"faces":{"east":{"uv":[2.8,0,3.6,2.4],"texture":"#5"},"west":{"uv":[3.6,0,2.8,2.4],"texture":"#5"}}},{"from":[7.7585,14.87132,1.54289],"to":[8.2415,15.62132,2.34289],"rotation":{"angle":0,"axis":"x","origin":[8,15.7201,2.98414]},"faces":{"north":{"uv":[14.8,3.2,15,3.5],"texture":"#5"},"east":{"uv":[14.4,0,14.7,0.3],"texture":"#5"},"south":{"uv":[14.8,4,15,4.3],"texture":"#5"},"west":{"uv":[6.4,14.4,6.7,14.7],"texture":"#5"},"up":{"uv":[15,5.1,14.8,4.8],"texture":"#5"}}},{"from":[7.7535,15.13904,1.36484],"to":[8.2465,16.13904,2.11484],"rotation":{"angle":-45,"axis":"x","origin":[8,15.7201,2.98414]},"faces":{"north":{"uv":[12.8,14.4,13,14.8],"texture":"#5"},"east":{"uv":[2.4,9.6,2.7,10],"texture":"#5"},"south":{"uv":[0,14.8,0.2,15.2],"texture":"#5"},"west":{"uv":[14,2.8,14.3,3.2],"texture":"#5"},"up":{"uv":[15,5.9,14.8,5.6],"texture":"#5"}}},{"from":[7.7535,14.18904,1.36484],"to":[8.2465,15.13904,2.86484],"rotation":{"angle":-45,"axis":"x","origin":[8,15.7201,2.98414]},"faces":{"north":{"uv":[0.8,14.8,1,15.2],"texture":"#5"},"east":{"uv":[10.8,0,11.4,0.4],"texture":"#5"},"west":{"uv":[1.2,10.8,1.8,11.2],"texture":"#5"},"up":{"uv":[3.4,14.6,3.2,14],"texture":"#5"},"down":{"uv":[14.2,3.6,14,4.2],"texture":"#5"}}},{"from":[7.75,13.97487,3.31066],"to":[8.25,15.22487,5.56066],"rotation":{"angle":0,"axis":"x","origin":[8,15.7201,2.98414]},"faces":{"north":{"uv":[14,13.6,14.2,14.1],"texture":"#5"},"east":{"uv":[8.8,1.2,9.7,1.7],"texture":"#5"},"west":{"uv":[8.8,2.4,9.7,2.9],"texture":"#5"},"up":{"uv":[9.4,12.5,9.2,11.6],"texture":"#5"},"down":{"uv":[11.4,11.6,11.2,12.5],"texture":"#5"}}},{"from":[7.7585,10.7071,1.54289],"to":[8.2415,11.4571,2.34289],"rotation":{"angle":0,"axis":"x","origin":[8,10.60832,2.98414]},"faces":{"north":{"uv":[14.8,7.2,15,7.5],"texture":"#5"},"east":{"uv":[7.2,14.4,7.5,14.7],"texture":"#5"},"south":{"uv":[14.8,8,15,8.3],"texture":"#5"},"west":{"uv":[14.4,10,14.7,10.3],"texture":"#5"},"down":{"uv":[15,8.8,14.8,9.1],"texture":"#5"}}},{"from":[7.7535,10.18938,1.36484],"to":[8.2465,11.18938,2.11484],"rotation":{"angle":45,"axis":"x","origin":[8,10.60832,2.98414]},"faces":{"north":{"uv":[14.8,1.6,15,2],"texture":"#5"},"east":{"uv":[14,4.8,14.3,5.2],"texture":"#5"},"south":{"uv":[14.8,2.4,15,2.8],"texture":"#5"},"west":{"uv":[14,5.6,14.3,6],"texture":"#5"},"down":{"uv":[15,6.4,14.8,6.7],"texture":"#5"}}},{"from":[7.7535,11.18938,1.36484],"to":[8.2465,12.13938,2.86484],"rotation":{"angle":45,"axis":"x","origin":[8,10.60832,2.98414]},"faces":{"north":{"uv":[1.6,14.8,1.8,15.2],"texture":"#5"},"east":{"uv":[10.8,8.4,11.4,8.8],"texture":"#5"},"west":{"uv":[9.2,10.8,9.8,11.2],"texture":"#5"},"up":{"uv":[4.2,14.6,4,14],"texture":"#5"},"down":{"uv":[5,14,4.8,14.6],"texture":"#5"}}},{"from":[7.75,11.10355,3.31066],"to":[8.25,12.35355,5.56066],"rotation":{"angle":0,"axis":"x","origin":[8,10.60832,2.98414]},"faces":{"north":{"uv":[5.6,14.4,5.8,14.9],"texture":"#5"},"east":{"uv":[9.2,0,10.1,0.5],"texture":"#5"},"west":{"uv":[3.2,9.2,4.1,9.7],"texture":"#5"},"up":{"uv":[12.2,7.3,12,6.4],"texture":"#5"},"down":{"uv":[12.2,8,12,8.9],"texture":"#5"}}},{"from":[7.5,-7.25,6],"to":[8.5,-1.25,10],"rotation":{"angle":0,"axis":"y","origin":[-0.5,0,6]},"faces":{"east":{"uv":[0,0,8,12],"texture":"#3"},"west":{"uv":[8,0,0,12],"texture":"#3"}}},{"from":[7.29289,4.5,7.92678],"to":[8.54289,11,9.17678],"rotation":{"angle":45,"axis":"y","origin":[7.29289,4.5,8.17678]},"faces":{"north":{"uv":[4.4,1.6,4.9,4.2],"texture":"#5"},"east":{"uv":[2.8,4.4,3.3,7],"texture":"#5"},"south":{"uv":[4,4.8,4.5,7.4],"texture":"#5"},"west":{"uv":[5.2,4.8,5.7,7.4],"texture":"#5"}}},{"from":[7.985,6.66421,0.07132],"to":[8.015,19.66421,6.07132],"rotation":{"angle":0,"axis":"y","origin":[7.985,13.66421,0.07132]},"faces":{"east":{"uv":[2.4,0,0,5.2],"texture":"#5"},"west":{"uv":[0,0,2.4,5.2],"texture":"#5"}}},{"from":[7.6285,12.16421,9.37868],"to":[8.3715,14.16421,10.87868],"rotation":{"angle":0,"axis":"y","origin":[7.1285,11.66421,9.37868]},"faces":{"north":{"uv":[8.7,10.4,8.4,11.2],"texture":"#5"},"east":{"uv":[8.6,6.8,8,7.6],"texture":"#5"},"south":{"uv":[10.7,7.2,10.4,8],"texture":"#5"},"west":{"uv":[8.6,8,8,8.8],"texture":"#5"}}},{"from":[7.625,13.19454,10.21967],"to":[8.375,14.69454,11.46967],"rotation":{"angle":45,"axis":"x","origin":[7.625,14.69454,10.96967]},"faces":{"north":{"uv":[7.1,11.6,6.8,12.2],"texture":"#5"},"east":{"uv":[1.7,9.6,1.2,10.2],"texture":"#5"},"south":{"uv":[6.3,11.6,6,12.2],"texture":"#5"},"west":{"uv":[10.1,8.4,9.6,9],"texture":"#5"},"up":{"uv":[11.5,13.2,11.2,13.7],"texture":"#5"},"down":{"uv":[9.9,14.1,9.6,13.6],"texture":"#5"}}},{"from":[7.625,11.63388,10.21967],"to":[8.375,13.13388,11.46967],"rotation":{"angle":-45,"axis":"x","origin":[7.625,11.63388,10.96967]},"faces":{"north":{"uv":[8.7,11.6,8.4,12.2],"texture":"#5"},"east":{"uv":[10.1,9.6,9.6,10.2],"texture":"#5"},"south":{"uv":[7.9,11.6,7.6,12.2],"texture":"#5"},"west":{"uv":[0.5,10.4,0,11],"texture":"#5"},"up":{"uv":[10.7,13.6,10.4,14.1],"texture":"#5"},"down":{"uv":[12.3,14.1,12,13.6],"texture":"#5"}}},{"from":[7.7585,14.87132,13.65711],"to":[8.2415,15.62132,14.45711],"rotation":{"angle":0,"axis":"x","origin":[8,15.7201,13.01586]},"faces":{"north":{"uv":[15,4,14.8,4.3],"texture":"#5"},"east":{"uv":[14.7,0,14.4,0.3],"texture":"#5"},"south":{"uv":[15,3.2,14.8,3.5],"texture":"#5"},"west":{"uv":[6.7,14.4,6.4,14.7],"texture":"#5"},"up":{"uv":[15,4.8,14.8,5.1],"texture":"#5"}}},{"from":[7.7535,15.13904,13.88516],"to":[8.2465,16.13904,14.63516],"rotation":{"angle":45,"axis":"x","origin":[8,15.7201,13.01586]},"faces":{"north":{"uv":[0.2,14.8,0,15.2],"texture":"#5"},"east":{"uv":[2.7,9.6,2.4,10],"texture":"#5"},"south":{"uv":[13,14.4,12.8,14.8],"texture":"#5"},"west":{"uv":[14.3,2.8,14,3.2],"texture":"#5"},"up":{"uv":[15,5.6,14.8,5.9],"texture":"#5"}}},{"from":[7.7535,14.18904,13.13516],"to":[8.2465,15.13904,14.63516],"rotation":{"angle":45,"axis":"x","origin":[8,15.7201,13.01586]},"faces":{"east":{"uv":[11.4,0,10.8,0.4],"texture":"#5"},"south":{"uv":[1,14.8,0.8,15.2],"texture":"#5"},"west":{"uv":[1.8,10.8,1.2,11.2],"texture":"#5"},"up":{"uv":[3.4,14,3.2,14.6],"texture":"#5"},"down":{"uv":[14.2,4.2,14,3.6],"texture":"#5"}}},{"from":[7.75,13.97487,10.43934],"to":[8.25,15.22487,12.68934],"rotation":{"angle":0,"axis":"x","origin":[8,15.7201,13.01586]},"faces":{"east":{"uv":[9.7,1.2,8.8,1.7],"texture":"#5"},"south":{"uv":[14.2,13.6,14,14.1],"texture":"#5"},"west":{"uv":[9.7,2.4,8.8,2.9],"texture":"#5"},"up":{"uv":[9.4,11.6,9.2,12.5],"texture":"#5"},"down":{"uv":[11.4,12.5,11.2,11.6],"texture":"#5"}}},{"from":[7.75,11.10355,10.43934],"to":[8.25,12.35355,12.68934],"rotation":{"angle":0,"axis":"x","origin":[8,10.60832,13.01586]},"faces":{"east":{"uv":[10.1,0,9.2,0.5],"texture":"#5"},"south":{"uv":[5.8,14.4,5.6,14.9],"texture":"#5"},"west":{"uv":[4.1,9.2,3.2,9.7],"texture":"#5"},"up":{"uv":[12.2,6.4,12,7.3],"texture":"#5"},"down":{"uv":[12.2,8.9,12,8],"texture":"#5"}}},{"from":[7.7535,11.18938,13.13516],"to":[8.2465,12.13938,14.63516],"rotation":{"angle":-45,"axis":"x","origin":[8,10.60832,13.01586]},"faces":{"east":{"uv":[11.4,8.4,10.8,8.8],"texture":"#5"},"south":{"uv":[1.8,14.8,1.6,15.2],"texture":"#5"},"west":{"uv":[9.8,10.8,9.2,11.2],"texture":"#5"},"up":{"uv":[4.2,14,4,14.6],"texture":"#5"},"down":{"uv":[5,14.6,4.8,14],"texture":"#5"}}},{"from":[7.7535,10.18938,13.88516],"to":[8.2465,11.18938,14.63516],"rotation":{"angle":-45,"axis":"x","origin":[8,10.60832,13.01586]},"faces":{"north":{"uv":[15,2.4,14.8,2.8],"texture":"#5"},"east":{"uv":[14.3,4.8,14,5.2],"texture":"#5"},"south":{"uv":[15,1.6,14.8,2],"texture":"#5"},"west":{"uv":[14.3,5.6,14,6],"texture":"#5"},"down":{"uv":[15,6.7,14.8,6.4],"texture":"#5"}}},{"from":[7.7585,10.7071,13.65711],"to":[8.2415,11.4571,14.45711],"rotation":{"angle":0,"axis":"x","origin":[8,10.60832,13.01586]},"faces":{"north":{"uv":[15,8,14.8,8.3],"texture":"#5"},"east":{"uv":[7.5,14.4,7.2,14.7],"texture":"#5"},"south":{"uv":[15,7.2,14.8,7.5],"texture":"#5"},"west":{"uv":[14.7,10,14.4,10.3],"texture":"#5"},"down":{"uv":[15,9.1,14.8,8.8],"texture":"#5"}}},{"from":[7.985,6.66421,9.92868],"to":[8.015,19.66421,15.92868],"rotation":{"angle":0,"axis":"y","origin":[7.985,13.66421,15.92868]},"faces":{"east":{"uv":[0,0,2.4,5.2],"texture":"#5"},"west":{"uv":[2.4,0,0,5.2],"texture":"#5"}}},{"from":[6.79289,5,7.57322],"to":[8.54289,5.5,9.32322],"rotation":{"angle":45,"axis":"y","origin":[7.29289,5,7.82322]},"faces":{"north":{"uv":[12.8,13.6,13.5,13.8],"texture":"#5"},"east":{"uv":[0,14,0.7,14.2],"texture":"#5"},"south":{"uv":[14,0.8,14.7,1],"texture":"#5"},"west":{"uv":[1.2,14,1.9,14.2],"texture":"#5"},"up":{"uv":[0.7,8.7,0,8],"texture":"#5"},"down":{"uv":[8.7,0,8,0.7],"texture":"#5"}}},{"from":[6.79289,6,7.57322],"to":[8.54289,6.5,9.32322],"rotation":{"angle":45,"axis":"y","origin":[7.29289,6,7.82322]},"faces":{"north":{"uv":[12.8,13.6,13.5,13.8],"texture":"#5"},"east":{"uv":[0,14,0.7,14.2],"texture":"#5"},"south":{"uv":[14,0.8,14.7,1],"texture":"#5"},"west":{"uv":[1.2,14,1.9,14.2],"texture":"#5"},"up":{"uv":[0.7,8.7,0,8],"texture":"#5"},"down":{"uv":[8.7,0,8,0.7],"texture":"#5"}}},{"from":[6.79289,7,7.57322],"to":[8.54289,7.5,9.32322],"rotation":{"angle":45,"axis":"y","origin":[7.29289,7,7.82322]},"faces":{"north":{"uv":[12.8,13.6,13.5,13.8],"texture":"#5"},"east":{"uv":[0,14,0.7,14.2],"texture":"#5"},"south":{"uv":[14,0.8,14.7,1],"texture":"#5"},"west":{"uv":[1.2,14,1.9,14.2],"texture":"#5"},"up":{"uv":[0.7,8.7,0,8],"texture":"#5"},"down":{"uv":[8.7,0,8,0.7],"texture":"#5"}}},{"from":[6.79289,8,7.57322],"to":[8.54289,8.5,9.32322],"rotation":{"angle":45,"axis":"y","origin":[7.29289,8,7.82322]},"faces":{"north":{"uv":[12.8,13.6,13.5,13.8],"texture":"#5"},"east":{"uv":[0,14,0.7,14.2],"texture":"#5"},"south":{"uv":[14,0.8,14.7,1],"texture":"#5"},"west":{"uv":[1.2,14,1.9,14.2],"texture":"#5"},"up":{"uv":[0.7,8.7,0,8],"texture":"#5"},"down":{"uv":[8.7,0,8,0.7],"texture":"#5"}}},{"from":[6.79289,9,7.57322],"to":[8.54289,9.5,9.32322],"rotation":{"angle":45,"axis":"y","origin":[7.29289,9,7.82322]},"faces":{"north":{"uv":[12.8,13.6,13.5,13.8],"texture":"#5"},"east":{"uv":[0,14,0.7,14.2],"texture":"#5"},"south":{"uv":[14,0.8,14.7,1],"texture":"#5"},"west":{"uv":[1.2,14,1.9,14.2],"texture":"#5"},"up":{"uv":[0.7,8.7,0,8],"texture":"#5"},"down":{"uv":[8.7,0,8,0.7],"texture":"#5"}}},{"from":[6.79289,10,7.57322],"to":[8.54289,10.5,9.32322],"rotation":{"angle":45,"axis":"y","origin":[7.29289,10,7.82322]},"faces":{"north":{"uv":[12.8,13.6,13.5,13.8],"texture":"#5"},"east":{"uv":[0,14,0.7,14.2],"texture":"#5"},"south":{"uv":[14,0.8,14.7,1],"texture":"#5"},"west":{"uv":[1.2,14,1.9,14.2],"texture":"#5"},"up":{"uv":[0.7,8.7,0,8],"texture":"#5"},"down":{"uv":[8.7,0,8,0.7],"texture":"#5"}}},{"from":[7.23464,6.16421,1.32132],"to":[7.26464,20.16421,4.82132],"rotation":{"angle":0,"axis":"y","origin":[7.23464,8.16421,2.07132]},"faces":{"east":{"uv":[3.14286,0,1.14286,8],"texture":"#2"},"west":{"uv":[1.14286,0,3.14286,8],"texture":"#2"}}},{"from":[8.28701,6.16421,-0.46935],"to":[8.31701,20.16421,1.53065],"rotation":{"angle":-22.5,"axis":"y","origin":[8.28701,8.16421,-1.21935]},"faces":{"east":{"uv":[1.14286,0,0,8],"texture":"#2"},"west":{"uv":[0,0,1.14286,8],"texture":"#2"}}},{"from":[6.94762,6.16421,4.87841],"to":[6.97762,20.16421,6.87841],"rotation":{"angle":22.5,"axis":"y","origin":[6.94762,8.16421,4.12841]},"faces":{"east":{"uv":[4.28571,0,3.14286,8],"texture":"#2"},"west":{"uv":[3.14286,0,4.28571,8],"texture":"#2"}}},{"from":[9.02466,6.16421,4.86693],"to":[9.05466,20.16421,6.86693],"rotation":{"angle":-22.5,"axis":"y","origin":[9.02466,8.16421,4.11693]},"faces":{"east":{"uv":[4.28571,0,5.42857,8],"texture":"#2"},"west":{"uv":[5.42857,0,4.28571,8],"texture":"#2"}}},{"from":[8.73536,6.16421,1.32132],"to":[8.76536,20.16421,4.82132],"rotation":{"angle":0,"axis":"y","origin":[8.73536,8.16421,2.07132]},"faces":{"east":{"uv":[5.42857,0,7.42857,8],"texture":"#2"},"west":{"uv":[7.42857,0,5.42857,8],"texture":"#2"}}},{"from":[7.68527,6.16421,-0.45787],"to":[7.71527,20.16421,1.54213],"rotation":{"angle":22.5,"axis":"y","origin":[7.68527,8.16421,-1.20787]},"faces":{"east":{"uv":[7.42857,0,8.57143,8],"texture":"#2"},"west":{"uv":[8.57143,0,7.42857,8],"texture":"#2"}}},{"from":[8.73536,6.16421,11.17868],"to":[8.76536,20.16421,14.67868],"rotation":{"angle":0,"axis":"y","origin":[8.76536,8.16421,13.92868]},"faces":{"east":{"uv":[1.14286,0,3.14286,8],"texture":"#2"},"west":{"uv":[3.14286,0,1.14286,8],"texture":"#2"}}},{"from":[7.68299,6.16421,14.46935],"to":[7.71299,20.16421,16.46935],"rotation":{"angle":-22.5,"axis":"y","origin":[7.71299,8.16421,17.21935]},"faces":{"east":{"uv":[0,0,1.14286,8],"texture":"#2"},"west":{"uv":[1.14286,0,0,8],"texture":"#2"}}},{"from":[9.02238,6.16421,9.12159],"to":[9.05238,20.16421,11.12159],"rotation":{"angle":22.5,"axis":"y","origin":[9.05238,8.16421,11.87159]},"faces":{"east":{"uv":[3.14286,0,4.28571,8],"texture":"#2"},"west":{"uv":[4.28571,0,3.14286,8],"texture":"#2"}}},{"from":[6.94534,6.16421,9.13307],"to":[6.97534,20.16421,11.13307],"rotation":{"angle":-22.5,"axis":"y","origin":[6.97534,8.16421,11.88307]},"faces":{"east":{"uv":[5.42857,0,4.28571,8],"texture":"#2"},"west":{"uv":[4.28571,0,5.42857,8],"texture":"#2"}}},{"from":[7.23464,6.16421,11.17868],"to":[7.26464,20.16421,14.67868],"rotation":{"angle":0,"axis":"y","origin":[7.26464,8.16421,13.92868]},"faces":{"east":{"uv":[7.42857,0,5.42857,8],"texture":"#2"},"west":{"uv":[5.42857,0,7.42857,8],"texture":"#2"}}},{"from":[8.28473,6.16421,14.45787],"to":[8.31473,20.16421,16.45787],"rotation":{"angle":22.5,"axis":"y","origin":[8.31473,8.16421,17.20787]},"faces":{"east":{"uv":[8.57143,0,7.42857,8],"texture":"#2"},"west":{"uv":[7.42857,0,8.57143,8],"texture":"#2"}}}],"gui_light":"front","display":{"thirdperson_righthand":{"translation":[0,4.5,1]},"thirdperson_lefthand":{"translation":[0,4.5,1]},"firstperson_righthand":{"rotation":[10,0,0],"translation":[1.25,3.75,0.5],"scale":[0.7,0.7,0.7]},"firstperson_lefthand":{"rotation":[10,0,0],"translation":[1.25,3.75,0.5],"scale":[0.7,0.7,0.7]},"ground":{"rotation":[-45,0,0],"translation":[0,5,0],"scale":[0.7,0.7,0.7]},"gui":{"rotation":[-90,45,90],"scale":[0.7,0.7,0.7]},"head":{"rotation":[0,-90,0]},"fixed":{"rotation":[0,-90,0],"translation":[0,0,-1.75],"scale":[2,2,2]}}}