{"credit":"Pologony Creation Co.,Ltd.","texture_size":[44,44],"textures":{"0":"frostbite_set:chest","1":"frostbite_set:animated/animated_2","particle":"frostbite_set:chest"},"elements":[{"from":[0.68593,3.5,3.29906],"to":[0.71593,12.5,7.29906],"rotation":{"angle":0,"axis":"y","origin":[0.68593,3.5,-0.70094]},"faces":{"east":{"uv":[9.6,0,6.4,7.2],"texture":"#1"},"west":{"uv":[6.4,0,9.6,7.2],"texture":"#1"}}},{"from":[1.25996,3.5,1.41324],"to":[1.28996,12.5,3.41324],"rotation":{"angle":-22.5,"axis":"y","origin":[1.25996,8,1.91324]},"faces":{"east":{"uv":[6.4,0,4.8,7.2],"texture":"#1"},"west":{"uv":[4.8,0,6.4,7.2],"texture":"#1"}}},{"from":[1.41899,3.5,0.49459],"to":[3.41899,12.5,0.52459],"rotation":{"angle":22.5,"axis":"y","origin":[3.84,8,0.89171]},"faces":{"north":{"uv":[3.2,0,4.8,7.2],"texture":"#1"},"south":{"uv":[4.8,0,3.2,7.2],"texture":"#1"}}},{"from":[3.29907,3.5,0.68594],"to":[7.29907,12.5,0.71594],"rotation":{"angle":0,"axis":"y","origin":[3.84,8,0.89171]},"faces":{"north":{"uv":[0,0,3.2,7.2],"texture":"#1"},"south":{"uv":[3.2,0,0,7.2],"texture":"#1"}}},{"from":[15.28407,3.5,3.29906],"to":[15.31407,12.5,7.29906],"rotation":{"angle":0,"axis":"y","origin":[15.31407,3.5,-0.70094]},"faces":{"east":{"uv":[9.6,0,6.4,7.2],"texture":"#1"},"west":{"uv":[6.4,0,9.6,7.2],"texture":"#1"}}},{"from":[14.71004,3.5,1.41324],"to":[14.74004,12.5,3.41324],"rotation":{"angle":22.5,"axis":"y","origin":[14.74004,8,1.91324]},"faces":{"east":{"uv":[6.4,0,4.8,7.2],"texture":"#1"},"west":{"uv":[4.8,0,6.4,7.2],"texture":"#1"}}},{"from":[12.58101,3.5,0.49459],"to":[14.58101,12.5,0.52459],"rotation":{"angle":-22.5,"axis":"y","origin":[12.16,8,0.89171]},"faces":{"north":{"uv":[4.8,0,3.2,7.2],"texture":"#1"},"south":{"uv":[3.2,0,4.8,7.2],"texture":"#1"}}},{"from":[8.70093,3.5,0.68594],"to":[12.70093,12.5,0.71594],"rotation":{"angle":0,"axis":"y","origin":[12.16,8,0.89171]},"faces":{"north":{"uv":[3.2,0,0,7.2],"texture":"#1"},"south":{"uv":[0,0,3.2,7.2],"texture":"#1"}}},{"from":[15.28407,3.5,8.70094],"to":[15.31407,12.5,12.70094],"rotation":{"angle":0,"axis":"y","origin":[15.31407,3.5,16.70094]},"faces":{"east":{"uv":[6.4,0,9.6,7.2],"texture":"#1"},"west":{"uv":[9.6,0,6.4,7.2],"texture":"#1"}}},{"from":[14.71004,3.5,12.58676],"to":[14.74004,12.5,14.58676],"rotation":{"angle":-22.5,"axis":"y","origin":[14.74004,8,14.08676]},"faces":{"east":{"uv":[4.8,0,6.4,7.2],"texture":"#1"},"west":{"uv":[6.4,0,4.8,7.2],"texture":"#1"}}},{"from":[12.58101,3.5,15.47541],"to":[14.58101,12.5,15.50541],"rotation":{"angle":22.5,"axis":"y","origin":[12.16,8,15.10829]},"faces":{"north":{"uv":[4.8,0,3.2,7.2],"texture":"#1"},"south":{"uv":[3.2,0,4.8,7.2],"texture":"#1"}}},{"from":[8.70093,3.5,15.28406],"to":[12.70093,12.5,15.31406],"rotation":{"angle":0,"axis":"y","origin":[12.16,8,15.10829]},"faces":{"north":{"uv":[3.2,0,0,7.2],"texture":"#1"},"south":{"uv":[0,0,3.2,7.2],"texture":"#1"}}},{"from":[3.29907,3.5,15.28406],"to":[7.29907,12.5,15.31406],"rotation":{"angle":0,"axis":"y","origin":[3.84,8,15.10829]},"faces":{"north":{"uv":[0,0,3.2,7.2],"texture":"#1"},"south":{"uv":[3.2,0,0,7.2],"texture":"#1"}}},{"from":[1.41899,3.5,15.47541],"to":[3.41899,12.5,15.50541],"rotation":{"angle":-22.5,"axis":"y","origin":[3.84,8,15.10829]},"faces":{"north":{"uv":[3.2,0,4.8,7.2],"texture":"#1"},"south":{"uv":[4.8,0,3.2,7.2],"texture":"#1"}}},{"from":[1.25996,3.5,12.58676],"to":[1.28996,12.5,14.58676],"rotation":{"angle":22.5,"axis":"y","origin":[1.25996,8,14.08676]},"faces":{"east":{"uv":[4.8,0,6.4,7.2],"texture":"#1"},"west":{"uv":[6.4,0,4.8,7.2],"texture":"#1"}}},{"from":[0.68593,3.5,8.70094],"to":[0.71593,12.5,12.70094],"rotation":{"angle":0,"axis":"y","origin":[0.68593,3.5,16.70094]},"faces":{"east":{"uv":[6.4,0,9.6,7.2],"texture":"#1"},"west":{"uv":[9.6,0,6.4,7.2],"texture":"#1"}}},{"from":[2,0,2],"to":[4,1,4],"rotation":{"angle":0,"axis":"y","origin":[1,0,1]},"faces":{"north":{"uv":[9.23077,11.07692,9.84615,11.38462],"texture":"#0"},"east":{"uv":[13.84615,11.07692,14.46154,11.38462],"texture":"#0"},"south":{"uv":[6.15385,14.15385,6.76923,14.46154],"texture":"#0"},"west":{"uv":[7.07692,14.15385,7.69231,14.46154],"texture":"#0"},"up":{"uv":[0.61538,14.15385,0,13.53846],"texture":"#0"},"down":{"uv":[14.15385,0,13.53846,0.61538],"texture":"#0"}}},{"from":[2.5,1,2.5],"to":[4,2.5,4],"rotation":{"angle":0,"axis":"y","origin":[3,1,3]},"faces":{"north":{"uv":[13.53846,2.15385,14,2.61538],"texture":"#0"},"east":{"uv":[4.30769,13.53846,4.76923,14],"texture":"#0"},"south":{"uv":[8.92308,13.53846,9.38462,14],"texture":"#0"},"west":{"uv":[9.84615,13.53846,10.30769,14],"texture":"#0"},"up":{"uv":[11.23077,14,10.76923,13.53846],"texture":"#0"}}},{"from":[2.75,0.5,2.75],"to":[13.25,1.5,13.25],"rotation":{"angle":0,"axis":"y","origin":[10,0.5,2]},"faces":{"north":{"uv":[11.38462,9.53846,14.61538,9.84615],"texture":"#0"},"east":{"uv":[11.69231,11.69231,14.92308,12],"texture":"#0"},"south":{"uv":[12,3.07692,15.23077,3.38462],"texture":"#0"},"west":{"uv":[12,3.69231,15.23077,4],"texture":"#0"},"up":{"uv":[3.23077,3.23077,0,0],"texture":"#0"},"down":{"uv":[3.23077,3.69231,0,6.92308],"texture":"#0"}}},{"from":[3.25,1.5,3.25],"to":[12.75,6.5,12.75],"rotation":{"angle":0,"axis":"y","origin":[10,1.5,2]},"faces":{"north":{"uv":[7.38462,3.07692,10.30769,4.61538],"texture":"#0"},"east":{"uv":[3.38462,7.38462,6.30769,8.92308],"texture":"#0"},"south":{"uv":[7.38462,4.92308,10.30769,6.46154],"texture":"#0"},"west":{"uv":[6.76923,7.38462,9.69231,8.92308],"texture":"#0"},"up":{"uv":[2.92308,10.30769,0,7.38462],"texture":"#0"}}},{"from":[2.5,5.5,2.5],"to":[4,7,4],"rotation":{"angle":0,"axis":"y","origin":[3.5,5.5,3.5]},"faces":{"north":{"uv":[13.53846,12.92308,14,13.38462],"texture":"#0"},"east":{"uv":[13.84615,8.61538,14.30769,9.07692],"texture":"#0"},"south":{"uv":[13.84615,10.15385,14.30769,10.61538],"texture":"#0"},"west":{"uv":[13.53846,13.84615,14,14.30769],"texture":"#0"},"up":{"uv":[14.61538,1.38462,14.15385,0.92308],"texture":"#0"},"down":{"uv":[5.69231,14.15385,5.23077,14.61538],"texture":"#0"}}},{"from":[4,6,3],"to":[12,7,4],"rotation":{"angle":0,"axis":"y","origin":[8,6.5,8]},"faces":{"north":{"uv":[12.61538,6.15385,15.07692,6.46154],"texture":"#0"},"south":{"uv":[12.61538,6.76923,15.07692,7.07692],"texture":"#0"},"up":{"uv":[15.07692,7.69231,12.61538,7.38462],"texture":"#0"},"down":{"uv":[15.07692,8,12.61538,8.30769],"texture":"#0"}}},{"from":[3,2.5,3],"to":[4,5.5,4],"rotation":{"angle":0,"axis":"z","origin":[3.5,6.5,8]},"faces":{"north":{"uv":[13.53846,0.92308,13.84615,1.84615],"texture":"#0"},"east":{"uv":[2.46154,13.53846,2.76923,14.46154],"texture":"#0"},"south":{"uv":[3.07692,13.53846,3.38462,14.46154],"texture":"#0"},"west":{"uv":[3.69231,13.53846,4,14.46154],"texture":"#0"}}},{"from":[6.5,3.5,2],"to":[9.5,6.5,4],"rotation":{"angle":22.5,"axis":"x","origin":[8,5,2.625]},"faces":{"north":{"uv":[0,12.30769,0.92308,13.23077],"texture":"#0"},"east":{"uv":[11.69231,12.92308,12.30769,13.84615],"texture":"#0"},"west":{"uv":[12.61538,12.92308,13.23077,13.84615],"texture":"#0"},"up":{"uv":[6.15385,13.84615,5.23077,13.23077],"texture":"#0"},"down":{"uv":[7.38462,13.23077,6.46154,13.84615],"texture":"#0"}}},{"from":[0.29289,0.75,1.79289],"to":[3.54289,7.75,1.82289],"rotation":{"angle":-45,"axis":"y","origin":[1.79289,3.5,1.79289]},"faces":{"north":{"uv":[2.61538,11.07692,3.61538,13.23077],"texture":"#0"},"south":{"uv":[3.61538,11.07692,2.61538,13.23077],"texture":"#0"}}},{"from":[2.36594,0.75,2.24205],"to":[3.86594,7.75,2.27205],"rotation":{"angle":22.5,"axis":"y","origin":[3.04094,4.25,2.15705]},"faces":{"north":{"uv":[4,11.07692,4.46154,13.23077],"texture":"#0"},"south":{"uv":[4.46154,11.07692,4,13.23077],"texture":"#0"}}},{"from":[3,6,4],"to":[4,7,12],"rotation":{"angle":0,"axis":"y","origin":[8,6.5,8]},"faces":{"east":{"uv":[12.61538,6.76923,15.07692,7.07692],"texture":"#0"},"west":{"uv":[12.61538,6.15385,15.07692,6.46154],"texture":"#0"},"up":{"uv":[15.07692,7.69231,12.61538,7.38462],"rotation":270,"texture":"#0"},"down":{"uv":[15.07692,8,12.61538,8.30769],"rotation":90,"texture":"#0"}}},{"from":[12,0,2],"to":[14,1,4],"rotation":{"angle":0,"axis":"y","origin":[15,0,1]},"faces":{"north":{"uv":[9.84615,11.07692,9.23077,11.38462],"texture":"#0"},"east":{"uv":[7.69231,14.15385,7.07692,14.46154],"texture":"#0"},"south":{"uv":[6.76923,14.15385,6.15385,14.46154],"texture":"#0"},"west":{"uv":[14.46154,11.07692,13.84615,11.38462],"texture":"#0"},"up":{"uv":[0,14.15385,0.61538,13.53846],"texture":"#0"},"down":{"uv":[13.53846,0,14.15385,0.61538],"texture":"#0"}}},{"from":[12,1,2.5],"to":[13.5,2.5,4],"rotation":{"angle":0,"axis":"y","origin":[13,1,3]},"faces":{"north":{"uv":[14,2.15385,13.53846,2.61538],"texture":"#0"},"east":{"uv":[10.30769,13.53846,9.84615,14],"texture":"#0"},"south":{"uv":[9.38462,13.53846,8.92308,14],"texture":"#0"},"west":{"uv":[4.76923,13.53846,4.30769,14],"texture":"#0"},"up":{"uv":[10.76923,14,11.23077,13.53846],"texture":"#0"}}},{"from":[12,2.5,3],"to":[13,5.5,4],"rotation":{"angle":0,"axis":"z","origin":[12.5,6.5,8]},"faces":{"north":{"uv":[13.84615,0.92308,13.53846,1.84615],"texture":"#0"},"east":{"uv":[4,13.53846,3.69231,14.46154],"texture":"#0"},"south":{"uv":[3.38462,13.53846,3.07692,14.46154],"texture":"#0"},"west":{"uv":[2.76923,13.53846,2.46154,14.46154],"texture":"#0"}}},{"from":[12,5.5,2.5],"to":[13.5,7,4],"rotation":{"angle":0,"axis":"y","origin":[12.5,5.5,3.5]},"faces":{"north":{"uv":[14,12.92308,13.53846,13.38462],"texture":"#0"},"east":{"uv":[14,13.84615,13.53846,14.30769],"texture":"#0"},"south":{"uv":[14.30769,10.15385,13.84615,10.61538],"texture":"#0"},"west":{"uv":[14.30769,8.61538,13.84615,9.07692],"texture":"#0"},"up":{"uv":[14.15385,1.38462,14.61538,0.92308],"texture":"#0"},"down":{"uv":[5.23077,14.15385,5.69231,14.61538],"texture":"#0"}}},{"from":[2,0,12],"to":[4,1,14],"rotation":{"angle":0,"axis":"y","origin":[1,0,15]},"faces":{"north":{"uv":[6.76923,14.15385,6.15385,14.46154],"texture":"#0"},"east":{"uv":[14.46154,11.07692,13.84615,11.38462],"texture":"#0"},"south":{"uv":[9.84615,11.07692,9.23077,11.38462],"texture":"#0"},"west":{"uv":[7.69231,14.15385,7.07692,14.46154],"texture":"#0"},"up":{"uv":[0.61538,13.53846,0,14.15385],"texture":"#0"},"down":{"uv":[14.15385,0.61538,13.53846,0],"texture":"#0"}}},{"from":[2.5,1,12],"to":[4,2.5,13.5],"rotation":{"angle":0,"axis":"y","origin":[3,1,13]},"faces":{"north":{"uv":[9.38462,13.53846,8.92308,14],"texture":"#0"},"east":{"uv":[4.76923,13.53846,4.30769,14],"texture":"#0"},"south":{"uv":[14,2.15385,13.53846,2.61538],"texture":"#0"},"west":{"uv":[10.30769,13.53846,9.84615,14],"texture":"#0"},"up":{"uv":[11.23077,13.53846,10.76923,14],"texture":"#0"}}},{"from":[3,2.5,12],"to":[4,5.5,13],"rotation":{"angle":0,"axis":"z","origin":[3.5,6.5,8]},"faces":{"north":{"uv":[3.38462,13.53846,3.07692,14.46154],"texture":"#0"},"east":{"uv":[2.76923,13.53846,2.46154,14.46154],"texture":"#0"},"south":{"uv":[13.84615,0.92308,13.53846,1.84615],"texture":"#0"},"west":{"uv":[4,13.53846,3.69231,14.46154],"texture":"#0"}}},{"from":[2.5,5.5,12],"to":[4,7,13.5],"rotation":{"angle":0,"axis":"y","origin":[3.5,5.5,12.5]},"faces":{"north":{"uv":[14.30769,10.15385,13.84615,10.61538],"texture":"#0"},"east":{"uv":[14.30769,8.61538,13.84615,9.07692],"texture":"#0"},"south":{"uv":[14,12.92308,13.53846,13.38462],"texture":"#0"},"west":{"uv":[14,13.84615,13.53846,14.30769],"texture":"#0"},"up":{"uv":[14.61538,0.92308,14.15385,1.38462],"texture":"#0"},"down":{"uv":[5.69231,14.61538,5.23077,14.15385],"texture":"#0"}}},{"from":[12,0,12],"to":[14,1,14],"rotation":{"angle":0,"axis":"y","origin":[15,0,15]},"faces":{"north":{"uv":[6.15385,14.15385,6.76923,14.46154],"texture":"#0"},"east":{"uv":[7.07692,14.15385,7.69231,14.46154],"texture":"#0"},"south":{"uv":[9.23077,11.07692,9.84615,11.38462],"texture":"#0"},"west":{"uv":[13.84615,11.07692,14.46154,11.38462],"texture":"#0"},"up":{"uv":[0,13.53846,0.61538,14.15385],"texture":"#0"},"down":{"uv":[13.53846,0.61538,14.15385,0],"texture":"#0"}}},{"from":[12,1,12],"to":[13.5,2.5,13.5],"rotation":{"angle":0,"axis":"y","origin":[13,1,13]},"faces":{"north":{"uv":[8.92308,13.53846,9.38462,14],"texture":"#0"},"east":{"uv":[9.84615,13.53846,10.30769,14],"texture":"#0"},"south":{"uv":[13.53846,2.15385,14,2.61538],"texture":"#0"},"west":{"uv":[4.30769,13.53846,4.76923,14],"texture":"#0"},"up":{"uv":[10.76923,13.53846,11.23077,14],"texture":"#0"}}},{"from":[12,2.5,12],"to":[13,5.5,13],"rotation":{"angle":0,"axis":"z","origin":[12.5,6.5,8]},"faces":{"north":{"uv":[3.07692,13.53846,3.38462,14.46154],"texture":"#0"},"east":{"uv":[3.69231,13.53846,4,14.46154],"texture":"#0"},"south":{"uv":[13.53846,0.92308,13.84615,1.84615],"texture":"#0"},"west":{"uv":[2.46154,13.53846,2.76923,14.46154],"texture":"#0"}}},{"from":[12,5.5,12],"to":[13.5,7,13.5],"rotation":{"angle":0,"axis":"y","origin":[12.5,5.5,12.5]},"faces":{"north":{"uv":[13.84615,10.15385,14.30769,10.61538],"texture":"#0"},"east":{"uv":[13.53846,13.84615,14,14.30769],"texture":"#0"},"south":{"uv":[13.53846,12.92308,14,13.38462],"texture":"#0"},"west":{"uv":[13.84615,8.61538,14.30769,9.07692],"texture":"#0"},"up":{"uv":[14.15385,0.92308,14.61538,1.38462],"texture":"#0"},"down":{"uv":[5.23077,14.61538,5.69231,14.15385],"texture":"#0"}}},{"from":[4,6,12],"to":[12,7,13],"rotation":{"angle":0,"axis":"y","origin":[8,6.5,8]},"faces":{"north":{"uv":[15.07692,6.76923,12.61538,7.07692],"texture":"#0"},"south":{"uv":[15.07692,6.15385,12.61538,6.46154],"texture":"#0"},"up":{"uv":[15.07692,7.38462,12.61538,7.69231],"texture":"#0"},"down":{"uv":[15.07692,8.30769,12.61538,8],"texture":"#0"}}},{"from":[12,6,4],"to":[13,7,12],"rotation":{"angle":0,"axis":"y","origin":[8,6.5,8]},"faces":{"east":{"uv":[15.07692,6.15385,12.61538,6.46154],"texture":"#0"},"west":{"uv":[15.07692,6.76923,12.61538,7.07692],"texture":"#0"},"up":{"uv":[15.07692,7.38462,12.61538,7.69231],"rotation":270,"texture":"#0"},"down":{"uv":[15.07692,8.30769,12.61538,8],"rotation":90,"texture":"#0"}}},{"from":[2.16169,0.75,2.44254],"to":[2.19169,7.75,3.94254],"rotation":{"angle":-22.5,"axis":"y","origin":[2.17669,4.25,3.19254]},"faces":{"east":{"uv":[4,11.07692,4.46154,13.23077],"texture":"#0"},"west":{"uv":[4.46154,11.07692,4,13.23077],"texture":"#0"}}},{"from":[12.45711,0.75,1.79289],"to":[15.70711,7.75,1.82289],"rotation":{"angle":45,"axis":"y","origin":[14.20711,3.5,1.79289]},"faces":{"north":{"uv":[3.61538,11.07692,2.61538,13.23077],"texture":"#0"},"south":{"uv":[2.61538,11.07692,3.61538,13.23077],"texture":"#0"}}},{"from":[13.80831,0.75,2.44254],"to":[13.83831,7.75,3.94254],"rotation":{"angle":22.5,"axis":"y","origin":[13.82331,4.25,3.19254]},"faces":{"east":{"uv":[4,11.07692,4.46154,13.23077],"texture":"#0"},"west":{"uv":[4.46154,11.07692,4,13.23077],"texture":"#0"}}},{"from":[12.13406,0.75,2.24205],"to":[13.63406,7.75,2.27205],"rotation":{"angle":-22.5,"axis":"y","origin":[12.95906,4.25,2.15705]},"faces":{"north":{"uv":[4.46154,11.07692,4,13.23077],"texture":"#0"},"south":{"uv":[4,11.07692,4.46154,13.23077],"texture":"#0"}}},{"from":[2.16169,0.75,12.05746],"to":[2.19169,7.75,13.55746],"rotation":{"angle":22.5,"axis":"y","origin":[2.17669,4.25,12.80746]},"faces":{"east":{"uv":[4.46154,11.07692,4,13.23077],"texture":"#0"},"west":{"uv":[4,11.07692,4.46154,13.23077],"texture":"#0"}}},{"from":[0.29289,0.75,14.17711],"to":[3.54289,7.75,14.20711],"rotation":{"angle":45,"axis":"y","origin":[1.79289,3.5,14.20711]},"faces":{"north":{"uv":[2.61538,11.07692,3.61538,13.23077],"texture":"#0"},"south":{"uv":[3.61538,11.07692,2.61538,13.23077],"texture":"#0"}}},{"from":[2.36594,0.75,13.72795],"to":[3.86594,7.75,13.75795],"rotation":{"angle":-22.5,"axis":"y","origin":[3.04094,4.25,13.84295]},"faces":{"north":{"uv":[4,11.07692,4.46154,13.23077],"texture":"#0"},"south":{"uv":[4.46154,11.07692,4,13.23077],"texture":"#0"}}},{"from":[12.45711,0.75,14.17711],"to":[15.70711,7.75,14.20711],"rotation":{"angle":-45,"axis":"y","origin":[14.20711,3.5,14.20711]},"faces":{"north":{"uv":[3.61538,11.07692,2.61538,13.23077],"texture":"#0"},"south":{"uv":[2.61538,11.07692,3.61538,13.23077],"texture":"#0"}}},{"from":[13.80831,0.75,12.05746],"to":[13.83831,7.75,13.55746],"rotation":{"angle":-22.5,"axis":"y","origin":[13.82331,4.25,12.80746]},"faces":{"east":{"uv":[4.46154,11.07692,4,13.23077],"texture":"#0"},"west":{"uv":[4,11.07692,4.46154,13.23077],"texture":"#0"}}},{"from":[12.13406,0.75,13.72795],"to":[13.63406,7.75,13.75795],"rotation":{"angle":22.5,"axis":"y","origin":[12.95906,4.25,13.84295]},"faces":{"north":{"uv":[4.46154,11.07692,4,13.23077],"texture":"#0"},"south":{"uv":[4,11.07692,4.46154,13.23077],"texture":"#0"}}},{"from":[2.75,7,2.75],"to":[13.25,8,13.25],"rotation":{"angle":0,"axis":"y","origin":[8,7.5,8]},"faces":{"north":{"uv":[12,4.30769,15.23077,4.61538],"texture":"#0"},"east":{"uv":[12,4.92308,15.23077,5.23077],"texture":"#0"},"south":{"uv":[12,5.53846,15.23077,5.84615],"texture":"#0"},"west":{"uv":[11.69231,12.30769,14.92308,12.61538],"texture":"#0"},"up":{"uv":[6.92308,3.23077,3.69231,0],"texture":"#0"},"down":{"uv":[6.92308,3.69231,3.69231,6.92308],"texture":"#0"}}},{"from":[4.25,8,3.5],"to":[11.75,11.5,12.5],"rotation":{"angle":0,"axis":"y","origin":[8,10.5,8]},"faces":{"north":{"uv":[10.15385,10.15385,12.46154,11.23077],"texture":"#0"},"south":{"uv":[0,10.76923,2.30769,11.84615],"texture":"#0"},"up":{"uv":[9.69231,2.76923,7.38462,0],"texture":"#0"}}},{"from":[2.25,8,3],"to":[4.75,12.5,13],"rotation":{"angle":22.5,"axis":"z","origin":[5.5,10.5,8]},"faces":{"north":{"uv":[9.23077,11.69231,10,13.07692],"texture":"#0"},"east":{"uv":[3.38462,9.23077,6.46154,10.61538],"texture":"#0"},"south":{"uv":[10.46154,11.69231,11.23077,13.07692],"texture":"#0"},"west":{"uv":[6.76923,9.23077,9.84615,10.61538],"texture":"#0"},"up":{"uv":[11.53846,6.15385,10.76923,3.07692],"texture":"#0"}}},{"from":[2,8.75,4],"to":[5,12.75,6],"rotation":{"angle":22.5,"axis":"z","origin":[5.5,10.5,5]},"faces":{"north":{"uv":[6.76923,11.07692,7.69231,12.30769],"texture":"#0"},"east":{"uv":[8,12.61538,8.61538,13.84615],"texture":"#0"},"south":{"uv":[8,11.07692,8.92308,12.30769],"texture":"#0"},"west":{"uv":[12.92308,10.15385,13.53846,11.38462],"texture":"#0"},"up":{"uv":[13.53846,9.23077,12.61538,8.61538],"texture":"#0"}}},{"from":[6.5,8,3],"to":[9.5,12,13],"rotation":{"angle":0,"axis":"y","origin":[8,10.5,8]},"faces":{"north":{"uv":[11.38462,6.46154,12.30769,7.69231],"texture":"#0"},"east":{"uv":[10.15385,0,13.23077,1.23077],"texture":"#0"},"south":{"uv":[11.38462,8,12.30769,9.23077],"texture":"#0"},"west":{"uv":[10.15385,1.53846,13.23077,2.76923],"texture":"#0"},"up":{"uv":[11.07692,9.84615,10.15385,6.76923],"texture":"#0"}}},{"from":[2,12,4.985],"to":[6,16,5.015],"rotation":{"angle":22.5,"axis":"z","origin":[5.5,10.5,7.985]},"faces":{"north":{"uv":[5.23077,11.07692,6.46154,12.30769],"texture":"#0"},"south":{"uv":[6.46154,11.07692,5.23077,12.30769],"texture":"#0"}}},{"from":[2,12,10.985],"to":[6,16,11.015],"rotation":{"angle":22.5,"axis":"z","origin":[5.5,10.5,8.015]},"faces":{"north":{"uv":[5.23077,11.07692,6.46154,12.30769],"texture":"#0"},"south":{"uv":[6.46154,11.07692,5.23077,12.30769],"texture":"#0"}}},{"from":[2,8.75,10],"to":[5,12.75,12],"rotation":{"angle":22.5,"axis":"z","origin":[5.5,10.5,11]},"faces":{"north":{"uv":[8.92308,11.07692,8,12.30769],"texture":"#0"},"east":{"uv":[8.61538,12.61538,8,13.84615],"texture":"#0"},"south":{"uv":[7.69231,11.07692,6.76923,12.30769],"texture":"#0"},"west":{"uv":[13.53846,10.15385,12.92308,11.38462],"texture":"#0"},"up":{"uv":[13.53846,8.61538,12.61538,9.23077],"texture":"#0"}}},{"from":[11.25,8,3],"to":[13.75,12.5,13],"rotation":{"angle":-22.5,"axis":"z","origin":[10.5,10.5,8]},"faces":{"north":{"uv":[10,11.69231,9.23077,13.07692],"texture":"#0"},"east":{"uv":[9.84615,9.23077,6.76923,10.61538],"texture":"#0"},"south":{"uv":[11.23077,11.69231,10.46154,13.07692],"texture":"#0"},"west":{"uv":[6.46154,9.23077,3.38462,10.61538],"texture":"#0"},"up":{"uv":[10.76923,6.15385,11.53846,3.07692],"texture":"#0"}}},{"from":[11,8.75,4],"to":[14,12.75,6],"rotation":{"angle":-22.5,"axis":"z","origin":[10.5,10.5,5]},"faces":{"north":{"uv":[7.69231,11.07692,6.76923,12.30769],"texture":"#0"},"east":{"uv":[13.53846,10.15385,12.92308,11.38462],"texture":"#0"},"south":{"uv":[8.92308,11.07692,8,12.30769],"texture":"#0"},"west":{"uv":[8.61538,12.61538,8,13.84615],"texture":"#0"},"up":{"uv":[12.61538,9.23077,13.53846,8.61538],"texture":"#0"}}},{"from":[10,12,10.985],"to":[14,16,11.015],"rotation":{"angle":-22.5,"axis":"z","origin":[10.5,10.5,8.015]},"faces":{"north":{"uv":[6.46154,11.07692,5.23077,12.30769],"texture":"#0"},"south":{"uv":[5.23077,11.07692,6.46154,12.30769],"texture":"#0"}}},{"from":[11,8.75,10],"to":[14,12.75,12],"rotation":{"angle":-22.5,"axis":"z","origin":[10.5,10.5,11]},"faces":{"north":{"uv":[8,11.07692,8.92308,12.30769],"texture":"#0"},"east":{"uv":[12.92308,10.15385,13.53846,11.38462],"texture":"#0"},"south":{"uv":[6.76923,11.07692,7.69231,12.30769],"texture":"#0"},"west":{"uv":[8,12.61538,8.61538,13.84615],"texture":"#0"},"up":{"uv":[12.61538,8.61538,13.53846,9.23077],"texture":"#0"}}},{"from":[10,12,4.985],"to":[14,16,5.015],"rotation":{"angle":-22.5,"axis":"z","origin":[10.5,10.5,7.985]},"faces":{"north":{"uv":[6.46154,11.07692,5.23077,12.30769],"texture":"#0"},"south":{"uv":[5.23077,11.07692,6.46154,12.30769],"texture":"#0"}}}],"gui_light":"front","display":{"thirdperson_righthand":{"rotation":[66.75,0,0],"translation":[0,5.25,3.75],"scale":[0.7,0.7,0.7]},"thirdperson_lefthand":{"rotation":[66.75,0,0],"translation":[0,5.25,3.75],"scale":[0.7,0.7,0.7]},"firstperson_righthand":{"rotation":[160.25,0,180],"translation":[1,3.5,-2.75],"scale":[0.8,0.8,0.8]},"firstperson_lefthand":{"rotation":[160.25,0,180],"translation":[1,3.5,-2.75],"scale":[0.8,0.8,0.8]},"ground":{"translation":[0,5,0],"scale":[0.7,0.7,0.7]},"gui":{"rotation":[30,135,0],"translation":[0,0.75,0],"scale":[0.9,0.9,0.9]},"head":{"rotation":[0,180,0],"translation":[0,-30.4,0],"scale":[1.6,1.6,1.6]},"fixed":{"rotation":[-90,0,0],"translation":[0,0,-16],"scale":[2,2,2]}}}