{"credit":"Pologony Creation Co.,Ltd.","texture_size":[48,48],"textures":{"1":"frostbite_set:animated/mace_animated","2":"frostbite_set:crossbow","particle":"frostbite_set:animated/mace_animated"},"elements":[{"from":[9.25,5.66421,-0.5],"to":[10.25,8.66421,2.5],"rotation":{"angle":-22.5,"axis":"z","origin":[9.75,7.16421,1]},"faces":{"north":{"uv":[10.66667,11,11,12],"texture":"#2"},"east":{"uv":[8.33333,2,9.33333,3],"texture":"#2"},"south":{"uv":[4,11.33333,4.33333,12.33333],"texture":"#2"},"west":{"uv":[8.33333,3.33333,9.33333,4.33333],"texture":"#2"},"up":{"uv":[5,12.33333,4.66667,11.33333],"texture":"#2"},"down":{"uv":[11.66667,11,11.33333,12],"texture":"#2"}}},{"from":[8.75,6.91421,-0.25],"to":[10.75,7.41421,0.25],"rotation":{"angle":-22.5,"axis":"z","origin":[9.75,7.16421,1]},"faces":{"north":{"uv":[14,8.33333,14.66667,8.5],"texture":"#2"},"east":{"uv":[0,15.33333,0.16667,15.5],"texture":"#2"},"south":{"uv":[0.66667,14.33333,1.33333,14.5],"texture":"#2"},"west":{"uv":[15.33333,2,15.5,2.16667],"texture":"#2"},"up":{"uv":[2.33333,14.5,1.66667,14.33333],"texture":"#2"},"down":{"uv":[15,2,14.33333,2.16667],"texture":"#2"}}},{"from":[8.75,7.91421,0.75],"to":[10.75,8.41421,1.25],"rotation":{"angle":-22.5,"axis":"z","origin":[9.75,7.16421,1]},"faces":{"north":{"uv":[14.33333,5.33333,15,5.5],"texture":"#2"},"east":{"uv":[15.33333,2.66667,15.5,2.83333],"texture":"#2"},"south":{"uv":[6.66667,14.33333,7.33333,14.5],"texture":"#2"},"west":{"uv":[3,15.33333,3.16667,15.5],"texture":"#2"},"up":{"uv":[15,9.16667,14.33333,9],"texture":"#2"},"down":{"uv":[15,9.66667,14.33333,9.83333],"texture":"#2"}}},{"from":[8.75,5.91421,0.75],"to":[10.75,6.41421,1.25],"rotation":{"angle":-22.5,"axis":"z","origin":[9.75,7.16421,1]},"faces":{"north":{"uv":[11.66667,14.33333,12.33333,14.5],"texture":"#2"},"east":{"uv":[15.33333,3.33333,15.5,3.5],"texture":"#2"},"south":{"uv":[14.33333,12.33333,15,12.5],"texture":"#2"},"west":{"uv":[3.66667,15.33333,3.83333,15.5],"texture":"#2"},"up":{"uv":[15,13.16667,14.33333,13],"texture":"#2"},"down":{"uv":[15,13.66667,14.33333,13.83333],"texture":"#2"}}},{"from":[8.75,6.91421,1.75],"to":[10.75,7.41421,2.25],"rotation":{"angle":-22.5,"axis":"z","origin":[9.75,7.16421,1]},"faces":{"north":{"uv":[14.33333,14.33333,15,14.5],"texture":"#2"},"east":{"uv":[15.33333,4,15.5,4.16667],"texture":"#2"},"south":{"uv":[14.66667,0,15.33333,0.16667],"texture":"#2"},"west":{"uv":[15.33333,4.66667,15.5,4.83333],"texture":"#2"},"up":{"uv":[15.33333,0.83333,14.66667,0.66667],"texture":"#2"},"down":{"uv":[15.33333,1.33333,14.66667,1.5],"texture":"#2"}}},{"from":[9,6.16421,0],"to":[10.5,8.16421,2],"rotation":{"angle":-22.5,"axis":"z","origin":[9.75,7.16421,1]},"faces":{"north":{"uv":[11,6.66667,11.5,7.33333],"texture":"#2"},"east":{"uv":[10.66667,5.66667,11.33333,6.33333],"texture":"#2"},"south":{"uv":[11.66667,0,12.16667,0.66667],"texture":"#2"},"west":{"uv":[7.66667,10.66667,8.33333,11.33333],"texture":"#2"},"up":{"uv":[12.16667,1.66667,11.66667,1],"texture":"#2"},"down":{"uv":[5.83333,11.66667,5.33333,12.33333],"texture":"#2"}}},{"from":[5.75,5.66421,-0.5],"to":[6.75,8.66421,2.5],"rotation":{"angle":22.5,"axis":"z","origin":[6.25,7.16421,1]},"faces":{"north":{"uv":[11,11,10.66667,12],"texture":"#2"},"east":{"uv":[9.33333,3.33333,8.33333,4.33333],"texture":"#2"},"south":{"uv":[4.33333,11.33333,4,12.33333],"texture":"#2"},"west":{"uv":[9.33333,2,8.33333,3],"texture":"#2"},"up":{"uv":[4.66667,12.33333,5,11.33333],"texture":"#2"},"down":{"uv":[11.33333,11,11.66667,12],"texture":"#2"}}},{"from":[5.25,6.91421,-0.25],"to":[7.25,7.41421,0.25],"rotation":{"angle":22.5,"axis":"z","origin":[6.25,7.16421,1]},"faces":{"north":{"uv":[14.66667,8.33333,14,8.5],"texture":"#2"},"east":{"uv":[15.5,2,15.33333,2.16667],"texture":"#2"},"south":{"uv":[1.33333,14.33333,0.66667,14.5],"texture":"#2"},"west":{"uv":[0.16667,15.33333,0,15.5],"texture":"#2"},"up":{"uv":[1.66667,14.5,2.33333,14.33333],"texture":"#2"},"down":{"uv":[14.33333,2,15,2.16667],"texture":"#2"}}},{"from":[5.25,7.91421,0.75],"to":[7.25,8.41421,1.25],"rotation":{"angle":22.5,"axis":"z","origin":[6.25,7.16421,1]},"faces":{"north":{"uv":[15,5.33333,14.33333,5.5],"texture":"#2"},"east":{"uv":[3.16667,15.33333,3,15.5],"texture":"#2"},"south":{"uv":[7.33333,14.33333,6.66667,14.5],"texture":"#2"},"west":{"uv":[15.5,2.66667,15.33333,2.83333],"texture":"#2"},"up":{"uv":[14.33333,9.16667,15,9],"texture":"#2"},"down":{"uv":[14.33333,9.66667,15,9.83333],"texture":"#2"}}},{"from":[5.25,5.91421,0.75],"to":[7.25,6.41421,1.25],"rotation":{"angle":22.5,"axis":"z","origin":[6.25,7.16421,1]},"faces":{"north":{"uv":[12.33333,14.33333,11.66667,14.5],"texture":"#2"},"east":{"uv":[3.83333,15.33333,3.66667,15.5],"texture":"#2"},"south":{"uv":[15,12.33333,14.33333,12.5],"texture":"#2"},"west":{"uv":[15.5,3.33333,15.33333,3.5],"texture":"#2"},"up":{"uv":[14.33333,13.16667,15,13],"texture":"#2"},"down":{"uv":[14.33333,13.66667,15,13.83333],"texture":"#2"}}},{"from":[5.25,6.91421,1.75],"to":[7.25,7.41421,2.25],"rotation":{"angle":22.5,"axis":"z","origin":[6.25,7.16421,1]},"faces":{"north":{"uv":[15,14.33333,14.33333,14.5],"texture":"#2"},"east":{"uv":[15.5,4.66667,15.33333,4.83333],"texture":"#2"},"south":{"uv":[15.33333,0,14.66667,0.16667],"texture":"#2"},"west":{"uv":[15.5,4,15.33333,4.16667],"texture":"#2"},"up":{"uv":[14.66667,0.83333,15.33333,0.66667],"texture":"#2"},"down":{"uv":[14.66667,1.33333,15.33333,1.5],"texture":"#2"}}},{"from":[5.5,6.16421,0],"to":[7,8.16421,2],"rotation":{"angle":22.5,"axis":"z","origin":[6.25,7.16421,1]},"faces":{"north":{"uv":[11.5,6.66667,11,7.33333],"texture":"#2"},"east":{"uv":[8.33333,10.66667,7.66667,11.33333],"texture":"#2"},"south":{"uv":[12.16667,0,11.66667,0.66667],"texture":"#2"},"west":{"uv":[11.33333,5.66667,10.66667,6.33333],"texture":"#2"},"up":{"uv":[11.66667,1.66667,12.16667,1],"texture":"#2"},"down":{"uv":[5.33333,11.66667,5.83333,12.33333],"texture":"#2"}}},{"from":[6.75,5.16421,9],"to":[9.25,8.16421,12],"rotation":{"angle":45,"axis":"x","origin":[8.5,6.66421,10.5]},"faces":{"north":{"uv":[2,8.66667,2.83333,9.66667],"texture":"#2"},"east":{"uv":[8.33333,4.66667,9.33333,5.66667],"texture":"#2"},"south":{"uv":[8.66667,8.33333,9.5,9.33333],"texture":"#2"},"west":{"uv":[7.33333,8.33333,8.33333,9.33333],"texture":"#2"},"up":{"uv":[10.5,3,9.66667,2],"texture":"#2"},"down":{"uv":[10.5,3.33333,9.66667,4.33333],"texture":"#2"}}},{"from":[6.25,6.41421,9.25],"to":[9.75,6.91421,9.75],"rotation":{"angle":45,"axis":"x","origin":[8.5,6.66421,10.5]},"faces":{"north":{"uv":[13,7.66667,14.16667,7.83333],"texture":"#2"},"east":{"uv":[15.33333,9.33333,15.5,9.5],"texture":"#2"},"south":{"uv":[13,10.33333,14.16667,10.5],"texture":"#2"},"west":{"uv":[15.33333,10,15.5,10.16667],"texture":"#2"},"up":{"uv":[14.16667,11.16667,13,11],"texture":"#2"},"down":{"uv":[14.16667,11.66667,13,11.83333],"texture":"#2"}}},{"from":[6.25,6.41421,11.25],"to":[9.75,6.91421,11.75],"rotation":{"angle":-45,"axis":"x","origin":[8.5,6.66421,10.5]},"faces":{"north":{"uv":[13,4.66667,14.16667,4.83333],"texture":"#2"},"east":{"uv":[8,15.33333,8.16667,15.5],"texture":"#2"},"south":{"uv":[13,6.33333,14.16667,6.5],"texture":"#2"},"west":{"uv":[15.33333,8.66667,15.5,8.83333],"texture":"#2"},"up":{"uv":[14.16667,7.16667,13,7],"texture":"#2"},"down":{"uv":[8.5,13,7.33333,13.16667],"texture":"#2"}}},{"from":[6.25,5.41421,10.25],"to":[9.75,5.91421,10.75],"rotation":{"angle":45,"axis":"x","origin":[8.5,6.66421,10.5]},"faces":{"north":{"uv":[12.66667,9,13.83333,9.16667],"texture":"#2"},"east":{"uv":[15.33333,6.66667,15.5,6.83333],"texture":"#2"},"south":{"uv":[12.66667,9.66667,13.83333,9.83333],"texture":"#2"},"west":{"uv":[15.33333,7.33333,15.5,7.5],"texture":"#2"},"up":{"uv":[13.16667,12.83333,12,12.66667],"texture":"#2"},"down":{"uv":[14.16667,4,13,4.16667],"texture":"#2"}}},{"from":[6.25,5.41421,10.25],"to":[9.75,5.91421,10.75],"rotation":{"angle":-45,"axis":"x","origin":[8.5,6.66421,10.5]},"faces":{"north":{"uv":[12.33333,3.33333,13.5,3.5],"texture":"#2"},"east":{"uv":[15.33333,5.33333,15.5,5.5],"texture":"#2"},"south":{"uv":[12.33333,8.33333,13.5,8.5],"texture":"#2"},"west":{"uv":[15.33333,6,15.5,6.16667],"texture":"#2"},"up":{"uv":[6.83333,12.83333,5.66667,12.66667],"texture":"#2"},"down":{"uv":[13.83333,5.66667,12.66667,5.83333],"texture":"#2"}}},{"from":[6.5,5.66421,9.5],"to":[9.5,7.66421,11.5],"rotation":{"angle":45,"axis":"x","origin":[8.5,6.66421,10.5]},"faces":{"north":{"uv":[6.33333,9.66667,7.33333,10.33333],"texture":"#2"},"east":{"uv":[8.66667,10.66667,9.33333,11.33333],"texture":"#2"},"south":{"uv":[9.66667,6.66667,10.66667,7.33333],"texture":"#2"},"west":{"uv":[0,11,0.66667,11.66667],"texture":"#2"},"up":{"uv":[8.66667,10.33333,7.66667,9.66667],"texture":"#2"},"down":{"uv":[10,9.66667,9,10.33333],"texture":"#2"}}},{"from":[10.81181,6.95471,1.65087],"to":[12.81181,7.69771,3.15087],"rotation":{"angle":-22.5,"axis":"y","origin":[14,7.32621,1.76269]},"faces":{"north":{"uv":[0,13.33333,0.25,14],"rotation":270,"texture":"#2"},"south":{"uv":[2,13.33333,2.25,14],"rotation":90,"texture":"#2"},"up":{"uv":[7.66667,11.66667,8.16667,12.33333],"rotation":90,"texture":"#2"},"down":{"uv":[11.66667,5.66667,12.16667,6.33333],"rotation":90,"texture":"#2"}}},{"from":[12.17824,6.95121,0.65411],"to":[13.67824,7.70121,1.90411],"rotation":{"angle":22.5,"axis":"y","origin":[14,7.32621,1.76269]},"faces":{"north":{"uv":[14,3,14.25,3.5],"rotation":270,"texture":"#2"},"east":{"uv":[14.91667,3.08333,14.66667,2.66667],"rotation":90,"texture":"#2"},"south":{"uv":[4.66667,14,4.91667,14.5],"rotation":90,"texture":"#2"},"west":{"uv":[14.91667,3.66667,14.66667,4.08333],"rotation":90,"texture":"#2"},"up":{"uv":[10.33333,12.33333,10.75,12.83333],"rotation":90,"texture":"#2"},"down":{"uv":[9.33333,12.33333,9.75,12.83333],"rotation":90,"texture":"#2"}}},{"from":[10.76403,6.95121,-1.0101],"to":[12.01403,7.70121,0.4899],"rotation":{"angle":22.5,"axis":"y","origin":[14,7.32621,1.76269]},"faces":{"north":{"uv":[14.66667,6,14.91667,6.41667],"rotation":270,"texture":"#2"},"east":{"uv":[5.58333,14.5,5.33333,14],"rotation":90,"texture":"#2"},"south":{"uv":[14.66667,7,14.91667,7.41667],"rotation":90,"texture":"#2"},"west":{"uv":[6.25,14,6,14.5],"rotation":90,"texture":"#2"},"up":{"uv":[12.66667,1,13.16667,1.41667],"rotation":90,"texture":"#2"},"down":{"uv":[12.66667,0,13.16667,0.41667],"rotation":90,"texture":"#2"}}},{"from":[16.36114,7.08471,-0.55175],"to":[17.16114,7.56771,0.19825],"rotation":{"angle":45,"axis":"y","origin":[14,7.32621,1.76269]},"faces":{"east":{"uv":[12.5,15.25,12.33333,15],"rotation":90,"texture":"#2"},"south":{"uv":[11.66667,15,11.83333,15.25],"rotation":90,"texture":"#2"},"west":{"uv":[13.16667,15,13,15.25],"rotation":90,"texture":"#2"},"up":{"uv":[6,15,6.25,15.25],"rotation":90,"texture":"#2"},"down":{"uv":[5.33333,15,5.58333,15.25],"rotation":90,"texture":"#2"}}},{"from":[13.59871,7.07971,-2.10913],"to":[14.59871,7.57271,-1.35913],"rotation":{"angle":0,"axis":"y","origin":[14,7.32621,1.76269]},"faces":{"north":{"uv":[7.33333,15,7.5,15.33333],"rotation":270,"texture":"#2"},"east":{"uv":[13.83333,15.25,13.66667,15],"rotation":90,"texture":"#2"},"south":{"uv":[15,8,15.16667,8.33333],"rotation":90,"texture":"#2"},"up":{"uv":[8.33333,14.66667,8.58333,15],"rotation":90,"texture":"#2"},"down":{"uv":[14.66667,4.66667,14.91667,5],"rotation":90,"texture":"#2"}}},{"from":[12.64871,7.07971,-2.10913],"to":[13.59871,7.57271,-0.60913],"rotation":{"angle":0,"axis":"y","origin":[14,7.32621,1.76269]},"faces":{"north":{"uv":[9,15,9.16667,15.33333],"rotation":270,"texture":"#2"},"east":{"uv":[14.83333,10.83333,14.66667,10.33333],"rotation":90,"texture":"#2"},"west":{"uv":[11.16667,14.66667,11,15.16667],"rotation":90,"texture":"#2"},"up":{"uv":[9,13.33333,9.5,13.66667],"rotation":90,"texture":"#2"},"down":{"uv":[5.66667,13.33333,6.16667,13.66667],"rotation":90,"texture":"#2"}}},{"from":[12.64337,7.07621,-1.4482],"to":[15.39337,7.57621,-0.1982],"rotation":{"angle":45,"axis":"y","origin":[14,7.32621,1.76269]},"faces":{"north":{"uv":[13.66667,12.33333,13.83333,13.25],"rotation":270,"texture":"#2"},"east":{"uv":[4.83333,15.41667,4.66667,15],"rotation":90,"texture":"#2"},"south":{"uv":[13.66667,13.66667,13.83333,14.58333],"rotation":90,"texture":"#2"},"up":{"uv":[2,11,2.41667,11.91667],"rotation":90,"texture":"#2"},"down":{"uv":[1,11,1.41667,11.91667],"rotation":90,"texture":"#2"}}},{"from":[12.5824,6.70121,0.91456],"to":[13.8324,7.95121,3.41456],"rotation":{"angle":45,"axis":"y","origin":[14,7.32621,1.76269]},"faces":{"north":{"uv":[2.66667,13,3.08333,13.41667],"rotation":270,"texture":"#2"},"east":{"uv":[3.41667,11.83333,3,11],"rotation":90,"texture":"#2"},"south":{"uv":[13.33333,2,13.75,2.41667],"rotation":90,"texture":"#2"},"west":{"uv":[10.08333,11,9.66667,11.83333],"rotation":90,"texture":"#2"},"up":{"uv":[11,3,11.83333,3.41667],"rotation":90,"texture":"#2"},"down":{"uv":[11,2,11.83333,2.41667],"rotation":90,"texture":"#2"}}},{"from":[14.94662,6.82621,2.64064],"to":[16.94662,7.82621,3.64064],"rotation":{"angle":-22.5,"axis":"y","origin":[14,7.32621,1.76269]},"faces":{"north":{"uv":[7,5.66667,6.66667,5],"rotation":90,"texture":"#2"},"east":{"uv":[7.66667,14.33333,8,14.66667],"rotation":90,"texture":"#2"},"south":{"uv":[2.33333,12.33333,2,13],"rotation":90,"texture":"#2"},"up":{"uv":[12,5,12.66667,5.33333],"texture":"#2"},"down":{"uv":[11,4,11.66667,4.33333],"rotation":180,"texture":"#2"}}},{"from":[15.89371,6.95121,3.77743],"to":[17.39371,7.70121,4.52743],"rotation":{"angle":0,"axis":"y","origin":[14,7.32621,1.76269]},"faces":{"north":{"uv":[9,14,9.25,14.5],"rotation":270,"texture":"#2"},"east":{"uv":[6.91667,15.25,6.66667,15],"rotation":90,"texture":"#2"},"south":{"uv":[10.33333,14,10.58333,14.5],"rotation":90,"texture":"#2"},"up":{"uv":[12.66667,14,12.91667,14.5],"rotation":90,"texture":"#2"},"down":{"uv":[9.66667,14,9.91667,14.5],"rotation":90,"texture":"#2"}}},{"from":[-1.25,7.245,4.25],"to":[17.25,7.255,9],"rotation":{"angle":0,"axis":"z","origin":[18,8,15.25]},"faces":{"up":{"uv":[6.16667,1.58333,0,0],"texture":"#2"},"down":{"uv":[6.16667,0,0,1.58333],"texture":"#2"}}},{"from":[11.22483,7.31121,-1.45496],"to":[22.22483,7.34121,3.04504],"rotation":{"angle":-22.5,"axis":"y","origin":[14,7.32621,1.76269]},"faces":{"up":{"uv":[0,6,3.66667,7.5],"texture":"#2"},"down":{"uv":[3.66667,6,0,7.5],"rotation":180,"texture":"#2"}}},{"from":[3.18819,6.95471,1.65087],"to":[5.18819,7.69771,3.15087],"rotation":{"angle":22.5,"axis":"y","origin":[2,7.32621,1.76269]},"faces":{"north":{"uv":[0,14,0.25,13.33333],"rotation":270,"texture":"#2"},"south":{"uv":[2,14,2.25,13.33333],"rotation":90,"texture":"#2"},"up":{"uv":[7.66667,12.33333,8.16667,11.66667],"rotation":90,"texture":"#2"},"down":{"uv":[11.66667,6.33333,12.16667,5.66667],"rotation":90,"texture":"#2"}}},{"from":[2.32176,6.95121,0.65411],"to":[3.82176,7.70121,1.90411],"rotation":{"angle":-22.5,"axis":"y","origin":[2,7.32621,1.76269]},"faces":{"north":{"uv":[14,3.5,14.25,3],"rotation":270,"texture":"#2"},"east":{"uv":[14.91667,4.08333,14.66667,3.66667],"rotation":90,"texture":"#2"},"south":{"uv":[4.66667,14.5,4.91667,14],"rotation":90,"texture":"#2"},"west":{"uv":[14.91667,2.66667,14.66667,3.08333],"rotation":90,"texture":"#2"},"up":{"uv":[10.33333,12.83333,10.75,12.33333],"rotation":90,"texture":"#2"},"down":{"uv":[9.33333,12.83333,9.75,12.33333],"rotation":90,"texture":"#2"}}},{"from":[3.98597,6.95121,-1.0101],"to":[5.23597,7.70121,0.4899],"rotation":{"angle":-22.5,"axis":"y","origin":[2,7.32621,1.76269]},"faces":{"north":{"uv":[14.66667,6.41667,14.91667,6],"rotation":270,"texture":"#2"},"east":{"uv":[6.25,14.5,6,14],"rotation":90,"texture":"#2"},"south":{"uv":[14.66667,7.41667,14.91667,7],"rotation":90,"texture":"#2"},"west":{"uv":[5.58333,14,5.33333,14.5],"rotation":90,"texture":"#2"},"up":{"uv":[12.66667,1.41667,13.16667,1],"rotation":90,"texture":"#2"},"down":{"uv":[12.66667,0.41667,13.16667,0],"rotation":90,"texture":"#2"}}},{"from":[-1.16114,7.08471,-0.55175],"to":[-0.36114,7.56771,0.19825],"rotation":{"angle":-45,"axis":"y","origin":[2,7.32621,1.76269]},"faces":{"east":{"uv":[13.16667,15.25,13,15],"rotation":90,"texture":"#2"},"south":{"uv":[11.66667,15.25,11.83333,15],"rotation":90,"texture":"#2"},"west":{"uv":[12.5,15,12.33333,15.25],"rotation":90,"texture":"#2"},"up":{"uv":[6,15.25,6.25,15],"rotation":90,"texture":"#2"},"down":{"uv":[5.33333,15.25,5.58333,15],"rotation":90,"texture":"#2"}}},{"from":[1.40129,7.07971,-2.10913],"to":[2.40129,7.57271,-1.35913],"rotation":{"angle":0,"axis":"y","origin":[2,7.32621,1.76269]},"faces":{"north":{"uv":[7.33333,15.33333,7.5,15],"rotation":270,"texture":"#2"},"south":{"uv":[15,8.33333,15.16667,8],"rotation":90,"texture":"#2"},"west":{"uv":[13.83333,15,13.66667,15.25],"rotation":90,"texture":"#2"},"up":{"uv":[8.33333,15,8.58333,14.66667],"rotation":90,"texture":"#2"},"down":{"uv":[14.66667,5,14.91667,4.66667],"rotation":90,"texture":"#2"}}},{"from":[2.40129,7.07971,-2.10913],"to":[3.35129,7.57271,-0.60913],"rotation":{"angle":0,"axis":"y","origin":[2,7.32621,1.76269]},"faces":{"north":{"uv":[9,15.33333,9.16667,15],"rotation":270,"texture":"#2"},"east":{"uv":[11.16667,15.16667,11,14.66667],"rotation":90,"texture":"#2"},"west":{"uv":[14.83333,10.33333,14.66667,10.83333],"rotation":90,"texture":"#2"},"up":{"uv":[9,13.66667,9.5,13.33333],"rotation":90,"texture":"#2"},"down":{"uv":[5.66667,13.66667,6.16667,13.33333],"rotation":90,"texture":"#2"}}},{"from":[0.60663,7.07621,-1.4482],"to":[3.35663,7.57621,-0.1982],"rotation":{"angle":-45,"axis":"y","origin":[2,7.32621,1.76269]},"faces":{"north":{"uv":[13.66667,13.25,13.83333,12.33333],"rotation":270,"texture":"#2"},"south":{"uv":[13.66667,14.58333,13.83333,13.66667],"rotation":90,"texture":"#2"},"west":{"uv":[4.83333,15,4.66667,15.41667],"rotation":90,"texture":"#2"},"up":{"uv":[2,11.91667,2.41667,11],"rotation":90,"texture":"#2"},"down":{"uv":[1,11.91667,1.41667,11],"rotation":90,"texture":"#2"}}},{"from":[2.1676,6.70121,0.91456],"to":[3.4176,7.95121,3.41456],"rotation":{"angle":-45,"axis":"y","origin":[2,7.32621,1.76269]},"faces":{"north":{"uv":[2.66667,13.41667,3.08333,13],"rotation":270,"texture":"#2"},"east":{"uv":[10.08333,11.83333,9.66667,11],"rotation":90,"texture":"#2"},"south":{"uv":[13.33333,2.41667,13.75,2],"rotation":90,"texture":"#2"},"west":{"uv":[3.41667,11,3,11.83333],"rotation":90,"texture":"#2"},"up":{"uv":[11,3.41667,11.83333,3],"rotation":90,"texture":"#2"},"down":{"uv":[11,2.41667,11.83333,2],"rotation":90,"texture":"#2"}}},{"from":[-0.94662,6.82621,2.64064],"to":[1.05338,7.82621,3.64064],"rotation":{"angle":22.5,"axis":"y","origin":[2,7.32621,1.76269]},"faces":{"north":{"uv":[7,5,6.66667,5.66667],"rotation":90,"texture":"#2"},"south":{"uv":[2.33333,13,2,12.33333],"rotation":90,"texture":"#2"},"west":{"uv":[7.66667,14.66667,8,14.33333],"rotation":90,"texture":"#2"},"up":{"uv":[12.66667,5,12,5.33333],"texture":"#2"},"down":{"uv":[11.66667,4,11,4.33333],"rotation":180,"texture":"#2"}}},{"from":[-1.39371,6.95121,3.77743],"to":[0.10629,7.70121,4.52743],"rotation":{"angle":0,"axis":"y","origin":[2,7.32621,1.76269]},"faces":{"north":{"uv":[9,14.5,9.25,14],"rotation":270,"texture":"#2"},"south":{"uv":[10.33333,14.5,10.58333,14],"rotation":90,"texture":"#2"},"west":{"uv":[6.91667,15,6.66667,15.25],"rotation":90,"texture":"#2"},"up":{"uv":[12.66667,14.5,12.91667,14],"rotation":90,"texture":"#2"},"down":{"uv":[9.66667,14.5,9.91667,14],"rotation":90,"texture":"#2"}}},{"from":[-6.22483,7.31121,-1.45496],"to":[4.77517,7.34121,3.04504],"rotation":{"angle":22.5,"axis":"y","origin":[2,7.32621,1.76269]},"faces":{"up":{"uv":[3.66667,6,0,7.5],"texture":"#2"},"down":{"uv":[0,6,3.66667,7.5],"rotation":180,"texture":"#2"}}},{"from":[9.25,4.51537,5.06776],"to":[24.25,9.51537,5.09776],"rotation":{"angle":-22.5,"axis":"y","origin":[16.75,7.01537,2.59776]},"faces":{"north":{"uv":[7.5,0,5,7.5],"rotation":270,"texture":"#1"},"south":{"uv":[5,0,7.5,7.5],"rotation":90,"texture":"#1"}}},{"from":[9.25,9.48537,0.09776],"to":[24.25,9.51537,5.09776],"rotation":{"angle":-22.5,"axis":"y","origin":[16.75,7.01537,2.59776]},"faces":{"up":{"uv":[2.5,0,5,7.5],"rotation":90,"texture":"#1"},"down":{"uv":[5,0,2.5,7.5],"rotation":90,"texture":"#1"}}},{"from":[9.25,4.51537,0.09776],"to":[24.25,9.51537,0.12776],"rotation":{"angle":-22.5,"axis":"y","origin":[16.75,7.01537,2.59776]},"faces":{"north":{"uv":[0,0,2.5,7.5],"rotation":270,"texture":"#1"},"south":{"uv":[2.5,0,0,7.5],"rotation":90,"texture":"#1"}}},{"from":[9.25,4.51537,0.09776],"to":[24.25,4.54537,5.09776],"rotation":{"angle":-22.5,"axis":"y","origin":[16.75,7.01537,2.59776]},"faces":{"up":{"uv":[10,0,7.5,7.5],"rotation":90,"texture":"#1"},"down":{"uv":[7.5,0,10,7.5],"rotation":90,"texture":"#1"}}},{"from":[-8.25,4.51537,5.06776],"to":[6.75,9.51537,5.09776],"rotation":{"angle":22.5,"axis":"y","origin":[-0.75,7.01537,2.59776]},"faces":{"north":{"uv":[7.5,7.5,5,0],"rotation":270,"texture":"#1"},"south":{"uv":[5,7.5,7.5,0],"rotation":90,"texture":"#1"}}},{"from":[-8.25,9.48537,0.09776],"to":[6.75,9.51537,5.09776],"rotation":{"angle":22.5,"axis":"y","origin":[-0.75,7.01537,2.59776]},"faces":{"up":{"uv":[2.5,7.5,5,0],"rotation":90,"texture":"#1"},"down":{"uv":[5,7.5,2.5,0],"rotation":90,"texture":"#1"}}},{"from":[-8.25,4.51537,0.09776],"to":[6.75,9.51537,0.12776],"rotation":{"angle":22.5,"axis":"y","origin":[-0.75,7.01537,2.59776]},"faces":{"north":{"uv":[0,7.5,2.5,0],"rotation":270,"texture":"#1"},"south":{"uv":[2.5,7.5,0,0],"rotation":90,"texture":"#1"}}},{"from":[-8.25,4.51537,0.09776],"to":[6.75,4.54537,5.09776],"rotation":{"angle":22.5,"axis":"y","origin":[-0.75,7.01537,2.59776]},"faces":{"up":{"uv":[10,7.5,7.5,0],"rotation":90,"texture":"#1"},"down":{"uv":[7.5,7.5,10,0],"rotation":90,"texture":"#1"}}},{"from":[7.25,5,0.5],"to":[8.75,6,10.25],"rotation":{"angle":0,"axis":"y","origin":[7,5,1]},"faces":{"north":{"uv":[10,13.33333,10.5,13.66667],"texture":"#2"},"east":{"uv":[8,0.66667,11.25,1],"texture":"#2"},"west":{"uv":[8,1.33333,11.25,1.66667],"texture":"#2"},"down":{"uv":[7.83333,2.66667,7.33333,5.91667],"texture":"#2"}}},{"from":[7.625,4,9.25],"to":[8.375,5.5,12.75],"rotation":{"angle":0,"axis":"y","origin":[6.875,5,1]},"faces":{"north":{"uv":[0,14.33333,0.25,14.83333],"texture":"#2"},"east":{"uv":[10.33333,9,11.5,9.5],"texture":"#2"},"west":{"uv":[10.33333,10,11.5,10.5],"texture":"#2"},"down":{"uv":[12.25,9,12,10.16667],"texture":"#2"}}},{"from":[7.6285,5.01777,8.54289],"to":[8.3715,6.51777,10.29289],"rotation":{"angle":45,"axis":"x","origin":[8.0035,5.76777,8.54289]},"faces":{"east":{"uv":[12,10.66667,12.58333,11.16667],"texture":"#2"},"west":{"uv":[12,11.66667,12.58333,12.16667],"texture":"#2"},"down":{"uv":[2.91667,14,2.66667,14.58333],"texture":"#2"}}},{"from":[7,6,0.25],"to":[9,7,10.25],"rotation":{"angle":0,"axis":"y","origin":[7,6,1]},"faces":{"north":{"uv":[12,7.66667,12.66667,8],"texture":"#2"},"east":{"uv":[0,8,3.33333,8.33333],"texture":"#2"},"south":{"uv":[12.33333,2,13,2.33333],"texture":"#2"},"west":{"uv":[8,0,11.33333,0.33333],"texture":"#2"},"up":{"uv":[6,9.33333,5.33333,6],"texture":"#2"},"down":{"uv":[7,6,6.33333,9.33333],"texture":"#2"}}},{"from":[7.5,4.9571,11.91421],"to":[8.5,6.4571,14.91421],"rotation":{"angle":45,"axis":"x","origin":[7.5,5.9571,11.91421]},"faces":{"north":{"uv":[6.66667,13.33333,7,13.83333],"texture":"#2"},"east":{"uv":[2,10,3,10.5],"texture":"#2"},"south":{"uv":[12,13.33333,12.33333,13.83333],"texture":"#2"},"west":{"uv":[10.66667,4.66667,11.66667,5.16667],"texture":"#2"},"up":{"uv":[9,12.66667,8.66667,11.66667],"texture":"#2"},"down":{"uv":[0.33333,12,0,13],"texture":"#2"}}},{"from":[7.25,5.9571,11.91421],"to":[8.75,6.8821,13.91421],"rotation":{"angle":45,"axis":"x","origin":[7.5,5.9571,11.91421]},"faces":{"north":{"uv":[0.66667,13.66667,1.16667,14],"texture":"#2"},"east":{"uv":[2.66667,12.33333,3.33333,12.66667],"texture":"#2"},"south":{"uv":[13.66667,0.66667,14.16667,1],"texture":"#2"},"west":{"uv":[12.33333,2.66667,13,3],"texture":"#2"},"up":{"uv":[12.5,4.66667,12,4],"texture":"#2"},"down":{"uv":[12.5,6.66667,12,7.33333],"texture":"#2"}}},{"from":[7.2535,4.54289,13.07843],"to":[8.7465,5.56789,18.82843],"rotation":{"angle":0,"axis":"x","origin":[8.0035,5.04289,12.70343]},"faces":{"north":{"uv":[13.66667,1.33333,14.16667,1.66667],"texture":"#2"},"east":{"uv":[9.66667,7.66667,11.58333,8],"texture":"#2"},"south":{"uv":[7.33333,13.66667,7.83333,14],"texture":"#2"},"west":{"uv":[10,8.33333,11.91667,8.66667],"texture":"#2"},"up":{"uv":[0.5,10.58333,0,8.66667],"texture":"#2"},"down":{"uv":[1.5,8.66667,1,10.58333],"texture":"#2"}}},{"from":[7.5035,3.12868,13.07843],"to":[8.4965,5.12868,19.07843],"rotation":{"angle":0,"axis":"x","origin":[7.5035,4.12868,13.32843]},"faces":{"east":{"uv":[7.33333,6.33333,9.33333,7],"texture":"#2"},"west":{"uv":[7.33333,7.33333,9.33333,8],"texture":"#2"},"up":{"uv":[7,4.66667,6.66667,2.66667],"texture":"#2"},"down":{"uv":[3.66667,8.66667,3.33333,10.66667],"texture":"#2"}}},{"from":[7.25,1.8951,19.16782],"to":[8.75,6.1451,20.16782],"rotation":{"angle":-22.5,"axis":"x","origin":[7.5,1.8951,19.16782]},"faces":{"north":{"uv":[9.66667,4.66667,10.16667,6.08333],"texture":"#2"},"east":{"uv":[6.33333,10.66667,6.66667,12.08333],"texture":"#2"},"south":{"uv":[5.33333,9.66667,5.83333,11.08333],"texture":"#2"},"west":{"uv":[7,10.66667,7.33333,12.08333],"texture":"#2"},"up":{"uv":[13.16667,13.66667,12.66667,13.33333],"texture":"#2"},"down":{"uv":[14.16667,0,13.66667,0.33333],"texture":"#2"}}},{"from":[7.5,3.00318,3.06774],"to":[8.5,3.50318,4.56774],"rotation":{"angle":-45,"axis":"x","origin":[8,3.96656,3.66685]},"faces":{"north":{"uv":[9.66667,15,10,15.16667],"texture":"#2"},"east":{"uv":[14.66667,11.33333,15.16667,11.5],"texture":"#2"},"south":{"uv":[10.33333,15,10.66667,15.16667],"texture":"#2"},"west":{"uv":[0.66667,15,1.16667,15.16667],"texture":"#2"},"up":{"uv":[8.66667,14.16667,8.33333,13.66667],"texture":"#2"},"down":{"uv":[11.33333,13.66667,11,14.16667],"texture":"#2"}}},{"from":[7.5,3.50318,3.81774],"to":[8.5,6.00318,4.56774],"rotation":{"angle":-45,"axis":"x","origin":[8,3.96656,3.66685]},"faces":{"north":{"uv":[0.66667,12.33333,1,13.16667],"texture":"#2"},"east":{"uv":[11.33333,12.33333,11.58333,13.16667],"texture":"#2"},"south":{"uv":[1.33333,12.33333,1.66667,13.16667],"texture":"#2"},"west":{"uv":[3.66667,12.66667,3.91667,13.5],"texture":"#2"},"up":{"uv":[2,15.25,1.66667,15],"texture":"#2"},"down":{"uv":[2.66667,15,2.33333,15.25],"texture":"#2"}}},{"from":[7.625,3.50318,3.31774],"to":[8.375,6.00318,3.81774],"rotation":{"angle":-45,"axis":"x","origin":[8,3.96656,3.66685]},"faces":{"north":{"uv":[4.33333,12.66667,4.58333,13.5],"texture":"#2"},"east":{"uv":[3.33333,14,3.5,14.83333],"texture":"#2"},"south":{"uv":[5,12.66667,5.25,13.5],"texture":"#2"},"west":{"uv":[4,14,4.16667,14.83333],"texture":"#2"},"up":{"uv":[14.58333,15.16667,14.33333,15],"texture":"#2"},"down":{"uv":[15.25,15,15,15.16667],"texture":"#2"}}},{"from":[7.625,3.50318,3.31774],"to":[8.375,6.00318,3.81774],"rotation":{"angle":-45,"axis":"x","origin":[8,3.96656,3.66685]},"faces":{"north":{"uv":[4.58333,12.66667,4.33333,13.5],"texture":"#2"},"east":{"uv":[4.16667,14,4,14.83333],"texture":"#2"},"south":{"uv":[5.25,12.66667,5,13.5],"texture":"#2"},"west":{"uv":[3.5,14,3.33333,14.83333],"texture":"#2"},"up":{"uv":[14.33333,15.16667,14.58333,15],"texture":"#2"},"down":{"uv":[15,15,15.25,15.16667],"texture":"#2"}}}],"gui_light":"front","display":{"thirdperson_righthand":{"translation":[0,3.25,-1]},"thirdperson_lefthand":{"translation":[0,3.25,-1]},"firstperson_righthand":{"translation":[1.25,4,0.5],"scale":[0.7,0.7,0.7]},"firstperson_lefthand":{"translation":[1.25,4,0.5],"scale":[0.7,0.7,0.7]},"ground":{"rotation":[30,0,0],"translation":[0,5,0],"scale":[0.7,0.7,0.7]},"gui":{"rotation":[90,45,0],"translation":[1.75,-1.75,0],"scale":[0.7,0.7,0.7]},"fixed":{"rotation":[-90,0,0],"translation":[0,0,-10],"scale":[2,2,2]}}}