{"credit":"Pologony Creation Co.,Ltd.","texture_size":[28,28],"textures":{"0":"frostbite_set:helmet","1":"frostbite_set:animated/animated_5","particle":"frostbite_set:helmet"},"elements":[{"from":[3,6,3],"to":[13,9,4],"rotation":{"angle":0,"axis":"y","origin":[13,7,3]},"faces":{"north":{"uv":[3.66667,6,7,7],"texture":"#0"},"east":{"uv":[5.33333,12.33333,5.66667,13.33333],"texture":"#0"},"south":{"uv":[0,6.66667,3.33333,7.66667],"texture":"#0"},"west":{"uv":[12.66667,3.33333,13,4.33333],"texture":"#0"},"up":{"uv":[13,1,9.66667,0.66667],"texture":"#0"},"down":{"uv":[13,1.33333,9.66667,1.66667],"texture":"#0"}}},{"from":[3,0,12],"to":[13,8,13],"rotation":{"angle":0,"axis":"y","origin":[3,0,12]},"faces":{"north":{"uv":[3.66667,0,7,2.66667],"texture":"#0"},"east":{"uv":[0,10.33333,0.33333,13],"texture":"#0"},"south":{"uv":[3.66667,3,7,5.66667],"texture":"#0"},"west":{"uv":[0.66667,10.33333,1,13],"texture":"#0"},"down":{"uv":[12.33333,9,9,9.33333],"texture":"#0"}}},{"from":[12,0,4],"to":[13,2,12],"rotation":{"angle":0,"axis":"y","origin":[12,0,4]},"faces":{"east":{"uv":[0,8,2.66667,8.66667],"texture":"#0"},"west":{"uv":[7,8,9.66667,8.66667],"texture":"#0"},"up":{"uv":[6.33333,13,6,10.33333],"texture":"#0"},"down":{"uv":[7,10.33333,6.66667,13],"texture":"#0"}}},{"from":[11,0,3],"to":[13,2,4],"rotation":{"angle":0,"axis":"y","origin":[13,0,3]},"faces":{"north":{"uv":[7.33333,12,8,12.66667],"texture":"#0"},"east":{"uv":[13,2,13.33333,2.66667],"texture":"#0"},"south":{"uv":[12,10.66667,12.66667,11.33333],"texture":"#0"},"up":{"uv":[6.66667,8.66667,6,8.33333],"texture":"#0"},"down":{"uv":[12,7,11.33333,7.33333],"texture":"#0"}}},{"from":[12,2,6],"to":[13,6,12],"rotation":{"angle":0,"axis":"y","origin":[12,2,4]},"faces":{"north":{"uv":[5.33333,10.66667,5.66667,12],"texture":"#0"},"east":{"uv":[7.33333,0,9.33333,1.33333],"texture":"#0"},"west":{"uv":[7.33333,1.66667,9.33333,3],"texture":"#0"}}},{"from":[3,8,4],"to":[13,9,13],"rotation":{"angle":0,"axis":"y","origin":[12,3,4]},"faces":{"east":{"uv":[9.66667,2,12.66667,2.33333],"texture":"#0"},"south":{"uv":[9.66667,0,13,0.33333],"texture":"#0"},"west":{"uv":[9.66667,2.66667,12.66667,3],"texture":"#0"},"up":{"uv":[3.33333,3,0,0],"texture":"#0"},"down":{"uv":[3.33333,3.33333,0,6.33333],"texture":"#0"}}},{"from":[12,6,4],"to":[13,8,12],"rotation":{"angle":0,"axis":"y","origin":[12,4,4]},"faces":{"east":{"uv":[3,8.33333,5.66667,9],"texture":"#0"},"west":{"uv":[8.33333,4.66667,11,5.33333],"texture":"#0"},"down":{"uv":[10.66667,9.66667,10.33333,12.33333],"texture":"#0"}}},{"from":[3,6,4],"to":[4,8,12],"rotation":{"angle":0,"axis":"y","origin":[4,4,4]},"faces":{"east":{"uv":[8.33333,5.66667,11,6.33333],"texture":"#0"},"west":{"uv":[8.33333,6.66667,11,7.33333],"texture":"#0"},"down":{"uv":[1.66667,10.66667,1.33333,13.33333],"texture":"#0"}}},{"from":[10.5,0,3],"to":[11,2.5,4],"rotation":{"angle":0,"axis":"y","origin":[11,0,3]},"faces":{"north":{"uv":[12.66667,13,12.83333,13.83333],"texture":"#0"},"east":{"uv":[12.66667,6,13,6.83333],"texture":"#0"},"south":{"uv":[0,13.33333,0.16667,14.16667],"texture":"#0"},"west":{"uv":[12.66667,7.33333,13,8.16667],"texture":"#0"},"up":{"uv":[2.16667,13.66667,2,13.33333],"texture":"#0"},"down":{"uv":[13.5,3,13.33333,3.33333],"texture":"#0"}}},{"from":[13,0.5,7.75],"to":[14,2.75,11.75],"rotation":{"angle":-22.5,"axis":"x","origin":[14,1.25,7.75]},"faces":{"north":{"uv":[10.33333,12.66667,10.66667,13.5],"texture":"#0"},"east":{"uv":[3,9.33333,4.33333,10.16667],"texture":"#0"},"south":{"uv":[12.66667,11.66667,13,12.5],"texture":"#0"},"up":{"uv":[10,12.66667,9.66667,11.33333],"texture":"#0"},"down":{"uv":[12.33333,11.66667,12,13],"texture":"#0"}}},{"from":[13.5,0.75,8],"to":[13.53,3.75,15],"rotation":{"angle":0,"axis":"y","origin":[13.5,0.75,8]},"faces":{"east":{"uv":[7.33333,3.33333,9.66667,4.33333],"texture":"#0"},"west":{"uv":[9.66667,3.33333,7.33333,4.33333],"texture":"#0"}}},{"from":[14.64805,-0.02164,8],"to":[14.67805,0.97836,15],"rotation":{"angle":22.5,"axis":"z","origin":[14.64805,-2.02164,8]},"faces":{"east":{"uv":[10,3.33333,12.33333,3.66667],"texture":"#0"},"west":{"uv":[12.33333,3.33333,10,3.66667],"texture":"#0"}}},{"from":[14.23624,-1.02743,8],"to":[14.26624,-0.02743,15],"rotation":{"angle":45,"axis":"z","origin":[14.23624,-0.52743,11]},"faces":{"east":{"uv":[10,4,12.33333,4.33333],"texture":"#0"},"west":{"uv":[12.33333,4,10,4.33333],"texture":"#0"}}},{"from":[13.86819,3.63869,8],"to":[13.89819,4.63869,15],"rotation":{"angle":-22.5,"axis":"z","origin":[13.9639,4.61985,11]},"faces":{"east":{"uv":[10,7.66667,12.33333,8],"texture":"#0"},"west":{"uv":[12.33333,7.66667,10,8],"texture":"#0"}}},{"from":[13.86797,4.60069,8],"to":[13.89797,5.60069,15],"rotation":{"angle":-45,"axis":"z","origin":[13.96368,4.61952,11]},"faces":{"east":{"uv":[10,8.33333,12.33333,8.66667],"texture":"#0"},"west":{"uv":[12.33333,8.33333,10,8.66667],"texture":"#0"}}},{"from":[12.975,5.75,6.75],"to":[14.975,8.25,9.25],"rotation":{"angle":22.5,"axis":"z","origin":[12.975,5.75,6.75]},"faces":{"north":{"uv":[7.33333,10.66667,8,11.5],"texture":"#0"},"east":{"uv":[4,10.66667,4.83333,11.5],"texture":"#0"},"south":{"uv":[11,9.66667,11.66667,10.5],"texture":"#0"},"up":{"uv":[11.66667,11.83333,11,11],"texture":"#0"},"down":{"uv":[12,4.66667,11.33333,5.5],"texture":"#0"}}},{"from":[13.64598,7.00636,7],"to":[16.14598,9.00636,9],"rotation":{"angle":45,"axis":"z","origin":[14.64598,8.10636,8.25]},"faces":{"north":{"uv":[11.33333,6,12.16667,6.66667],"texture":"#0"},"east":{"uv":[2,12.33333,2.66667,13],"texture":"#0"},"south":{"uv":[8.33333,11.33333,9.16667,12],"texture":"#0"},"up":{"uv":[4.83333,12.66667,4,12],"texture":"#0"},"down":{"uv":[12.83333,9.66667,12,10.33333],"texture":"#0"}}},{"from":[15.58979,8.35874,7.25],"to":[17.08979,10.85874,8.75],"rotation":{"angle":-22.5,"axis":"z","origin":[17.01479,10.33374,8.25]},"faces":{"north":{"uv":[3,12.33333,3.5,13.16667],"texture":"#0"},"east":{"uv":[12.33333,4.66667,12.83333,5.5],"texture":"#0"},"south":{"uv":[8.33333,12.33333,8.83333,13.16667],"texture":"#0"},"west":{"uv":[11,12.33333,11.5,13.16667],"texture":"#0"},"up":{"uv":[13.16667,9.16667,12.66667,8.66667],"texture":"#0"}}},{"from":[16.11178,10.76888,7.5],"to":[17.11178,12.76888,8.5],"rotation":{"angle":0,"axis":"z","origin":[17.26178,12.69388,8.25]},"faces":{"north":{"uv":[4,13,4.33333,13.66667],"texture":"#0"},"east":{"uv":[4.66667,13,5,13.66667],"texture":"#0"},"south":{"uv":[7.33333,13,7.66667,13.66667],"texture":"#0"},"west":{"uv":[9.33333,13,9.66667,13.66667],"texture":"#0"},"up":{"uv":[8.66667,11,8.33333,10.66667],"texture":"#0"}}},{"from":[15.81178,12.64388,7.75],"to":[16.31178,14.14388,8.25],"rotation":{"angle":22.5,"axis":"z","origin":[16.61178,14.26888,8.25]},"faces":{"north":{"uv":[13,10.66667,13.16667,11.16667],"texture":"#0"},"east":{"uv":[13.33333,0,13.5,0.5],"texture":"#0"},"south":{"uv":[0.66667,13.33333,0.83333,13.83333],"texture":"#0"},"west":{"uv":[13.33333,1,13.5,1.5],"texture":"#0"},"up":{"uv":[13.5,3.83333,13.33333,3.66667],"texture":"#0"}}},{"from":[11.4017,10.38518,3.5],"to":[11.4317,12.38518,12.5],"rotation":{"angle":-22.5,"axis":"z","origin":[11.30599,10.40402,7]},"faces":{"east":{"uv":[6.66667,7.33333,3.66667,8],"texture":"#0"},"west":{"uv":[3.66667,7.33333,6.66667,8],"texture":"#0"}}},{"from":[9.35276,10.29715,3.5],"to":[11.35276,10.32715,12.5],"rotation":{"angle":45,"axis":"z","origin":[11.33392,10.39286,7]},"faces":{"up":{"uv":[8,7.66667,7.33333,4.66667],"texture":"#0"},"down":{"uv":[8,4.66667,7.33333,7.66667],"texture":"#0"}}},{"from":[6.5,7.5,1.25],"to":[9.5,10.5,4.75],"rotation":{"angle":22.5,"axis":"x","origin":[6.5,7.5,1.25]},"faces":{"north":{"uv":[4.66667,9.33333,5.66667,10.33333],"texture":"#0"},"east":{"uv":[0,9,1.16667,10],"texture":"#0"},"west":{"uv":[6,9,7.16667,10],"texture":"#0"},"up":{"uv":[2.66667,10.16667,1.66667,9],"texture":"#0"},"down":{"uv":[8.66667,9,7.66667,10.16667],"texture":"#0"}}},{"from":[9.5,7,2],"to":[12,10.5,2.03],"rotation":{"angle":0,"axis":"y","origin":[10,7,2]},"faces":{"north":{"uv":[9,9.66667,9.83333,10.83333],"texture":"#0"},"south":{"uv":[9.83333,9.66667,9,10.83333],"texture":"#0"}}},{"from":[12,7,2],"to":[14,10.5,2.03],"rotation":{"angle":-22.5,"axis":"y","origin":[12,7,2]},"faces":{"north":{"uv":[2,10.66667,2.66667,11.83333],"texture":"#0"},"south":{"uv":[2.66667,10.66667,2,11.83333],"texture":"#0"}}},{"from":[13.84776,7,2.76537],"to":[15.84776,10.5,2.79537],"rotation":{"angle":-45,"axis":"y","origin":[13.84776,7,2.76537]},"faces":{"north":{"uv":[3,10.66667,3.66667,11.83333],"texture":"#0"},"south":{"uv":[3.66667,10.66667,3,11.83333],"texture":"#0"}}},{"from":[4.5683,10.38518,3.5],"to":[4.5983,12.38518,12.5],"rotation":{"angle":22.5,"axis":"z","origin":[4.69401,10.40402,7]},"faces":{"east":{"uv":[6.66667,7.33333,3.66667,8],"texture":"#0"},"west":{"uv":[3.66667,7.33333,6.66667,8],"texture":"#0"}}},{"from":[4.64724,10.29715,3.5],"to":[6.64724,10.32715,12.5],"rotation":{"angle":-45,"axis":"z","origin":[4.66608,10.39286,7]},"faces":{"up":{"uv":[7.33333,7.66667,8,4.66667],"texture":"#0"},"down":{"uv":[7.33333,4.66667,8,7.66667],"texture":"#0"}}},{"from":[0.15224,7,2.76537],"to":[2.15224,10.5,2.79537],"rotation":{"angle":45,"axis":"y","origin":[2.15224,7,2.76537]},"faces":{"north":{"uv":[3.66667,10.66667,3,11.83333],"texture":"#0"},"south":{"uv":[3,10.66667,3.66667,11.83333],"texture":"#0"}}},{"from":[2,7,2],"to":[4,10.5,2.03],"rotation":{"angle":22.5,"axis":"y","origin":[4,7,2]},"faces":{"north":{"uv":[2.66667,10.66667,2,11.83333],"texture":"#0"},"south":{"uv":[2,10.66667,2.66667,11.83333],"texture":"#0"}}},{"from":[4,7,2],"to":[6.5,10.5,2.03],"rotation":{"angle":0,"axis":"y","origin":[6,7,2]},"faces":{"north":{"uv":[9.83333,9.66667,9,10.83333],"texture":"#0"},"south":{"uv":[9,9.66667,9.83333,10.83333],"texture":"#0"}}},{"from":[5,0,3],"to":[5.5,2.5,4],"rotation":{"angle":0,"axis":"y","origin":[5,0,3]},"faces":{"north":{"uv":[12.83333,13,12.66667,13.83333],"texture":"#0"},"east":{"uv":[13,7.33333,12.66667,8.16667],"texture":"#0"},"south":{"uv":[0.16667,13.33333,0,14.16667],"texture":"#0"},"west":{"uv":[13,6,12.66667,6.83333],"texture":"#0"},"up":{"uv":[2,13.66667,2.16667,13.33333],"texture":"#0"},"down":{"uv":[13.33333,3,13.5,3.33333],"texture":"#0"}}},{"from":[3,2,6],"to":[4,6,12],"rotation":{"angle":0,"axis":"y","origin":[4,2,4]},"faces":{"north":{"uv":[5.66667,10.66667,5.33333,12],"texture":"#0"},"east":{"uv":[9.33333,1.66667,7.33333,3],"texture":"#0"},"west":{"uv":[9.33333,0,7.33333,1.33333],"texture":"#0"}}},{"from":[3,0,3],"to":[5,2,4],"rotation":{"angle":0,"axis":"y","origin":[3,0,3]},"faces":{"north":{"uv":[8,12,7.33333,12.66667],"texture":"#0"},"south":{"uv":[12.66667,10.66667,12,11.33333],"texture":"#0"},"west":{"uv":[13.33333,2,13,2.66667],"texture":"#0"},"up":{"uv":[6,8.66667,6.66667,8.33333],"texture":"#0"},"down":{"uv":[11.33333,7,12,7.33333],"texture":"#0"}}},{"from":[3,0,4],"to":[4,2,12],"rotation":{"angle":0,"axis":"y","origin":[4,0,4]},"faces":{"east":{"uv":[9.66667,8,7,8.66667],"texture":"#0"},"west":{"uv":[2.66667,8,0,8.66667],"texture":"#0"},"up":{"uv":[6,13,6.33333,10.33333],"texture":"#0"},"down":{"uv":[6.66667,10.33333,7,13],"texture":"#0"}}},{"from":[2.10203,4.60069,8],"to":[2.13203,5.60069,15],"rotation":{"angle":45,"axis":"z","origin":[2.03632,4.61952,11]},"faces":{"east":{"uv":[10,8.33333,12.33333,8.66667],"texture":"#0"},"west":{"uv":[12.33333,8.33333,10,8.66667],"texture":"#0"}}},{"from":[2.10181,3.63869,8],"to":[2.13181,4.63869,15],"rotation":{"angle":22.5,"axis":"z","origin":[2.0361,4.61985,11]},"faces":{"east":{"uv":[10,7.66667,12.33333,8],"texture":"#0"},"west":{"uv":[12.33333,7.66667,10,8],"texture":"#0"}}},{"from":[1.73376,-1.02743,8],"to":[1.76376,-0.02743,15],"rotation":{"angle":-45,"axis":"z","origin":[1.76376,-0.52743,11]},"faces":{"east":{"uv":[10,4,12.33333,4.33333],"texture":"#0"},"west":{"uv":[12.33333,4,10,4.33333],"texture":"#0"}}},{"from":[1.32195,-0.02164,8],"to":[1.35195,0.97836,15],"rotation":{"angle":-22.5,"axis":"z","origin":[1.35195,-2.02164,8]},"faces":{"east":{"uv":[10,3.33333,12.33333,3.66667],"texture":"#0"},"west":{"uv":[12.33333,3.33333,10,3.66667],"texture":"#0"}}},{"from":[2.47,0.75,8],"to":[2.5,3.75,15],"rotation":{"angle":0,"axis":"y","origin":[2.5,0.75,8]},"faces":{"east":{"uv":[7.33333,3.33333,9.66667,4.33333],"texture":"#0"},"west":{"uv":[9.66667,3.33333,7.33333,4.33333],"texture":"#0"}}},{"from":[2,0.5,7.75],"to":[3,2.75,11.75],"rotation":{"angle":-22.5,"axis":"x","origin":[2,1.25,7.75]},"faces":{"north":{"uv":[10.66667,12.66667,10.33333,13.5],"texture":"#0"},"south":{"uv":[13,11.66667,12.66667,12.5],"texture":"#0"},"west":{"uv":[4.33333,9.33333,3,10.16667],"texture":"#0"},"up":{"uv":[9.66667,12.66667,10,11.33333],"texture":"#0"},"down":{"uv":[12,11.66667,12.33333,13],"texture":"#0"}}},{"from":[1.025,5.75,6.75],"to":[3.025,8.25,9.25],"rotation":{"angle":-22.5,"axis":"z","origin":[3.025,5.75,6.75]},"faces":{"north":{"uv":[8,10.66667,7.33333,11.5],"texture":"#0"},"south":{"uv":[11.66667,9.66667,11,10.5],"texture":"#0"},"west":{"uv":[4.83333,10.66667,4,11.5],"texture":"#0"},"up":{"uv":[11,11.83333,11.66667,11],"texture":"#0"},"down":{"uv":[11.33333,4.66667,12,5.5],"texture":"#0"}}},{"from":[-0.14598,7.00636,7],"to":[2.35402,9.00636,9],"rotation":{"angle":-45,"axis":"z","origin":[1.35402,8.10636,8.25]},"faces":{"north":{"uv":[12.16667,6,11.33333,6.66667],"texture":"#0"},"south":{"uv":[9.16667,11.33333,8.33333,12],"texture":"#0"},"west":{"uv":[2.66667,12.33333,2,13],"texture":"#0"},"up":{"uv":[4,12.66667,4.83333,12],"texture":"#0"},"down":{"uv":[12,9.66667,12.83333,10.33333],"texture":"#0"}}},{"from":[-0.31178,12.64388,7.75],"to":[0.18822,14.14388,8.25],"rotation":{"angle":-22.5,"axis":"z","origin":[-0.61178,14.26888,8.25]},"faces":{"north":{"uv":[13.16667,10.66667,13,11.16667],"texture":"#0"},"east":{"uv":[13.5,1,13.33333,1.5],"texture":"#0"},"south":{"uv":[0.83333,13.33333,0.66667,13.83333],"texture":"#0"},"west":{"uv":[13.5,0,13.33333,0.5],"texture":"#0"},"up":{"uv":[13.33333,3.83333,13.5,3.66667],"texture":"#0"}}},{"from":[-1.08979,8.35874,7.25],"to":[0.41021,10.85874,8.75],"rotation":{"angle":22.5,"axis":"z","origin":[-1.01479,10.33374,8.25]},"faces":{"north":{"uv":[3.5,12.33333,3,13.16667],"texture":"#0"},"east":{"uv":[11.5,12.33333,11,13.16667],"texture":"#0"},"south":{"uv":[8.83333,12.33333,8.33333,13.16667],"texture":"#0"},"west":{"uv":[12.83333,4.66667,12.33333,5.5],"texture":"#0"},"up":{"uv":[12.66667,9.16667,13.16667,8.66667],"texture":"#0"}}},{"from":[-1.11178,10.76888,7.5],"to":[-0.11178,12.76888,8.5],"rotation":{"angle":0,"axis":"z","origin":[-1.26178,12.69388,8.25]},"faces":{"north":{"uv":[4.33333,13,4,13.66667],"texture":"#0"},"east":{"uv":[9.66667,13,9.33333,13.66667],"texture":"#0"},"south":{"uv":[7.66667,13,7.33333,13.66667],"texture":"#0"},"west":{"uv":[5,13,4.66667,13.66667],"texture":"#0"},"up":{"uv":[8.33333,11,8.66667,10.66667],"texture":"#0"}}},{"from":[3.25,3.75,3.25],"to":[12.75,6,3.28],"rotation":{"angle":0,"axis":"y","origin":[8,5,3.265]},"faces":{"north":{"uv":[0,14.5,3,15.16667],"texture":"#0"},"south":{"uv":[3,14.5,0,15.16667],"texture":"#0"}}},{"from":[12.72,3.75,3.25],"to":[12.75,6,13.2],"rotation":{"angle":0,"axis":"y","origin":[12.735,4.75,7.75]},"faces":{"east":{"uv":[3.16667,14.5,6.16667,15.16667],"texture":"#0"},"west":{"uv":[6.16667,14.5,3.16667,15.16667],"texture":"#0"}}},{"from":[3.25,3.75,3.25],"to":[3.28,6,13.2],"rotation":{"angle":0,"axis":"y","origin":[3.265,4.75,7.75]},"faces":{"east":{"uv":[3.16667,14.5,6.16667,15.16667],"texture":"#0"},"west":{"uv":[6.16667,14.5,3.16667,15.16667],"texture":"#0"}}},{"from":[8.5,0,3.25],"to":[12.5,3,3.28],"rotation":{"angle":-45,"axis":"y","origin":[10.5,1.5,3.265]},"faces":{"north":{"uv":[6.33333,14.5,7.66667,15.5],"texture":"#0"},"south":{"uv":[7.66667,14.5,6.33333,15.5],"texture":"#0"}}},{"from":[3.5,0,3.25],"to":[7.5,3,3.28],"rotation":{"angle":45,"axis":"y","origin":[5.5,1.5,3.265]},"faces":{"north":{"uv":[7.66667,14.5,6.33333,15.5],"texture":"#0"},"south":{"uv":[6.33333,14.5,7.66667,15.5],"texture":"#0"}}},{"from":[18.36059,0.46421,6.23866],"to":[18.40859,22.86421,9.43866],"rotation":{"angle":22.5,"axis":"y","origin":[14.35666,11.66421,13.52753]},"faces":{"east":{"uv":[4.28571,0,3.14286,8],"texture":"#1"},"west":{"uv":[3.14286,0,4.28571,8],"texture":"#1"}}},{"from":[12.15155,0.46421,0.93162],"to":[12.19955,22.86421,6.53162],"rotation":{"angle":45,"axis":"y","origin":[12.19955,3.66421,2.13162]},"faces":{"east":{"uv":[3.14286,0,1.14286,8],"texture":"#1"},"west":{"uv":[1.14286,0,3.14286,8],"texture":"#1"}}},{"from":[7.06779,0.46421,17.53147],"to":[10.26779,22.86421,17.57947],"rotation":{"angle":22.5,"axis":"y","origin":[14.35666,11.66421,13.52753]},"faces":{"north":{"uv":[0,0,1.14286,8],"texture":"#1"},"south":{"uv":[1.14286,0,0,8],"texture":"#1"}}},{"from":[16.48741,0.46421,15.65576],"to":[16.53541,22.86421,18.85576],"rotation":{"angle":-45,"axis":"y","origin":[14.35666,11.66421,13.52753]},"faces":{"east":{"uv":[8.57143,0,7.42857,8],"texture":"#1"},"west":{"uv":[7.42857,0,8.57143,8],"texture":"#1"}}},{"from":[15.50712,0.46421,10.72753],"to":[15.55512,22.86421,16.32753],"rotation":{"angle":-22.5,"axis":"y","origin":[14.35666,11.66421,13.52753]},"faces":{"east":{"uv":[7.42857,0,5.42857,8],"texture":"#1"},"west":{"uv":[5.42857,0,7.42857,8],"texture":"#1"}}},{"from":[16.48741,0.46421,8.1993],"to":[16.53541,22.86421,11.3993],"rotation":{"angle":0,"axis":"y","origin":[14.35666,11.66421,13.52753]},"faces":{"east":{"uv":[5.42857,0,4.28571,8],"texture":"#1"},"west":{"uv":[4.28571,0,5.42857,8],"texture":"#1"}}},{"from":[-2.40859,0.46421,6.23866],"to":[-2.36059,22.86421,9.43866],"rotation":{"angle":-22.5,"axis":"y","origin":[1.64334,11.66421,13.52753]},"faces":{"east":{"uv":[4.28571,0,3.14286,8],"texture":"#1"},"west":{"uv":[3.14286,0,4.28571,8],"texture":"#1"}}},{"from":[3.80045,0.46421,0.93162],"to":[3.84845,22.86421,6.53162],"rotation":{"angle":-45,"axis":"y","origin":[3.80045,3.66421,2.13162]},"faces":{"east":{"uv":[3.14286,0,1.14286,8],"texture":"#1"},"west":{"uv":[1.14286,0,3.14286,8],"texture":"#1"}}},{"from":[5.73221,0.46421,17.53147],"to":[8.93221,22.86421,17.57947],"rotation":{"angle":-22.5,"axis":"y","origin":[1.64334,11.66421,13.52753]},"faces":{"north":{"uv":[1.14286,0,0,8],"texture":"#1"},"south":{"uv":[0,0,1.14286,8],"texture":"#1"}}},{"from":[-0.53541,0.46421,15.65576],"to":[-0.48741,22.86421,18.85576],"rotation":{"angle":45,"axis":"y","origin":[1.64334,11.66421,13.52753]},"faces":{"east":{"uv":[8.57143,0,7.42857,8],"texture":"#1"},"west":{"uv":[7.42857,0,8.57143,8],"texture":"#1"}}},{"from":[0.44488,0.46421,10.72753],"to":[0.49288,22.86421,16.32753],"rotation":{"angle":22.5,"axis":"y","origin":[1.64334,11.66421,13.52753]},"faces":{"east":{"uv":[7.42857,0,5.42857,8],"texture":"#1"},"west":{"uv":[5.42857,0,7.42857,8],"texture":"#1"}}},{"from":[-0.53541,0.46421,8.1993],"to":[-0.48741,22.86421,11.3993],"rotation":{"angle":0,"axis":"y","origin":[1.64334,11.66421,13.52753]},"faces":{"east":{"uv":[5.42857,0,4.28571,8],"texture":"#1"},"west":{"uv":[4.28571,0,5.42857,8],"texture":"#1"}}}],"gui_light":"front","display":{"thirdperson_righthand":{"rotation":[51,180,0],"translation":[0,5.75,2.75],"scale":[0.7,0.7,0.7]},"thirdperson_lefthand":{"rotation":[51,180,0],"translation":[0,5.75,2.75],"scale":[0.7,0.7,0.7]},"firstperson_righthand":{"rotation":[160,0,180],"translation":[0.5,5.25,0],"scale":[0.6,0.6,0.6]},"firstperson_lefthand":{"rotation":[160,0,180],"translation":[0.5,5.25,0],"scale":[0.6,0.6,0.6]},"ground":{"translation":[0,5,0],"scale":[0.8,0.8,0.8]},"gui":{"rotation":[0,180,0],"translation":[0,1,0]},"head":{"translation":[0,6,0],"scale":[1.6,1.6,1.6]},"fixed":{"rotation":[-90,0,0],"translation":[0,0,-17],"scale":[2,2,2]}}}