{"credit":"Pologony Creation Co.,Ltd.","texture_size":[32,32],"textures":{"3":"frostbite_set:animated/animated_1","4":"frostbite_set:mace","5":"frostbite_set:animated/mace_animated"},"elements":[{"from":[7.125,-4.08579,7.5],"to":[8.875,-2.08579,9.5],"rotation":{"angle":45,"axis":"x","origin":[8.375,-2.58579,8]},"faces":{"north":{"uv":[8,8.4,8.7,9.2],"texture":"#4"},"east":{"uv":[7.6,0,8.4,0.8],"texture":"#4"},"south":{"uv":[8.8,0,9.5,0.8],"texture":"#4"},"west":{"uv":[7.6,1.2,8.4,2],"texture":"#4"},"up":{"uv":[9.5,2,8.8,1.2],"texture":"#4"},"down":{"uv":[9.5,2.4,8.8,3.2],"texture":"#4"}}},{"from":[6.75,-3.83579,7.75],"to":[9.25,-2.33579,9.25],"rotation":{"angle":45,"axis":"x","origin":[8.5,-2.58579,8]},"faces":{"north":{"uv":[8,4.8,9,5.4],"texture":"#4"},"east":{"uv":[2.8,10.4,3.4,11],"texture":"#4"},"south":{"uv":[8,7.2,9,7.8],"texture":"#4"},"west":{"uv":[10.4,3.2,11,3.8],"texture":"#4"},"up":{"uv":[1,9,0,8.4],"texture":"#4"},"down":{"uv":[9.4,6,8.4,6.6],"texture":"#4"}}},{"from":[7.25,-2.75,7.25],"to":[8.75,-2,8.75],"rotation":{"angle":0,"axis":"y","origin":[7.5,-2.75,7.5]},"faces":{"north":{"uv":[12.4,1.2,13,1.5],"texture":"#4"},"east":{"uv":[12.4,10.4,13,10.7],"texture":"#4"},"south":{"uv":[12.4,11.2,13,11.5],"texture":"#4"},"west":{"uv":[12.4,12,13,12.3],"texture":"#4"},"up":{"uv":[4.6,11,4,10.4],"texture":"#4"}}},{"from":[7.375,-2,7.375],"to":[8.625,-1.25,8.625],"rotation":{"angle":0,"axis":"y","origin":[7.625,-2,7.375]},"faces":{"north":{"uv":[12.8,8.4,13.3,8.7],"texture":"#4"},"east":{"uv":[12.8,9.2,13.3,9.5],"texture":"#4"},"south":{"uv":[10,12.8,10.5,13.1],"texture":"#4"},"west":{"uv":[11.2,12.8,11.7,13.1],"texture":"#4"},"up":{"uv":[12.1,6.1,11.6,5.6],"texture":"#4"}}},{"from":[7.375,-1,7.44822],"to":[8.375,2.5,8.44822],"rotation":{"angle":45,"axis":"y","origin":[8,-0.875,7.82322]},"faces":{"north":{"uv":[3.2,4.8,3.6,6.2],"texture":"#4"},"east":{"uv":[5.2,8.8,5.6,10.2],"texture":"#4"},"south":{"uv":[6,8.8,6.4,10.2],"texture":"#4"},"west":{"uv":[6.8,8.8,7.2,10.2],"texture":"#4"}}},{"from":[7.375,2.75,7.375],"to":[8.625,3.5,8.625],"rotation":{"angle":0,"axis":"y","origin":[7.625,3.5,7.375]},"faces":{"north":{"uv":[12.4,12.8,12.9,13.1],"texture":"#4"},"east":{"uv":[0,13.2,0.5,13.5],"texture":"#4"},"south":{"uv":[13.2,0,13.7,0.3],"texture":"#4"},"west":{"uv":[13.2,3.6,13.7,3.9],"texture":"#4"},"down":{"uv":[12.1,8,11.6,8.5],"texture":"#4"}}},{"from":[7.375,0.5,7.375],"to":[8.625,1.25,8.625],"rotation":{"angle":45,"axis":"y","origin":[8,0.875,8]},"faces":{"north":{"uv":[4.4,13.2,4.9,13.5],"texture":"#4"},"east":{"uv":[13.2,4.4,13.7,4.7],"texture":"#4"},"south":{"uv":[13.2,6.4,13.7,6.7],"texture":"#4"},"west":{"uv":[8.4,13.2,8.9,13.5],"texture":"#4"},"up":{"uv":[12.1,9.7,11.6,9.2],"texture":"#4"},"down":{"uv":[10.5,11.6,10,12.1],"texture":"#4"}}},{"from":[7.375,-1.75,7.375],"to":[8.625,-1,8.625],"rotation":{"angle":45,"axis":"y","origin":[8,-1.375,8]},"faces":{"north":{"uv":[13.6,0.8,14.1,1.1],"texture":"#4"},"east":{"uv":[1.2,13.6,1.7,13.9],"texture":"#4"},"south":{"uv":[2.4,13.6,2.9,13.9],"texture":"#4"},"west":{"uv":[5.6,13.6,6.1,13.9],"texture":"#4"},"up":{"uv":[11.7,12.1,11.2,11.6],"texture":"#4"},"down":{"uv":[0.5,12,0,12.5],"texture":"#4"}}},{"from":[7.375,2.5,7.375],"to":[8.625,3.25,8.625],"rotation":{"angle":45,"axis":"y","origin":[8,11.875,8]},"faces":{"north":{"uv":[6.8,13.6,7.3,13.9],"texture":"#4"},"east":{"uv":[9.6,13.6,10.1,13.9],"texture":"#4"},"south":{"uv":[13.6,10,14.1,10.3],"texture":"#4"},"west":{"uv":[10.8,13.6,11.3,13.9],"texture":"#4"},"up":{"uv":[12.5,4.1,12,3.6],"texture":"#4"},"down":{"uv":[5.3,12,4.8,12.5],"texture":"#4"}}},{"from":[7.25,3.5,7.25],"to":[8.75,4.25,8.75],"rotation":{"angle":0,"axis":"y","origin":[7.5,4.25,7.5]},"faces":{"north":{"uv":[2,12.8,2.6,13.1],"texture":"#4"},"east":{"uv":[12.8,2,13.4,2.3],"texture":"#4"},"south":{"uv":[12.8,2.8,13.4,3.1],"texture":"#4"},"west":{"uv":[3.2,12.8,3.8,13.1],"texture":"#4"},"up":{"uv":[11,9,10.4,8.4],"texture":"#4"},"down":{"uv":[10.6,10.4,10,11],"texture":"#4"}}},{"from":[7.25,3.75,7.25],"to":[8.75,4.5,8.75],"rotation":{"angle":45,"axis":"y","origin":[8,4.125,8]},"faces":{"north":{"uv":[12.8,5.6,13.4,5.9],"texture":"#4"},"east":{"uv":[6,12.8,6.6,13.1],"texture":"#4"},"south":{"uv":[7.2,12.8,7.8,13.1],"texture":"#4"},"west":{"uv":[12.8,7.6,13.4,7.9],"texture":"#4"},"up":{"uv":[0.6,11.4,0,10.8],"texture":"#4"},"down":{"uv":[11.4,4.4,10.8,5],"texture":"#4"}}},{"from":[7,9,7],"to":[9,9.75,9],"rotation":{"angle":45,"axis":"y","origin":[8,9.375,8]},"faces":{"north":{"uv":[12,4.8,12.8,5.1],"texture":"#4"},"east":{"uv":[6,12,6.8,12.3],"texture":"#4"},"south":{"uv":[12,6.8,12.8,7.1],"texture":"#4"},"west":{"uv":[7.2,12,8,12.3],"texture":"#4"},"up":{"uv":[8.4,3.2,7.6,2.4],"texture":"#4"},"down":{"uv":[6,7.6,5.2,8.4],"texture":"#4"}}},{"from":[7.7535,-4.04289,6.08579],"to":[8.2465,-2.54289,7.33579],"rotation":{"angle":0,"axis":"y","origin":[7.2535,-4.79289,7.33579]},"faces":{"north":{"uv":[4.8,14,5,14.6],"texture":"#4"},"east":{"uv":[11.6,2.4,12.1,3],"texture":"#4"},"south":{"uv":[2.4,14.4,2.6,15],"texture":"#4"},"west":{"uv":[3.6,11.6,4.1,12.2],"texture":"#4"}}},{"from":[7.75,-3.51256,5.4948],"to":[8.25,-2.26256,6.4948],"rotation":{"angle":-45,"axis":"x","origin":[7.75,-2.01256,5.7448]},"faces":{"north":{"uv":[14.4,3.2,14.6,3.7],"texture":"#4"},"east":{"uv":[8.4,12,8.8,12.5],"texture":"#4"},"south":{"uv":[5.6,14.4,5.8,14.9],"texture":"#4"},"west":{"uv":[9.2,12,9.6,12.5],"texture":"#4"},"up":{"uv":[14.6,4.8,14.4,4.4],"texture":"#4"},"down":{"uv":[7.4,14.4,7.2,14.8],"texture":"#4"}}},{"from":[7.75,-4.32322,5.4948],"to":[8.25,-3.07322,6.4948],"rotation":{"angle":45,"axis":"x","origin":[7.75,-4.57322,5.7448]},"faces":{"north":{"uv":[14.4,6,14.6,6.5],"texture":"#4"},"east":{"uv":[12.4,0,12.8,0.5],"texture":"#4"},"south":{"uv":[6.4,14.4,6.6,14.9],"texture":"#4"},"west":{"uv":[1.2,12.4,1.6,12.9],"texture":"#4"},"up":{"uv":[9.4,14.8,9.2,14.4],"texture":"#4"},"down":{"uv":[10.2,14.4,10,14.8],"texture":"#4"}}},{"from":[7.985,-7,5.25],"to":[8.015,-1,7.25],"rotation":{"angle":0,"axis":"y","origin":[7.985,-8,3.25]},"faces":{"east":{"uv":[4.8,4,4,6.4],"texture":"#4"},"west":{"uv":[4,4,4.8,6.4],"texture":"#4"}}},{"from":[7.7535,-4.04289,8.66421],"to":[8.2465,-2.54289,9.91421],"rotation":{"angle":0,"axis":"y","origin":[7.2535,-4.79289,8.66421]},"faces":{"north":{"uv":[2.6,14.4,2.4,15],"texture":"#4"},"east":{"uv":[12.1,2.4,11.6,3],"texture":"#4"},"south":{"uv":[5,14,4.8,14.6],"texture":"#4"},"west":{"uv":[4.1,11.6,3.6,12.2],"texture":"#4"}}},{"from":[7.75,-3.51256,9.5052],"to":[8.25,-2.26256,10.5052],"rotation":{"angle":45,"axis":"x","origin":[7.75,-2.01256,10.2552]},"faces":{"north":{"uv":[5.8,14.4,5.6,14.9],"texture":"#4"},"east":{"uv":[8.8,12,8.4,12.5],"texture":"#4"},"south":{"uv":[14.6,3.2,14.4,3.7],"texture":"#4"},"west":{"uv":[9.6,12,9.2,12.5],"texture":"#4"},"up":{"uv":[14.6,4.4,14.4,4.8],"texture":"#4"},"down":{"uv":[7.4,14.8,7.2,14.4],"texture":"#4"}}},{"from":[7.75,-4.32322,9.5052],"to":[8.25,-3.07322,10.5052],"rotation":{"angle":-45,"axis":"x","origin":[7.75,-4.57322,10.2552]},"faces":{"north":{"uv":[6.6,14.4,6.4,14.9],"texture":"#4"},"east":{"uv":[12.8,0,12.4,0.5],"texture":"#4"},"south":{"uv":[14.6,6,14.4,6.5],"texture":"#4"},"west":{"uv":[1.6,12.4,1.2,12.9],"texture":"#4"},"up":{"uv":[9.4,14.4,9.2,14.8],"texture":"#4"},"down":{"uv":[10.2,14.8,10,14.4],"texture":"#4"}}},{"from":[7.985,-7,8.75],"to":[8.015,-1,10.75],"rotation":{"angle":0,"axis":"y","origin":[7.985,-8,12.75]},"faces":{"east":{"uv":[4,4,4.8,6.4],"texture":"#4"},"west":{"uv":[4.8,4,4,6.4],"texture":"#4"}}},{"from":[7.29289,4.5,7.92678],"to":[8.54289,9,9.17678],"rotation":{"angle":45,"axis":"y","origin":[7.29289,4.5,8.17678]},"faces":{"north":{"uv":[1.6,6.8,2.1,8.6],"texture":"#4"},"east":{"uv":[2.8,6.8,3.3,8.6],"texture":"#4"},"south":{"uv":[6.8,3.6,7.3,5.4],"texture":"#4"},"west":{"uv":[4,6.8,4.5,8.6],"texture":"#4"}}},{"from":[6.79289,5,7.57322],"to":[8.54289,5.5,9.32322],"rotation":{"angle":45,"axis":"y","origin":[7.29289,5,7.82322]},"faces":{"north":{"uv":[13.6,10.8,14.3,11],"texture":"#4"},"east":{"uv":[13.6,11.6,14.3,11.8],"texture":"#4"},"south":{"uv":[12,13.6,12.7,13.8],"texture":"#4"},"west":{"uv":[13.6,12.4,14.3,12.6],"texture":"#4"},"up":{"uv":[9.9,9.1,9.2,8.4],"texture":"#4"},"down":{"uv":[0.7,9.6,0,10.3],"texture":"#4"}}},{"from":[6.79289,6,7.57322],"to":[8.54289,6.5,9.32322],"rotation":{"angle":45,"axis":"y","origin":[7.29289,6,7.82322]},"faces":{"north":{"uv":[13.2,13.6,13.9,13.8],"texture":"#4"},"east":{"uv":[0,14,0.7,14.2],"texture":"#4"},"south":{"uv":[14,1.6,14.7,1.8],"texture":"#4"},"west":{"uv":[14,2.4,14.7,2.6],"texture":"#4"},"up":{"uv":[10.3,5.5,9.6,4.8],"texture":"#4"},"down":{"uv":[10.3,7.2,9.6,7.9],"texture":"#4"}}},{"from":[6.79289,7,7.57322],"to":[8.54289,7.5,9.32322],"rotation":{"angle":45,"axis":"y","origin":[7.29289,7,7.82322]},"faces":{"north":{"uv":[3.6,14,4.3,14.2],"texture":"#4"},"east":{"uv":[14,5.2,14.7,5.4],"texture":"#4"},"south":{"uv":[14,7.2,14.7,7.4],"texture":"#4"},"west":{"uv":[8,14,8.7,14.2],"texture":"#4"},"up":{"uv":[8.3,10.3,7.6,9.6],"texture":"#4"},"down":{"uv":[9.5,9.6,8.8,10.3],"texture":"#4"}}},{"from":[6.79289,8,7.57322],"to":[8.54289,8.5,9.32322],"rotation":{"angle":45,"axis":"y","origin":[7.29289,8,7.82322]},"faces":{"north":{"uv":[14,8,14.7,8.2],"texture":"#4"},"east":{"uv":[14,8.8,14.7,9],"texture":"#4"},"south":{"uv":[14.4,0,15.1,0.2],"texture":"#4"},"west":{"uv":[1.2,14.4,1.9,14.6],"texture":"#4"},"up":{"uv":[10.7,0.7,10,0],"texture":"#4"},"down":{"uv":[10.7,1.2,10,1.9],"texture":"#4"}}},{"from":[6.5,9.75,6.5],"to":[9.5,13.75,9.5],"rotation":{"angle":45,"axis":"y","origin":[8,12.25,8]},"faces":{"north":{"uv":[0,4.8,1.2,6.4],"texture":"#4"},"east":{"uv":[1.6,4.8,2.8,6.4],"texture":"#4"},"south":{"uv":[5.2,4,6.4,5.6],"texture":"#4"},"west":{"uv":[6,0,7.2,1.6],"texture":"#4"},"down":{"uv":[7.2,2,6,3.2],"texture":"#4"}}},{"from":[6,13.75,6],"to":[10,18.75,10],"rotation":{"angle":45,"axis":"y","origin":[8,16.25,8]},"faces":{"north":{"uv":[0,0,1.6,2],"texture":"#4"},"east":{"uv":[2,0,3.6,2],"texture":"#4"},"south":{"uv":[0,2.4,1.6,4.4],"texture":"#4"},"west":{"uv":[2,2.4,3.6,4.4],"texture":"#4"},"up":{"uv":[5.6,1.6,4,0],"texture":"#4"},"down":{"uv":[5.6,2,4,3.6],"texture":"#4"}}},{"from":[5.5,9.25,5.5],"to":[5.53,24.25,10.5],"rotation":{"angle":45,"axis":"y","origin":[8,16.75,8]},"faces":{"east":{"uv":[7.5,0,5,7.5],"texture":"#5"},"west":{"uv":[5,0,7.5,7.5],"texture":"#5"}}},{"from":[5.5,9.25,10.47],"to":[10.5,24.25,10.5],"rotation":{"angle":45,"axis":"y","origin":[8,16.75,8]},"faces":{"north":{"uv":[10,0,7.5,7.5],"texture":"#5"},"south":{"uv":[7.5,0,10,7.5],"texture":"#5"}}},{"from":[5.5,9.25,5.5],"to":[10.5,24.25,5.53],"rotation":{"angle":45,"axis":"y","origin":[8,16.75,8]},"faces":{"north":{"uv":[2.5,0,5,7.5],"texture":"#5"},"south":{"uv":[5,0,2.5,7.5],"texture":"#5"}}},{"from":[10.47,9.25,5.5],"to":[10.5,24.25,10.5],"rotation":{"angle":45,"axis":"y","origin":[8,16.75,8]},"faces":{"east":{"uv":[0,0,2.5,7.5],"texture":"#5"},"west":{"uv":[2.5,0,0,7.5],"texture":"#5"}}},{"from":[6.5,18.75,6.5],"to":[9.5,19.75,9.5],"rotation":{"angle":45,"axis":"y","origin":[8,21.25,8]},"faces":{"north":{"uv":[10,2.4,11.2,2.8],"texture":"#4"},"east":{"uv":[10,6,11.2,6.4],"texture":"#4"},"south":{"uv":[10,9.6,11.2,10],"texture":"#4"},"west":{"uv":[1.2,10.4,2.4,10.8],"texture":"#4"},"up":{"uv":[6.4,7.2,5.2,6],"texture":"#4"}}},{"from":[8.57713,14.68252,4.92157],"to":[10.57713,16.68252,6.67157],"rotation":{"angle":45,"axis":"z","origin":[8,14.10539,8]},"faces":{"north":{"uv":[8,3.6,8.8,4.4],"texture":"#4"},"east":{"uv":[1.6,9.2,2.3,10],"texture":"#4"},"west":{"uv":[2.8,9.2,3.5,10],"texture":"#4"},"up":{"uv":[10,4.3,9.2,3.6],"texture":"#4"},"down":{"uv":[4.8,9.2,4,9.9],"texture":"#4"}}},{"from":[7.985,15.25,1.92157],"to":[8.015,17.5,4.92157],"rotation":{"angle":-45,"axis":"z","origin":[8,16.375,3.42157]},"faces":{"east":{"uv":[1.2,6.8,0,7.7],"texture":"#4"},"west":{"uv":[0,6.8,1.2,7.7],"texture":"#4"}}},{"from":[7.985,15.25,1.92157],"to":[8.015,17.5,4.92157],"rotation":{"angle":45,"axis":"z","origin":[8,16.375,3.42157]},"faces":{"east":{"uv":[1.2,6.8,0,7.7],"texture":"#4"},"west":{"uv":[0,6.8,1.2,7.7],"texture":"#4"}}},{"from":[7.985,11,3.17157],"to":[8.015,12.75,5.67157],"rotation":{"angle":-45,"axis":"z","origin":[8,11.875,4.42157]},"faces":{"east":{"uv":[7.8,6,6.8,6.7],"texture":"#4"},"west":{"uv":[6.8,6,7.8,6.7],"texture":"#4"}}},{"from":[7.985,11,3.17157],"to":[8.015,12.75,5.67157],"rotation":{"angle":45,"axis":"z","origin":[8,11.875,4.42157]},"faces":{"east":{"uv":[7.8,6,6.8,6.7],"texture":"#4"},"west":{"uv":[6.8,6,7.8,6.7],"texture":"#4"}}},{"from":[5.64515,11.75054,5.67157],"to":[7.14515,13.25054,7.17157],"rotation":{"angle":45,"axis":"z","origin":[8,14.10539,8]},"faces":{"north":{"uv":[5.2,10.8,5.8,11.4],"texture":"#4"},"east":{"uv":[6.4,10.8,7,11.4],"texture":"#4"},"west":{"uv":[10.8,6.8,11.4,7.4],"texture":"#4"},"up":{"uv":[8.2,11.4,7.6,10.8],"texture":"#4"},"down":{"uv":[9.4,10.8,8.8,11.4],"texture":"#4"}}},{"from":[5.64515,11.75054,8.82843],"to":[7.14515,13.25054,10.32843],"rotation":{"angle":45,"axis":"z","origin":[8,14.10539,8]},"faces":{"east":{"uv":[7,10.8,6.4,11.4],"texture":"#4"},"south":{"uv":[5.8,10.8,5.2,11.4],"texture":"#4"},"west":{"uv":[11.4,6.8,10.8,7.4],"texture":"#4"},"up":{"uv":[8.2,10.8,7.6,11.4],"texture":"#4"},"down":{"uv":[9.4,11.4,8.8,10.8],"texture":"#4"}}},{"from":[7.985,11,10.32843],"to":[8.015,12.75,12.82843],"rotation":{"angle":-45,"axis":"z","origin":[8,11.875,11.57843]},"faces":{"east":{"uv":[6.8,6,7.8,6.7],"texture":"#4"},"west":{"uv":[7.8,6,6.8,6.7],"texture":"#4"}}},{"from":[7.985,15.25,11.07843],"to":[8.015,17.5,14.07843],"rotation":{"angle":-45,"axis":"z","origin":[8,16.375,12.57843]},"faces":{"east":{"uv":[0,6.8,1.2,7.7],"texture":"#4"},"west":{"uv":[1.2,6.8,0,7.7],"texture":"#4"}}},{"from":[8.57713,14.68252,9.32843],"to":[10.57713,16.68252,11.07843],"rotation":{"angle":45,"axis":"z","origin":[8,14.10539,8]},"faces":{"east":{"uv":[2.3,9.2,1.6,10],"texture":"#4"},"south":{"uv":[8.8,3.6,8,4.4],"texture":"#4"},"west":{"uv":[3.5,9.2,2.8,10],"texture":"#4"},"up":{"uv":[10,3.6,9.2,4.3],"texture":"#4"},"down":{"uv":[4.8,9.9,4,9.2],"texture":"#4"}}},{"from":[7.985,15.25,11.07843],"to":[8.015,17.5,14.07843],"rotation":{"angle":45,"axis":"z","origin":[8,16.375,12.57843]},"faces":{"east":{"uv":[0,6.8,1.2,7.7],"texture":"#4"},"west":{"uv":[1.2,6.8,0,7.7],"texture":"#4"}}},{"from":[7.985,11,10.32843],"to":[8.015,12.75,12.82843],"rotation":{"angle":45,"axis":"z","origin":[8,11.875,11.57843]},"faces":{"east":{"uv":[6.8,6,7.8,6.7],"texture":"#4"},"west":{"uv":[7.8,6,6.8,6.7],"texture":"#4"}}},{"from":[5.67157,11.75054,5.64515],"to":[7.17157,13.25054,7.14515],"rotation":{"angle":-45,"axis":"x","origin":[8,14.10539,8]},"faces":{"north":{"uv":[11.4,6.8,10.8,7.4],"texture":"#4"},"south":{"uv":[7,10.8,6.4,11.4],"texture":"#4"},"west":{"uv":[5.8,10.8,5.2,11.4],"texture":"#4"},"up":{"uv":[8.2,10.8,7.6,11.4],"rotation":90,"texture":"#4"},"down":{"uv":[9.4,11.4,8.8,10.8],"rotation":270,"texture":"#4"}}},{"from":[3.17157,11.65327,9.56213],"to":[5.67157,13.40327,9.59213],"rotation":{"angle":45,"axis":"x","origin":[8,14.10539,8]},"faces":{"north":{"uv":[7.8,6,6.8,6.7],"texture":"#4"},"south":{"uv":[6.8,6,7.8,6.7],"texture":"#4"}}},{"from":[1.92157,14.58525,6.38015],"to":[4.92157,16.83525,6.41015],"rotation":{"angle":45,"axis":"x","origin":[8,14.10539,8]},"faces":{"north":{"uv":[1.2,6.8,0,7.7],"texture":"#4"},"south":{"uv":[0,6.8,1.2,7.7],"texture":"#4"}}},{"from":[4.92157,14.68252,8.57713],"to":[6.67157,16.68252,10.57713],"rotation":{"angle":-45,"axis":"x","origin":[8,14.10539,8]},"faces":{"north":{"uv":[3.5,9.2,2.8,10],"texture":"#4"},"south":{"uv":[2.3,9.2,1.6,10],"texture":"#4"},"west":{"uv":[8.8,3.6,8,4.4],"texture":"#4"},"up":{"uv":[10,3.6,9.2,4.3],"rotation":90,"texture":"#4"},"down":{"uv":[4.8,9.9,4,9.2],"rotation":270,"texture":"#4"}}},{"from":[1.92157,14.58525,9.58985],"to":[4.92157,16.83525,9.61985],"rotation":{"angle":-45,"axis":"x","origin":[8,14.10539,8]},"faces":{"north":{"uv":[1.2,6.8,0,7.7],"texture":"#4"},"south":{"uv":[0,6.8,1.2,7.7],"texture":"#4"}}},{"from":[3.17157,11.65327,6.40787],"to":[5.67157,13.40327,6.43787],"rotation":{"angle":-45,"axis":"x","origin":[8,14.10539,8]},"faces":{"north":{"uv":[7.8,6,6.8,6.7],"texture":"#4"},"south":{"uv":[6.8,6,7.8,6.7],"texture":"#4"}}},{"from":[9.32843,14.68252,8.57713],"to":[11.07843,16.68252,10.57713],"rotation":{"angle":-45,"axis":"x","origin":[8,14.10539,8]},"faces":{"north":{"uv":[2.8,9.2,3.5,10],"texture":"#4"},"east":{"uv":[8,3.6,8.8,4.4],"texture":"#4"},"south":{"uv":[1.6,9.2,2.3,10],"texture":"#4"},"up":{"uv":[10,4.3,9.2,3.6],"rotation":90,"texture":"#4"},"down":{"uv":[4.8,9.2,4,9.9],"rotation":270,"texture":"#4"}}},{"from":[11.07843,14.58525,9.58985],"to":[14.07843,16.83525,9.61985],"rotation":{"angle":-45,"axis":"x","origin":[8,14.10539,8]},"faces":{"north":{"uv":[0,6.8,1.2,7.7],"texture":"#4"},"south":{"uv":[1.2,6.8,0,7.7],"texture":"#4"}}},{"from":[11.07843,14.58525,6.38015],"to":[14.07843,16.83525,6.41015],"rotation":{"angle":45,"axis":"x","origin":[8,14.10539,8]},"faces":{"north":{"uv":[0,6.8,1.2,7.7],"texture":"#4"},"south":{"uv":[1.2,6.8,0,7.7],"texture":"#4"}}},{"from":[8.82843,11.75054,5.64515],"to":[10.32843,13.25054,7.14515],"rotation":{"angle":-45,"axis":"x","origin":[8,14.10539,8]},"faces":{"north":{"uv":[10.8,6.8,11.4,7.4],"texture":"#4"},"east":{"uv":[5.2,10.8,5.8,11.4],"texture":"#4"},"south":{"uv":[6.4,10.8,7,11.4],"texture":"#4"},"up":{"uv":[8.2,11.4,7.6,10.8],"rotation":90,"texture":"#4"},"down":{"uv":[9.4,10.8,8.8,11.4],"rotation":270,"texture":"#4"}}},{"from":[10.32843,11.65327,6.40787],"to":[12.82843,13.40327,6.43787],"rotation":{"angle":-45,"axis":"x","origin":[8,14.10539,8]},"faces":{"north":{"uv":[6.8,6,7.8,6.7],"texture":"#4"},"south":{"uv":[7.8,6,6.8,6.7],"texture":"#4"}}},{"from":[10.32843,11.65327,9.56213],"to":[12.82843,13.40327,9.59213],"rotation":{"angle":45,"axis":"x","origin":[8,14.10539,8]},"faces":{"north":{"uv":[6.8,6,7.8,6.7],"texture":"#4"},"south":{"uv":[7.8,6,6.8,6.7],"texture":"#4"}}},{"from":[7.23614,19.75,7.25574],"to":[8.73614,21.25,8.75574],"rotation":{"angle":-45,"axis":"y","origin":[8,21.5,8.01961]},"faces":{"north":{"uv":[11.2,0,11.8,0.6],"texture":"#4"},"east":{"uv":[1.2,11.2,1.8,11.8],"texture":"#4"},"south":{"uv":[11.2,1.2,11.8,1.8],"texture":"#4"},"west":{"uv":[11.2,10.4,11.8,11],"texture":"#4"},"up":{"uv":[3,12.2,2.4,11.6],"texture":"#4"}}},{"from":[7.97553,21.25,7.14135],"to":[8.00553,23.75,8.89135],"rotation":{"angle":45,"axis":"y","origin":[7.97553,21.5,7.99674]},"faces":{"east":{"uv":[7.5,7.2,6.8,8.2],"texture":"#4"},"west":{"uv":[6.8,7.2,7.5,8.2],"texture":"#4"}}},{"from":[8.00326,21.25,7.12014],"to":[8.03326,23.75,8.87014],"rotation":{"angle":-45,"axis":"y","origin":[8.00326,21.5,7.97553]},"faces":{"east":{"uv":[7.5,7.2,6.8,8.2],"texture":"#4"},"west":{"uv":[6.8,7.2,7.5,8.2],"texture":"#4"}}},{"from":[7.5,-7.25,6],"to":[8.5,-1.25,10],"rotation":{"angle":0,"axis":"y","origin":[-0.5,0,6]},"faces":{"east":{"uv":[0,0,8,12],"texture":"#3"},"west":{"uv":[8,0,0,12],"texture":"#3"}}}],"gui_light":"front","display":{"thirdperson_righthand":{"translation":[0,4.5,1]},"thirdperson_lefthand":{"translation":[0,4.5,1]},"firstperson_righthand":{"rotation":[10,0,0],"translation":[1.25,3.75,0.5],"scale":[0.7,0.7,0.7]},"firstperson_lefthand":{"rotation":[10,0,0],"translation":[1.25,3.75,0.5],"scale":[0.7,0.7,0.7]},"ground":{"rotation":[-45,0,0],"translation":[0,5,0],"scale":[0.7,0.7,0.7]},"gui":{"rotation":[-90,45,90],"scale":[0.7,0.7,0.7]},"head":{"rotation":[0,-90,0]},"fixed":{"rotation":[0,-90,0],"translation":[0,0,-1.75],"scale":[2,2,2]}}}