{"credit":"Pologony Creation Co.,Ltd.","texture_size":[20,20],"textures":{"2":"frostbite_set:animated/animated_2","3":"frostbite_set:animated/animated_1","4":"frostbite_set:pickaxe","particle":"frostbite_set:animated/animated_2"},"elements":[{"from":[7.5,11.66421,6.5],"to":[8.5,14.66421,9.5],"rotation":{"angle":45,"axis":"x","origin":[8.5,13.16421,8]},"faces":{"north":{"uv":[6.8,8.4,7.2,9.6],"texture":"#4"},"east":{"uv":[2,0,3.2,1.2],"texture":"#4"},"south":{"uv":[7.6,8.4,8,9.6],"texture":"#4"},"west":{"uv":[1.2,2,2.4,3.2],"texture":"#4"},"up":{"uv":[8.8,8.8,8.4,7.6],"texture":"#4"},"down":{"uv":[1.2,8.8,0.8,10],"texture":"#4"}}},{"from":[7,12.91421,6.75],"to":[9,13.41421,7.25],"rotation":{"angle":45,"axis":"x","origin":[8.5,13.16421,8]},"faces":{"north":{"uv":[11.2,12,12,12.2],"texture":"#4"},"east":{"uv":[15.2,8,15.4,8.2],"texture":"#4"},"south":{"uv":[0,12.4,0.8,12.6],"texture":"#4"},"west":{"uv":[15.2,8.8,15.4,9],"texture":"#4"},"up":{"uv":[2,12.6,1.2,12.4],"texture":"#4"},"down":{"uv":[3.2,12.4,2.4,12.6],"texture":"#4"}}},{"from":[7,12.91421,8.75],"to":[9,13.41421,9.25],"rotation":{"angle":-45,"axis":"x","origin":[8.5,13.16421,8]},"faces":{"north":{"uv":[3.6,12.4,4.4,12.6],"texture":"#4"},"east":{"uv":[9.6,15.2,9.8,15.4],"texture":"#4"},"south":{"uv":[7.6,12.4,8.4,12.6],"texture":"#4"},"west":{"uv":[15.2,9.6,15.4,9.8],"texture":"#4"},"up":{"uv":[13.2,12.2,12.4,12],"texture":"#4"},"down":{"uv":[13.6,0,12.8,0.2],"texture":"#4"}}},{"from":[7,11.91421,7.75],"to":[9,12.41421,8.25],"rotation":{"angle":45,"axis":"x","origin":[8.5,13.16421,8]},"faces":{"north":{"uv":[12.8,0.8,13.6,1],"texture":"#4"},"east":{"uv":[15.2,10.4,15.4,10.6],"texture":"#4"},"south":{"uv":[12.8,1.6,13.6,1.8],"texture":"#4"},"west":{"uv":[15.2,11.2,15.4,11.4],"texture":"#4"},"up":{"uv":[5.6,13,4.8,12.8],"texture":"#4"},"down":{"uv":[6.8,12.8,6,13],"texture":"#4"}}},{"from":[7,11.91421,7.75],"to":[9,12.41421,8.25],"rotation":{"angle":-45,"axis":"x","origin":[8.5,13.16421,8]},"faces":{"north":{"uv":[12.8,7.2,13.6,7.4],"texture":"#4"},"east":{"uv":[15.2,12,15.4,12.2],"texture":"#4"},"south":{"uv":[12.8,8,13.6,8.2],"texture":"#4"},"west":{"uv":[15.2,12.8,15.4,13],"texture":"#4"},"up":{"uv":[13.6,9,12.8,8.8],"texture":"#4"},"down":{"uv":[13.6,9.6,12.8,9.8],"texture":"#4"}}},{"from":[7.25,12.16421,7],"to":[8.75,14.16421,9],"rotation":{"angle":45,"axis":"x","origin":[8.5,13.16421,8]},"faces":{"north":{"uv":[1.6,8.8,2.2,9.6],"texture":"#4"},"east":{"uv":[0,4.8,0.8,5.6],"texture":"#4"},"south":{"uv":[2.8,8.8,3.4,9.6],"texture":"#4"},"west":{"uv":[5.2,1.6,6,2.4],"texture":"#4"},"up":{"uv":[9.4,4.4,8.8,3.6],"texture":"#4"},"down":{"uv":[4.6,8.8,4,9.6],"texture":"#4"}}},{"from":[7.125,-4.08579,7.5],"to":[8.875,-2.08579,9.5],"rotation":{"angle":45,"axis":"x","origin":[8.375,-2.58579,8]},"faces":{"north":{"uv":[0,6,0.7,6.8],"texture":"#4"},"east":{"uv":[5.2,2.8,6,3.6],"texture":"#4"},"south":{"uv":[4,6.4,4.7,7.2],"texture":"#4"},"west":{"uv":[5.2,4,6,4.8],"texture":"#4"},"up":{"uv":[7.1,4.8,6.4,4],"texture":"#4"},"down":{"uv":[5.9,6.4,5.2,7.2],"texture":"#4"}}},{"from":[6.75,-3.83579,7.75],"to":[9.25,-2.33579,9.25],"rotation":{"angle":45,"axis":"x","origin":[8.5,-2.58579,8]},"faces":{"north":{"uv":[5.2,5.2,6.2,5.8],"texture":"#4"},"east":{"uv":[9.2,7.6,9.8,8.2],"texture":"#4"},"south":{"uv":[6.4,1.6,7.4,2.2],"texture":"#4"},"west":{"uv":[8.4,9.2,9,9.8],"texture":"#4"},"up":{"uv":[3.4,7,2.4,6.4],"texture":"#4"},"down":{"uv":[7.4,2.8,6.4,3.4],"texture":"#4"}}},{"from":[7.25,-2.75,7.25],"to":[8.75,-2,8.75],"rotation":{"angle":0,"axis":"y","origin":[7.5,-2.75,7.5]},"faces":{"north":{"uv":[6.4,11.2,7,11.5],"texture":"#4"},"east":{"uv":[9.6,11.2,10.2,11.5],"texture":"#4"},"south":{"uv":[0,11.6,0.6,11.9],"texture":"#4"},"west":{"uv":[11.6,0,12.2,0.3],"texture":"#4"},"up":{"uv":[5.8,10.2,5.2,9.6],"texture":"#4"}}},{"from":[7.375,-2,7.375],"to":[8.625,-1.25,8.625],"rotation":{"angle":0,"axis":"y","origin":[7.625,-2,7.375]},"faces":{"north":{"uv":[12.8,10.4,13.3,10.7],"texture":"#4"},"east":{"uv":[11.2,12.8,11.7,13.1],"texture":"#4"},"south":{"uv":[12.8,11.2,13.3,11.5],"texture":"#4"},"west":{"uv":[12.4,12.8,12.9,13.1],"texture":"#4"},"up":{"uv":[8.1,10.9,7.6,10.4],"texture":"#4"}}},{"from":[7.375,-1,7.44822],"to":[8.375,2.5,8.44822],"rotation":{"angle":45,"axis":"y","origin":[8,-0.875,7.82322]},"faces":{"north":{"uv":[6.4,6.4,6.8,7.8],"texture":"#4"},"east":{"uv":[1.2,6.8,1.6,8.2],"texture":"#4"},"south":{"uv":[0,7.2,0.4,8.6],"texture":"#4"},"west":{"uv":[7.2,5.2,7.6,6.6],"texture":"#4"}}},{"from":[7.375,2.75,7.375],"to":[8.625,3.5,8.625],"rotation":{"angle":0,"axis":"y","origin":[7.625,3.5,7.375]},"faces":{"north":{"uv":[0,13.2,0.5,13.5],"texture":"#4"},"east":{"uv":[1.2,13.2,1.7,13.5],"texture":"#4"},"south":{"uv":[2.4,13.2,2.9,13.5],"texture":"#4"},"west":{"uv":[13.2,2.4,13.7,2.7],"texture":"#4"},"down":{"uv":[11.3,2.4,10.8,2.9],"texture":"#4"}}},{"from":[7.375,0.5,7.375],"to":[8.625,1.25,8.625],"rotation":{"angle":45,"axis":"y","origin":[8,0.875,8]},"faces":{"north":{"uv":[13.2,3.2,13.7,3.5],"texture":"#4"},"east":{"uv":[3.6,13.2,4.1,13.5],"texture":"#4"},"south":{"uv":[13.2,4,13.7,4.3],"texture":"#4"},"west":{"uv":[13.2,4.8,13.7,5.1],"texture":"#4"},"up":{"uv":[11.3,5.3,10.8,4.8],"texture":"#4"},"down":{"uv":[5.7,10.8,5.2,11.3],"texture":"#4"}}},{"from":[7.375,-1.75,7.375],"to":[8.625,-1,8.625],"rotation":{"angle":45,"axis":"y","origin":[8,-1.375,8]},"faces":{"north":{"uv":[13.2,5.6,13.7,5.9],"texture":"#4"},"east":{"uv":[13.2,6.4,13.7,6.7],"texture":"#4"},"south":{"uv":[7.2,13.2,7.7,13.5],"texture":"#4"},"west":{"uv":[8.4,13.2,8.9,13.5],"texture":"#4"},"up":{"uv":[11.3,6.5,10.8,6],"texture":"#4"},"down":{"uv":[11.3,8.4,10.8,8.9],"texture":"#4"}}},{"from":[7.375,2.5,7.375],"to":[8.625,3.25,8.625],"rotation":{"angle":45,"axis":"y","origin":[8,11.875,8]},"faces":{"north":{"uv":[4.8,13.6,5.3,13.9],"texture":"#4"},"east":{"uv":[6,13.6,6.5,13.9],"texture":"#4"},"south":{"uv":[9.6,13.6,10.1,13.9],"texture":"#4"},"west":{"uv":[10.8,13.6,11.3,13.9],"texture":"#4"},"up":{"uv":[11.3,10.1,10.8,9.6],"texture":"#4"},"down":{"uv":[11.3,10.8,10.8,11.3],"texture":"#4"}}},{"from":[7.25,3.5,7.25],"to":[8.75,4.25,8.75],"rotation":{"angle":0,"axis":"y","origin":[7.5,4.25,7.5]},"faces":{"north":{"uv":[11.6,0.8,12.2,1.1],"texture":"#4"},"east":{"uv":[11.6,1.6,12.2,1.9],"texture":"#4"},"south":{"uv":[11.6,7.2,12.2,7.5],"texture":"#4"},"west":{"uv":[7.6,11.6,8.2,11.9],"texture":"#4"},"up":{"uv":[10.2,6.6,9.6,6],"texture":"#4"},"down":{"uv":[10.2,8.8,9.6,9.4],"texture":"#4"}}},{"from":[7.25,3.75,7.25],"to":[8.75,4.5,8.75],"rotation":{"angle":45,"axis":"y","origin":[8,4.125,8]},"faces":{"north":{"uv":[12,2.4,12.6,2.7],"texture":"#4"},"east":{"uv":[12,3.2,12.6,3.5],"texture":"#4"},"south":{"uv":[12,4,12.6,4.3],"texture":"#4"},"west":{"uv":[12,4.8,12.6,5.1],"texture":"#4"},"up":{"uv":[2.2,10.6,1.6,10],"texture":"#4"},"down":{"uv":[3.4,10,2.8,10.6],"texture":"#4"}}},{"from":[7.25,11,7.25],"to":[8.75,11.75,8.75],"rotation":{"angle":45,"axis":"y","origin":[8,11.375,8]},"faces":{"north":{"uv":[5.2,12,5.8,12.3],"texture":"#4"},"east":{"uv":[12,5.6,12.6,5.9],"texture":"#4"},"south":{"uv":[6.4,12,7,12.3],"texture":"#4"},"west":{"uv":[12,6.4,12.6,6.7],"texture":"#4"},"up":{"uv":[10.6,4.2,10,3.6],"texture":"#4"},"down":{"uv":[4.6,10,4,10.6],"texture":"#4"}}},{"from":[7.6285,12.16421,5.12132],"to":[8.3715,14.16421,6.62132],"rotation":{"angle":0,"axis":"y","origin":[7.1285,11.66421,6.62132]},"faces":{"north":{"uv":[0,9.2,0.3,10],"texture":"#4"},"east":{"uv":[9.2,0,9.8,0.8],"texture":"#4"},"south":{"uv":[8.8,10.4,9.1,11.2],"texture":"#4"},"west":{"uv":[9.2,1.2,9.8,2],"texture":"#4"}}},{"from":[7.625,13.19454,4.53033],"to":[8.375,14.69454,5.78033],"rotation":{"angle":-45,"axis":"x","origin":[7.625,14.69454,5.03033]},"faces":{"north":{"uv":[8.8,11.6,9.1,12.2],"texture":"#4"},"east":{"uv":[6.4,10,6.9,10.6],"texture":"#4"},"south":{"uv":[12,8,12.3,8.6],"texture":"#4"},"west":{"uv":[9.6,10,10.1,10.6],"texture":"#4"},"up":{"uv":[12.3,14.1,12,13.6],"texture":"#4"},"down":{"uv":[13.9,12,13.6,12.5],"texture":"#4"}}},{"from":[7.625,11.63388,4.53033],"to":[8.375,13.13388,5.78033],"rotation":{"angle":45,"axis":"x","origin":[7.625,11.63388,5.03033]},"faces":{"north":{"uv":[12,9.2,12.3,9.8],"texture":"#4"},"east":{"uv":[0,10.4,0.5,11],"texture":"#4"},"south":{"uv":[9.6,12,9.9,12.6],"texture":"#4"},"west":{"uv":[10.4,0,10.9,0.6],"texture":"#4"},"up":{"uv":[13.1,14.1,12.8,13.6],"texture":"#4"},"down":{"uv":[13.9,13.2,13.6,13.7],"texture":"#4"}}},{"from":[7.7535,-4.04289,6.08579],"to":[8.2465,-2.54289,7.33579],"rotation":{"angle":0,"axis":"y","origin":[7.2535,-4.79289,7.33579]},"faces":{"north":{"uv":[10.8,14.4,11,15],"texture":"#4"},"east":{"uv":[10.4,1.2,10.9,1.8],"texture":"#4"},"south":{"uv":[14.4,12,14.6,12.6],"texture":"#4"},"west":{"uv":[10.4,7.2,10.9,7.8],"texture":"#4"}}},{"from":[7.75,-3.51256,5.4948],"to":[8.25,-2.26256,6.4948],"rotation":{"angle":-45,"axis":"x","origin":[7.75,-2.01256,5.7448]},"faces":{"north":{"uv":[0,14.8,0.2,15.3],"texture":"#4"},"east":{"uv":[2.8,11.2,3.2,11.7],"texture":"#4"},"south":{"uv":[0.8,14.8,1,15.3],"texture":"#4"},"west":{"uv":[3.6,11.2,4,11.7],"texture":"#4"},"up":{"uv":[8.2,15.2,8,14.8],"texture":"#4"},"down":{"uv":[9,14.8,8.8,15.2],"texture":"#4"}}},{"from":[7.75,-4.32322,5.4948],"to":[8.25,-3.07322,6.4948],"rotation":{"angle":45,"axis":"x","origin":[7.75,-4.57322,5.7448]},"faces":{"north":{"uv":[1.6,14.8,1.8,15.3],"texture":"#4"},"east":{"uv":[11.2,3.6,11.6,4.1],"texture":"#4"},"south":{"uv":[2.4,14.8,2.6,15.3],"texture":"#4"},"west":{"uv":[4.4,11.2,4.8,11.7],"texture":"#4"},"up":{"uv":[11.8,15.2,11.6,14.8],"texture":"#4"},"down":{"uv":[12.6,14.8,12.4,15.2],"texture":"#4"}}},{"from":[7.985,-7,5.25],"to":[8.015,-1,7.25],"rotation":{"angle":0,"axis":"y","origin":[7.985,-8,3.25]},"faces":{"east":{"uv":[0.8,2,0,4.4],"texture":"#4"},"west":{"uv":[0,2,0.8,4.4],"texture":"#4"}}},{"from":[7.7535,-4.04289,8.66421],"to":[8.2465,-2.54289,9.91421],"rotation":{"angle":0,"axis":"y","origin":[7.2535,-4.79289,8.66421]},"faces":{"north":{"uv":[14.6,12,14.4,12.6],"texture":"#4"},"east":{"uv":[10.9,1.2,10.4,1.8],"texture":"#4"},"south":{"uv":[11,14.4,10.8,15],"texture":"#4"},"west":{"uv":[10.9,7.2,10.4,7.8],"texture":"#4"}}},{"from":[7.75,-3.51256,9.5052],"to":[8.25,-2.26256,10.5052],"rotation":{"angle":45,"axis":"x","origin":[7.75,-2.01256,10.2552]},"faces":{"north":{"uv":[1,14.8,0.8,15.3],"texture":"#4"},"east":{"uv":[3.2,11.2,2.8,11.7],"texture":"#4"},"south":{"uv":[0.2,14.8,0,15.3],"texture":"#4"},"west":{"uv":[4,11.2,3.6,11.7],"texture":"#4"},"up":{"uv":[8.2,14.8,8,15.2],"texture":"#4"},"down":{"uv":[9,15.2,8.8,14.8],"texture":"#4"}}},{"from":[7.75,-4.32322,9.5052],"to":[8.25,-3.07322,10.5052],"rotation":{"angle":-45,"axis":"x","origin":[7.75,-4.57322,10.2552]},"faces":{"north":{"uv":[2.6,14.8,2.4,15.3],"texture":"#4"},"east":{"uv":[11.6,3.6,11.2,4.1],"texture":"#4"},"south":{"uv":[1.8,14.8,1.6,15.3],"texture":"#4"},"west":{"uv":[4.8,11.2,4.4,11.7],"texture":"#4"},"up":{"uv":[11.8,14.8,11.6,15.2],"texture":"#4"},"down":{"uv":[12.6,15.2,12.4,14.8],"texture":"#4"}}},{"from":[7.985,-7,8.75],"to":[8.015,-1,10.75],"rotation":{"angle":0,"axis":"y","origin":[7.985,-8,12.75]},"faces":{"east":{"uv":[0,2,0.8,4.4],"texture":"#4"},"west":{"uv":[0.8,2,0,4.4],"texture":"#4"}}},{"from":[7.7585,12.62132,1.54289],"to":[8.2415,13.37132,2.34289],"rotation":{"angle":-22.5,"axis":"x","origin":[8,12.55249,3.18928]},"faces":{"north":{"uv":[4.8,15.2,5,15.5],"texture":"#4"},"east":{"uv":[4,14.8,4.3,15.1],"texture":"#4"},"south":{"uv":[5.6,15.2,5.8,15.5],"texture":"#4"},"west":{"uv":[7.2,14.8,7.5,15.1],"texture":"#4"},"up":{"uv":[6.6,15.5,6.4,15.2],"texture":"#4"}}},{"from":[7.7535,11.43699,1.97644],"to":[8.2465,12.18699,2.97644],"rotation":{"angle":22.5,"axis":"x","origin":[8,12.55249,3.18928]},"faces":{"north":{"uv":[15.2,7.2,15.4,7.5],"texture":"#4"},"east":{"uv":[5.6,7.6,6,7.9],"texture":"#4"},"west":{"uv":[14.4,13.2,14.8,13.5],"texture":"#4"},"up":{"uv":[15.4,0.4,15.2,0],"texture":"#4"},"down":{"uv":[15.4,0.8,15.2,1.2],"texture":"#4"}}},{"from":[7.7535,11.43699,2.97644],"to":[8.2465,12.93699,3.92644],"rotation":{"angle":22.5,"axis":"x","origin":[8,12.55249,3.18928]},"faces":{"north":{"uv":[13.6,14.4,13.8,15],"texture":"#4"},"east":{"uv":[1.2,11.2,1.6,11.8],"texture":"#4"},"south":{"uv":[14.4,14,14.6,14.6],"texture":"#4"},"west":{"uv":[2,11.2,2.4,11.8],"texture":"#4"},"down":{"uv":[15.4,1.6,15.2,2],"texture":"#4"}}},{"from":[7.75,11.72487,3.31066],"to":[8.25,12.97487,5.56066],"rotation":{"angle":-22.5,"axis":"x","origin":[8,12.55249,3.18928]},"faces":{"north":{"uv":[3.2,14.8,3.4,15.3],"texture":"#4"},"east":{"uv":[9.2,2.4,10.1,2.9],"texture":"#4"},"west":{"uv":[9.2,4.8,10.1,5.3],"texture":"#4"},"up":{"uv":[10.6,12.9,10.4,12],"texture":"#4"},"down":{"uv":[12.2,10.4,12,11.3],"texture":"#4"}}},{"from":[7.5,-7.25,6],"to":[8.5,-1.25,10],"rotation":{"angle":0,"axis":"y","origin":[-0.5,0,6]},"faces":{"east":{"uv":[0,0,8,12],"texture":"#3"},"west":{"uv":[8,0,0,12],"texture":"#3"}}},{"from":[7.29289,4.5,7.92678],"to":[8.54289,11,9.17678],"rotation":{"angle":45,"axis":"y","origin":[7.29289,4.5,8.17678]},"faces":{"north":{"uv":[2.8,1.6,3.3,4.2],"texture":"#4"},"east":{"uv":[1.2,3.6,1.7,6.2],"texture":"#4"},"south":{"uv":[4,0,4.5,2.6],"texture":"#4"},"west":{"uv":[4,3.2,4.5,5.8],"texture":"#4"}}},{"from":[7.985,9.68679,1.84911],"to":[8.015,13.68679,5.59911],"rotation":{"angle":-22.5,"axis":"x","origin":[7.985,11.93679,0.59911]},"faces":{"east":{"uv":[1.5,0,0,1.6],"texture":"#4"},"west":{"uv":[0,0,1.5,1.6],"texture":"#4"}}},{"from":[7.99,10.04241,-1.76047],"to":[8.01,12.31741,0.73953],"rotation":{"angle":-45,"axis":"x","origin":[7.99,13.81741,0.73953]},"faces":{"east":{"uv":[3.4,4.8,2.4,5.8],"texture":"#4"},"west":{"uv":[2.4,4.8,3.4,5.8],"texture":"#4"}}},{"from":[7.995,8.10577,-0.54108],"to":[8.005,10.60577,1.55892],"rotation":{"angle":22.5,"axis":"x","origin":[8.01,9.35577,0.70892]},"faces":{"east":{"uv":[6.2,0,5.2,1],"texture":"#4"},"west":{"uv":[5.2,0,6.2,1],"texture":"#4"}}},{"from":[7.6285,12.16421,9.37868],"to":[8.3715,14.16421,10.87868],"rotation":{"angle":0,"axis":"y","origin":[7.1285,11.66421,9.37868]},"faces":{"north":{"uv":[9.1,10.4,8.8,11.2],"texture":"#4"},"east":{"uv":[9.8,0,9.2,0.8],"texture":"#4"},"south":{"uv":[0.3,9.2,0,10],"texture":"#4"},"west":{"uv":[9.8,1.2,9.2,2],"texture":"#4"}}},{"from":[7.625,13.19454,10.21967],"to":[8.375,14.69454,11.46967],"rotation":{"angle":45,"axis":"x","origin":[7.625,14.69454,10.96967]},"faces":{"north":{"uv":[12.3,8,12,8.6],"texture":"#4"},"east":{"uv":[6.9,10,6.4,10.6],"texture":"#4"},"south":{"uv":[9.1,11.6,8.8,12.2],"texture":"#4"},"west":{"uv":[10.1,10,9.6,10.6],"texture":"#4"},"up":{"uv":[12.3,13.6,12,14.1],"texture":"#4"},"down":{"uv":[13.9,12.5,13.6,12],"texture":"#4"}}},{"from":[7.625,11.63388,10.21967],"to":[8.375,13.13388,11.46967],"rotation":{"angle":-45,"axis":"x","origin":[7.625,11.63388,10.96967]},"faces":{"north":{"uv":[9.9,12,9.6,12.6],"texture":"#4"},"east":{"uv":[0.5,10.4,0,11],"texture":"#4"},"south":{"uv":[12.3,9.2,12,9.8],"texture":"#4"},"west":{"uv":[10.9,0,10.4,0.6],"texture":"#4"},"up":{"uv":[13.1,13.6,12.8,14.1],"texture":"#4"},"down":{"uv":[13.9,13.7,13.6,13.2],"texture":"#4"}}},{"from":[7.7585,12.62132,13.65711],"to":[8.2415,13.37132,14.45711],"rotation":{"angle":22.5,"axis":"x","origin":[8,12.55249,12.81073]},"faces":{"north":{"uv":[5.8,15.2,5.6,15.5],"texture":"#4"},"east":{"uv":[4.3,14.8,4,15.1],"texture":"#4"},"south":{"uv":[5,15.2,4.8,15.5],"texture":"#4"},"west":{"uv":[7.5,14.8,7.2,15.1],"texture":"#4"},"up":{"uv":[6.6,15.2,6.4,15.5],"texture":"#4"}}},{"from":[7.7535,11.43699,13.02356],"to":[8.2465,12.18699,14.02356],"rotation":{"angle":-22.5,"axis":"x","origin":[8,12.55249,12.81073]},"faces":{"east":{"uv":[6,7.6,5.6,7.9],"texture":"#4"},"south":{"uv":[15.4,7.2,15.2,7.5],"texture":"#4"},"west":{"uv":[14.8,13.2,14.4,13.5],"texture":"#4"},"up":{"uv":[15.4,0,15.2,0.4],"texture":"#4"},"down":{"uv":[15.4,1.2,15.2,0.8],"texture":"#4"}}},{"from":[7.7535,11.43699,12.07356],"to":[8.2465,12.93699,13.02356],"rotation":{"angle":-22.5,"axis":"x","origin":[8,12.55249,12.81073]},"faces":{"north":{"uv":[14.6,14,14.4,14.6],"texture":"#4"},"east":{"uv":[1.6,11.2,1.2,11.8],"texture":"#4"},"south":{"uv":[13.8,14.4,13.6,15],"texture":"#4"},"west":{"uv":[2.4,11.2,2,11.8],"texture":"#4"},"down":{"uv":[15.4,2,15.2,1.6],"texture":"#4"}}},{"from":[7.75,11.72487,10.43934],"to":[8.25,12.97487,12.68934],"rotation":{"angle":22.5,"axis":"x","origin":[8,12.55249,12.81073]},"faces":{"east":{"uv":[10.1,2.4,9.2,2.9],"texture":"#4"},"south":{"uv":[3.4,14.8,3.2,15.3],"texture":"#4"},"west":{"uv":[10.1,4.8,9.2,5.3],"texture":"#4"},"up":{"uv":[10.6,12,10.4,12.9],"texture":"#4"},"down":{"uv":[12.2,11.3,12,10.4],"texture":"#4"}}},{"from":[7.985,9.68679,10.40089],"to":[8.015,13.68679,14.15089],"rotation":{"angle":22.5,"axis":"x","origin":[7.985,11.93679,15.40089]},"faces":{"east":{"uv":[0,0,1.5,1.6],"texture":"#4"},"west":{"uv":[1.5,0,0,1.6],"texture":"#4"}}},{"from":[7.99,10.04241,15.26047],"to":[8.01,12.31741,17.76047],"rotation":{"angle":45,"axis":"x","origin":[7.99,13.81741,15.26047]},"faces":{"east":{"uv":[2.4,4.8,3.4,5.8],"texture":"#4"},"west":{"uv":[3.4,4.8,2.4,5.8],"texture":"#4"}}},{"from":[7.995,8.10577,14.44108],"to":[8.005,10.60577,16.54108],"rotation":{"angle":-22.5,"axis":"x","origin":[8.01,9.35577,15.29108]},"faces":{"east":{"uv":[5.2,0,6.2,1],"texture":"#4"},"west":{"uv":[6.2,0,5.2,1],"texture":"#4"}}},{"from":[6.79289,5,7.57322],"to":[8.54289,5.5,9.32322],"rotation":{"angle":45,"axis":"y","origin":[7.29289,5,7.82322]},"faces":{"north":{"uv":[0,14,0.7,14.2],"texture":"#4"},"east":{"uv":[14,0,14.7,0.2],"texture":"#4"},"south":{"uv":[14,0.8,14.7,1],"texture":"#4"},"west":{"uv":[1.2,14,1.9,14.2],"texture":"#4"},"up":{"uv":[7.5,0.7,6.8,0],"texture":"#4"},"down":{"uv":[7.9,7.2,7.2,7.9],"texture":"#4"}}},{"from":[6.79289,6,7.57322],"to":[8.54289,6.5,9.32322],"rotation":{"angle":45,"axis":"y","origin":[7.29289,6,7.82322]},"faces":{"north":{"uv":[14,1.6,14.7,1.8],"texture":"#4"},"east":{"uv":[2.4,14,3.1,14.2],"texture":"#4"},"south":{"uv":[3.6,14,4.3,14.2],"texture":"#4"},"west":{"uv":[7.2,14,7.9,14.2],"texture":"#4"},"up":{"uv":[2.7,8.3,2,7.6],"texture":"#4"},"down":{"uv":[3.9,7.6,3.2,8.3],"texture":"#4"}}},{"from":[6.79289,7,7.57322],"to":[8.54289,7.5,9.32322],"rotation":{"angle":45,"axis":"y","origin":[7.29289,7,7.82322]},"faces":{"north":{"uv":[14,7.2,14.7,7.4],"texture":"#4"},"east":{"uv":[14,8,14.7,8.2],"texture":"#4"},"south":{"uv":[8.4,14,9.1,14.2],"texture":"#4"},"west":{"uv":[14,8.8,14.7,9],"texture":"#4"},"up":{"uv":[8.3,4.7,7.6,4],"texture":"#4"},"down":{"uv":[5.1,7.6,4.4,8.3],"texture":"#4"}}},{"from":[6.79289,8,7.57322],"to":[8.54289,8.5,9.32322],"rotation":{"angle":45,"axis":"y","origin":[7.29289,8,7.82322]},"faces":{"north":{"uv":[14,9.6,14.7,9.8],"texture":"#4"},"east":{"uv":[14,10.4,14.7,10.6],"texture":"#4"},"south":{"uv":[14,11.2,14.7,11.4],"texture":"#4"},"west":{"uv":[14.4,2.4,15.1,2.6],"texture":"#4"},"up":{"uv":[8.7,0.7,8,0],"texture":"#4"},"down":{"uv":[8.7,1.2,8,1.9],"texture":"#4"}}},{"from":[6.79289,9,7.57322],"to":[8.54289,9.5,9.32322],"rotation":{"angle":45,"axis":"y","origin":[7.29289,9,7.82322]},"faces":{"north":{"uv":[14.4,3.2,15.1,3.4],"texture":"#4"},"east":{"uv":[14.4,4,15.1,4.2],"texture":"#4"},"south":{"uv":[4.8,14.4,5.5,14.6],"texture":"#4"},"west":{"uv":[14.4,4.8,15.1,5],"texture":"#4"},"up":{"uv":[8.7,3.1,8,2.4],"texture":"#4"},"down":{"uv":[8.7,5.2,8,5.9],"texture":"#4"}}},{"from":[6.79289,10,7.57322],"to":[8.54289,10.5,9.32322],"rotation":{"angle":45,"axis":"y","origin":[7.29289,10,7.82322]},"faces":{"north":{"uv":[14.4,5.6,15.1,5.8],"texture":"#4"},"east":{"uv":[6,14.4,6.7,14.6],"texture":"#4"},"south":{"uv":[14.4,6.4,15.1,6.6],"texture":"#4"},"west":{"uv":[9.6,14.4,10.3,14.6],"texture":"#4"},"up":{"uv":[6.3,9.1,5.6,8.4],"texture":"#4"},"down":{"uv":[9.1,6.4,8.4,7.1],"texture":"#4"}}},{"from":[7.23463,7,1.5],"to":[7.26463,16,5.5],"rotation":{"angle":0,"axis":"y","origin":[7.23463,7,-2.5]},"faces":{"east":{"uv":[9.6,0,6.4,7.2],"texture":"#2"},"west":{"uv":[6.4,0,9.6,7.2],"texture":"#2"}}},{"from":[7.80866,7,-0.38582],"to":[7.83866,16,1.61418],"rotation":{"angle":-22.5,"axis":"y","origin":[7.80866,11.5,0.11418]},"faces":{"east":{"uv":[6.4,0,4.8,7.2],"texture":"#2"},"west":{"uv":[4.8,0,6.4,7.2],"texture":"#2"}}},{"from":[8.16363,7,-0.3973],"to":[8.19363,16,1.6027],"rotation":{"angle":22.5,"axis":"y","origin":[8.16363,11.5,0.1027]},"faces":{"east":{"uv":[3.2,0,4.8,7.2],"texture":"#2"},"west":{"uv":[4.8,0,3.2,7.2],"texture":"#2"}}},{"from":[8.73537,7,1.47704],"to":[8.76537,16,5.47704],"rotation":{"angle":0,"axis":"y","origin":[8.73537,7,-2.52296]},"faces":{"east":{"uv":[0,0,3.2,7.2],"texture":"#2"},"west":{"uv":[3.2,0,0,7.2],"texture":"#2"}}},{"from":[7.23463,7,10.49962],"to":[7.26463,16,14.49962],"rotation":{"angle":0,"axis":"y","origin":[7.23463,7,18.49962]},"faces":{"east":{"uv":[3.2,0,0,7.2],"texture":"#2"},"west":{"uv":[0,0,3.2,7.2],"texture":"#2"}}},{"from":[7.80866,7,14.38544],"to":[7.83866,16,16.38544],"rotation":{"angle":22.5,"axis":"y","origin":[7.80866,11.5,15.88544]},"faces":{"east":{"uv":[4.8,0,3.2,7.2],"texture":"#2"},"west":{"uv":[3.2,0,4.8,7.2],"texture":"#2"}}},{"from":[8.16363,7,14.37396],"to":[8.19363,16,16.37396],"rotation":{"angle":-22.5,"axis":"y","origin":[8.16363,11.5,15.87396]},"faces":{"east":{"uv":[4.8,0,6.4,7.2],"texture":"#2"},"west":{"uv":[6.4,0,4.8,7.2],"texture":"#2"}}},{"from":[8.73537,7,10.49962],"to":[8.76537,16,14.49962],"rotation":{"angle":0,"axis":"y","origin":[8.73537,7,18.49962]},"faces":{"east":{"uv":[6.4,0,9.6,7.2],"texture":"#2"},"west":{"uv":[9.6,0,6.4,7.2],"texture":"#2"}}}],"gui_light":"front","display":{"thirdperson_righthand":{"translation":[0,4.5,1]},"thirdperson_lefthand":{"translation":[0,4.5,1]},"firstperson_righthand":{"rotation":[10,0,0],"translation":[1.25,3.75,0.5],"scale":[0.7,0.7,0.7]},"firstperson_lefthand":{"rotation":[10,0,0],"translation":[1.25,3.75,0.5],"scale":[0.7,0.7,0.7]},"ground":{"rotation":[-45,0,0],"translation":[0,5,0],"scale":[0.7,0.7,0.7]},"gui":{"rotation":[-90,45,90],"translation":[-1,1,0],"scale":[0.7,0.7,0.7]},"head":{"rotation":[0,-90,0]},"fixed":{"rotation":[0,-90,0],"translation":[0,0,-1.75],"scale":[2,2,2]}}}