{"credit":"Pologony Creation Co.,Ltd.","texture_size":[24,24],"textures":{"3":"frostbite_set:animated/animated_1","4":"frostbite_set:animated/scythe_animated","6":"frostbite_set:scythe","particle":"frostbite_set:animated/scythe_animated"},"elements":[{"from":[7.5,19.66421,6.5],"to":[8.5,22.66421,9.5],"rotation":{"angle":45,"axis":"x","origin":[8.5,21.16421,8]},"faces":{"north":{"uv":[4.66667,8.33333,5,9.33333],"texture":"#6"},"east":{"uv":[3.66667,4,4.66667,5],"texture":"#6"},"south":{"uv":[8.33333,5,8.66667,6],"texture":"#6"},"west":{"uv":[4.66667,0,5.66667,1],"texture":"#6"},"up":{"uv":[5.66667,9.33333,5.33333,8.33333],"texture":"#6"},"down":{"uv":[6.33333,8.33333,6,9.33333],"texture":"#6"}}},{"from":[7,20.91421,6.75],"to":[9,21.41421,7.25],"rotation":{"angle":45,"axis":"x","origin":[8.5,21.16421,8]},"faces":{"north":{"uv":[12.33333,11,13,11.16667],"texture":"#6"},"east":{"uv":[9,15.33333,9.16667,15.5],"texture":"#6"},"south":{"uv":[0,12.66667,0.66667,12.83333],"texture":"#6"},"west":{"uv":[15.33333,9.66667,15.5,9.83333],"texture":"#6"},"up":{"uv":[13.33333,0.83333,12.66667,0.66667],"texture":"#6"},"down":{"uv":[1.66667,12.66667,1,12.83333],"texture":"#6"}}},{"from":[7,20.91421,8.75],"to":[9,21.41421,9.25],"rotation":{"angle":-45,"axis":"x","origin":[8.5,21.16421,8]},"faces":{"north":{"uv":[12.66667,1.33333,13.33333,1.5],"texture":"#6"},"east":{"uv":[11,15.33333,11.16667,15.5],"texture":"#6"},"south":{"uv":[2,12.66667,2.66667,12.83333],"texture":"#6"},"west":{"uv":[15.33333,11.33333,15.5,11.5],"texture":"#6"},"up":{"uv":[13.33333,3.83333,12.66667,3.66667],"texture":"#6"},"down":{"uv":[13.33333,4.33333,12.66667,4.5],"texture":"#6"}}},{"from":[7,19.91421,7.75],"to":[9,20.41421,8.25],"rotation":{"angle":45,"axis":"x","origin":[8.5,21.16421,8]},"faces":{"north":{"uv":[12.66667,5,13.33333,5.16667],"texture":"#6"},"east":{"uv":[11.66667,15.33333,11.83333,15.5],"texture":"#6"},"south":{"uv":[12.66667,6.66667,13.33333,6.83333],"texture":"#6"},"west":{"uv":[15.33333,12,15.5,12.16667],"texture":"#6"},"up":{"uv":[13.33333,7.5,12.66667,7.33333],"texture":"#6"},"down":{"uv":[13.33333,8,12.66667,8.16667],"texture":"#6"}}},{"from":[7,19.91421,7.75],"to":[9,20.41421,8.25],"rotation":{"angle":-45,"axis":"x","origin":[8.5,21.16421,8]},"faces":{"north":{"uv":[8.66667,12.66667,9.33333,12.83333],"texture":"#6"},"east":{"uv":[12.33333,15.33333,12.5,15.5],"texture":"#6"},"south":{"uv":[12.66667,8.66667,13.33333,8.83333],"texture":"#6"},"west":{"uv":[15.33333,12.66667,15.5,12.83333],"texture":"#6"},"up":{"uv":[13.33333,11.83333,12.66667,11.66667],"texture":"#6"},"down":{"uv":[13.33333,12.33333,12.66667,12.5],"texture":"#6"}}},{"from":[7.25,20.16421,7],"to":[8.75,22.16421,9],"rotation":{"angle":45,"axis":"x","origin":[8.5,21.16421,8]},"faces":{"north":{"uv":[8.33333,6.33333,8.83333,7],"texture":"#6"},"east":{"uv":[3.66667,6.33333,4.33333,7],"texture":"#6"},"south":{"uv":[8.66667,3,9.16667,3.66667],"texture":"#6"},"west":{"uv":[4.66667,6.33333,5.33333,7],"texture":"#6"},"up":{"uv":[9.16667,8,8.66667,7.33333],"texture":"#6"},"down":{"uv":[9.16667,8.33333,8.66667,9],"texture":"#6"}}},{"from":[7.125,-12.08579,7.5],"to":[8.875,-10.08579,9.5],"rotation":{"angle":45,"axis":"x","origin":[8.375,-10.58579,8]},"faces":{"north":{"uv":[3.66667,7.33333,4.25,8],"texture":"#6"},"east":{"uv":[7,1,7.66667,1.66667],"texture":"#6"},"south":{"uv":[7.33333,4,7.91667,4.66667],"texture":"#6"},"west":{"uv":[7,2,7.66667,2.66667],"texture":"#6"},"up":{"uv":[5.25,8,4.66667,7.33333],"texture":"#6"},"down":{"uv":[6.25,7.33333,5.66667,8],"texture":"#6"}}},{"from":[6.75,-11.83579,7.75],"to":[9.25,-10.33579,9.25],"rotation":{"angle":45,"axis":"x","origin":[8.5,-10.58579,8]},"faces":{"north":{"uv":[7,5,7.83333,5.5],"texture":"#6"},"east":{"uv":[0,9.66667,0.5,10.16667],"texture":"#6"},"south":{"uv":[7,6,7.83333,6.5],"texture":"#6"},"west":{"uv":[1,9.66667,1.5,10.16667],"texture":"#6"},"up":{"uv":[7.83333,7.5,7,7],"texture":"#6"},"down":{"uv":[8.16667,3,7.33333,3.5],"texture":"#6"}}},{"from":[7.25,-10.75,7.25],"to":[8.75,-10,8.75],"rotation":{"angle":0,"axis":"y","origin":[7.5,-10.75,7.5]},"faces":{"north":{"uv":[3.33333,11.66667,3.83333,11.91667],"texture":"#6"},"east":{"uv":[11.66667,4,12.16667,4.25],"texture":"#6"},"south":{"uv":[4.33333,11.66667,4.83333,11.91667],"texture":"#6"},"west":{"uv":[5.33333,11.66667,5.83333,11.91667],"texture":"#6"},"up":{"uv":[10.16667,3.5,9.66667,3],"texture":"#6"}}},{"from":[7.375,-10,7.375],"to":[8.625,-9.25,8.625],"rotation":{"angle":0,"axis":"y","origin":[7.625,-10,7.375]},"faces":{"north":{"uv":[13,2,13.41667,2.25],"texture":"#6"},"east":{"uv":[3,13,3.41667,13.25],"texture":"#6"},"south":{"uv":[4,13,4.41667,13.25],"texture":"#6"},"west":{"uv":[5,13,5.41667,13.25],"texture":"#6"},"up":{"uv":[3.41667,11.08333,3,10.66667],"texture":"#6"}}},{"from":[7.375,-9,7.44822],"to":[8.375,12.5,8.44822],"rotation":{"angle":45,"axis":"y","origin":[8,12.125,7.82322]},"faces":{"north":{"uv":[0,2,0.33333,9.16667],"texture":"#6"},"east":{"uv":[0.66667,2,1,9.16667],"texture":"#6"},"south":{"uv":[1.33333,2,1.66667,9.16667],"texture":"#6"},"west":{"uv":[2,2,2.33333,9.16667],"texture":"#6"}}},{"from":[7.375,12.75,7.375],"to":[8.625,13.5,8.625],"rotation":{"angle":0,"axis":"y","origin":[7.625,13.5,7.375]},"faces":{"north":{"uv":[6,13,6.41667,13.25],"texture":"#6"},"east":{"uv":[13,9.33333,13.41667,9.58333],"texture":"#6"},"south":{"uv":[13,10,13.41667,10.25],"texture":"#6"},"west":{"uv":[10.66667,13,11.08333,13.25],"texture":"#6"},"down":{"uv":[11.08333,3,10.66667,3.41667],"texture":"#6"}}},{"from":[7.375,10.5,7.375],"to":[8.625,11.25,8.625],"rotation":{"angle":45,"axis":"y","origin":[8,10.875,8]},"faces":{"north":{"uv":[11.66667,13,12.08333,13.25],"texture":"#6"},"east":{"uv":[12.66667,13,13.08333,13.25],"texture":"#6"},"south":{"uv":[0,13.33333,0.41667,13.58333],"texture":"#6"},"west":{"uv":[13.33333,0,13.75,0.25],"texture":"#6"},"up":{"uv":[4.41667,11.08333,4,10.66667],"texture":"#6"},"down":{"uv":[11.08333,4,10.66667,4.41667],"texture":"#6"}}},{"from":[7.375,-7.5,7.375],"to":[8.625,-6.75,8.625],"rotation":{"angle":45,"axis":"y","origin":[8,13.875,8]},"faces":{"north":{"uv":[1,13.33333,1.41667,13.58333],"texture":"#6"},"east":{"uv":[2,13.33333,2.41667,13.58333],"texture":"#6"},"south":{"uv":[13.33333,2.66667,13.75,2.91667],"texture":"#6"},"west":{"uv":[13.33333,5.66667,13.75,5.91667],"texture":"#6"},"up":{"uv":[5.41667,11.08333,5,10.66667],"texture":"#6"},"down":{"uv":[11.08333,7,10.66667,7.41667],"texture":"#6"}}},{"from":[7.375,-9.75,7.375],"to":[8.625,-9,8.625],"rotation":{"angle":45,"axis":"y","origin":[8,-9.375,8]},"faces":{"north":{"uv":[7,13.33333,7.41667,13.58333],"texture":"#6"},"east":{"uv":[8,13.33333,8.41667,13.58333],"texture":"#6"},"south":{"uv":[9,13.33333,9.41667,13.58333],"texture":"#6"},"west":{"uv":[13.33333,10.66667,13.75,10.91667],"texture":"#6"},"up":{"uv":[11.08333,8.41667,10.66667,8],"texture":"#6"},"down":{"uv":[11.41667,1,11,1.41667],"texture":"#6"}}},{"from":[7.375,12.5,7.375],"to":[8.625,13.25,8.625],"rotation":{"angle":45,"axis":"y","origin":[8,21.875,8]},"faces":{"north":{"uv":[13.66667,0.66667,14.08333,0.91667],"texture":"#6"},"east":{"uv":[13.66667,1.33333,14.08333,1.58333],"texture":"#6"},"south":{"uv":[3,13.66667,3.41667,13.91667],"texture":"#6"},"west":{"uv":[13.66667,3.33333,14.08333,3.58333],"texture":"#6"},"up":{"uv":[11.41667,2.41667,11,2],"texture":"#6"},"down":{"uv":[11.41667,5,11,5.41667],"texture":"#6"}}},{"from":[7.25,13.5,7.25],"to":[8.75,14.25,8.75],"rotation":{"angle":0,"axis":"y","origin":[7.5,14.25,7.5]},"faces":{"north":{"uv":[12,2.33333,12.5,2.58333],"texture":"#6"},"east":{"uv":[12.33333,0,12.83333,0.25],"texture":"#6"},"south":{"uv":[12.33333,3,12.83333,3.25],"texture":"#6"},"west":{"uv":[3.33333,12.33333,3.83333,12.58333],"texture":"#6"},"up":{"uv":[10.16667,7.83333,9.66667,7.33333],"texture":"#6"},"down":{"uv":[10.16667,8.33333,9.66667,8.83333],"texture":"#6"}}},{"from":[7.25,13.75,7.25],"to":[8.75,14.5,8.75],"rotation":{"angle":45,"axis":"y","origin":[8,14.125,8]},"faces":{"north":{"uv":[4.33333,12.33333,4.83333,12.58333],"texture":"#6"},"east":{"uv":[5.33333,12.33333,5.83333,12.58333],"texture":"#6"},"south":{"uv":[12.33333,6,12.83333,6.25],"texture":"#6"},"west":{"uv":[6.33333,12.33333,6.83333,12.58333],"texture":"#6"},"up":{"uv":[10.5,1.5,10,1],"texture":"#6"},"down":{"uv":[10.5,2,10,2.5],"texture":"#6"}}},{"from":[7.25,19,7.25],"to":[8.75,19.75,8.75],"rotation":{"angle":45,"axis":"y","origin":[8,19.375,8]},"faces":{"north":{"uv":[6.33333,11.66667,6.83333,11.91667],"texture":"#6"},"east":{"uv":[11.66667,6.66667,12.16667,6.91667],"texture":"#6"},"south":{"uv":[11.66667,7.33333,12.16667,7.58333],"texture":"#6"},"west":{"uv":[11.66667,8,12.16667,8.25],"texture":"#6"},"up":{"uv":[5.16667,10.16667,4.66667,9.66667],"texture":"#6"},"down":{"uv":[6.16667,9.66667,5.66667,10.16667],"texture":"#6"}}},{"from":[7.6285,20.16421,5.12132],"to":[8.3715,22.16421,6.62132],"rotation":{"angle":0,"axis":"y","origin":[7.1285,19.66421,6.62132]},"faces":{"north":{"uv":[2,9.66667,2.25,10.33333],"texture":"#6"},"east":{"uv":[9,1,9.5,1.66667],"texture":"#6"},"south":{"uv":[6,10.66667,6.25,11.33333],"texture":"#6"},"west":{"uv":[9,2,9.5,2.66667],"texture":"#6"}}},{"from":[7.625,21.19454,4.53033],"to":[8.375,22.69454,5.78033],"rotation":{"angle":-45,"axis":"x","origin":[7.625,22.69454,5.03033]},"faces":{"north":{"uv":[8.66667,11.66667,8.91667,12.16667],"texture":"#6"},"east":{"uv":[10,5,10.41667,5.5],"texture":"#6"},"south":{"uv":[9.33333,11.66667,9.58333,12.16667],"texture":"#6"},"west":{"uv":[6.66667,10,7.08333,10.5],"texture":"#6"},"up":{"uv":[4.25,14.08333,4,13.66667],"texture":"#6"},"down":{"uv":[13.91667,4,13.66667,4.41667],"texture":"#6"}}},{"from":[7.625,19.63388,4.53033],"to":[8.375,21.13388,5.78033],"rotation":{"angle":45,"axis":"x","origin":[7.625,19.63388,5.03033]},"faces":{"north":{"uv":[11.66667,9.66667,11.91667,10.16667],"texture":"#6"},"east":{"uv":[10,9.33333,10.41667,9.83333],"texture":"#6"},"south":{"uv":[10.66667,11.66667,10.91667,12.16667],"texture":"#6"},"west":{"uv":[10.33333,6,10.75,6.5],"texture":"#6"},"up":{"uv":[4.91667,14.08333,4.66667,13.66667],"texture":"#6"},"down":{"uv":[5.58333,13.66667,5.33333,14.08333],"texture":"#6"}}},{"from":[7.7535,-12.04289,6.08579],"to":[8.2465,-10.54289,7.33579],"rotation":{"angle":0,"axis":"y","origin":[7.2535,-12.79289,7.33579]},"faces":{"north":{"uv":[14,13.33333,14.16667,13.83333],"texture":"#6"},"east":{"uv":[7.66667,10.33333,8.08333,10.83333],"texture":"#6"},"south":{"uv":[3,14.33333,3.16667,14.83333],"texture":"#6"},"west":{"uv":[10,10.33333,10.41667,10.83333],"texture":"#6"}}},{"from":[7.75,-11.51256,5.4948],"to":[8.25,-10.26256,6.4948],"rotation":{"angle":-45,"axis":"x","origin":[7.75,-10.01256,5.7448]},"faces":{"north":{"uv":[14.33333,14.33333,14.5,14.75],"texture":"#6"},"east":{"uv":[1.33333,11.66667,1.66667,12.08333],"texture":"#6"},"south":{"uv":[0,14.66667,0.16667,15.08333],"texture":"#6"},"west":{"uv":[2,11.66667,2.33333,12.08333],"texture":"#6"},"up":{"uv":[9.16667,15,9,14.66667],"texture":"#6"},"down":{"uv":[14.83333,10,14.66667,10.33333],"texture":"#6"}}},{"from":[7.75,-12.32322,5.4948],"to":[8.25,-11.07322,6.4948],"rotation":{"angle":45,"axis":"x","origin":[7.75,-12.57322,5.7448]},"faces":{"north":{"uv":[0.66667,14.66667,0.83333,15.08333],"texture":"#6"},"east":{"uv":[2.66667,11.66667,3,12.08333],"texture":"#6"},"south":{"uv":[14.66667,0.66667,14.83333,1.08333],"texture":"#6"},"west":{"uv":[11.66667,3,12,3.41667],"texture":"#6"},"up":{"uv":[14.83333,11.66667,14.66667,11.33333],"texture":"#6"},"down":{"uv":[14.83333,12,14.66667,12.33333],"texture":"#6"}}},{"from":[7.985,-15,5.25],"to":[8.015,-9,7.25],"rotation":{"angle":0,"axis":"y","origin":[7.985,-16,3.25]},"faces":{"east":{"uv":[3.33333,4,2.66667,6],"texture":"#6"},"west":{"uv":[2.66667,4,3.33333,6],"texture":"#6"}}},{"from":[7.7535,-12.04289,8.66421],"to":[8.2465,-10.54289,9.91421],"rotation":{"angle":0,"axis":"y","origin":[7.2535,-12.79289,8.66421]},"faces":{"north":{"uv":[3.16667,14.33333,3,14.83333],"texture":"#6"},"east":{"uv":[8.08333,10.33333,7.66667,10.83333],"texture":"#6"},"south":{"uv":[14.16667,13.33333,14,13.83333],"texture":"#6"},"west":{"uv":[10.41667,10.33333,10,10.83333],"texture":"#6"}}},{"from":[7.75,-11.51256,9.5052],"to":[8.25,-10.26256,10.5052],"rotation":{"angle":45,"axis":"x","origin":[7.75,-10.01256,10.2552]},"faces":{"north":{"uv":[0.16667,14.66667,0,15.08333],"texture":"#6"},"east":{"uv":[1.66667,11.66667,1.33333,12.08333],"texture":"#6"},"south":{"uv":[14.5,14.33333,14.33333,14.75],"texture":"#6"},"west":{"uv":[2.33333,11.66667,2,12.08333],"texture":"#6"},"up":{"uv":[9.16667,14.66667,9,15],"texture":"#6"},"down":{"uv":[14.83333,10.33333,14.66667,10],"texture":"#6"}}},{"from":[7.75,-12.32322,9.5052],"to":[8.25,-11.07322,10.5052],"rotation":{"angle":-45,"axis":"x","origin":[7.75,-12.57322,10.2552]},"faces":{"north":{"uv":[14.83333,0.66667,14.66667,1.08333],"texture":"#6"},"east":{"uv":[3,11.66667,2.66667,12.08333],"texture":"#6"},"south":{"uv":[0.83333,14.66667,0.66667,15.08333],"texture":"#6"},"west":{"uv":[12,3,11.66667,3.41667],"texture":"#6"},"up":{"uv":[14.83333,11.33333,14.66667,11.66667],"texture":"#6"},"down":{"uv":[14.83333,12.33333,14.66667,12],"texture":"#6"}}},{"from":[7.985,-15,8.75],"to":[8.015,-9,10.75],"rotation":{"angle":0,"axis":"y","origin":[7.985,-16,12.75]},"faces":{"east":{"uv":[2.66667,4,3.33333,6],"texture":"#6"},"west":{"uv":[3.33333,4,2.66667,6],"texture":"#6"}}},{"from":[7.7585,25.00376,6.51276],"to":[8.2415,25.80376,7.26276],"rotation":{"angle":0,"axis":"y","origin":[8,24.22838,6.39312]},"faces":{"east":{"uv":[14.66667,3.33333,14.91667,3.58333],"texture":"#6"},"south":{"uv":[9.66667,15,9.83333,15.25],"texture":"#6"},"west":{"uv":[5,14.66667,5.25,14.91667],"texture":"#6"},"up":{"uv":[10.5,15.25,10.33333,15],"texture":"#6"},"down":{"uv":[15.16667,10.66667,15,10.91667],"texture":"#6"}}},{"from":[7.7535,24.42693,5.36376],"to":[8.2465,25.42693,6.11376],"rotation":{"angle":45,"axis":"x","origin":[8,24.22838,6.39312]},"faces":{"north":{"uv":[14.66667,12.66667,14.83333,13],"texture":"#6"},"east":{"uv":[14,10,14.25,10.33333],"texture":"#6"},"south":{"uv":[14.66667,13.33333,14.83333,13.66667],"texture":"#6"},"west":{"uv":[14.33333,0,14.58333,0.33333],"texture":"#6"},"up":{"uv":[13.83333,15.25,13.66667,15],"texture":"#6"}}},{"from":[7.7535,23.47693,5.36376],"to":[8.2465,24.42693,6.86376],"rotation":{"angle":45,"axis":"x","origin":[8,24.22838,6.39312]},"faces":{"north":{"uv":[15,0,15.16667,0.33333],"texture":"#6"},"east":{"uv":[6.66667,11,7.16667,11.33333],"texture":"#6"},"west":{"uv":[11,9,11.5,9.33333],"texture":"#6"},"up":{"uv":[14.5,4.5,14.33333,4],"texture":"#6"},"down":{"uv":[14.5,5.66667,14.33333,6.16667],"texture":"#6"}}},{"from":[7.75,21.78599,5.61631],"to":[8.25,24.03599,6.86631],"rotation":{"angle":0,"axis":"y","origin":[8,24.22838,6.39312]},"faces":{"north":{"uv":[11.66667,10.66667,11.83333,11.41667],"texture":"#6"},"east":{"uv":[7.66667,9,8.08333,9.75],"texture":"#6"},"south":{"uv":[12,1,12.16667,1.75],"texture":"#6"},"west":{"uv":[2.66667,9.33333,3.08333,10.08333],"texture":"#6"},"up":{"uv":[1.5,15.08333,1.33333,14.66667],"texture":"#6"}}},{"from":[7.7585,19.5262,-1.20245],"to":[8.2415,20.2762,-0.40245],"rotation":{"angle":-22.5,"axis":"x","origin":[8,19.45737,0.44393]},"faces":{"north":{"uv":[15,14,15.16667,14.25],"texture":"#6"},"east":{"uv":[14.66667,5,14.91667,5.25],"texture":"#6"},"south":{"uv":[15,14.66667,15.16667,14.91667],"texture":"#6"},"west":{"uv":[5.66667,14.66667,5.91667,14.91667],"texture":"#6"},"up":{"uv":[15.5,0.91667,15.33333,0.66667],"texture":"#6"}}},{"from":[7.7535,18.34187,-0.7689],"to":[8.2465,19.09187,0.2311],"rotation":{"angle":22.5,"axis":"x","origin":[8,19.45737,0.44393]},"faces":{"north":{"uv":[2.66667,15.33333,2.83333,15.58333],"texture":"#6"},"east":{"uv":[14.33333,2.66667,14.66667,2.91667],"texture":"#6"},"west":{"uv":[14.33333,6.66667,14.66667,6.91667],"texture":"#6"},"up":{"uv":[15.16667,2,15,1.66667],"texture":"#6"},"down":{"uv":[15.16667,2.33333,15,2.66667],"texture":"#6"}}},{"from":[7.7535,18.34187,0.2311],"to":[8.2465,19.84187,1.1811],"rotation":{"angle":22.5,"axis":"x","origin":[8,19.45737,0.44393]},"faces":{"north":{"uv":[14.33333,7.33333,14.5,7.83333],"texture":"#6"},"east":{"uv":[11,9.66667,11.33333,10.16667],"texture":"#6"},"south":{"uv":[14.33333,8.33333,14.5,8.83333],"texture":"#6"},"west":{"uv":[11,10.66667,11.33333,11.16667],"texture":"#6"},"down":{"uv":[15.16667,4,15,4.33333],"texture":"#6"}}},{"from":[7.75,18.62975,0.56532],"to":[8.25,19.87975,5.81532],"rotation":{"angle":-22.5,"axis":"x","origin":[8,19.45737,0.44393]},"faces":{"north":{"uv":[2,14.66667,2.16667,15.08333],"texture":"#6"},"east":{"uv":[3.66667,5.33333,5.41667,5.75],"texture":"#6"},"west":{"uv":[6,0,7.75,0.41667],"texture":"#6"},"up":{"uv":[8.83333,11.08333,8.66667,9.33333],"texture":"#6"},"down":{"uv":[9.5,9.33333,9.33333,11.08333],"texture":"#6"}}},{"from":[7.7535,24.42693,9.88624],"to":[8.2465,25.42693,10.63624],"rotation":{"angle":-45,"axis":"x","origin":[8,24.22838,9.60688]},"faces":{"north":{"uv":[15,5.66667,15.16667,6],"texture":"#6"},"east":{"uv":[9.66667,14.33333,9.91667,14.66667],"texture":"#6"},"south":{"uv":[15,6.33333,15.16667,6.66667],"texture":"#6"},"west":{"uv":[10.33333,14.33333,10.58333,14.66667],"texture":"#6"},"up":{"uv":[15.5,3.25,15.33333,3],"texture":"#6"}}},{"from":[7.7585,25.00376,8.73724],"to":[8.2415,25.80376,9.48724],"rotation":{"angle":0,"axis":"y","origin":[8,24.22838,9.60688]},"faces":{"north":{"uv":[15.33333,4.66667,15.5,4.91667],"texture":"#6"},"east":{"uv":[6.33333,14.66667,6.58333,14.91667],"texture":"#6"},"west":{"uv":[7,14.66667,7.25,14.91667],"texture":"#6"},"up":{"uv":[5.16667,15.58333,5,15.33333],"texture":"#6"},"down":{"uv":[5.83333,15.33333,5.66667,15.58333],"texture":"#6"}}},{"from":[7.7535,23.47693,9.13624],"to":[8.2465,24.42693,10.63624],"rotation":{"angle":-45,"axis":"x","origin":[8,24.22838,9.60688]},"faces":{"east":{"uv":[11.33333,6,11.83333,6.33333],"texture":"#6"},"south":{"uv":[15,7,15.16667,7.33333],"texture":"#6"},"west":{"uv":[7.66667,11.33333,8.16667,11.66667],"texture":"#6"},"up":{"uv":[11.16667,14.83333,11,14.33333],"texture":"#6"},"down":{"uv":[11.83333,14.33333,11.66667,14.83333],"texture":"#6"}}},{"from":[7.75,21.78599,9.13369],"to":[8.25,24.03599,10.38369],"rotation":{"angle":0,"axis":"y","origin":[8,24.22838,9.60688]},"faces":{"north":{"uv":[12,4.66667,12.16667,5.41667],"texture":"#6"},"east":{"uv":[3.66667,9.33333,4.08333,10.08333],"texture":"#6"},"south":{"uv":[7.33333,12,7.5,12.75],"texture":"#6"},"west":{"uv":[9.33333,6,9.75,6.75],"texture":"#6"},"up":{"uv":[3.83333,15.08333,3.66667,14.66667],"texture":"#6"}}},{"from":[7.29289,14.5,7.92678],"to":[8.54289,19,9.17678],"rotation":{"angle":45,"axis":"y","origin":[7.29289,14.5,8.17678]},"faces":{"north":{"uv":[6,1,6.41667,2.5],"texture":"#6"},"east":{"uv":[6,5.33333,6.41667,6.83333],"texture":"#6"},"south":{"uv":[2.66667,6.33333,3.08333,7.83333],"texture":"#6"},"west":{"uv":[6.33333,3,6.75,4.5],"texture":"#6"}}},{"from":[7.6285,20.16421,9.37868],"to":[8.3715,22.16421,10.87868],"rotation":{"angle":0,"axis":"y","origin":[7.1285,19.66421,9.37868]},"faces":{"north":{"uv":[10,11.33333,10.25,12],"texture":"#6"},"east":{"uv":[9,5,9.5,5.66667],"texture":"#6"},"south":{"uv":[0,11.66667,0.25,12.33333],"texture":"#6"},"west":{"uv":[6.66667,9,7.16667,9.66667],"texture":"#6"}}},{"from":[7.625,21.19454,10.21967],"to":[8.375,22.69454,11.46967],"rotation":{"angle":45,"axis":"x","origin":[7.625,22.69454,10.96967]},"faces":{"north":{"uv":[8,12,8.25,12.5],"texture":"#6"},"east":{"uv":[0,10.66667,0.41667,11.16667],"texture":"#6"},"south":{"uv":[12,8.66667,12.25,9.16667],"texture":"#6"},"west":{"uv":[10.66667,0,11.08333,0.5],"texture":"#6"},"up":{"uv":[6.25,14.08333,6,13.66667],"texture":"#6"},"down":{"uv":[13.91667,6.33333,13.66667,6.75],"texture":"#6"}}},{"from":[7.625,19.63388,10.21967],"to":[8.375,21.13388,11.46967],"rotation":{"angle":-45,"axis":"x","origin":[7.625,19.63388,10.96967]},"faces":{"north":{"uv":[11.33333,12,11.58333,12.5],"texture":"#6"},"east":{"uv":[1,10.66667,1.41667,11.16667],"texture":"#6"},"south":{"uv":[12,12,12.25,12.5],"texture":"#6"},"west":{"uv":[2,10.66667,2.41667,11.16667],"texture":"#6"},"up":{"uv":[13.91667,7.75,13.66667,7.33333],"texture":"#6"},"down":{"uv":[13.91667,8.33333,13.66667,8.75],"texture":"#6"}}},{"from":[6.79289,15,7.57322],"to":[8.54289,15.5,9.32322],"rotation":{"angle":45,"axis":"y","origin":[7.29289,15,7.82322]},"faces":{"north":{"uv":[13.66667,5,14.25,5.16667],"texture":"#6"},"east":{"uv":[10,13.66667,10.58333,13.83333],"texture":"#6"},"south":{"uv":[11,13.66667,11.58333,13.83333],"texture":"#6"},"west":{"uv":[13.66667,11.33333,14.25,11.5],"texture":"#6"},"up":{"uv":[8.58333,1.58333,8,1],"texture":"#6"},"down":{"uv":[8.58333,2,8,2.58333],"texture":"#6"}}},{"from":[6.79289,16,7.57322],"to":[8.54289,16.5,9.32322],"rotation":{"angle":45,"axis":"y","origin":[7.29289,16,7.82322]},"faces":{"north":{"uv":[12,13.66667,12.58333,13.83333],"texture":"#6"},"east":{"uv":[13.66667,12,14.25,12.16667],"texture":"#6"},"south":{"uv":[13.66667,12.66667,14.25,12.83333],"texture":"#6"},"west":{"uv":[13,13.66667,13.58333,13.83333],"texture":"#6"},"up":{"uv":[7.25,8.58333,6.66667,8],"texture":"#6"},"down":{"uv":[8.25,8,7.66667,8.58333],"texture":"#6"}}},{"from":[6.79289,17,7.57322],"to":[8.54289,17.5,9.32322],"rotation":{"angle":45,"axis":"y","origin":[7.29289,17,7.82322]},"faces":{"north":{"uv":[0,14,0.58333,14.16667],"texture":"#6"},"east":{"uv":[1,14,1.58333,14.16667],"texture":"#6"},"south":{"uv":[2,14,2.58333,14.16667],"texture":"#6"},"west":{"uv":[14,2,14.58333,2.16667],"texture":"#6"},"up":{"uv":[8.91667,0.58333,8.33333,0],"texture":"#6"},"down":{"uv":[3.25,8.33333,2.66667,8.91667],"texture":"#6"}}},{"from":[6.79289,18,7.57322],"to":[8.54289,18.5,9.32322],"rotation":{"angle":45,"axis":"y","origin":[7.29289,18,7.82322]},"faces":{"north":{"uv":[6.66667,14,7.25,14.16667],"texture":"#6"},"east":{"uv":[7.66667,14,8.25,14.16667],"texture":"#6"},"south":{"uv":[8.66667,14,9.25,14.16667],"texture":"#6"},"west":{"uv":[14,9.33333,14.58333,9.5],"texture":"#6"},"up":{"uv":[4.25,8.91667,3.66667,8.33333],"texture":"#6"},"down":{"uv":[8.91667,4,8.33333,4.58333],"texture":"#6"}}},{"from":[7.5,-15.25,6],"to":[8.5,-9.25,10],"rotation":{"angle":0,"axis":"y","origin":[-0.5,0,6]},"faces":{"east":{"uv":[0,0,8,12],"texture":"#3"},"west":{"uv":[8,0,0,12],"texture":"#3"}}},{"from":[7.75,19.72487,10.51434],"to":[8.25,20.97487,12.76434],"rotation":{"angle":22.5,"axis":"x","origin":[8,20.55249,12.88572]},"faces":{"east":{"uv":[9.33333,0,10.08333,0.41667],"texture":"#6"},"south":{"uv":[4.33333,14.66667,4.5,15.08333],"texture":"#6"},"west":{"uv":[9.33333,4,10.08333,4.41667],"texture":"#6"},"up":{"uv":[12.5,10.41667,12.33333,9.66667],"texture":"#6"},"down":{"uv":[10.16667,12.33333,10,13.08333],"texture":"#6"}}},{"from":[7.7535,19.43699,12.14856],"to":[8.2465,20.93699,13.09856],"rotation":{"angle":-22.5,"axis":"x","origin":[8,20.55249,12.88572]},"faces":{"north":{"uv":[12.33333,14.33333,12.5,14.83333],"texture":"#6"},"east":{"uv":[11.66667,0,12,0.5],"texture":"#6"},"south":{"uv":[13,14.33333,13.16667,14.83333],"texture":"#6"},"west":{"uv":[0.66667,11.66667,1,12.16667],"texture":"#6"},"down":{"uv":[15.16667,7.66667,15,8],"texture":"#6"}}},{"from":[7.7535,19.43699,13.09856],"to":[8.2465,20.18699,14.09856],"rotation":{"angle":-22.5,"axis":"x","origin":[8,20.55249,12.88572]},"faces":{"east":{"uv":[14.33333,10.66667,14.66667,10.91667],"texture":"#6"},"south":{"uv":[6.33333,15.33333,6.5,15.58333],"texture":"#6"},"west":{"uv":[13.66667,14.33333,14,14.58333],"texture":"#6"},"up":{"uv":[15.16667,8.66667,15,8.33333],"texture":"#6"},"down":{"uv":[15.16667,9,15,9.33333],"texture":"#6"}}},{"from":[7.7585,20.62132,13.73211],"to":[8.2415,21.37132,14.53211],"rotation":{"angle":22.5,"axis":"x","origin":[8,20.55249,12.88572]},"faces":{"north":{"uv":[7,15.33333,7.16667,15.58333],"texture":"#6"},"east":{"uv":[7.66667,14.66667,7.91667,14.91667],"texture":"#6"},"south":{"uv":[7.66667,15.33333,7.83333,15.58333],"texture":"#6"},"west":{"uv":[8.33333,14.66667,8.58333,14.91667],"texture":"#6"},"up":{"uv":[8.5,15.58333,8.33333,15.33333],"texture":"#6"}}},{"from":[7.985,15.88679,-0.80089],"to":[8.015,20.38679,6.94911],"rotation":{"angle":-22.5,"axis":"x","origin":[7.985,18.63679,-2.30089]},"faces":{"east":{"uv":[2.58333,0,0,1.5],"texture":"#6"},"west":{"uv":[0,0,2.58333,1.5],"texture":"#6"}}},{"from":[7.99,16.55562,-3.577],"to":[8.01,20.71262,0.173],"rotation":{"angle":-45,"axis":"x","origin":[7.99,18.60562,-0.827]},"faces":{"east":{"uv":[4.25,0,3,1.5],"texture":"#6"},"west":{"uv":[3,0,4.25,1.5],"texture":"#6"}}},{"from":[7.995,12.99708,-5.35123],"to":[8.005,17.49708,-1.71923],"rotation":{"angle":22.5,"axis":"x","origin":[8.01,15.12208,-3.35123]},"faces":{"east":{"uv":[4.08333,2,2.66667,3.5],"texture":"#6"},"west":{"uv":[2.66667,2,4.08333,3.5],"texture":"#6"}}},{"from":[7.99,20.79991,11.51181],"to":[8.01,23.57491,14.01181],"rotation":{"angle":-45,"axis":"x","origin":[8.005,23.59617,13.38681]},"faces":{"east":{"uv":[5.5,2.66667,4.66667,3.66667],"texture":"#6"},"west":{"uv":[4.66667,2.66667,5.5,3.66667],"texture":"#6"}}},{"from":[7.995,22.70237,13.85589],"to":[8.005,25.20237,16.43089],"rotation":{"angle":22.5,"axis":"x","origin":[8.01,23.95237,14.50589]},"faces":{"east":{"uv":[6,4,5,4.83333],"texture":"#6"},"west":{"uv":[5,4,6,4.83333],"texture":"#6"}}},{"from":[7.985,20.67791,9.8985],"to":[8.015,23.67791,12.6485],"rotation":{"angle":-22.5,"axis":"x","origin":[8,23.97885,14.31069]},"faces":{"east":{"uv":[5.58333,1.33333,4.66667,2.33333],"texture":"#6"},"west":{"uv":[4.66667,1.33333,5.58333,2.33333],"texture":"#6"}}},{"from":[8.73537,11.25,-3.25],"to":[8.76537,22.25,4.75],"rotation":{"angle":0,"axis":"y","origin":[8.76537,12.25,-7.25]},"faces":{"east":{"uv":[13.33333,0,8,7.33333],"texture":"#4"},"west":{"uv":[8,0,13.33333,7.33333],"texture":"#4"}}},{"from":[8.16134,11.25,-5.13582],"to":[8.19134,22.25,-3.13582],"rotation":{"angle":22.5,"axis":"y","origin":[8.19134,16.75,-4.63582]},"faces":{"east":{"uv":[8,0,6.66667,7.33333],"texture":"#4"},"west":{"uv":[6.66667,0,8,7.33333],"texture":"#4"}}},{"from":[7.80637,11.25,-5.12434],"to":[7.83637,22.25,-3.12434],"rotation":{"angle":-22.5,"axis":"y","origin":[7.83637,16.75,-4.62434]},"faces":{"east":{"uv":[5.33333,0,6.66667,7.33333],"texture":"#4"},"west":{"uv":[6.66667,0,5.33333,7.33333],"texture":"#4"}}},{"from":[7.23463,11.25,-3.25],"to":[7.26463,22.25,4.75],"rotation":{"angle":0,"axis":"x","origin":[7.24963,16.75,0.75]},"faces":{"east":{"uv":[0,0,5.33333,7.33333],"texture":"#4"},"west":{"uv":[5.33333,0,0,7.33333],"texture":"#4"}}}],"gui_light":"front","display":{"thirdperson_righthand":{"translation":[0,1.5,1]},"thirdperson_lefthand":{"translation":[0,1.5,1]},"firstperson_righthand":{"rotation":[-5,0,0],"translation":[1.25,-0.75,0.5],"scale":[0.7,0.7,0.7]},"firstperson_lefthand":{"rotation":[-5,0,0],"translation":[1.25,-0.75,0.5],"scale":[0.7,0.7,0.7]},"ground":{"rotation":[-45,0,0],"translation":[0,5,0],"scale":[0.7,0.7,0.7]},"gui":{"rotation":[-90,45,90],"translation":[-0.5,0.5,0],"scale":[0.6,0.6,0.6]},"head":{"rotation":[0,-90,0]},"fixed":{"rotation":[0,-90,0],"translation":[0,0,-1.75],"scale":[2,2,2]}}}