{"credit":"Pologony Creation Co.,Ltd.","texture_size":[8,8],"textures":{"3":"frostbite_set:animated/animated_1","5":"frostbite_set:shield","particle":"frostbite_set:animated/sword_animated"},"elements":[{"from":[12.24024,12.24024,5.87519],"to":[15.24024,15.24024,6.87519],"rotation":{"angle":45,"axis":"z","origin":[8,8,8]},"faces":{"north":{"uv":[7.71429,2.57143,8.57143,3.42857],"texture":"#5"},"east":{"uv":[6.28571,3.42857,6.57143,4.28571],"texture":"#5"},"south":{"uv":[7.42857,1.42857,8.28571,2.28571],"texture":"#5"},"west":{"uv":[7.71429,11.14286,8,12],"texture":"#5"},"up":{"uv":[11.42857,9.71429,11.14286,8.85714],"rotation":90,"texture":"#5"},"down":{"uv":[0.28571,11.42857,0,12.28571],"rotation":270,"texture":"#5"}}},{"from":[14.49024,13.49024,5.37519],"to":[14.99024,13.99024,7.37519],"rotation":{"angle":45,"axis":"z","origin":[8,8,8]},"faces":{"north":{"uv":[14.85714,2.85714,15,3],"texture":"#5"},"east":{"uv":[13.42857,4.28571,14,4.42857],"texture":"#5"},"south":{"uv":[14.85714,2.28571,15,2.42857],"texture":"#5"},"west":{"uv":[13.42857,4.85714,14,5],"texture":"#5"},"up":{"uv":[14,5.57143,13.42857,5.42857],"rotation":90,"texture":"#5"},"down":{"uv":[14,6,13.42857,6.14286],"rotation":270,"texture":"#5"}}},{"from":[1.00976,13.49024,5.37519],"to":[1.50976,13.99024,7.37519],"rotation":{"angle":-45,"axis":"z","origin":[8,8,8]},"faces":{"north":{"uv":[14.85714,4,15,4.14286],"texture":"#5"},"east":{"uv":[13.42857,7.14286,14,7.28571],"texture":"#5"},"south":{"uv":[14.85714,3.42857,15,3.57143],"texture":"#5"},"west":{"uv":[13.42857,7.71429,14,7.85714],"texture":"#5"},"up":{"uv":[14,8.42857,13.42857,8.28571],"rotation":90,"texture":"#5"},"down":{"uv":[14,12.85714,13.42857,13],"rotation":270,"texture":"#5"}}},{"from":[13.49024,12.49024,5.37519],"to":[13.99024,12.99024,7.37519],"rotation":{"angle":45,"axis":"z","origin":[8,8,8]},"faces":{"north":{"uv":[14.85714,5.14286,15,5.28571],"texture":"#5"},"east":{"uv":[13.42857,13.42857,14,13.57143],"texture":"#5"},"south":{"uv":[14.85714,4.57143,15,4.71429],"texture":"#5"},"west":{"uv":[0.57143,13.71429,1.14286,13.85714],"texture":"#5"},"up":{"uv":[2,13.85714,1.42857,13.71429],"rotation":90,"texture":"#5"},"down":{"uv":[5.14286,13.71429,4.57143,13.85714],"rotation":270,"texture":"#5"}}},{"from":[2.00976,12.49024,5.37519],"to":[2.50976,12.99024,7.37519],"rotation":{"angle":-45,"axis":"z","origin":[8,8,8]},"faces":{"north":{"uv":[14.85714,6.28571,15,6.42857],"texture":"#5"},"east":{"uv":[5.42857,13.71429,6,13.85714],"texture":"#5"},"south":{"uv":[14.85714,5.71429,15,5.85714],"texture":"#5"},"west":{"uv":[6.28571,13.71429,6.85714,13.85714],"texture":"#5"},"up":{"uv":[7.71429,13.85714,7.14286,13.71429],"rotation":90,"texture":"#5"},"down":{"uv":[8.57143,13.71429,8,13.85714],"rotation":270,"texture":"#5"}}},{"from":[12.74024,12.74024,5.62519],"to":[14.74024,14.74024,7.12519],"rotation":{"angle":45,"axis":"z","origin":[8,8,8]},"faces":{"north":{"uv":[3.14286,9.14286,3.71429,9.71429],"texture":"#5"},"east":{"uv":[11.14286,7.42857,11.57143,8],"texture":"#5"},"south":{"uv":[4.85714,7.14286,5.42857,7.71429],"texture":"#5"},"west":{"uv":[11.42857,0,11.85714,0.57143],"texture":"#5"},"up":{"uv":[1,12,0.57143,11.42857],"rotation":90,"texture":"#5"},"down":{"uv":[1.85714,11.42857,1.42857,12],"rotation":270,"texture":"#5"}}},{"from":[3.89375,3.89375,10.50019],"to":[5.89375,5.89375,12.25019],"rotation":{"angle":45,"axis":"z","origin":[8,8,8]},"faces":{"north":{"uv":[4.85714,9.14286,5.42857,9.71429],"texture":"#5"},"east":{"uv":[10.28571,5.71429,10.78571,6.28571],"texture":"#5"},"south":{"uv":[4,9.14286,4.57143,9.71429],"texture":"#5"},"west":{"uv":[10.28571,8.85714,10.78571,9.42857],"texture":"#5"},"up":{"uv":[11.07143,7.14286,10.57143,6.57143],"rotation":90,"texture":"#5"},"down":{"uv":[9.35714,10.57143,8.85714,11.14286],"rotation":270,"texture":"#5"}}},{"from":[4.14375,4.14375,10.12519],"to":[5.64375,5.64375,12.62519],"rotation":{"angle":45,"axis":"z","origin":[8,8,8]},"faces":{"north":{"uv":[11.71429,0.85714,12.14286,1.28571],"texture":"#5"},"east":{"uv":[9.42857,6.57143,10.14286,7],"texture":"#5"},"south":{"uv":[10.85714,11.42857,11.28571,11.85714],"texture":"#5"},"west":{"uv":[8.85714,9.71429,9.57143,10.14286],"texture":"#5"},"up":{"uv":[10.71429,3,10,2.57143],"rotation":90,"texture":"#5"},"down":{"uv":[3.85714,10,3.14286,10.42857],"rotation":270,"texture":"#5"}}},{"from":[7.25,4.15,10.62519],"to":[8.75,4.9,12.12519],"rotation":{"angle":0,"axis":"y","origin":[8,8,8]},"faces":{"north":{"uv":[13.14286,6.57143,13.57143,6.78571],"texture":"#5"},"east":{"uv":[13.14286,0,13.57143,0.21429],"texture":"#5"},"south":{"uv":[13.14286,2.57143,13.57143,2.78571],"texture":"#5"},"west":{"uv":[5.14286,13.14286,5.57143,13.35714],"texture":"#5"},"up":{"uv":[12.14286,2.14286,11.71429,1.71429],"rotation":90,"texture":"#5"}}},{"from":[7.375,4.875,10.75019],"to":[8.625,5.625,12.00019],"rotation":{"angle":0,"axis":"y","origin":[8,8,8]},"faces":{"north":{"uv":[13.71429,11.14286,14.07143,11.35714],"texture":"#5"},"east":{"uv":[8.85714,13.71429,9.21429,13.92857],"texture":"#5"},"south":{"uv":[9.71429,13.71429,10.07143,13.92857],"texture":"#5"},"west":{"uv":[13.71429,10.57143,14.07143,10.78571],"texture":"#5"},"up":{"uv":[12.64286,0.35714,12.28571,0],"rotation":90,"texture":"#5"}}},{"from":[5.11339,5.875,9.88662],"to":[6.11339,9.375,10.88662],"rotation":{"angle":45,"axis":"y","origin":[8,8,8]},"faces":{"north":{"uv":[2.28571,10.85714,2.57143,11.85714],"texture":"#5"},"east":{"uv":[5.42857,10,5.71429,11],"texture":"#5"},"south":{"uv":[9.71429,10.57143,10,11.57143],"texture":"#5"},"west":{"uv":[10.28571,10.57143,10.57143,11.57143],"texture":"#5"}}},{"from":[7.375,9.625,10.75019],"to":[8.625,10.375,12.00019],"rotation":{"angle":0,"axis":"y","origin":[8,8,8]},"faces":{"north":{"uv":[14,0,14.35714,0.21429],"texture":"#5"},"east":{"uv":[11.71429,13.71429,12.07143,13.92857],"texture":"#5"},"south":{"uv":[13.71429,11.71429,14.07143,11.92857],"texture":"#5"},"west":{"uv":[12.57143,13.71429,12.92857,13.92857],"texture":"#5"},"down":{"uv":[12.64286,2.57143,12.28571,2.92857],"rotation":270,"texture":"#5"}}},{"from":[4.98838,7.375,9.76162],"to":[6.23838,8.125,11.01162],"rotation":{"angle":45,"axis":"y","origin":[8,8,8]},"faces":{"north":{"uv":[14,6.57143,14.35714,6.78571],"texture":"#5"},"east":{"uv":[14,2.28571,14.35714,2.5],"texture":"#5"},"south":{"uv":[14,2.85714,14.35714,3.07143],"texture":"#5"},"west":{"uv":[14,3.42857,14.35714,3.64286],"texture":"#5"},"up":{"uv":[12.64286,6.92857,12.28571,6.57143],"rotation":90,"texture":"#5"},"down":{"uv":[12.92857,0.85714,12.57143,1.21429],"rotation":270,"texture":"#5"}}},{"from":[4.98838,5.125,9.76162],"to":[6.23838,5.875,11.01162],"rotation":{"angle":45,"axis":"y","origin":[8,8,8]},"faces":{"north":{"uv":[10.57143,14,10.92857,14.21429],"texture":"#5"},"east":{"uv":[14,8.85714,14.35714,9.07143],"texture":"#5"},"south":{"uv":[14,9.42857,14.35714,9.64286],"texture":"#5"},"west":{"uv":[14,10,14.35714,10.21429],"texture":"#5"},"up":{"uv":[12.92857,2.07143,12.57143,1.71429],"rotation":90,"texture":"#5"},"down":{"uv":[3.21429,12.57143,2.85714,12.92857],"rotation":270,"texture":"#5"}}},{"from":[4.98838,9.375,9.76162],"to":[6.23838,10.125,11.01162],"rotation":{"angle":45,"axis":"y","origin":[8,8,8]},"faces":{"north":{"uv":[14.28571,0.57143,14.64286,0.78571],"texture":"#5"},"east":{"uv":[14,12.28571,14.35714,12.5],"texture":"#5"},"south":{"uv":[13.42857,14,13.78571,14.21429],"texture":"#5"},"west":{"uv":[0,14.28571,0.35714,14.5],"texture":"#5"},"up":{"uv":[12.92857,3.78571,12.57143,3.42857],"rotation":90,"texture":"#5"},"down":{"uv":[4.07143,12.57143,3.71429,12.92857],"rotation":270,"texture":"#5"}}},{"from":[7.25,10.375,10.62519],"to":[8.75,11.125,12.12519],"rotation":{"angle":0,"axis":"y","origin":[8,8,8]},"faces":{"north":{"uv":[13.14286,10,13.57143,10.21429],"texture":"#5"},"east":{"uv":[8.85714,13.14286,9.28571,13.35714],"texture":"#5"},"south":{"uv":[13.14286,8.85714,13.57143,9.07143],"texture":"#5"},"west":{"uv":[13.14286,9.42857,13.57143,9.64286],"texture":"#5"},"down":{"uv":[3.28571,11.71429,2.85714,12.14286],"rotation":270,"texture":"#5"}}},{"from":[9.37868,15.11792,6.00369],"to":[10.87868,17.11792,6.74668],"rotation":{"angle":0,"axis":"y","origin":[8,8,8]},"faces":{"north":{"uv":[8.28571,11.42857,8.71429,12],"texture":"#5"},"east":{"uv":[11.14286,12.28571,11.35714,12.85714],"texture":"#5"},"south":{"uv":[11.42857,6.57143,11.85714,7.14286],"texture":"#5"},"west":{"uv":[0,12.57143,0.21429,13.14286],"texture":"#5"}}},{"from":[2.52753,15.42222,6.00019],"to":[3.77753,16.92222,6.75019],"rotation":{"angle":-45,"axis":"z","origin":[8,8,8]},"faces":{"north":{"uv":[11.71429,8.28571,12.07143,8.71429],"texture":"#5"},"east":{"uv":[13.14286,10.57143,13.35714,11],"texture":"#5"},"south":{"uv":[11.71429,4.28571,12.07143,4.71429],"texture":"#5"},"west":{"uv":[11.14286,13.14286,11.35714,13.57143],"texture":"#5"},"up":{"uv":[2.5,14.07143,2.28571,13.71429],"rotation":90,"texture":"#5"},"down":{"uv":[1.07143,14.28571,0.85714,14.64286],"rotation":270,"texture":"#5"}}},{"from":[14.008,10.55826,6.00019],"to":[15.258,12.05826,6.75019],"rotation":{"angle":45,"axis":"z","origin":[8,8,8]},"faces":{"north":{"uv":[11.71429,10,12.07143,10.42857],"texture":"#5"},"east":{"uv":[13.14286,11.42857,13.35714,11.85714],"texture":"#5"},"south":{"uv":[11.71429,9.14286,12.07143,9.57143],"texture":"#5"},"west":{"uv":[0,13.42857,0.21429,13.85714],"texture":"#5"},"up":{"uv":[14.5,1.5,14.28571,1.14286],"rotation":90,"texture":"#5"},"down":{"uv":[1.64286,14.28571,1.42857,14.64286],"rotation":270,"texture":"#5"}}},{"from":[3.95442,5.89375,11.12519],"to":[4.95442,7.14375,11.62519],"rotation":{"angle":45,"axis":"z","origin":[8,8,8]},"faces":{"north":{"uv":[11.71429,12.57143,12,12.92857],"texture":"#5"},"east":{"uv":[14.28571,7.14286,14.42857,7.5],"texture":"#5"},"south":{"uv":[12.57143,11.14286,12.85714,11.5],"texture":"#5"},"west":{"uv":[7.42857,14.28571,7.57143,14.64286],"texture":"#5"},"up":{"uv":[3.28571,14.85714,3.14286,14.57143],"rotation":90,"texture":"#5"}}},{"from":[10.16691,2.64376,11.12519],"to":[11.16691,3.89376,11.62519],"rotation":{"angle":-45,"axis":"z","origin":[8,8,8]},"faces":{"north":{"uv":[12.85714,4.85714,13.14286,5.21429],"texture":"#5"},"east":{"uv":[8,14.28571,8.14286,14.64286],"texture":"#5"},"south":{"uv":[12.57143,12,12.85714,12.35714],"texture":"#5"},"west":{"uv":[14.28571,8,14.42857,8.35714],"texture":"#5"},"down":{"uv":[3.85714,14.57143,3.71429,14.85714],"rotation":270,"texture":"#5"}}},{"from":[5.25,-0.1,11.36019],"to":[7.25,5.9,11.39019],"rotation":{"angle":0,"axis":"y","origin":[8,8,8]},"faces":{"north":{"uv":[4,7.14286,4.57143,8.85714],"texture":"#5"},"south":{"uv":[3.14286,7.14286,3.71429,8.85714],"texture":"#5"}}},{"from":[11.04558,5.89375,11.12519],"to":[12.04558,7.14375,11.62519],"rotation":{"angle":-45,"axis":"z","origin":[8,8,8]},"faces":{"north":{"uv":[12,12.57143,11.71429,12.92857],"texture":"#5"},"east":{"uv":[7.57143,14.28571,7.42857,14.64286],"texture":"#5"},"south":{"uv":[12.85714,11.14286,12.57143,11.5],"texture":"#5"},"west":{"uv":[14.42857,7.14286,14.28571,7.5],"texture":"#5"},"up":{"uv":[3.28571,14.57143,3.14286,14.85714],"rotation":90,"texture":"#5"}}},{"from":[4.83309,2.64376,11.12519],"to":[5.83309,3.89376,11.62519],"rotation":{"angle":45,"axis":"z","origin":[8,8,8]},"faces":{"north":{"uv":[13.14286,4.85714,12.85714,5.21429],"texture":"#5"},"east":{"uv":[14.42857,8,14.28571,8.35714],"texture":"#5"},"south":{"uv":[12.85714,12,12.57143,12.35714],"texture":"#5"},"west":{"uv":[8.14286,14.28571,8,14.64286],"texture":"#5"},"down":{"uv":[3.85714,14.85714,3.71429,14.57143],"rotation":270,"texture":"#5"}}},{"from":[8.75,-0.1,11.36019],"to":[10.75,5.9,11.39019],"rotation":{"angle":0,"axis":"y","origin":[8,8,8]},"faces":{"north":{"uv":[4.57143,7.14286,4,8.85714],"texture":"#5"},"south":{"uv":[3.71429,7.14286,3.14286,8.85714],"texture":"#5"}}},{"from":[15.863,15.15495,6.37019],"to":[17.988,17.90495,6.38019],"rotation":{"angle":22.5,"axis":"z","origin":[8,8,8]},"faces":{"north":{"uv":[8.28571,6.57143,8.92857,7.35714],"texture":"#5"},"south":{"uv":[8.92857,6.57143,8.28571,7.35714],"texture":"#5"}}},{"from":[7.50327,17.6219,6.36519],"to":[10.00327,20.1219,6.38519],"rotation":{"angle":-22.5,"axis":"z","origin":[8,8,8]},"faces":{"north":{"uv":[4.85714,8,5.57143,8.71429],"texture":"#5"},"south":{"uv":[5.57143,8,4.85714,8.71429],"texture":"#5"}}},{"from":[13.47023,13.38718,6.36019],"to":[16.22023,15.91218,6.39019],"rotation":{"angle":22.5,"axis":"z","origin":[8,8,8]},"faces":{"north":{"uv":[7.71429,3.71429,8.5,4.42857],"texture":"#5"},"south":{"uv":[8.5,3.71429,7.71429,4.42857],"texture":"#5"}}},{"from":[16.86136,14.14833,6.13369],"to":[17.66136,14.89833,6.61669],"rotation":{"angle":22.5,"axis":"z","origin":[8,8,8]},"faces":{"north":{"uv":[2.57143,14.57143,2.78571,14.78571],"texture":"#5"},"east":{"uv":[0,14.85714,0.14286,15.07143],"texture":"#5"},"south":{"uv":[11.71429,5.14286,11.92857,5.35714],"texture":"#5"},"west":{"uv":[14.85714,0,15,0.21429],"texture":"#5"},"up":{"uv":[15,1.35714,14.85714,1.14286],"rotation":90,"texture":"#5"}}},{"from":[9.73409,18.17914,6.12869],"to":[10.48409,19.17914,6.62168],"rotation":{"angle":-22.5,"axis":"z","origin":[8,8,8]},"faces":{"north":{"uv":[11.14286,10,11.35714,10.28571],"texture":"#5"},"east":{"uv":[10.28571,14.57143,10.42857,14.85714],"texture":"#5"},"south":{"uv":[7.71429,6.57143,7.92857,6.85714],"texture":"#5"},"west":{"uv":[14.57143,10.57143,14.71429,10.85714],"texture":"#5"},"up":{"uv":[15,1.92857,14.85714,1.71429],"rotation":90,"texture":"#5"}}},{"from":[8.98409,17.22914,6.12869],"to":[10.48409,18.17914,6.62168],"rotation":{"angle":-22.5,"axis":"z","origin":[8,8,8]},"faces":{"north":{"uv":[12.57143,8.28571,13,8.57143],"texture":"#5"},"east":{"uv":[10.85714,14.57143,11,14.85714],"texture":"#5"},"south":{"uv":[12.57143,4.28571,13,4.57143],"texture":"#5"},"up":{"uv":[14.42857,4.42857,14.28571,4],"rotation":90,"texture":"#5"},"down":{"uv":[4.71429,14.28571,4.57143,14.71429],"rotation":270,"texture":"#5"}}},{"from":[13.14359,13.25188,6.12519],"to":[15.89359,14.50188,6.62519],"rotation":{"angle":22.5,"axis":"z","origin":[8,8,8]},"faces":{"north":{"uv":[11.14286,5.71429,11.92857,6.07143],"texture":"#5"},"east":{"uv":[8.57143,14.28571,8.71429,14.64286],"texture":"#5"},"south":{"uv":[11.14286,2.57143,11.92857,2.92857],"texture":"#5"},"up":{"uv":[12.71429,9.64286,12.57143,8.85714],"rotation":90,"texture":"#5"},"down":{"uv":[12.71429,10,12.57143,10.78571],"rotation":270,"texture":"#5"}}},{"from":[5.12132,15.11792,6.00369],"to":[6.62132,17.11792,6.74668],"rotation":{"angle":0,"axis":"y","origin":[8,8,8]},"faces":{"north":{"uv":[8.71429,11.42857,8.28571,12],"texture":"#5"},"east":{"uv":[0.21429,12.57143,0,13.14286],"texture":"#5"},"south":{"uv":[11.85714,6.57143,11.42857,7.14286],"texture":"#5"},"west":{"uv":[11.35714,12.28571,11.14286,12.85714],"texture":"#5"}}},{"from":[12.22247,15.42222,6.00019],"to":[13.47247,16.92222,6.75019],"rotation":{"angle":45,"axis":"z","origin":[8,8,8]},"faces":{"north":{"uv":[12.07143,8.28571,11.71429,8.71429],"texture":"#5"},"east":{"uv":[11.35714,13.14286,11.14286,13.57143],"texture":"#5"},"south":{"uv":[12.07143,4.28571,11.71429,4.71429],"texture":"#5"},"west":{"uv":[13.35714,10.57143,13.14286,11],"texture":"#5"},"up":{"uv":[2.5,13.71429,2.28571,14.07143],"rotation":90,"texture":"#5"},"down":{"uv":[1.07143,14.64286,0.85714,14.28571],"rotation":270,"texture":"#5"}}},{"from":[0.742,10.55826,6.00019],"to":[1.992,12.05826,6.75019],"rotation":{"angle":-45,"axis":"z","origin":[8,8,8]},"faces":{"north":{"uv":[12.07143,10,11.71429,10.42857],"texture":"#5"},"east":{"uv":[0.21429,13.42857,0,13.85714],"texture":"#5"},"south":{"uv":[12.07143,9.14286,11.71429,9.57143],"texture":"#5"},"west":{"uv":[13.35714,11.42857,13.14286,11.85714],"texture":"#5"},"up":{"uv":[14.5,1.14286,14.28571,1.5],"rotation":90,"texture":"#5"},"down":{"uv":[1.64286,14.64286,1.42857,14.28571],"rotation":270,"texture":"#5"}}},{"from":[-1.988,15.15495,6.37019],"to":[0.137,17.90495,6.38019],"rotation":{"angle":-22.5,"axis":"z","origin":[8,8,8]},"faces":{"north":{"uv":[8.92857,6.57143,8.28571,7.35714],"texture":"#5"},"south":{"uv":[8.28571,6.57143,8.92857,7.35714],"texture":"#5"}}},{"from":[5.99673,17.6219,6.36519],"to":[8.49673,20.1219,6.38519],"rotation":{"angle":22.5,"axis":"z","origin":[8,8,8]},"faces":{"north":{"uv":[5.57143,8,4.85714,8.71429],"texture":"#5"},"south":{"uv":[4.85714,8,5.57143,8.71429],"texture":"#5"}}},{"from":[-0.22023,13.38718,6.36019],"to":[2.52977,15.91218,6.39019],"rotation":{"angle":-22.5,"axis":"z","origin":[8,8,8]},"faces":{"north":{"uv":[8.5,3.71429,7.71429,4.42857],"texture":"#5"},"south":{"uv":[7.71429,3.71429,8.5,4.42857],"texture":"#5"}}},{"from":[-1.66136,14.14833,6.13369],"to":[-0.86136,14.89833,6.61669],"rotation":{"angle":-22.5,"axis":"z","origin":[8,8,8]},"faces":{"north":{"uv":[2.78571,14.57143,2.57143,14.78571],"texture":"#5"},"east":{"uv":[15,0,14.85714,0.21429],"texture":"#5"},"south":{"uv":[11.92857,5.14286,11.71429,5.35714],"texture":"#5"},"west":{"uv":[0.14286,14.85714,0,15.07143],"texture":"#5"},"up":{"uv":[15,1.14286,14.85714,1.35714],"rotation":90,"texture":"#5"}}},{"from":[5.51591,18.17914,6.12869],"to":[6.26591,19.17914,6.62168],"rotation":{"angle":22.5,"axis":"z","origin":[8,8,8]},"faces":{"north":{"uv":[11.35714,10,11.14286,10.28571],"texture":"#5"},"east":{"uv":[14.71429,10.57143,14.57143,10.85714],"texture":"#5"},"south":{"uv":[7.92857,6.57143,7.71429,6.85714],"texture":"#5"},"west":{"uv":[10.42857,14.57143,10.28571,14.85714],"texture":"#5"},"up":{"uv":[15,1.71429,14.85714,1.92857],"rotation":90,"texture":"#5"}}},{"from":[5.51591,17.22914,6.12869],"to":[7.01591,18.17914,6.62168],"rotation":{"angle":22.5,"axis":"z","origin":[8,8,8]},"faces":{"north":{"uv":[13,8.28571,12.57143,8.57143],"texture":"#5"},"south":{"uv":[13,4.28571,12.57143,4.57143],"texture":"#5"},"west":{"uv":[11,14.57143,10.85714,14.85714],"texture":"#5"},"up":{"uv":[14.42857,4,14.28571,4.42857],"rotation":90,"texture":"#5"},"down":{"uv":[4.71429,14.71429,4.57143,14.28571],"rotation":270,"texture":"#5"}}},{"from":[0.10641,13.25188,6.12519],"to":[2.85641,14.50188,6.62519],"rotation":{"angle":-22.5,"axis":"z","origin":[8,8,8]},"faces":{"north":{"uv":[11.92857,5.71429,11.14286,6.07143],"texture":"#5"},"south":{"uv":[11.92857,2.57143,11.14286,2.92857],"texture":"#5"},"west":{"uv":[8.71429,14.28571,8.57143,14.64286],"texture":"#5"},"up":{"uv":[12.71429,8.85714,12.57143,9.64286],"rotation":90,"texture":"#5"},"down":{"uv":[12.71429,10.78571,12.57143,10],"rotation":270,"texture":"#5"}}},{"from":[6,-0.35,10.87519],"to":[10,5.65,11.87519],"rotation":{"angle":0,"axis":"y","origin":[8,8,8]},"faces":{"north":{"uv":[8,0,0,12],"texture":"#3"},"south":{"uv":[0,0,8,12],"texture":"#3"}}},{"from":[3.89375,10.10625,10.50019],"to":[5.89375,12.10625,12.25019],"rotation":{"angle":-45,"axis":"z","origin":[8,8,8]},"faces":{"north":{"uv":[9.42857,5.71429,10,6.28571],"texture":"#5"},"east":{"uv":[2.85714,10.85714,3.35714,11.42857],"texture":"#5"},"south":{"uv":[9.42857,4.85714,10,5.42857],"texture":"#5"},"west":{"uv":[3.71429,10.85714,4.21429,11.42857],"texture":"#5"},"up":{"uv":[5.07143,11.42857,4.57143,10.85714],"rotation":90,"texture":"#5"},"down":{"uv":[11.35714,10.57143,10.85714,11.14286],"rotation":270,"texture":"#5"}}},{"from":[4.14375,10.35625,10.12519],"to":[5.64375,11.85625,12.62519],"rotation":{"angle":-45,"axis":"z","origin":[8,8,8]},"faces":{"north":{"uv":[3.71429,11.71429,4.14286,12.14286],"texture":"#5"},"east":{"uv":[4.28571,10,5,10.42857],"texture":"#5"},"south":{"uv":[11.71429,3.42857,12.14286,3.85714],"texture":"#5"},"west":{"uv":[10,7.42857,10.71429,7.85714],"texture":"#5"},"up":{"uv":[10.71429,10.14286,10,9.71429],"rotation":90,"texture":"#5"},"down":{"uv":[11,0,10.28571,0.42857],"rotation":270,"texture":"#5"}}},{"from":[7.25,11.1,10.62519],"to":[8.75,11.85,12.12519],"rotation":{"angle":0,"axis":"y","origin":[8,8,8]},"faces":{"north":{"uv":[13.42857,1.71429,13.85714,1.92857],"texture":"#5"},"east":{"uv":[13.14286,12.28571,13.57143,12.5],"texture":"#5"},"south":{"uv":[13.42857,0.57143,13.85714,0.78571],"texture":"#5"},"west":{"uv":[13.42857,1.14286,13.85714,1.35714],"texture":"#5"}}},{"from":[8.66421,11.64289,11.12869],"to":[9.91421,13.14289,11.62169],"rotation":{"angle":0,"axis":"y","origin":[8,8,8]},"faces":{"north":{"uv":[11.71429,11.71429,12.07143,12.14286],"texture":"#5"},"east":{"uv":[14.28571,4.85714,14.42857,5.28571],"texture":"#5"},"south":{"uv":[11.71429,10.85714,12.07143,11.28571],"texture":"#5"}}},{"from":[11.04558,8.85625,11.12519],"to":[12.04558,10.10625,11.62519],"rotation":{"angle":45,"axis":"z","origin":[8,8,8]},"faces":{"north":{"uv":[6,12.85714,6.28571,13.21429],"texture":"#5"},"east":{"uv":[9.14286,14.28571,9.28571,14.64286],"texture":"#5"},"south":{"uv":[12.85714,5.71429,13.14286,6.07143],"texture":"#5"},"west":{"uv":[9.71429,14.28571,9.85714,14.64286],"texture":"#5"},"up":{"uv":[14.71429,11.42857,14.57143,11.14286],"rotation":90,"texture":"#5"},"down":{"uv":[14.71429,11.71429,14.57143,12],"rotation":270,"texture":"#5"}}},{"from":[4.83309,12.10624,11.12519],"to":[5.83309,13.35624,11.62519],"rotation":{"angle":-45,"axis":"z","origin":[8,8,8]},"faces":{"north":{"uv":[7.14286,12.85714,7.42857,13.21429],"texture":"#5"},"east":{"uv":[11.42857,14.28571,11.57143,14.64286],"texture":"#5"},"south":{"uv":[6.57143,12.85714,6.85714,13.21429],"texture":"#5"},"west":{"uv":[12,14.28571,12.14286,14.64286],"texture":"#5"},"up":{"uv":[13.28571,14.85714,13.14286,14.57143],"rotation":90,"texture":"#5"}}},{"from":[6.08579,11.64289,11.12869],"to":[7.33579,13.14289,11.62169],"rotation":{"angle":0,"axis":"y","origin":[8,8,8]},"faces":{"north":{"uv":[6.85714,12,7.21429,12.42857],"texture":"#5"},"south":{"uv":[6,12,6.35714,12.42857],"texture":"#5"},"west":{"uv":[5.14286,14.28571,5.28571,14.71429],"texture":"#5"}}},{"from":[3.95442,8.85625,11.12519],"to":[4.95442,10.10625,11.62519],"rotation":{"angle":-45,"axis":"z","origin":[8,8,8]},"faces":{"north":{"uv":[9.71429,12.85714,10,13.21429],"texture":"#5"},"east":{"uv":[12.57143,14.28571,12.71429,14.64286],"texture":"#5"},"south":{"uv":[12.85714,7.42857,13.14286,7.78571],"texture":"#5"},"west":{"uv":[14.28571,12.85714,14.42857,13.21429],"texture":"#5"},"down":{"uv":[13.85714,14.57143,13.71429,14.85714],"rotation":270,"texture":"#5"}}},{"from":[10.16691,12.10624,11.12519],"to":[11.16691,13.35624,11.62519],"rotation":{"angle":45,"axis":"z","origin":[8,8,8]},"faces":{"north":{"uv":[12.85714,12.85714,13.14286,13.21429],"texture":"#5"},"east":{"uv":[14.28571,13.71429,14.42857,14.07143],"texture":"#5"},"south":{"uv":[12.28571,12.85714,12.57143,13.21429],"texture":"#5"},"west":{"uv":[2,14.57143,2.14286,14.92857],"texture":"#5"},"up":{"uv":[14.42857,14.85714,14.28571,14.57143],"rotation":90,"texture":"#5"}}},{"from":[5.75,7.70371,6.12519],"to":[10.25,15.70371,6.62519],"rotation":{"angle":0,"axis":"y","origin":[8,8,8]},"faces":{"north":{"uv":[4,4.57143,5.28571,6.85714],"texture":"#5"},"east":{"uv":[7.71429,8.57143,7.85714,10.85714],"texture":"#5"},"south":{"uv":[2.28571,4.57143,3.57143,6.85714],"texture":"#5"},"west":{"uv":[9.71429,0,9.85714,2.28571],"texture":"#5"},"up":{"uv":[5.57143,12.71429,5.42857,11.42857],"rotation":90,"texture":"#5"}}},{"from":[6.5,-3.29629,6.12519],"to":[9.5,7.70371,6.62519],"rotation":{"angle":0,"axis":"y","origin":[8,8,8]},"faces":{"north":{"uv":[6.28571,0,7.14286,3.14286],"texture":"#5"},"east":{"uv":[6.57143,8.57143,6.71429,11.71429],"texture":"#5"},"south":{"uv":[5.71429,4.57143,6.57143,7.71429],"texture":"#5"},"west":{"uv":[7.14286,8.57143,7.28571,11.71429],"texture":"#5"}}},{"from":[6.61451,6.19549,6.12019],"to":[9.80451,9.38549,6.63019],"rotation":{"angle":-45,"axis":"z","origin":[8,8,8]},"faces":{"north":{"uv":[7.42857,0,8.35714,0.92857],"texture":"#5"},"east":{"uv":[1.71429,12.28571,1.85714,13.21429],"texture":"#5"},"south":{"uv":[6.85714,7.14286,7.78571,8.07143],"texture":"#5"},"west":{"uv":[2.28571,12.28571,2.42857,13.21429],"texture":"#5"},"up":{"uv":[12.42857,6.07143,12.28571,5.14286],"rotation":90,"texture":"#5"},"down":{"uv":[7.85714,12.28571,7.71429,13.21429],"rotation":270,"texture":"#5"}}},{"from":[14.91834,-1.05702,6.12019],"to":[17.04834,1.07298,6.63019],"rotation":{"angle":-45,"axis":"z","origin":[8,8,8]},"faces":{"north":{"uv":[8.85714,7.71429,9.5,8.35714],"texture":"#5"},"east":{"uv":[2.85714,13.42857,3,14.07143],"texture":"#5"},"south":{"uv":[8.85714,2.85714,9.5,3.5],"texture":"#5"},"west":{"uv":[13.42857,3.14286,13.57143,3.78571],"texture":"#5"},"up":{"uv":[3.57143,14.07143,3.42857,13.42857],"rotation":90,"texture":"#5"},"down":{"uv":[4.14286,13.42857,4,14.07143],"rotation":270,"texture":"#5"}}},{"from":[12.20872,-1.86238,6.12869],"to":[13.70872,10.13762,6.62168],"rotation":{"angle":-22.5,"axis":"z","origin":[8,8,8]},"faces":{"north":{"uv":[2.28571,7.14286,2.71429,10.57143],"texture":"#5"},"east":{"uv":[6,8,6.14286,11.42857],"texture":"#5"},"south":{"uv":[6.85714,3.42857,7.28571,6.85714],"texture":"#5"},"west":{"uv":[8.28571,7.71429,8.42857,11.14286],"texture":"#5"}}},{"from":[10.70872,-2.86238,6.36019],"to":[17.20872,20.13762,6.39019],"rotation":{"angle":-22.5,"axis":"z","origin":[8,8,8]},"faces":{"north":{"uv":[0,4.57143,1.85714,11.14286],"texture":"#5"},"south":{"uv":[1.85714,4.57143,0,11.14286],"texture":"#5"}}},{"from":[9.20872,11.63762,6.12869],"to":[10.70872,15.13762,6.62168],"rotation":{"angle":-22.5,"axis":"z","origin":[8,8,8]},"faces":{"north":{"uv":[8.85714,1.42857,9.28571,2.42857],"texture":"#5"},"east":{"uv":[0.57143,12.28571,0.71429,13.28571],"texture":"#5"},"south":{"uv":[8.85714,0,9.28571,1],"texture":"#5"},"west":{"uv":[1.14286,12.28571,1.28571,13.28571],"texture":"#5"}}},{"from":[9.20872,10.13762,6.12869],"to":[13.70872,11.63762,6.62168],"rotation":{"angle":-22.5,"axis":"z","origin":[8,8,8]},"faces":{"north":{"uv":[7.71429,5.71429,9,6.14286],"texture":"#5"},"east":{"uv":[5.71429,14.28571,5.85714,14.71429],"texture":"#5"},"south":{"uv":[7.71429,4.85714,9,5.28571],"texture":"#5"},"west":{"uv":[14.28571,5.71429,14.42857,6.14286],"texture":"#5"},"up":{"uv":[9.28571,12.71429,9.14286,11.42857],"rotation":90,"texture":"#5"},"down":{"uv":[4.71429,11.71429,4.57143,13],"rotation":270,"texture":"#5"}}},{"from":[7.45872,15.13762,6.12869],"to":[10.70872,16.63762,6.62168],"rotation":{"angle":-22.5,"axis":"z","origin":[8,8,8]},"faces":{"north":{"uv":[8.85714,8.85714,9.78571,9.28571],"texture":"#5"},"east":{"uv":[6.28571,14.28571,6.42857,14.71429],"texture":"#5"},"south":{"uv":[8.85714,4,9.78571,4.42857],"texture":"#5"},"up":{"uv":[8.42857,13.21429,8.28571,12.28571],"rotation":90,"texture":"#5"},"down":{"uv":[10.71429,12.28571,10.57143,13.21429],"rotation":270,"texture":"#5"}}},{"from":[-1.20872,-2.86238,6.36019],"to":[5.29128,20.13762,6.39019],"rotation":{"angle":22.5,"axis":"z","origin":[8,8,8]},"faces":{"north":{"uv":[1.85714,4.57143,0,11.14286],"texture":"#5"},"south":{"uv":[0,4.57143,1.85714,11.14286],"texture":"#5"}}},{"from":[5.29128,15.13762,6.12869],"to":[8.54128,16.63762,6.62168],"rotation":{"angle":22.5,"axis":"z","origin":[8,8,8]},"faces":{"north":{"uv":[9.78571,8.85714,8.85714,9.28571],"texture":"#5"},"south":{"uv":[9.78571,4,8.85714,4.42857],"texture":"#5"},"west":{"uv":[6.42857,14.28571,6.28571,14.71429],"texture":"#5"},"up":{"uv":[8.42857,12.28571,8.28571,13.21429],"rotation":90,"texture":"#5"},"down":{"uv":[10.71429,13.21429,10.57143,12.28571],"rotation":270,"texture":"#5"}}},{"from":[5.29128,11.63762,6.12869],"to":[6.79128,15.13762,6.62168],"rotation":{"angle":22.5,"axis":"z","origin":[8,8,8]},"faces":{"north":{"uv":[9.28571,1.42857,8.85714,2.42857],"texture":"#5"},"east":{"uv":[1.28571,12.28571,1.14286,13.28571],"texture":"#5"},"south":{"uv":[9.28571,0,8.85714,1],"texture":"#5"},"west":{"uv":[0.71429,12.28571,0.57143,13.28571],"texture":"#5"}}},{"from":[2.29128,10.13762,6.12869],"to":[6.79128,11.63762,6.62168],"rotation":{"angle":22.5,"axis":"z","origin":[8,8,8]},"faces":{"north":{"uv":[9,5.71429,7.71429,6.14286],"texture":"#5"},"east":{"uv":[14.42857,5.71429,14.28571,6.14286],"texture":"#5"},"south":{"uv":[9,4.85714,7.71429,5.28571],"texture":"#5"},"west":{"uv":[5.85714,14.28571,5.71429,14.71429],"texture":"#5"},"up":{"uv":[9.28571,11.42857,9.14286,12.71429],"rotation":90,"texture":"#5"},"down":{"uv":[4.71429,13,4.57143,11.71429],"rotation":270,"texture":"#5"}}},{"from":[2.29128,-1.86238,6.12869],"to":[3.79128,10.13762,6.62168],"rotation":{"angle":22.5,"axis":"z","origin":[8,8,8]},"faces":{"north":{"uv":[2.71429,7.14286,2.28571,10.57143],"texture":"#5"},"east":{"uv":[8.42857,7.71429,8.28571,11.14286],"texture":"#5"},"south":{"uv":[7.28571,3.42857,6.85714,6.85714],"texture":"#5"},"west":{"uv":[6.14286,8,6,11.42857],"texture":"#5"}}},{"from":[3,-0.04629,6.25019],"to":[13,14.95371,6.50019],"rotation":{"angle":0,"axis":"y","origin":[8,8,8]},"faces":{"north":{"uv":[3.14286,0,6,4.28571],"texture":"#5"},"south":{"uv":[0,0,2.85714,4.28571],"texture":"#5"}}},{"from":[10.60625,10.60625,6.37519],"to":[11.60625,11.60625,10.12519],"rotation":{"angle":45,"axis":"z","origin":[8,8,8]},"faces":{"east":{"uv":[10,3.42857,11.07143,3.71429],"texture":"#5"},"west":{"uv":[10,8.28571,11.07143,8.57143],"texture":"#5"},"up":{"uv":[11.35714,1.14286,10.28571,0.85714],"rotation":90,"texture":"#5"},"down":{"uv":[11.35714,1.42857,10.28571,1.71429],"rotation":270,"texture":"#5"}}},{"from":[4.39375,4.39375,6.37519],"to":[5.39375,5.39375,10.12519],"rotation":{"angle":45,"axis":"z","origin":[8,8,8]},"faces":{"east":{"uv":[10,3.42857,11.07143,3.71429],"texture":"#5"},"west":{"uv":[10,8.28571,11.07143,8.57143],"texture":"#5"},"up":{"uv":[11.35714,1.14286,10.28571,0.85714],"rotation":90,"texture":"#5"},"down":{"uv":[11.35714,1.42857,10.28571,1.71429],"rotation":270,"texture":"#5"}}},{"from":[6.08579,2.85711,11.12869],"to":[7.33579,4.35711,11.62169],"rotation":{"angle":0,"axis":"y","origin":[8,8,8]},"faces":{"north":{"uv":[9.71429,12,10.07143,12.42857],"texture":"#5"},"south":{"uv":[12,7.42857,12.35714,7.85714],"texture":"#5"},"west":{"uv":[6.85714,14.28571,7,14.71429],"texture":"#5"}}},{"from":[8.66421,2.85711,11.12869],"to":[9.91421,4.35711,11.62169],"rotation":{"angle":0,"axis":"y","origin":[8,8,8]},"faces":{"north":{"uv":[10.07143,12,9.71429,12.42857],"texture":"#5"},"east":{"uv":[7,14.28571,6.85714,14.71429],"texture":"#5"},"south":{"uv":[12.35714,7.42857,12,7.85714],"texture":"#5"}}},{"from":[10,0.75,4.60982],"to":[12.75,21.75,4.63982],"rotation":{"angle":0,"axis":"y","origin":[8,8,8]},"faces":{"north":{"uv":[3.16667,0,1.33333,14],"texture":"#particle"},"south":{"uv":[1.33333,0,3.16667,14],"texture":"#particle"}}},{"from":[11.0907,0.75,3.05028],"to":[13.0907,21.75,3.08028],"rotation":{"angle":-22.5,"axis":"y","origin":[8,8,8]},"faces":{"north":{"uv":[4.5,0,3.16667,14],"texture":"#particle"},"south":{"uv":[3.16667,0,4.5,14],"texture":"#particle"}}},{"from":[8,0.75,4.60982],"to":[10,21.75,4.63982],"rotation":{"angle":0,"axis":"y","origin":[8,8,8]},"faces":{"north":{"uv":[1.33333,0,0,14],"texture":"#particle"},"south":{"uv":[0,0,1.33333,14],"texture":"#particle"}}},{"from":[17.03397,0.75,9.33006],"to":[17.06397,21.75,11.33006],"rotation":{"angle":0,"axis":"y","origin":[8,8,8]},"faces":{"east":{"uv":[9,0,7.66667,14],"texture":"#particle"},"west":{"uv":[7.66667,0,9,14],"texture":"#particle"}}},{"from":[15.83502,0.75,9.94745],"to":[15.86502,21.75,12.69745],"rotation":{"angle":22.5,"axis":"y","origin":[8,8,8]},"faces":{"east":{"uv":[7.66667,0,5.83333,14],"texture":"#particle"},"west":{"uv":[5.83333,0,7.66667,14],"texture":"#particle"}}},{"from":[10.80902,0.75,1.47892],"to":[12.80902,21.75,1.50892],"rotation":{"angle":-45,"axis":"y","origin":[8,8,8]},"faces":{"north":{"uv":[5.83333,0,4.5,14],"texture":"#particle"},"south":{"uv":[4.5,0,5.83333,14],"texture":"#particle"}}},{"from":[3.25,0.75,4.60982],"to":[6,21.75,4.63982],"rotation":{"angle":0,"axis":"y","origin":[8,8,8]},"faces":{"north":{"uv":[1.33333,0,3.16667,14],"texture":"#particle"},"south":{"uv":[3.16667,0,1.33333,14],"texture":"#particle"}}},{"from":[2.9093,0.75,3.05028],"to":[4.9093,21.75,3.08028],"rotation":{"angle":22.5,"axis":"y","origin":[8,8,8]},"faces":{"north":{"uv":[3.16667,0,4.5,14],"texture":"#particle"},"south":{"uv":[4.5,0,3.16667,14],"texture":"#particle"}}},{"from":[6,0.75,4.60982],"to":[8,21.75,4.63982],"rotation":{"angle":0,"axis":"y","origin":[8,8,8]},"faces":{"north":{"uv":[0,0,1.33333,14],"texture":"#particle"},"south":{"uv":[1.33333,0,0,14],"texture":"#particle"}}},{"from":[-1.06397,0.75,9.33006],"to":[-1.03397,21.75,11.33006],"rotation":{"angle":0,"axis":"y","origin":[8,8,8]},"faces":{"east":{"uv":[9,0,7.66667,14],"texture":"#particle"},"west":{"uv":[7.66667,0,9,14],"texture":"#particle"}}},{"from":[0.13498,0.75,9.94745],"to":[0.16498,21.75,12.69745],"rotation":{"angle":-22.5,"axis":"y","origin":[8,8,8]},"faces":{"east":{"uv":[7.66667,0,5.83333,14],"texture":"#particle"},"west":{"uv":[5.83333,0,7.66667,14],"texture":"#particle"}}},{"from":[3.19098,0.75,1.47892],"to":[5.19098,21.75,1.50892],"rotation":{"angle":45,"axis":"y","origin":[8,8,8]},"faces":{"north":{"uv":[4.5,0,5.83333,14],"texture":"#particle"},"south":{"uv":[5.83333,0,4.5,14],"texture":"#particle"}}}],"gui_light":"front","display":{"thirdperson_righthand":{"rotation":[0,-60,0],"translation":[2.75,-1.75,-0.75]},"thirdperson_lefthand":{"rotation":[0,-60,0],"translation":[2.75,-1.75,-0.75]},"firstperson_righthand":{"rotation":[0,0,9],"translation":[3,0.75,0.5],"scale":[0.7,0.7,0.7]},"firstperson_lefthand":{"rotation":[0,0,9],"translation":[3,0.75,0.5],"scale":[0.7,0.7,0.7]},"ground":{"rotation":[45,0,0],"translation":[0,5,0],"scale":[0.7,0.7,0.7]},"gui":{"rotation":[0,180,-45],"translation":[1.25,-1.25,0],"scale":[0.7,0.7,0.7]},"fixed":{"translation":[0,0,-1.75],"scale":[2,2,2]}}}