{"credit":"Pologony Creation Co.,Ltd.","texture_size":[12,12],"textures":{"2":"frostbite_set:animated/animated_3","3":"frostbite_set:animated/animated_1","5":"frostbite_set:shovel","particle":"frostbite_set:animated/animated_3"},"elements":[{"from":[7,10.91421,6.75],"to":[9,11.41421,7.25],"rotation":{"angle":45,"axis":"x","origin":[8.5,11.16421,8]},"faces":{"north":{"uv":[12,7.6,12.8,7.8],"texture":"#5"},"east":{"uv":[8.4,15.2,8.6,15.4],"texture":"#5"},"south":{"uv":[5.2,12.4,6,12.6],"texture":"#5"},"west":{"uv":[9.2,15.2,9.4,15.4],"texture":"#5"},"up":{"uv":[7.2,12.6,6.4,12.4],"texture":"#5"},"down":{"uv":[10,12.4,9.2,12.6],"texture":"#5"}}},{"from":[7.5,9.66421,6.5],"to":[8.5,12.66421,9.5],"rotation":{"angle":45,"axis":"x","origin":[8.5,11.16421,8]},"faces":{"north":{"uv":[7.6,6,8,7.2],"texture":"#5"},"east":{"uv":[3.2,0,4.4,1.2],"texture":"#5"},"south":{"uv":[7.6,7.6,8,8.8],"texture":"#5"},"west":{"uv":[1.2,3.2,2.4,4.4],"texture":"#5"},"up":{"uv":[0.4,9.6,0,8.4],"texture":"#5"},"down":{"uv":[1.2,8.4,0.8,9.6],"texture":"#5"}}},{"from":[7,10.91421,8.75],"to":[9,11.41421,9.25],"rotation":{"angle":-45,"axis":"x","origin":[8.5,11.16421,8]},"faces":{"north":{"uv":[10.4,12.4,11.2,12.6],"texture":"#5"},"east":{"uv":[10,15.2,10.2,15.4],"texture":"#5"},"south":{"uv":[3.2,12.8,4,13],"texture":"#5"},"west":{"uv":[15.2,10.4,15.4,10.6],"texture":"#5"},"up":{"uv":[13.6,6.6,12.8,6.4],"texture":"#5"},"down":{"uv":[13.6,8.4,12.8,8.6],"texture":"#5"}}},{"from":[7,9.91421,7.75],"to":[9,10.41421,8.25],"rotation":{"angle":45,"axis":"x","origin":[8.5,11.16421,8]},"faces":{"north":{"uv":[12.8,9.2,13.6,9.4],"texture":"#5"},"east":{"uv":[15.2,11.2,15.4,11.4],"texture":"#5"},"south":{"uv":[12.8,10,13.6,10.2],"texture":"#5"},"west":{"uv":[15.2,12,15.4,12.2],"texture":"#5"},"up":{"uv":[13.6,11,12.8,10.8],"texture":"#5"},"down":{"uv":[12.4,12.8,11.6,13],"texture":"#5"}}},{"from":[7,9.91421,7.75],"to":[9,10.41421,8.25],"rotation":{"angle":-45,"axis":"x","origin":[8.5,11.16421,8]},"faces":{"north":{"uv":[12.8,11.6,13.6,11.8],"texture":"#5"},"east":{"uv":[15.2,12.8,15.4,13],"texture":"#5"},"south":{"uv":[12.8,12.4,13.6,12.6],"texture":"#5"},"west":{"uv":[14.8,15.2,15,15.4],"texture":"#5"},"up":{"uv":[14,0.2,13.2,0],"texture":"#5"},"down":{"uv":[14,0.8,13.2,1],"texture":"#5"}}},{"from":[7.25,10.16421,7],"to":[8.75,12.16421,9],"rotation":{"angle":45,"axis":"x","origin":[8.5,11.16421,8]},"faces":{"north":{"uv":[7.6,3.6,8.2,4.4],"texture":"#5"},"east":{"uv":[4.8,0,5.6,0.8],"texture":"#5"},"south":{"uv":[8.4,1.2,9,2],"texture":"#5"},"west":{"uv":[1.2,4.8,2,5.6],"texture":"#5"},"up":{"uv":[9,3.2,8.4,2.4],"texture":"#5"},"down":{"uv":[5.4,8.4,4.8,9.2],"texture":"#5"}}},{"from":[7.125,-4.08579,7.5],"to":[8.875,-2.08579,9.5],"rotation":{"angle":45,"axis":"x","origin":[8.375,-2.58579,8]},"faces":{"north":{"uv":[1.6,6,2.3,6.8],"texture":"#5"},"east":{"uv":[5.2,4,6,4.8],"texture":"#5"},"south":{"uv":[2.8,6.4,3.5,7.2],"texture":"#5"},"west":{"uv":[5.2,5.2,6,6],"texture":"#5"},"up":{"uv":[7.1,4.4,6.4,3.6],"texture":"#5"},"down":{"uv":[4.7,6.4,4,7.2],"texture":"#5"}}},{"from":[6.75,-3.83579,7.75],"to":[9.25,-2.33579,9.25],"rotation":{"angle":45,"axis":"x","origin":[8.5,-2.58579,8]},"faces":{"north":{"uv":[5.6,1.2,6.6,1.8],"texture":"#5"},"east":{"uv":[8.8,0,9.4,0.6],"texture":"#5"},"south":{"uv":[5.6,2.4,6.6,3],"texture":"#5"},"west":{"uv":[8.8,3.6,9.4,4.2],"texture":"#5"},"up":{"uv":[1,6.6,0,6],"texture":"#5"},"down":{"uv":[7,0,6,0.6],"texture":"#5"}}},{"from":[7.25,-2.75,7.25],"to":[8.75,-2,8.75],"rotation":{"angle":0,"axis":"y","origin":[7.5,-2.75,7.5]},"faces":{"north":{"uv":[0.8,11.6,1.4,11.9],"texture":"#5"},"east":{"uv":[2,11.6,2.6,11.9],"texture":"#5"},"south":{"uv":[6.4,11.6,7,11.9],"texture":"#5"},"west":{"uv":[11.6,8.4,12.2,8.7],"texture":"#5"},"up":{"uv":[6.6,9.4,6,8.8],"texture":"#5"}}},{"from":[7.375,-2,7.375],"to":[8.625,-1.25,8.625],"rotation":{"angle":0,"axis":"y","origin":[7.625,-2,7.375]},"faces":{"north":{"uv":[13.2,1.6,13.7,1.9],"texture":"#5"},"east":{"uv":[13.2,2.4,13.7,2.7],"texture":"#5"},"south":{"uv":[13.2,3.2,13.7,3.5],"texture":"#5"},"west":{"uv":[13.2,4,13.7,4.3],"texture":"#5"},"up":{"uv":[6.9,10.9,6.4,10.4],"texture":"#5"}}},{"from":[7.375,-1,7.44822],"to":[8.375,2.5,8.44822],"rotation":{"angle":45,"axis":"y","origin":[8,-0.875,7.82322]},"faces":{"north":{"uv":[6.4,4.8,6.8,6.2],"texture":"#5"},"east":{"uv":[5.2,6.4,5.6,7.8],"texture":"#5"},"south":{"uv":[6,6.8,6.4,8.2],"texture":"#5"},"west":{"uv":[6.8,6.8,7.2,8.2],"texture":"#5"}}},{"from":[7.375,2.75,7.375],"to":[8.625,3.5,8.625],"rotation":{"angle":0,"axis":"y","origin":[7.625,3.5,7.375]},"faces":{"north":{"uv":[13.2,4.8,13.7,5.1],"texture":"#5"},"east":{"uv":[5.2,13.2,5.7,13.5],"texture":"#5"},"south":{"uv":[13.2,5.6,13.7,5.9],"texture":"#5"},"west":{"uv":[6.4,13.2,6.9,13.5],"texture":"#5"},"down":{"uv":[11.3,1.2,10.8,1.7],"texture":"#5"}}},{"from":[7.375,0.5,7.375],"to":[8.625,1.25,8.625],"rotation":{"angle":45,"axis":"y","origin":[8,0.875,8]},"faces":{"north":{"uv":[13.2,7.2,13.7,7.5],"texture":"#5"},"east":{"uv":[7.6,13.2,8.1,13.5],"texture":"#5"},"south":{"uv":[8.8,13.2,9.3,13.5],"texture":"#5"},"west":{"uv":[10,13.2,10.5,13.5],"texture":"#5"},"up":{"uv":[11.3,2.9,10.8,2.4],"texture":"#5"},"down":{"uv":[4.1,10.8,3.6,11.3],"texture":"#5"}}},{"from":[7.375,-1.75,7.375],"to":[8.625,-1,8.625],"rotation":{"angle":45,"axis":"y","origin":[8,-1.375,8]},"faces":{"north":{"uv":[12.8,13.2,13.3,13.5],"texture":"#5"},"east":{"uv":[0.8,13.6,1.3,13.9],"texture":"#5"},"south":{"uv":[2,13.6,2.5,13.9],"texture":"#5"},"west":{"uv":[3.2,13.6,3.7,13.9],"texture":"#5"},"up":{"uv":[11.3,5.3,10.8,4.8],"texture":"#5"},"down":{"uv":[11.3,6,10.8,6.5],"texture":"#5"}}},{"from":[7.375,2.5,7.375],"to":[8.625,3.25,8.625],"rotation":{"angle":45,"axis":"y","origin":[8,11.875,8]},"faces":{"north":{"uv":[11.2,13.6,11.7,13.9],"texture":"#5"},"east":{"uv":[4.4,14,4.9,14.3],"texture":"#5"},"south":{"uv":[5.6,14,6.1,14.3],"texture":"#5"},"west":{"uv":[14,6.4,14.5,6.7],"texture":"#5"},"up":{"uv":[11.3,7.7,10.8,7.2],"texture":"#5"},"down":{"uv":[8.1,10.8,7.6,11.3],"texture":"#5"}}},{"from":[7.25,3.5,7.25],"to":[8.75,4.25,8.75],"rotation":{"angle":0,"axis":"y","origin":[7.5,4.25,7.5]},"faces":{"north":{"uv":[9.6,11.6,10.2,11.9],"texture":"#5"},"east":{"uv":[11.6,10.4,12.2,10.7],"texture":"#5"},"south":{"uv":[10.8,11.6,11.4,11.9],"texture":"#5"},"west":{"uv":[12,0,12.6,0.3],"texture":"#5"},"up":{"uv":[7.8,9.8,7.2,9.2],"texture":"#5"},"down":{"uv":[10.2,1.2,9.6,1.8],"texture":"#5"}}},{"from":[7.25,3.75,7.25],"to":[8.75,4.5,8.75],"rotation":{"angle":45,"axis":"y","origin":[8,4.125,8]},"faces":{"north":{"uv":[12,0.8,12.6,1.1],"texture":"#5"},"east":{"uv":[12,1.6,12.6,1.9],"texture":"#5"},"south":{"uv":[12,2.4,12.6,2.7],"texture":"#5"},"west":{"uv":[3.2,12,3.8,12.3],"texture":"#5"},"up":{"uv":[10.2,3,9.6,2.4],"texture":"#5"},"down":{"uv":[4.6,9.6,4,10.2],"texture":"#5"}}},{"from":[7.25,9,7.25],"to":[8.75,9.75,8.75],"rotation":{"angle":45,"axis":"y","origin":[8,9.375,8]},"faces":{"north":{"uv":[12,3.2,12.6,3.5],"texture":"#5"},"east":{"uv":[12,4,12.6,4.3],"texture":"#5"},"south":{"uv":[12,4.8,12.6,5.1],"texture":"#5"},"west":{"uv":[12,5.6,12.6,5.9],"texture":"#5"},"up":{"uv":[10.2,5.4,9.6,4.8],"texture":"#5"},"down":{"uv":[10.2,6,9.6,6.6],"texture":"#5"}}},{"from":[7.6285,10.16421,5.12132],"to":[8.3715,12.16421,6.62132],"rotation":{"angle":0,"axis":"y","origin":[7.1285,9.66421,6.62132]},"faces":{"north":{"uv":[10.8,8.4,11.1,9.2],"texture":"#5"},"east":{"uv":[8.4,4.8,9,5.6],"texture":"#5"},"south":{"uv":[8.8,10.8,9.1,11.6],"texture":"#5"},"west":{"uv":[8.4,6,9,6.8],"texture":"#5"}}},{"from":[7.625,11.19454,4.53033],"to":[8.375,12.69454,5.78033],"rotation":{"angle":-45,"axis":"x","origin":[7.625,12.69454,5.03033]},"faces":{"north":{"uv":[12,6.4,12.3,7],"texture":"#5"},"east":{"uv":[9.6,7.2,10.1,7.8],"texture":"#5"},"south":{"uv":[7.6,12,7.9,12.6],"texture":"#5"},"west":{"uv":[8.4,9.6,8.9,10.2],"texture":"#5"},"up":{"uv":[0.3,14.5,0,14],"texture":"#5"},"down":{"uv":[7.1,14,6.8,14.5],"texture":"#5"}}},{"from":[7.625,9.63388,4.53033],"to":[8.375,11.13388,5.78033],"rotation":{"angle":45,"axis":"x","origin":[7.625,9.63388,5.03033]},"faces":{"north":{"uv":[8.4,12,8.7,12.6],"texture":"#5"},"east":{"uv":[9.6,8.4,10.1,9],"texture":"#5"},"south":{"uv":[12,9.2,12.3,9.8],"texture":"#5"},"west":{"uv":[9.6,9.6,10.1,10.2],"texture":"#5"},"up":{"uv":[7.9,14.5,7.6,14],"texture":"#5"},"down":{"uv":[14.3,8,14,8.5],"texture":"#5"}}},{"from":[7.7535,-4.04289,6.08579],"to":[8.2465,-2.54289,7.33579],"rotation":{"angle":0,"axis":"y","origin":[7.2535,-4.79289,7.33579]},"faces":{"north":{"uv":[10.8,14.4,11,15],"texture":"#5"},"east":{"uv":[0,10,0.5,10.6],"texture":"#5"},"south":{"uv":[11.6,14.4,11.8,15],"texture":"#5"},"west":{"uv":[10,0,10.5,0.6],"texture":"#5"}}},{"from":[7.75,-3.51256,5.4948],"to":[8.25,-2.26256,6.4948],"rotation":{"angle":-45,"axis":"x","origin":[7.75,-2.01256,5.7448]},"faces":{"north":{"uv":[6,14.8,6.2,15.3],"texture":"#5"},"east":{"uv":[11.2,0,11.6,0.5],"texture":"#5"},"south":{"uv":[14.8,7.2,15,7.7],"texture":"#5"},"west":{"uv":[11.2,3.6,11.6,4.1],"texture":"#5"},"up":{"uv":[14.2,15.2,14,14.8],"texture":"#5"},"down":{"uv":[15,14.4,14.8,14.8],"texture":"#5"}}},{"from":[7.75,-4.32322,5.4948],"to":[8.25,-3.07322,6.4948],"rotation":{"angle":45,"axis":"x","origin":[7.75,-4.57322,5.7448]},"faces":{"north":{"uv":[14.8,8.4,15,8.9],"texture":"#5"},"east":{"uv":[4.8,11.2,5.2,11.7],"texture":"#5"},"south":{"uv":[12.4,14.8,12.6,15.3],"texture":"#5"},"west":{"uv":[5.6,11.2,6,11.7],"texture":"#5"},"up":{"uv":[0.2,15.6,0,15.2],"texture":"#5"},"down":{"uv":[1,15.2,0.8,15.6],"texture":"#5"}}},{"from":[7.985,-7,5.25],"to":[8.015,-1,7.25],"rotation":{"angle":0,"axis":"y","origin":[7.985,-8,3.25]},"faces":{"east":{"uv":[0.8,3.2,0,5.6],"texture":"#5"},"west":{"uv":[0,3.2,0.8,5.6],"texture":"#5"}}},{"from":[7.7585,15.00376,6.51276],"to":[8.2415,15.80376,7.26276],"rotation":{"angle":0,"axis":"y","origin":[8,14.22838,6.39312]},"faces":{"east":{"uv":[14.8,9.6,15.1,9.9],"texture":"#5"},"south":{"uv":[15.2,5.6,15.4,5.9],"texture":"#5"},"west":{"uv":[14.8,13.6,15.1,13.9],"texture":"#5"},"up":{"uv":[15.4,6.7,15.2,6.4],"texture":"#5"},"down":{"uv":[7,15.2,6.8,15.5],"texture":"#5"}}},{"from":[7.7535,14.42693,5.36376],"to":[8.2465,15.42693,6.11376],"rotation":{"angle":45,"axis":"x","origin":[8,14.22838,6.39312]},"faces":{"north":{"uv":[1.6,15.2,1.8,15.6],"texture":"#5"},"east":{"uv":[4,8.8,4.3,9.2],"texture":"#5"},"south":{"uv":[2.4,15.2,2.6,15.6],"texture":"#5"},"west":{"uv":[14.4,5.6,14.7,6],"texture":"#5"},"up":{"uv":[7.8,15.5,7.6,15.2],"texture":"#5"}}},{"from":[7.7535,13.47693,5.36376],"to":[8.2465,14.42693,6.86376],"rotation":{"angle":45,"axis":"x","origin":[8,14.22838,6.39312]},"faces":{"north":{"uv":[3.2,15.2,3.4,15.6],"texture":"#5"},"east":{"uv":[9.6,10.8,10.2,11.2],"texture":"#5"},"west":{"uv":[10.8,9.6,11.4,10],"texture":"#5"},"up":{"uv":[4.6,15.4,4.4,14.8],"texture":"#5"},"down":{"uv":[5.4,14.8,5.2,15.4],"texture":"#5"}}},{"from":[7.75,11.78599,5.61631],"to":[8.25,14.03599,6.86631],"rotation":{"angle":0,"axis":"y","origin":[8,14.22838,6.39312]},"faces":{"north":{"uv":[12,11.2,12.2,12.1],"texture":"#5"},"east":{"uv":[1.6,8.8,2.1,9.7],"texture":"#5"},"south":{"uv":[0,12.4,0.2,13.3],"texture":"#5"},"west":{"uv":[2.8,8.8,3.3,9.7],"texture":"#5"},"up":{"uv":[13.4,15.3,13.2,14.8],"texture":"#5"}}},{"from":[7.5,-7.25,6],"to":[8.5,-1.25,10],"rotation":{"angle":0,"axis":"y","origin":[-0.5,0,6]},"faces":{"east":{"uv":[0,0,8,12],"texture":"#3"},"west":{"uv":[8,0,0,12],"texture":"#3"}}},{"from":[7.29289,4.5,7.92678],"to":[8.54289,9,9.17678],"rotation":{"angle":45,"axis":"y","origin":[7.29289,4.5,8.17678]},"faces":{"north":{"uv":[3.2,1.6,3.7,3.4],"texture":"#5"},"east":{"uv":[2.8,4,3.3,5.8],"texture":"#5"},"south":{"uv":[4,4,4.5,5.8],"texture":"#5"},"west":{"uv":[4.4,1.6,4.9,3.4],"texture":"#5"}}},{"from":[7.6285,10.16421,9.37868],"to":[8.3715,12.16421,10.87868],"rotation":{"angle":0,"axis":"y","origin":[7.1285,9.66421,9.37868]},"faces":{"north":{"uv":[10.8,10.4,11.1,11.2],"texture":"#5"},"east":{"uv":[8.4,7.2,9,8],"texture":"#5"},"south":{"uv":[0,11.2,0.3,12],"texture":"#5"},"west":{"uv":[8.4,8.4,9,9.2],"texture":"#5"}}},{"from":[7.625,11.19454,10.21967],"to":[8.375,12.69454,11.46967],"rotation":{"angle":45,"axis":"x","origin":[7.625,12.69454,10.96967]},"faces":{"north":{"uv":[0.8,12.4,1.1,13],"texture":"#5"},"east":{"uv":[10,3.6,10.5,4.2],"texture":"#5"},"south":{"uv":[1.6,12.4,1.9,13],"texture":"#5"},"west":{"uv":[5.2,10,5.7,10.6],"texture":"#5"},"up":{"uv":[8.7,14.5,8.4,14],"texture":"#5"},"down":{"uv":[9.5,14,9.2,14.5],"texture":"#5"}}},{"from":[7.625,9.63388,10.21967],"to":[8.375,11.13388,11.46967],"rotation":{"angle":-45,"axis":"x","origin":[7.625,9.63388,10.96967]},"faces":{"north":{"uv":[2.4,12.4,2.7,13],"texture":"#5"},"east":{"uv":[1.2,10.4,1.7,11],"texture":"#5"},"south":{"uv":[4.4,12.4,4.7,13],"texture":"#5"},"west":{"uv":[2.4,10.4,2.9,11],"texture":"#5"},"up":{"uv":[14.3,9.7,14,9.2],"texture":"#5"},"down":{"uv":[10.3,14,10,14.5],"texture":"#5"}}},{"from":[6.79289,5,7.57322],"to":[8.54289,5.5,9.32322],"rotation":{"angle":45,"axis":"y","origin":[7.29289,5,7.82322]},"faces":{"north":{"uv":[14,10.4,14.7,10.6],"texture":"#5"},"east":{"uv":[14,11.2,14.7,11.4],"texture":"#5"},"south":{"uv":[14,12,14.7,12.2],"texture":"#5"},"west":{"uv":[12.4,14,13.1,14.2],"texture":"#5"},"up":{"uv":[0.7,7.9,0,7.2],"texture":"#5"},"down":{"uv":[1.9,7.2,1.2,7.9],"texture":"#5"}}},{"from":[6.79289,6,7.57322],"to":[8.54289,6.5,9.32322],"rotation":{"angle":45,"axis":"y","origin":[7.29289,6,7.82322]},"faces":{"north":{"uv":[14,12.8,14.7,13],"texture":"#5"},"east":{"uv":[13.6,14,14.3,14.2],"texture":"#5"},"south":{"uv":[14.4,0,15.1,0.2],"texture":"#5"},"west":{"uv":[0.8,14.4,1.5,14.6],"texture":"#5"},"up":{"uv":[7.9,1.9,7.2,1.2],"texture":"#5"},"down":{"uv":[7.9,2.4,7.2,3.1],"texture":"#5"}}},{"from":[6.79289,7,7.57322],"to":[8.54289,7.5,9.32322],"rotation":{"angle":45,"axis":"y","origin":[7.29289,7,7.82322]},"faces":{"north":{"uv":[14.4,0.8,15.1,1],"texture":"#5"},"east":{"uv":[14.4,1.6,15.1,1.8],"texture":"#5"},"south":{"uv":[2,14.4,2.7,14.6],"texture":"#5"},"west":{"uv":[14.4,2.4,15.1,2.6],"texture":"#5"},"up":{"uv":[7.9,5.5,7.2,4.8],"texture":"#5"},"down":{"uv":[8.3,0,7.6,0.7],"texture":"#5"}}},{"from":[6.79289,8,7.57322],"to":[8.54289,8.5,9.32322],"rotation":{"angle":45,"axis":"y","origin":[7.29289,8,7.82322]},"faces":{"north":{"uv":[3.2,14.4,3.9,14.6],"texture":"#5"},"east":{"uv":[14.4,3.2,15.1,3.4],"texture":"#5"},"south":{"uv":[14.4,4,15.1,4.2],"texture":"#5"},"west":{"uv":[14.4,4.8,15.1,5],"texture":"#5"},"up":{"uv":[3.1,8.3,2.4,7.6],"texture":"#5"},"down":{"uv":[4.3,7.6,3.6,8.3],"texture":"#5"}}},{"from":[7.985,12,4.75],"to":[8.015,19,11.25],"rotation":{"angle":0,"axis":"y","origin":[7.985,0,5]},"faces":{"east":{"uv":[2.6,0,0,2.8],"texture":"#5"},"west":{"uv":[0,0,2.6,2.8],"texture":"#5"}}},{"from":[7.75,11.78599,9.13369],"to":[8.25,14.03599,10.38369],"rotation":{"angle":0,"axis":"y","origin":[8,14.22838,9.60688]},"faces":{"north":{"uv":[0.2,12.4,0,13.3],"texture":"#5"},"east":{"uv":[2.1,8.8,1.6,9.7],"texture":"#5"},"south":{"uv":[12.2,11.2,12,12.1],"texture":"#5"},"west":{"uv":[3.3,8.8,2.8,9.7],"texture":"#5"},"up":{"uv":[13.4,14.8,13.2,15.3],"texture":"#5"}}},{"from":[7.7535,13.47693,9.13624],"to":[8.2465,14.42693,10.63624],"rotation":{"angle":-45,"axis":"x","origin":[8,14.22838,9.60688]},"faces":{"east":{"uv":[10.2,10.8,9.6,11.2],"texture":"#5"},"south":{"uv":[3.4,15.2,3.2,15.6],"texture":"#5"},"west":{"uv":[11.4,9.6,10.8,10],"texture":"#5"},"up":{"uv":[4.6,14.8,4.4,15.4],"texture":"#5"},"down":{"uv":[5.4,15.4,5.2,14.8],"texture":"#5"}}},{"from":[7.7535,14.42693,9.88624],"to":[8.2465,15.42693,10.63624],"rotation":{"angle":-45,"axis":"x","origin":[8,14.22838,9.60688]},"faces":{"north":{"uv":[2.6,15.2,2.4,15.6],"texture":"#5"},"east":{"uv":[4.3,8.8,4,9.2],"texture":"#5"},"south":{"uv":[1.8,15.2,1.6,15.6],"texture":"#5"},"west":{"uv":[14.7,5.6,14.4,6],"texture":"#5"},"up":{"uv":[7.8,15.2,7.6,15.5],"texture":"#5"}}},{"from":[7.7585,15.00376,8.73724],"to":[8.2415,15.80376,9.48724],"rotation":{"angle":0,"axis":"y","origin":[8,14.22838,9.60688]},"faces":{"north":{"uv":[15.4,5.6,15.2,5.9],"texture":"#5"},"east":{"uv":[15.1,9.6,14.8,9.9],"texture":"#5"},"west":{"uv":[15.1,13.6,14.8,13.9],"texture":"#5"},"up":{"uv":[15.4,6.4,15.2,6.7],"texture":"#5"},"down":{"uv":[7,15.5,6.8,15.2],"texture":"#5"}}},{"from":[7.75,-4.32322,9.5052],"to":[8.25,-3.07322,10.5052],"rotation":{"angle":-45,"axis":"x","origin":[7.75,-4.57322,10.2552]},"faces":{"north":{"uv":[12.6,14.8,12.4,15.3],"texture":"#5"},"east":{"uv":[5.2,11.2,4.8,11.7],"texture":"#5"},"south":{"uv":[15,8.4,14.8,8.9],"texture":"#5"},"west":{"uv":[6,11.2,5.6,11.7],"texture":"#5"},"up":{"uv":[0.2,15.2,0,15.6],"texture":"#5"},"down":{"uv":[1,15.6,0.8,15.2],"texture":"#5"}}},{"from":[7.7535,-4.04289,8.66421],"to":[8.2465,-2.54289,9.91421],"rotation":{"angle":0,"axis":"y","origin":[7.2535,-4.79289,8.66421]},"faces":{"north":{"uv":[11.8,14.4,11.6,15],"texture":"#5"},"east":{"uv":[0.5,10,0,10.6],"texture":"#5"},"south":{"uv":[11,14.4,10.8,15],"texture":"#5"},"west":{"uv":[10.5,0,10,0.6],"texture":"#5"}}},{"from":[7.75,-3.51256,9.5052],"to":[8.25,-2.26256,10.5052],"rotation":{"angle":45,"axis":"x","origin":[7.75,-2.01256,10.2552]},"faces":{"north":{"uv":[15,7.2,14.8,7.7],"texture":"#5"},"east":{"uv":[11.6,0,11.2,0.5],"texture":"#5"},"south":{"uv":[6.2,14.8,6,15.3],"texture":"#5"},"west":{"uv":[11.6,3.6,11.2,4.1],"texture":"#5"},"up":{"uv":[14.2,14.8,14,15.2],"texture":"#5"},"down":{"uv":[15,14.8,14.8,14.4],"texture":"#5"}}},{"from":[7.985,-7,8.75],"to":[8.015,-1,10.75],"rotation":{"angle":0,"axis":"y","origin":[7.985,-8,12.75]},"faces":{"east":{"uv":[0,3.2,0.8,5.6],"texture":"#5"},"west":{"uv":[0.8,3.2,0,5.6],"texture":"#5"}}},{"from":[7.23464,13,6],"to":[7.26464,19,10],"rotation":{"angle":0,"axis":"y","origin":[-0.01536,0,5]},"faces":{"east":{"uv":[8,8,2.66667,16],"texture":"#2"},"west":{"uv":[2.66667,8,8,16],"texture":"#2"}}},{"from":[8,13,4.15224],"to":[8.03,19,6.15224],"rotation":{"angle":-22.5,"axis":"y","origin":[8,16,4.15224]},"faces":{"east":{"uv":[2.66667,8,0,16],"texture":"#2"},"west":{"uv":[0,8,2.66667,16],"texture":"#2"}}},{"from":[8,13,9.84776],"to":[8.03,19,11.84776],"rotation":{"angle":22.5,"axis":"y","origin":[8,16,11.84776]},"faces":{"east":{"uv":[10.66667,8,8,16],"texture":"#2"},"west":{"uv":[8,8,10.66667,16],"texture":"#2"}}},{"from":[7.97228,13,4.16372],"to":[8.00228,19,6.16372],"rotation":{"angle":22.5,"axis":"y","origin":[7.97228,16,4.16372]},"faces":{"east":{"uv":[8,0,10.66667,8],"texture":"#2"},"west":{"uv":[10.66667,0,8,8],"texture":"#2"}}},{"from":[7.97228,13,9.83628],"to":[8.00228,19,11.83628],"rotation":{"angle":-22.5,"axis":"y","origin":[7.97228,16,11.83628]},"faces":{"east":{"uv":[0,0,2.66667,8],"texture":"#2"},"west":{"uv":[2.66667,0,0,8],"texture":"#2"}}},{"from":[8.73536,13,6],"to":[8.76536,19,10],"rotation":{"angle":0,"axis":"y","origin":[15.98536,0,5]},"faces":{"east":{"uv":[2.66667,0,8,8],"texture":"#2"},"west":{"uv":[8,0,2.66667,8],"texture":"#2"}}}],"gui_light":"front","display":{"thirdperson_righthand":{"translation":[0,4.5,1]},"thirdperson_lefthand":{"translation":[0,4.5,1]},"firstperson_righthand":{"rotation":[10,0,0],"translation":[1.25,3.75,0.5],"scale":[0.7,0.7,0.7]},"firstperson_lefthand":{"rotation":[10,0,0],"translation":[1.25,3.75,0.5],"scale":[0.7,0.7,0.7]},"ground":{"rotation":[-45,0,0],"translation":[0,5,0],"scale":[0.7,0.7,0.7]},"gui":{"rotation":[-90,45,90],"translation":[-1,1,0],"scale":[0.7,0.7,0.7]},"head":{"rotation":[0,-90,0]},"fixed":{"rotation":[0,-90,0],"translation":[0,0,-1.75],"scale":[2,2,2]}}}