{"credit":"Pologony Creation Co.,Ltd.","texture_size":[12,12],"textures":{"3":"frostbite_set:animated/animated_1","4":"frostbite_set:animated/staff_light","5":"frostbite_set:staff","6":"frostbite_set:animated/animated_4","particle":"frostbite_set:animated/animated_4"},"elements":[{"from":[7.375,-7.5,7.375],"to":[8.625,-6.75,8.625],"rotation":{"angle":45,"axis":"y","origin":[8,13.875,8]},"faces":{"north":{"uv":[12.72727,12.72727,13.18182,13],"texture":"#5"},"east":{"uv":[0.72727,13.09091,1.18182,13.36364],"texture":"#5"},"south":{"uv":[13.09091,3.63636,13.54545,3.90909],"texture":"#5"},"west":{"uv":[13.09091,4.36364,13.54545,4.63636],"texture":"#5"},"up":{"uv":[11.36364,4.81818,10.90909,4.36364],"texture":"#5"},"down":{"uv":[11.36364,5.45455,10.90909,5.90909],"texture":"#5"}}},{"from":[7.125,-12.08579,7.5],"to":[8.875,-10.08579,9.5],"rotation":{"angle":45,"axis":"x","origin":[8.375,-10.58579,8]},"faces":{"north":{"uv":[8.72727,0,9.36364,0.72727],"texture":"#5"},"east":{"uv":[2.18182,8,2.90909,8.72727],"texture":"#5"},"south":{"uv":[8.72727,1.09091,9.36364,1.81818],"texture":"#5"},"west":{"uv":[3.27273,8,4,8.72727],"texture":"#5"},"up":{"uv":[5,9.45455,4.36364,8.72727],"texture":"#5"},"down":{"uv":[6.09091,8.72727,5.45455,9.45455],"texture":"#5"}}},{"from":[6.75,-11.83579,7.75],"to":[9.25,-10.33579,9.25],"rotation":{"angle":45,"axis":"x","origin":[8.5,-10.58579,8]},"faces":{"north":{"uv":[8.36364,2.90909,9.27273,3.45455],"texture":"#5"},"east":{"uv":[9.81818,5.81818,10.36364,6.36364],"texture":"#5"},"south":{"uv":[8.36364,4,9.27273,4.54545],"texture":"#5"},"west":{"uv":[6.54545,9.81818,7.09091,10.36364],"texture":"#5"},"up":{"uv":[9.27273,5.63636,8.36364,5.09091],"texture":"#5"},"down":{"uv":[9.27273,6.18182,8.36364,6.72727],"texture":"#5"}}},{"from":[7.25,-10.75,7.25],"to":[8.75,-10,8.75],"rotation":{"angle":0,"axis":"y","origin":[7.5,-10.75,7.5]},"faces":{"north":{"uv":[12,3.63636,12.54545,3.90909],"texture":"#5"},"east":{"uv":[12,4.36364,12.54545,4.63636],"texture":"#5"},"south":{"uv":[12,5.09091,12.54545,5.36364],"texture":"#5"},"west":{"uv":[12,5.81818,12.54545,6.09091],"texture":"#5"},"up":{"uv":[10.36364,7.45455,9.81818,6.90909],"texture":"#5"}}},{"from":[7.375,-10,7.375],"to":[8.625,-9.25,8.625],"rotation":{"angle":0,"axis":"y","origin":[7.625,-10,7.375]},"faces":{"north":{"uv":[12.36364,11.27273,12.81818,11.54545],"texture":"#5"},"east":{"uv":[12.72727,0,13.18182,0.27273],"texture":"#5"},"south":{"uv":[12.72727,0.72727,13.18182,1],"texture":"#5"},"west":{"uv":[12.72727,1.45455,13.18182,1.72727],"texture":"#5"},"up":{"uv":[11.36364,2.63636,10.90909,2.18182],"texture":"#5"}}},{"from":[7.375,-9,7.44822],"to":[8.375,7.5,8.44822],"rotation":{"angle":45,"axis":"y","origin":[8,7.125,7.82322]},"faces":{"north":{"uv":[1.45455,0,1.81818,6],"texture":"#5"},"east":{"uv":[2.18182,0,2.54545,6],"texture":"#5"},"south":{"uv":[2.90909,0,3.27273,6],"texture":"#5"},"west":{"uv":[3.63636,0,4,6],"texture":"#5"}}},{"from":[7.375,7.75,7.375],"to":[8.625,8.5,8.625],"rotation":{"angle":0,"axis":"y","origin":[7.625,8.5,7.375]},"faces":{"north":{"uv":[2.18182,12.72727,2.63636,13],"texture":"#5"},"east":{"uv":[3.27273,12.72727,3.72727,13],"texture":"#5"},"south":{"uv":[5.81818,12.72727,6.27273,13],"texture":"#5"},"west":{"uv":[6.90909,12.72727,7.36364,13],"texture":"#5"},"down":{"uv":[3.72727,10.90909,3.27273,11.36364],"texture":"#5"}}},{"from":[7.375,5.5,7.375],"to":[8.625,6.25,8.625],"rotation":{"angle":45,"axis":"y","origin":[8,5.875,8]},"faces":{"north":{"uv":[8,12.72727,8.45455,13],"texture":"#5"},"east":{"uv":[9.09091,12.72727,9.54545,13],"texture":"#5"},"south":{"uv":[12.72727,10.18182,13.18182,10.45455],"texture":"#5"},"west":{"uv":[12.72727,12,13.18182,12.27273],"texture":"#5"},"up":{"uv":[11.36364,3.72727,10.90909,3.27273],"texture":"#5"},"down":{"uv":[4.81818,10.90909,4.36364,11.36364],"texture":"#5"}}},{"from":[7.375,-9.75,7.375],"to":[8.625,-9,8.625],"rotation":{"angle":45,"axis":"y","origin":[8,-9.375,8]},"faces":{"north":{"uv":[13.09091,5.09091,13.54545,5.36364],"texture":"#5"},"east":{"uv":[13.09091,5.81818,13.54545,6.09091],"texture":"#5"},"south":{"uv":[13.09091,6.54545,13.54545,6.81818],"texture":"#5"},"west":{"uv":[13.09091,7.27273,13.54545,7.54545],"texture":"#5"},"up":{"uv":[7,11.36364,6.54545,10.90909],"texture":"#5"},"down":{"uv":[11.36364,6.54545,10.90909,7],"texture":"#5"}}},{"from":[7.375,7.5,7.375],"to":[8.625,8.25,8.625],"rotation":{"angle":45,"axis":"y","origin":[8,16.875,8]},"faces":{"north":{"uv":[13.09091,8,13.54545,8.27273],"texture":"#5"},"east":{"uv":[13.09091,8.72727,13.54545,9],"texture":"#5"},"south":{"uv":[13.09091,9.45455,13.54545,9.72727],"texture":"#5"},"west":{"uv":[10.18182,13.09091,10.63636,13.36364],"texture":"#5"},"up":{"uv":[8.09091,11.36364,7.63636,10.90909],"texture":"#5"},"down":{"uv":[11.36364,7.63636,10.90909,8.09091],"texture":"#5"}}},{"from":[7.25,8.5,7.25],"to":[8.75,9.25,8.75],"rotation":{"angle":0,"axis":"y","origin":[7.5,9.25,7.5]},"faces":{"north":{"uv":[6.18182,12,6.72727,12.27273],"texture":"#5"},"east":{"uv":[12,6.54545,12.54545,6.81818],"texture":"#5"},"south":{"uv":[7.27273,12,7.81818,12.27273],"texture":"#5"},"west":{"uv":[12,7.27273,12.54545,7.54545],"texture":"#5"},"up":{"uv":[8.18182,10.36364,7.63636,9.81818],"texture":"#5"},"down":{"uv":[10.36364,8,9.81818,8.54545],"texture":"#5"}}},{"from":[7.25,8.75,7.25],"to":[8.75,9.5,8.75],"rotation":{"angle":45,"axis":"y","origin":[8,9.125,8]},"faces":{"north":{"uv":[12,8,12.54545,8.27273],"texture":"#5"},"east":{"uv":[8.36364,12,8.90909,12.27273],"texture":"#5"},"south":{"uv":[9.45455,12,10,12.27273],"texture":"#5"},"west":{"uv":[12,9.45455,12.54545,9.72727],"texture":"#5"},"up":{"uv":[9.27273,10.36364,8.72727,9.81818],"texture":"#5"},"down":{"uv":[10.36364,9.09091,9.81818,9.63636],"texture":"#5"}}},{"from":[6.75,14,6.75],"to":[9.25,14.75,9.25],"rotation":{"angle":45,"axis":"y","origin":[8,14.375,8]},"faces":{"north":{"uv":[8.36364,7.27273,9.27273,7.54545],"texture":"#5"},"east":{"uv":[0,10.18182,0.90909,10.45455],"texture":"#5"},"south":{"uv":[1.45455,10.18182,2.36364,10.45455],"texture":"#5"},"west":{"uv":[2.90909,10.18182,3.81818,10.45455],"texture":"#5"},"up":{"uv":[7.09091,0.90909,6.18182,0],"texture":"#5"},"down":{"uv":[7.09091,1.45455,6.18182,2.36364],"texture":"#5"}}},{"from":[7.6285,14.12822,4.17658],"to":[8.3715,16.12822,5.67658],"rotation":{"angle":0,"axis":"y","origin":[7.1285,13.62822,5.67658]},"faces":{"north":{"uv":[8.72727,10.90909,9,11.63636],"texture":"#5"},"east":{"uv":[9.81818,3.27273,10.36364,4],"texture":"#5"},"south":{"uv":[10.90909,8.72727,11.18182,9.45455],"texture":"#5"},"west":{"uv":[4.36364,9.81818,4.90909,10.54545],"texture":"#5"}}},{"from":[7.625,15.15855,3.58559],"to":[8.375,16.65855,4.83559],"rotation":{"angle":-45,"axis":"x","origin":[7.625,16.65855,4.08559]},"faces":{"north":{"uv":[12,10.18182,12.27273,10.72727],"texture":"#5"},"east":{"uv":[9.81818,10.18182,10.27273,10.72727],"texture":"#5"},"south":{"uv":[10.54545,12,10.81818,12.54545],"texture":"#5"},"west":{"uv":[0,10.90909,0.45455,11.45455],"texture":"#5"},"up":{"uv":[4.63636,13.18182,4.36364,12.72727],"texture":"#5"},"down":{"uv":[11.54545,13.09091,11.27273,13.54545],"texture":"#5"}}},{"from":[7.625,13.59789,3.58559],"to":[8.375,15.09789,4.83559],"rotation":{"angle":45,"axis":"x","origin":[7.625,13.59789,4.08559]},"faces":{"north":{"uv":[11.27273,12,11.54545,12.54545],"texture":"#5"},"east":{"uv":[10.90909,0,11.36364,0.54545],"texture":"#5"},"south":{"uv":[12,12,12.27273,12.54545],"texture":"#5"},"west":{"uv":[1.09091,10.90909,1.54545,11.45455],"texture":"#5"},"up":{"uv":[12.27273,13.54545,12,13.09091],"texture":"#5"},"down":{"uv":[2.09091,13.45455,1.81818,13.90909],"texture":"#5"}}},{"from":[7.7535,-12.04289,6.08579],"to":[8.2465,-10.54289,7.33579],"rotation":{"angle":0,"axis":"y","origin":[7.2535,-12.79289,7.33579]},"faces":{"north":{"uv":[13.81818,11.63636,14,12.18182],"texture":"#5"},"east":{"uv":[10.90909,1.09091,11.36364,1.63636],"texture":"#5"},"south":{"uv":[13.81818,12.72727,14,13.27273],"texture":"#5"},"west":{"uv":[2.18182,10.90909,2.63636,11.45455],"texture":"#5"}}},{"from":[7.75,-11.51256,5.4948],"to":[8.25,-10.26256,6.4948],"rotation":{"angle":-45,"axis":"x","origin":[7.75,-10.01256,5.7448]},"faces":{"north":{"uv":[2.54545,14.18182,2.72727,14.63636],"texture":"#5"},"east":{"uv":[5.45455,11.27273,5.81818,11.72727],"texture":"#5"},"south":{"uv":[14.18182,3.63636,14.36364,4.09091],"texture":"#5"},"west":{"uv":[12,0,12.36364,0.45455],"texture":"#5"},"up":{"uv":[7.45455,14.54545,7.27273,14.18182],"texture":"#5"},"down":{"uv":[14.36364,7.63636,14.18182,8],"texture":"#5"}}},{"from":[7.75,-12.32322,5.4948],"to":[8.25,-11.07322,6.4948],"rotation":{"angle":45,"axis":"x","origin":[7.75,-12.57322,5.7448]},"faces":{"north":{"uv":[14.18182,4.72727,14.36364,5.18182],"texture":"#5"},"east":{"uv":[12,1.09091,12.36364,1.54545],"texture":"#5"},"south":{"uv":[5.81818,14.18182,6,14.63636],"texture":"#5"},"west":{"uv":[1.45455,12,1.81818,12.45455],"texture":"#5"},"up":{"uv":[8.18182,14.54545,8,14.18182],"texture":"#5"},"down":{"uv":[14.36364,8.36364,14.18182,8.72727],"texture":"#5"}}},{"from":[7.985,-15,5.25],"to":[8.015,-9,7.25],"rotation":{"angle":0,"axis":"y","origin":[7.985,-16,3.25]},"faces":{"east":{"uv":[5.09091,3.63636,4.36364,5.81818],"texture":"#5"},"west":{"uv":[4.36364,3.63636,5.09091,5.81818],"texture":"#5"}}},{"from":[7.7585,18.96777,5.56802],"to":[8.2415,19.76777,6.31802],"rotation":{"angle":0,"axis":"y","origin":[8,18.19239,5.44838]},"faces":{"east":{"uv":[6.54545,14.18182,6.81818,14.45455],"texture":"#5"},"south":{"uv":[11.27273,14.18182,11.45455,14.45455],"texture":"#5"},"west":{"uv":[14.18182,6.90909,14.45455,7.18182],"texture":"#5"},"up":{"uv":[12.18182,14.45455,12,14.18182],"texture":"#5"},"down":{"uv":[12.90909,14.18182,12.72727,14.45455],"texture":"#5"}}},{"from":[7.7535,18.39094,4.41902],"to":[8.2465,19.39094,5.16902],"rotation":{"angle":45,"axis":"x","origin":[8,18.19239,5.44838]},"faces":{"north":{"uv":[8.72727,14.18182,8.90909,14.54545],"texture":"#5"},"east":{"uv":[6.18182,2.90909,6.45455,3.27273],"texture":"#5"},"south":{"uv":[14.18182,9.09091,14.36364,9.45455],"texture":"#5"},"west":{"uv":[13.81818,10.18182,14.09091,10.54545],"texture":"#5"},"up":{"uv":[0.90909,14.81818,0.72727,14.54545],"texture":"#5"}}},{"from":[7.7535,17.44094,4.41902],"to":[8.2465,18.39094,5.91902],"rotation":{"angle":45,"axis":"x","origin":[8,18.19239,5.44838]},"faces":{"north":{"uv":[9.45455,14.18182,9.63636,14.54545],"texture":"#5"},"east":{"uv":[10.90909,9.81818,11.45455,10.18182],"texture":"#5"},"west":{"uv":[10.90909,10.54545,11.45455,10.90909],"texture":"#5"},"up":{"uv":[14,14.36364,13.81818,13.81818],"texture":"#5"},"down":{"uv":[0.18182,14.18182,0,14.72727],"texture":"#5"}}},{"from":[7.75,15.75,4.67157],"to":[8.25,18,5.92157],"rotation":{"angle":0,"axis":"y","origin":[8,18.19239,5.44838]},"faces":{"north":{"uv":[5.09091,12.36364,5.27273,13.18182],"texture":"#5"},"east":{"uv":[9.81818,4.36364,10.27273,5.18182],"texture":"#5"},"south":{"uv":[0,12.72727,0.18182,13.54545],"texture":"#5"},"west":{"uv":[5.45455,9.81818,5.90909,10.63636],"texture":"#5"},"up":{"uv":[14.36364,6.27273,14.18182,5.81818],"texture":"#5"}}},{"from":[7.29289,9.5,7.92678],"to":[8.54289,14,9.17678],"rotation":{"angle":45,"axis":"y","origin":[7.29289,9.5,8.17678]},"faces":{"north":{"uv":[7.27273,5.81818,7.72727,7.45455],"texture":"#5"},"east":{"uv":[7.63636,0,8.09091,1.63636],"texture":"#5"},"south":{"uv":[0,8,0.45455,9.63636],"texture":"#5"},"west":{"uv":[1.09091,8,1.54545,9.63636],"texture":"#5"}}},{"from":[6.79289,10,7.57322],"to":[8.54289,10.5,9.32322],"rotation":{"angle":45,"axis":"y","origin":[7.29289,10,7.82322]},"faces":{"north":{"uv":[13.45455,2.18182,14.09091,2.36364],"texture":"#5"},"east":{"uv":[2.54545,13.45455,3.18182,13.63636],"texture":"#5"},"south":{"uv":[13.45455,2.90909,14.09091,3.09091],"texture":"#5"},"west":{"uv":[5.81818,13.45455,6.45455,13.63636],"texture":"#5"},"up":{"uv":[7.18182,9.36364,6.54545,8.72727],"texture":"#5"},"down":{"uv":[8.27273,8.72727,7.63636,9.36364],"texture":"#5"}}},{"from":[6.79289,11,7.57322],"to":[8.54289,11.5,9.32322],"rotation":{"angle":45,"axis":"y","origin":[7.29289,11,7.82322]},"faces":{"north":{"uv":[6.90909,13.45455,7.54545,13.63636],"texture":"#5"},"east":{"uv":[8,13.45455,8.63636,13.63636],"texture":"#5"},"south":{"uv":[9.09091,13.45455,9.72727,13.63636],"texture":"#5"},"west":{"uv":[13.45455,10.90909,14.09091,11.09091],"texture":"#5"},"up":{"uv":[9.36364,9.36364,8.72727,8.72727],"texture":"#5"},"down":{"uv":[2.81818,9.09091,2.18182,9.72727],"texture":"#5"}}},{"from":[6.79289,12,7.57322],"to":[8.54289,12.5,9.32322],"rotation":{"angle":45,"axis":"y","origin":[7.29289,12,7.82322]},"faces":{"north":{"uv":[12.72727,13.45455,13.36364,13.63636],"texture":"#5"},"east":{"uv":[13.81818,0,14.45455,0.18182],"texture":"#5"},"south":{"uv":[0.72727,13.81818,1.36364,14],"texture":"#5"},"west":{"uv":[13.81818,0.72727,14.45455,0.90909],"texture":"#5"},"up":{"uv":[3.90909,9.72727,3.27273,9.09091],"texture":"#5"},"down":{"uv":[10.45455,0,9.81818,0.63636],"texture":"#5"}}},{"from":[6.79289,13,7.57322],"to":[8.54289,13.5,9.32322],"rotation":{"angle":45,"axis":"y","origin":[7.29289,13,7.82322]},"faces":{"north":{"uv":[13.81818,1.45455,14.45455,1.63636],"texture":"#5"},"east":{"uv":[3.63636,13.81818,4.27273,14],"texture":"#5"},"south":{"uv":[4.72727,13.81818,5.36364,14],"texture":"#5"},"west":{"uv":[10.18182,13.81818,10.81818,14],"texture":"#5"},"up":{"uv":[10.45455,1.72727,9.81818,1.09091],"texture":"#5"},"down":{"uv":[10.45455,2.18182,9.81818,2.81818],"texture":"#5"}}},{"from":[7.5,-15.25,6],"to":[8.5,-9.25,10],"rotation":{"angle":0,"axis":"y","origin":[-0.5,0,6]},"faces":{"east":{"uv":[0,0,8,12],"texture":"#3"},"west":{"uv":[8,0,0,12],"texture":"#3"}}},{"from":[8,14.75,5.17157],"to":[12,15.75,9.17157],"rotation":{"angle":-45,"axis":"y","origin":[8,14.75,5.17157]},"faces":{"north":{"uv":[7.63636,2.18182,9.09091,2.54545],"texture":"#5"},"east":{"uv":[4.36364,8,5.81818,8.36364],"texture":"#5"},"south":{"uv":[6.18182,8,7.63636,8.36364],"texture":"#5"},"west":{"uv":[8,8,9.45455,8.36364],"texture":"#5"},"up":{"uv":[5.81818,1.45455,4.36364,0],"texture":"#5"},"down":{"uv":[5.81818,1.81818,4.36364,3.27273],"texture":"#5"}}},{"from":[8.75,15.75,5.92157],"to":[11.25,16.25,8.42157],"rotation":{"angle":-45,"axis":"y","origin":[8,15.75,5.17157]},"faces":{"north":{"uv":[2.18182,12,3.09091,12.18182],"texture":"#5"},"east":{"uv":[12,2.18182,12.90909,2.36364],"texture":"#5"},"south":{"uv":[12,2.90909,12.90909,3.09091],"texture":"#5"},"west":{"uv":[3.63636,12,4.54545,12.18182],"texture":"#5"},"up":{"uv":[0.90909,7.45455,0,6.54545],"texture":"#5"}}},{"from":[6.75,16.5,8.25],"to":[9.25,19,10.75],"rotation":{"angle":-45,"axis":"x","origin":[6.5,16.25,8]},"faces":{"north":{"uv":[1.45455,6.54545,2.36364,7.45455],"texture":"#5"},"east":{"uv":[2.90909,6.54545,3.81818,7.45455],"texture":"#5"},"south":{"uv":[4.36364,6.54545,5.27273,7.45455],"texture":"#5"},"west":{"uv":[5.81818,6.54545,6.72727,7.45455],"texture":"#5"},"up":{"uv":[7.81818,3.81818,6.90909,2.90909],"texture":"#5"},"down":{"uv":[7.81818,4.36364,6.90909,5.27273],"texture":"#5"}}},{"from":[6.5,18.12132,6.5],"to":[9.5,18.62132,9.5],"rotation":{"angle":45,"axis":"x","origin":[8,18.37132,8]},"faces":{"north":{"uv":[9.45455,11.27273,10.54545,11.45455],"texture":"#5"},"east":{"uv":[10.90909,11.27273,12,11.45455],"texture":"#5"},"south":{"uv":[11.63636,8.72727,12.72727,8.90909],"texture":"#5"},"west":{"uv":[0,12,1.09091,12.18182],"texture":"#5"},"up":{"uv":[6.54545,4.72727,5.45455,3.63636],"texture":"#5"},"down":{"uv":[6.54545,5.09091,5.45455,6.18182],"texture":"#5"}}},{"from":[7.985,11.5,3.17157],"to":[8.015,21.5,5.92157],"rotation":{"angle":0,"axis":"y","origin":[7.985,13.5,1.92157]},"faces":{"east":{"uv":[1,0,0,3.63636],"texture":"#5"},"west":{"uv":[0,0,1,3.63636],"texture":"#5"}}},{"from":[6.5,18.12132,6.5],"to":[9.5,18.62132,9.5],"rotation":{"angle":-45,"axis":"x","origin":[8,18.37132,8]},"faces":{"north":{"uv":[9.45455,11.27273,10.54545,11.45455],"texture":"#5"},"east":{"uv":[10.90909,11.27273,12,11.45455],"texture":"#5"},"south":{"uv":[11.63636,8.72727,12.72727,8.90909],"texture":"#5"},"west":{"uv":[0,12,1.09091,12.18182],"texture":"#5"},"up":{"uv":[6.54545,4.72727,5.45455,3.63636],"texture":"#5"},"down":{"uv":[6.54545,5.09091,5.45455,6.18182],"texture":"#5"}}},{"from":[7.75,16.87132,6.5],"to":[8.25,19.87132,9.5],"rotation":{"angle":-45,"axis":"x","origin":[8,18.37132,8]},"faces":{"north":{"uv":[0,12,1.09091,12.18182],"rotation":90,"texture":"#5"},"east":{"uv":[6.54545,5.09091,5.45455,6.18182],"rotation":180,"texture":"#5"},"south":{"uv":[10.90909,11.27273,12,11.45455],"rotation":270,"texture":"#5"},"west":{"uv":[6.54545,4.72727,5.45455,3.63636],"texture":"#5"},"up":{"uv":[9.45455,11.27273,10.54545,11.45455],"rotation":270,"texture":"#5"},"down":{"uv":[11.63636,8.72727,12.72727,8.90909],"rotation":270,"texture":"#5"}}},{"from":[7.7585,18.96777,9.68198],"to":[8.2415,19.76777,10.43198],"rotation":{"angle":0,"axis":"y","origin":[8,18.19239,10.55162]},"faces":{"north":{"uv":[11.45455,14.18182,11.27273,14.45455],"texture":"#5"},"east":{"uv":[6.81818,14.18182,6.54545,14.45455],"texture":"#5"},"west":{"uv":[14.45455,6.90909,14.18182,7.18182],"texture":"#5"},"up":{"uv":[12.18182,14.18182,12,14.45455],"texture":"#5"},"down":{"uv":[12.90909,14.45455,12.72727,14.18182],"texture":"#5"}}},{"from":[7.985,11.5,10.07843],"to":[8.015,21.5,12.82843],"rotation":{"angle":0,"axis":"y","origin":[7.985,13.5,14.07843]},"faces":{"east":{"uv":[0,0,1,3.63636],"texture":"#5"},"west":{"uv":[1,0,0,3.63636],"texture":"#5"}}},{"from":[7.75,15.75,10.07843],"to":[8.25,18,11.32843],"rotation":{"angle":0,"axis":"y","origin":[8,18.19239,10.55162]},"faces":{"north":{"uv":[0.18182,12.72727,0,13.54545],"texture":"#5"},"east":{"uv":[10.27273,4.36364,9.81818,5.18182],"texture":"#5"},"south":{"uv":[5.27273,12.36364,5.09091,13.18182],"texture":"#5"},"west":{"uv":[5.90909,9.81818,5.45455,10.63636],"texture":"#5"},"up":{"uv":[14.36364,5.81818,14.18182,6.27273],"texture":"#5"}}},{"from":[7.7535,17.44094,10.08098],"to":[8.2465,18.39094,11.58098],"rotation":{"angle":-45,"axis":"x","origin":[8,18.19239,10.55162]},"faces":{"east":{"uv":[11.45455,9.81818,10.90909,10.18182],"texture":"#5"},"south":{"uv":[9.63636,14.18182,9.45455,14.54545],"texture":"#5"},"west":{"uv":[11.45455,10.54545,10.90909,10.90909],"texture":"#5"},"up":{"uv":[14,13.81818,13.81818,14.36364],"texture":"#5"},"down":{"uv":[0.18182,14.72727,0,14.18182],"texture":"#5"}}},{"from":[7.7535,18.39094,10.83098],"to":[8.2465,19.39094,11.58098],"rotation":{"angle":-45,"axis":"x","origin":[8,18.19239,10.55162]},"faces":{"north":{"uv":[14.36364,9.09091,14.18182,9.45455],"texture":"#5"},"east":{"uv":[6.45455,2.90909,6.18182,3.27273],"texture":"#5"},"south":{"uv":[8.90909,14.18182,8.72727,14.54545],"texture":"#5"},"west":{"uv":[14.09091,10.18182,13.81818,10.54545],"texture":"#5"},"up":{"uv":[0.90909,14.54545,0.72727,14.81818],"texture":"#5"}}},{"from":[7.625,13.59789,11.16441],"to":[8.375,15.09789,12.41441],"rotation":{"angle":-45,"axis":"x","origin":[7.625,13.59789,11.91441]},"faces":{"north":{"uv":[12.27273,12,12,12.54545],"texture":"#5"},"east":{"uv":[11.36364,0,10.90909,0.54545],"texture":"#5"},"south":{"uv":[11.54545,12,11.27273,12.54545],"texture":"#5"},"west":{"uv":[1.54545,10.90909,1.09091,11.45455],"texture":"#5"},"up":{"uv":[12.27273,13.09091,12,13.54545],"texture":"#5"},"down":{"uv":[2.09091,13.90909,1.81818,13.45455],"texture":"#5"}}},{"from":[7.625,15.15855,11.16441],"to":[8.375,16.65855,12.41441],"rotation":{"angle":45,"axis":"x","origin":[7.625,16.65855,11.91441]},"faces":{"north":{"uv":[10.81818,12,10.54545,12.54545],"texture":"#5"},"east":{"uv":[10.27273,10.18182,9.81818,10.72727],"texture":"#5"},"south":{"uv":[12.27273,10.18182,12,10.72727],"texture":"#5"},"west":{"uv":[0.45455,10.90909,0,11.45455],"texture":"#5"},"up":{"uv":[4.63636,12.72727,4.36364,13.18182],"texture":"#5"},"down":{"uv":[11.54545,13.54545,11.27273,13.09091],"texture":"#5"}}},{"from":[7.6285,14.12822,10.32342],"to":[8.3715,16.12822,11.82342],"rotation":{"angle":0,"axis":"y","origin":[7.1285,13.62822,10.32342]},"faces":{"north":{"uv":[11.18182,8.72727,10.90909,9.45455],"texture":"#5"},"east":{"uv":[10.36364,3.27273,9.81818,4],"texture":"#5"},"south":{"uv":[9,10.90909,8.72727,11.63636],"texture":"#5"},"west":{"uv":[4.90909,9.81818,4.36364,10.54545],"texture":"#5"}}},{"from":[4.17658,14.12822,7.6285],"to":[5.67658,16.12822,8.3715],"rotation":{"angle":0,"axis":"y","origin":[8,16.7038,8]},"faces":{"north":{"uv":[4.90909,9.81818,4.36364,10.54545],"texture":"#5"},"east":{"uv":[11.18182,8.72727,10.90909,9.45455],"texture":"#5"},"south":{"uv":[10.36364,3.27273,9.81818,4],"texture":"#5"},"west":{"uv":[9,10.90909,8.72727,11.63636],"texture":"#5"}}},{"from":[4.7001,17.93971,7.625],"to":[5.9501,19.43971,8.375],"rotation":{"angle":45,"axis":"z","origin":[8,16.7038,8]},"faces":{"north":{"uv":[0.45455,10.90909,0,11.45455],"texture":"#5"},"east":{"uv":[10.81818,12,10.54545,12.54545],"texture":"#5"},"south":{"uv":[10.27273,10.18182,9.81818,10.72727],"texture":"#5"},"west":{"uv":[12.27273,10.18182,12,10.72727],"texture":"#5"},"up":{"uv":[4.63636,12.72727,4.36364,13.18182],"rotation":90,"texture":"#5"},"down":{"uv":[11.54545,13.54545,11.27273,13.09091],"rotation":270,"texture":"#5"}}},{"from":[6.9283,11.73968,7.625],"to":[8.1783,13.23968,8.375],"rotation":{"angle":-45,"axis":"z","origin":[8,16.7038,8]},"faces":{"north":{"uv":[1.54545,10.90909,1.09091,11.45455],"texture":"#5"},"east":{"uv":[12.27273,12,12,12.54545],"texture":"#5"},"south":{"uv":[11.36364,0,10.90909,0.54545],"texture":"#5"},"west":{"uv":[11.54545,12,11.27273,12.54545],"texture":"#5"},"up":{"uv":[12.27273,13.09091,12,13.54545],"rotation":90,"texture":"#5"},"down":{"uv":[2.09091,13.90909,1.81818,13.45455],"rotation":270,"texture":"#5"}}},{"from":[4.11378,16.15067,7.7535],"to":[4.86378,17.15067,8.2465],"rotation":{"angle":-45,"axis":"z","origin":[8,16.7038,8]},"faces":{"north":{"uv":[14.09091,10.18182,13.81818,10.54545],"texture":"#5"},"east":{"uv":[14.36364,9.09091,14.18182,9.45455],"texture":"#5"},"south":{"uv":[6.45455,2.90909,6.18182,3.27273],"texture":"#5"},"west":{"uv":[8.90909,14.18182,8.72727,14.54545],"texture":"#5"},"up":{"uv":[0.90909,14.54545,0.72727,14.81818],"rotation":90,"texture":"#5"}}},{"from":[4.11378,15.20067,7.7535],"to":[5.61378,16.15067,8.2465],"rotation":{"angle":-45,"axis":"z","origin":[8,16.7038,8]},"faces":{"north":{"uv":[11.45455,10.54545,10.90909,10.90909],"texture":"#5"},"south":{"uv":[11.45455,9.81818,10.90909,10.18182],"texture":"#5"},"west":{"uv":[9.63636,14.18182,9.45455,14.54545],"texture":"#5"},"up":{"uv":[14,13.81818,13.81818,14.36364],"rotation":90,"texture":"#5"},"down":{"uv":[0.18182,14.72727,0,14.18182],"rotation":270,"texture":"#5"}}},{"from":[4.67157,15.75,7.75],"to":[5.92157,18,8.25],"rotation":{"angle":0,"axis":"y","origin":[8,16.7038,8]},"faces":{"north":{"uv":[5.90909,9.81818,5.45455,10.63636],"texture":"#5"},"east":{"uv":[0.18182,12.72727,0,13.54545],"texture":"#5"},"south":{"uv":[10.27273,4.36364,9.81818,5.18182],"texture":"#5"},"west":{"uv":[5.27273,12.36364,5.09091,13.18182],"texture":"#5"},"up":{"uv":[14.36364,5.81818,14.18182,6.27273],"rotation":90,"texture":"#5"}}},{"from":[3.17157,11.5,7.985],"to":[5.92157,21.5,8.015],"rotation":{"angle":0,"axis":"y","origin":[8,16.7038,8]},"faces":{"north":{"uv":[1,0,0,3.63636],"texture":"#5"},"south":{"uv":[0,0,1,3.63636],"texture":"#5"}}},{"from":[5.56802,18.96777,7.7585],"to":[6.31802,19.76777,8.2415],"rotation":{"angle":0,"axis":"y","origin":[8,16.7038,8]},"faces":{"north":{"uv":[14.45455,6.90909,14.18182,7.18182],"texture":"#5"},"east":{"uv":[11.45455,14.18182,11.27273,14.45455],"texture":"#5"},"south":{"uv":[6.81818,14.18182,6.54545,14.45455],"texture":"#5"},"up":{"uv":[12.18182,14.18182,12,14.45455],"rotation":90,"texture":"#5"},"down":{"uv":[12.90909,14.45455,12.72727,14.18182],"rotation":270,"texture":"#5"}}},{"from":[10.07843,11.5,7.985],"to":[12.82843,21.5,8.015],"rotation":{"angle":0,"axis":"y","origin":[8,16.7038,8]},"faces":{"north":{"uv":[0,0,1,3.63636],"texture":"#5"},"south":{"uv":[1,0,0,3.63636],"texture":"#5"}}},{"from":[10.07843,15.75,7.75],"to":[11.32843,18,8.25],"rotation":{"angle":0,"axis":"y","origin":[8,16.7038,8]},"faces":{"north":{"uv":[5.45455,9.81818,5.90909,10.63636],"texture":"#5"},"east":{"uv":[5.09091,12.36364,5.27273,13.18182],"texture":"#5"},"south":{"uv":[9.81818,4.36364,10.27273,5.18182],"texture":"#5"},"west":{"uv":[0,12.72727,0.18182,13.54545],"texture":"#5"},"up":{"uv":[14.36364,6.27273,14.18182,5.81818],"rotation":90,"texture":"#5"}}},{"from":[10.38622,15.20067,7.7535],"to":[11.88622,16.15067,8.2465],"rotation":{"angle":45,"axis":"z","origin":[8,16.7038,8]},"faces":{"north":{"uv":[10.90909,10.54545,11.45455,10.90909],"texture":"#5"},"east":{"uv":[9.45455,14.18182,9.63636,14.54545],"texture":"#5"},"south":{"uv":[10.90909,9.81818,11.45455,10.18182],"texture":"#5"},"up":{"uv":[14,14.36364,13.81818,13.81818],"rotation":90,"texture":"#5"},"down":{"uv":[0.18182,14.18182,0,14.72727],"rotation":270,"texture":"#5"}}},{"from":[11.13622,16.15067,7.7535],"to":[11.88622,17.15067,8.2465],"rotation":{"angle":45,"axis":"z","origin":[8,16.7038,8]},"faces":{"north":{"uv":[13.81818,10.18182,14.09091,10.54545],"texture":"#5"},"east":{"uv":[8.72727,14.18182,8.90909,14.54545],"texture":"#5"},"south":{"uv":[6.18182,2.90909,6.45455,3.27273],"texture":"#5"},"west":{"uv":[14.18182,9.09091,14.36364,9.45455],"texture":"#5"},"up":{"uv":[0.90909,14.81818,0.72727,14.54545],"rotation":90,"texture":"#5"}}},{"from":[9.68198,18.96777,7.7585],"to":[10.43198,19.76777,8.2415],"rotation":{"angle":0,"axis":"y","origin":[8,16.7038,8]},"faces":{"north":{"uv":[14.18182,6.90909,14.45455,7.18182],"texture":"#5"},"south":{"uv":[6.54545,14.18182,6.81818,14.45455],"texture":"#5"},"west":{"uv":[11.27273,14.18182,11.45455,14.45455],"texture":"#5"},"up":{"uv":[12.18182,14.45455,12,14.18182],"rotation":90,"texture":"#5"},"down":{"uv":[12.90909,14.18182,12.72727,14.45455],"rotation":270,"texture":"#5"}}},{"from":[7.8217,11.73968,7.625],"to":[9.0717,13.23968,8.375],"rotation":{"angle":45,"axis":"z","origin":[8,16.7038,8]},"faces":{"north":{"uv":[1.09091,10.90909,1.54545,11.45455],"texture":"#5"},"east":{"uv":[11.27273,12,11.54545,12.54545],"texture":"#5"},"south":{"uv":[10.90909,0,11.36364,0.54545],"texture":"#5"},"west":{"uv":[12,12,12.27273,12.54545],"texture":"#5"},"up":{"uv":[12.27273,13.54545,12,13.09091],"rotation":90,"texture":"#5"},"down":{"uv":[2.09091,13.45455,1.81818,13.90909],"rotation":270,"texture":"#5"}}},{"from":[10.0499,17.93971,7.625],"to":[11.2999,19.43971,8.375],"rotation":{"angle":-45,"axis":"z","origin":[8,16.7038,8]},"faces":{"north":{"uv":[0,10.90909,0.45455,11.45455],"texture":"#5"},"east":{"uv":[12,10.18182,12.27273,10.72727],"texture":"#5"},"south":{"uv":[9.81818,10.18182,10.27273,10.72727],"texture":"#5"},"west":{"uv":[10.54545,12,10.81818,12.54545],"texture":"#5"},"up":{"uv":[4.63636,13.18182,4.36364,12.72727],"rotation":90,"texture":"#5"},"down":{"uv":[11.54545,13.09091,11.27273,13.54545],"rotation":270,"texture":"#5"}}},{"from":[10.32342,14.12822,7.6285],"to":[11.82342,16.12822,8.3715],"rotation":{"angle":0,"axis":"y","origin":[8,16.7038,8]},"faces":{"north":{"uv":[4.36364,9.81818,4.90909,10.54545],"texture":"#5"},"east":{"uv":[8.72727,10.90909,9,11.63636],"texture":"#5"},"south":{"uv":[9.81818,3.27273,10.36364,4],"texture":"#5"},"west":{"uv":[10.90909,8.72727,11.18182,9.45455],"texture":"#5"}}},{"from":[7.985,-15,8.75],"to":[8.015,-9,10.75],"rotation":{"angle":0,"axis":"y","origin":[7.985,-16,12.75]},"faces":{"east":{"uv":[4.36364,3.63636,5.09091,5.81818],"texture":"#5"},"west":{"uv":[5.09091,3.63636,4.36364,5.81818],"texture":"#5"}}},{"from":[7.75,-12.32322,9.5052],"to":[8.25,-11.07322,10.5052],"rotation":{"angle":-45,"axis":"x","origin":[7.75,-12.57322,10.2552]},"faces":{"north":{"uv":[6,14.18182,5.81818,14.63636],"texture":"#5"},"east":{"uv":[12.36364,1.09091,12,1.54545],"texture":"#5"},"south":{"uv":[14.36364,4.72727,14.18182,5.18182],"texture":"#5"},"west":{"uv":[1.81818,12,1.45455,12.45455],"texture":"#5"},"up":{"uv":[8.18182,14.18182,8,14.54545],"texture":"#5"},"down":{"uv":[14.36364,8.72727,14.18182,8.36364],"texture":"#5"}}},{"from":[7.75,-11.51256,9.5052],"to":[8.25,-10.26256,10.5052],"rotation":{"angle":45,"axis":"x","origin":[7.75,-10.01256,10.2552]},"faces":{"north":{"uv":[14.36364,3.63636,14.18182,4.09091],"texture":"#5"},"east":{"uv":[5.81818,11.27273,5.45455,11.72727],"texture":"#5"},"south":{"uv":[2.72727,14.18182,2.54545,14.63636],"texture":"#5"},"west":{"uv":[12.36364,0,12,0.45455],"texture":"#5"},"up":{"uv":[7.45455,14.18182,7.27273,14.54545],"texture":"#5"},"down":{"uv":[14.36364,8,14.18182,7.63636],"texture":"#5"}}},{"from":[7.7535,-12.04289,8.66421],"to":[8.2465,-10.54289,9.91421],"rotation":{"angle":0,"axis":"y","origin":[7.2535,-12.79289,8.66421]},"faces":{"north":{"uv":[14,12.72727,13.81818,13.27273],"texture":"#5"},"east":{"uv":[11.36364,1.09091,10.90909,1.63636],"texture":"#5"},"south":{"uv":[14,11.63636,13.81818,12.18182],"texture":"#5"},"west":{"uv":[2.63636,10.90909,2.18182,11.45455],"texture":"#5"}}},{"name":"cube_outline","from":[9.54,19.36456,10.86],"to":[6.46,16.28456,7.78],"rotation":{"angle":-45,"axis":"x","origin":[6.68,16.50456,8]},"faces":{"north":{"uv":[0,0,4.66667,4.66667],"texture":"#4"},"east":{"uv":[0,5.33333,4.66667,10],"texture":"#4"},"south":{"uv":[5.33333,0,10,4.66667],"texture":"#4"},"west":{"uv":[5.33333,5.33333,10,10],"texture":"#4"},"up":{"uv":[4.66667,15.33333,0,10.66667],"texture":"#4"},"down":{"uv":[15.33333,0,10.66667,4.66667],"texture":"#4"}}},{"from":[2,12.87132,7.995],"to":[14,24.87132,8.005],"rotation":{"angle":-45,"axis":"y","origin":[8,18.87132,8]},"faces":{"north":{"uv":[16,0,0,16],"texture":"#6"},"south":{"uv":[0,0,16,16],"texture":"#6"}}}],"gui_light":"front","display":{"thirdperson_righthand":{"translation":[0,5.5,1]},"thirdperson_lefthand":{"translation":[0,5.5,1]},"firstperson_righthand":{"rotation":[-5,0,0],"translation":[1.25,2.75,1.25],"scale":[0.7,0.7,0.7]},"firstperson_lefthand":{"rotation":[-5,-90,0],"translation":[1.25,2.75,1.25],"scale":[0.7,0.7,0.7]},"ground":{"rotation":[-45,0,0],"translation":[0,5,0],"scale":[0.7,0.7,0.7]},"gui":{"rotation":[-90,45,90],"translation":[-1,0.75,0],"scale":[0.6,0.6,0.6]},"head":{"rotation":[0,-90,0]},"fixed":{"rotation":[0,-90,0],"translation":[0,10,-1.75],"scale":[2,2,2]}}}