{"credit":"Pologony Creation Co.,Ltd.","texture_size":[8,8],"textures":{"2":"frostbite_set:animated/sword_animated","3":"frostbite_set:animated/animated_1","4":"frostbite_set:sword","particle":"frostbite_set:animated/sword_animated"},"elements":[{"from":[7.5,4.66421,6.5],"to":[8.5,7.66421,9.5],"rotation":{"angle":45,"axis":"x","origin":[8.5,6.16421,8]},"faces":{"north":{"uv":[10,8,10.4,9.2],"texture":"#4"},"east":{"uv":[6.4,0,7.6,1.2],"texture":"#4"},"south":{"uv":[10,9.6,10.4,10.8],"texture":"#4"},"west":{"uv":[6.4,1.6,7.6,2.8],"texture":"#4"},"up":{"uv":[10.8,1.2,10.4,0],"texture":"#4"},"down":{"uv":[10.8,1.6,10.4,2.8],"texture":"#4"}}},{"from":[7,5.91421,6.75],"to":[9,6.41421,7.25],"rotation":{"angle":45,"axis":"x","origin":[8.5,6.16421,8]},"faces":{"north":{"uv":[13.2,11.2,14,11.4],"texture":"#4"},"east":{"uv":[15.6,6.4,15.8,6.6],"texture":"#4"},"south":{"uv":[13.2,12,14,12.2],"texture":"#4"},"west":{"uv":[15.6,10.8,15.8,11],"texture":"#4"},"up":{"uv":[14,13,13.2,12.8],"texture":"#4"},"down":{"uv":[14.4,0,13.6,0.2],"texture":"#4"}}},{"from":[7,5.91421,8.75],"to":[9,6.41421,9.25],"rotation":{"angle":-45,"axis":"x","origin":[8.5,6.16421,8]},"faces":{"north":{"uv":[13.6,0.8,14.4,1],"texture":"#4"},"east":{"uv":[15.6,11.6,15.8,11.8],"texture":"#4"},"south":{"uv":[13.6,1.6,14.4,1.8],"texture":"#4"},"west":{"uv":[15.6,12.4,15.8,12.6],"texture":"#4"},"up":{"uv":[14.4,5.8,13.6,5.6],"texture":"#4"},"down":{"uv":[9.2,13.6,8.4,13.8],"texture":"#4"}}},{"from":[7,4.91421,7.75],"to":[9,5.41421,8.25],"rotation":{"angle":45,"axis":"x","origin":[8.5,6.16421,8]},"faces":{"north":{"uv":[9.6,13.6,10.4,13.8],"texture":"#4"},"east":{"uv":[15.6,13.2,15.8,13.4],"texture":"#4"},"south":{"uv":[10.8,13.6,11.6,13.8],"texture":"#4"},"west":{"uv":[13.6,15.6,13.8,15.8],"texture":"#4"},"up":{"uv":[12.8,13.8,12,13.6],"texture":"#4"},"down":{"uv":[14,13.6,13.2,13.8],"texture":"#4"}}},{"from":[7,4.91421,7.75],"to":[9,5.41421,8.25],"rotation":{"angle":-45,"axis":"x","origin":[8.5,6.16421,8]},"faces":{"north":{"uv":[0,14,0.8,14.2],"texture":"#4"},"east":{"uv":[15.6,14,15.8,14.2],"texture":"#4"},"south":{"uv":[1.2,14,2,14.2],"texture":"#4"},"west":{"uv":[15.6,14.8,15.8,15],"texture":"#4"},"up":{"uv":[4,14.2,3.2,14],"texture":"#4"},"down":{"uv":[5.2,14,4.4,14.2],"texture":"#4"}}},{"from":[7.25,5.16421,7],"to":[8.75,7.16421,9],"rotation":{"angle":45,"axis":"x","origin":[8.5,6.16421,8]},"faces":{"north":{"uv":[6,10.4,6.6,11.2],"texture":"#4"},"east":{"uv":[7.2,6.4,8,7.2],"texture":"#4"},"south":{"uv":[0,10.8,0.6,11.6],"texture":"#4"},"west":{"uv":[7.2,7.6,8,8.4],"texture":"#4"},"up":{"uv":[1.8,11.6,1.2,10.8],"texture":"#4"},"down":{"uv":[11.4,3.2,10.8,4],"texture":"#4"}}},{"from":[7.125,-4.08579,7.5],"to":[8.875,-2.08579,9.5],"rotation":{"angle":45,"axis":"x","origin":[8.375,-2.58579,8]},"faces":{"north":{"uv":[7.2,8.8,7.9,9.6],"texture":"#4"},"east":{"uv":[8,0,8.8,0.8],"texture":"#4"},"south":{"uv":[9.2,0,9.9,0.8],"texture":"#4"},"west":{"uv":[8,1.2,8.8,2],"texture":"#4"},"up":{"uv":[9.9,2,9.2,1.2],"texture":"#4"},"down":{"uv":[9.9,2.4,9.2,3.2],"texture":"#4"}}},{"from":[6.75,-3.83579,7.75],"to":[9.25,-2.33579,9.25],"rotation":{"angle":45,"axis":"x","origin":[8.5,-2.58579,8]},"faces":{"north":{"uv":[8.4,6,9.4,6.6],"texture":"#4"},"east":{"uv":[10.8,9.2,11.4,9.8],"texture":"#4"},"south":{"uv":[8.4,7.2,9.4,7.8],"texture":"#4"},"west":{"uv":[10.8,10.4,11.4,11],"texture":"#4"},"up":{"uv":[9.4,9,8.4,8.4],"texture":"#4"},"down":{"uv":[5.4,8.8,4.4,9.4],"texture":"#4"}}},{"from":[7.25,-2.75,7.25],"to":[8.75,-2,8.75],"rotation":{"angle":0,"axis":"y","origin":[7.5,-2.75,7.5]},"faces":{"north":{"uv":[8.4,12.8,9,13.1],"texture":"#4"},"east":{"uv":[9.6,12.8,10.2,13.1],"texture":"#4"},"south":{"uv":[10.8,12.8,11.4,13.1],"texture":"#4"},"west":{"uv":[12,12.8,12.6,13.1],"texture":"#4"},"up":{"uv":[11.8,0.6,11.2,0],"texture":"#4"}}},{"from":[7.375,-2,7.375],"to":[8.625,-1.25,8.625],"rotation":{"angle":0,"axis":"y","origin":[7.625,-2,7.375]},"faces":{"north":{"uv":[5.6,14,6.1,14.3],"texture":"#4"},"east":{"uv":[6.8,14,7.3,14.3],"texture":"#4"},"south":{"uv":[14,7.6,14.5,7.9],"texture":"#4"},"west":{"uv":[14,8.4,14.5,8.7],"texture":"#4"},"up":{"uv":[0.5,12.5,0,12],"texture":"#4"}}},{"from":[7.375,-1,7.44822],"to":[8.375,2.5,8.44822],"rotation":{"angle":45,"axis":"y","origin":[8,-0.875,7.82322]},"faces":{"north":{"uv":[9.2,3.6,9.6,5],"texture":"#4"},"east":{"uv":[8.4,9.6,8.8,11],"texture":"#4"},"south":{"uv":[9.2,9.6,9.6,11],"texture":"#4"},"west":{"uv":[10,3.6,10.4,5],"texture":"#4"}}},{"from":[7.375,2.75,7.375],"to":[8.625,3.5,8.625],"rotation":{"angle":0,"axis":"y","origin":[7.625,3.5,7.375]},"faces":{"north":{"uv":[14,9.2,14.5,9.5],"texture":"#4"},"east":{"uv":[14,10,14.5,10.3],"texture":"#4"},"south":{"uv":[14.4,2.4,14.9,2.7],"texture":"#4"},"west":{"uv":[14.4,3.2,14.9,3.5],"texture":"#4"},"down":{"uv":[1.7,12,1.2,12.5],"texture":"#4"}}},{"from":[7.375,0.5,7.375],"to":[8.625,1.25,8.625],"rotation":{"angle":45,"axis":"y","origin":[8,0.875,8]},"faces":{"north":{"uv":[14.4,4,14.9,4.3],"texture":"#4"},"east":{"uv":[14.4,4.8,14.9,5.1],"texture":"#4"},"south":{"uv":[14.4,6.4,14.9,6.7],"texture":"#4"},"west":{"uv":[8,14.4,8.5,14.7],"texture":"#4"},"up":{"uv":[12.5,2.9,12,2.4],"texture":"#4"},"down":{"uv":[12.5,3.6,12,4.1],"texture":"#4"}}},{"from":[7.375,-1.75,7.375],"to":[8.625,-1,8.625],"rotation":{"angle":45,"axis":"y","origin":[8,-1.375,8]},"faces":{"north":{"uv":[9.2,14.4,9.7,14.7],"texture":"#4"},"east":{"uv":[10.4,14.4,10.9,14.7],"texture":"#4"},"south":{"uv":[14.4,10.8,14.9,11.1],"texture":"#4"},"west":{"uv":[11.6,14.4,12.1,14.7],"texture":"#4"},"up":{"uv":[12.5,8.5,12,8],"texture":"#4"},"down":{"uv":[12.5,9.2,12,9.7],"texture":"#4"}}},{"from":[7.375,2.5,7.375],"to":[8.625,3.25,8.625],"rotation":{"angle":45,"axis":"y","origin":[8,11.875,8]},"faces":{"north":{"uv":[14.4,11.6,14.9,11.9],"texture":"#4"},"east":{"uv":[14.4,12.4,14.9,12.7],"texture":"#4"},"south":{"uv":[12.8,14.4,13.3,14.7],"texture":"#4"},"west":{"uv":[14.4,13.2,14.9,13.5],"texture":"#4"},"up":{"uv":[12.5,10.9,12,10.4],"texture":"#4"},"down":{"uv":[12.5,11.6,12,12.1],"texture":"#4"}}},{"from":[7.25,3.5,7.25],"to":[8.75,4.25,8.75],"rotation":{"angle":0,"axis":"y","origin":[7.5,4.25,7.5]},"faces":{"north":{"uv":[0,13.2,0.6,13.5],"texture":"#4"},"east":{"uv":[1.2,13.2,1.8,13.5],"texture":"#4"},"south":{"uv":[13.2,2.4,13.8,2.7],"texture":"#4"},"west":{"uv":[13.2,3.2,13.8,3.5],"texture":"#4"},"up":{"uv":[11.8,1.8,11.2,1.2],"texture":"#4"},"down":{"uv":[3.8,11.2,3.2,11.8],"texture":"#4"}}},{"from":[7.25,3.75,7.25],"to":[8.75,4.5,8.75],"rotation":{"angle":45,"axis":"y","origin":[8,4.125,8]},"faces":{"north":{"uv":[4,13.2,4.6,13.5],"texture":"#4"},"east":{"uv":[13.2,4,13.8,4.3],"texture":"#4"},"south":{"uv":[13.2,4.8,13.8,5.1],"texture":"#4"},"west":{"uv":[13.2,6.8,13.8,7.1],"texture":"#4"},"up":{"uv":[5,11.8,4.4,11.2],"texture":"#4"},"down":{"uv":[11.8,6.8,11.2,7.4],"texture":"#4"}}},{"from":[7.6285,5.16421,5.12132],"to":[8.3715,7.16421,6.62132],"rotation":{"angle":0,"axis":"y","origin":[7.1285,4.66421,6.62132]},"faces":{"north":{"uv":[2.4,12,2.7,12.8],"texture":"#4"},"east":{"uv":[10.8,4.4,11.4,5.2],"texture":"#4"},"south":{"uv":[3.2,12.4,3.5,13.2],"texture":"#4"},"west":{"uv":[10.8,8,11.4,8.8],"texture":"#4"}}},{"from":[7.625,6.19454,4.53033],"to":[8.375,7.69454,5.78033],"rotation":{"angle":-45,"axis":"x","origin":[7.625,7.69454,5.03033]},"faces":{"north":{"uv":[2.4,13.2,2.7,13.8],"texture":"#4"},"east":{"uv":[7.2,11.2,7.7,11.8],"texture":"#4"},"south":{"uv":[13.2,7.6,13.5,8.2],"texture":"#4"},"west":{"uv":[5.6,11.6,6.1,12.2],"texture":"#4"},"up":{"uv":[2.7,14.9,2.4,14.4],"texture":"#4"},"down":{"uv":[14.3,14.4,14,14.9],"texture":"#4"}}},{"from":[7.625,4.63388,4.53033],"to":[8.375,6.13388,5.78033],"rotation":{"angle":45,"axis":"x","origin":[7.625,4.63388,5.03033]},"faces":{"north":{"uv":[13.2,8.8,13.5,9.4],"texture":"#4"},"east":{"uv":[11.6,5.6,12.1,6.2],"texture":"#4"},"south":{"uv":[13.2,10,13.5,10.6],"texture":"#4"},"west":{"uv":[8.4,11.6,8.9,12.2],"texture":"#4"},"up":{"uv":[0.3,15.3,0,14.8],"texture":"#4"},"down":{"uv":[15.1,0,14.8,0.5],"texture":"#4"}}},{"from":[7.7535,-4.04289,6.08579],"to":[8.2465,-2.54289,7.33579],"rotation":{"angle":0,"axis":"y","origin":[7.2535,-4.79289,7.33579]},"faces":{"north":{"uv":[4,14.8,4.2,15.4],"texture":"#4"},"east":{"uv":[9.6,11.6,10.1,12.2],"texture":"#4"},"south":{"uv":[4.8,14.8,5,15.4],"texture":"#4"},"west":{"uv":[10.8,11.6,11.3,12.2],"texture":"#4"}}},{"from":[7.75,-3.51256,5.4948],"to":[8.25,-2.26256,6.4948],"rotation":{"angle":-45,"axis":"x","origin":[7.75,-2.01256,5.7448]},"faces":{"north":{"uv":[7.2,14.8,7.4,15.3],"texture":"#4"},"east":{"uv":[12.4,6.8,12.8,7.3],"texture":"#4"},"south":{"uv":[14.8,14,15,14.5],"texture":"#4"},"west":{"uv":[5.2,12.8,5.6,13.3],"texture":"#4"},"up":{"uv":[13,15.6,12.8,15.2],"texture":"#4"},"down":{"uv":[15,15.2,14.8,15.6],"texture":"#4"}}},{"from":[7.75,-4.32322,5.4948],"to":[8.25,-3.07322,6.4948],"rotation":{"angle":45,"axis":"x","origin":[7.75,-4.57322,5.7448]},"faces":{"north":{"uv":[15.2,7.2,15.4,7.7],"texture":"#4"},"east":{"uv":[12.8,5.6,13.2,6.1],"texture":"#4"},"south":{"uv":[8,15.2,8.2,15.7],"texture":"#4"},"west":{"uv":[6,12.8,6.4,13.3],"texture":"#4"},"up":{"uv":[15.8,0.4,15.6,0],"texture":"#4"},"down":{"uv":[15.8,0.8,15.6,1.2],"texture":"#4"}}},{"from":[7.75,7,6.75],"to":[8.25,15,9.25],"rotation":{"angle":0,"axis":"y","origin":[7.75,10,6.75]},"faces":{"north":{"uv":[2.4,8.4,2.6,11.6],"texture":"#4"},"east":{"uv":[4.8,0,5.8,3.2],"texture":"#4"},"south":{"uv":[8.4,2.4,8.6,5.6],"texture":"#4"},"west":{"uv":[4.8,3.6,5.8,6.8],"texture":"#4"}}},{"from":[7.75,14.75,7.125],"to":[8.25,27.75,8.875],"rotation":{"angle":0,"axis":"y","origin":[7.75,18.75,7.125]},"faces":{"north":{"uv":[3.6,5.6,3.8,10.8],"texture":"#4"},"east":{"uv":[2.4,0,3.1,5.2],"texture":"#4"},"south":{"uv":[6.4,4.8,6.6,10],"texture":"#4"},"west":{"uv":[3.6,0,4.3,5.2],"texture":"#4"}}},{"from":[7.7475,14.01265,7.46989],"to":[8.2525,15.78765,9.24489],"rotation":{"angle":45,"axis":"x","origin":[7.9975,15.26265,7.99489]},"faces":{"north":{"uv":[0.8,14.8,1,15.5],"texture":"#4"},"east":{"uv":[10,6.8,10.7,7.5],"texture":"#4"},"south":{"uv":[14.8,1.2,15,1.9],"texture":"#4"},"west":{"uv":[7.2,10,7.9,10.7],"texture":"#4"},"up":{"uv":[1.8,15.5,1.6,14.8],"texture":"#4"},"down":{"uv":[3.4,14.8,3.2,15.5],"texture":"#4"}}},{"from":[7.7475,27.13388,8.00707],"to":[8.2525,28.37388,9.24707],"rotation":{"angle":45,"axis":"x","origin":[7.9975,28.38388,8.00707]},"faces":{"north":{"uv":[15.2,8.4,15.4,8.9],"texture":"#4"},"east":{"uv":[12.4,0,12.9,0.5],"texture":"#4"},"south":{"uv":[8.8,15.2,9,15.7],"texture":"#4"},"west":{"uv":[12.4,1.2,12.9,1.7],"texture":"#4"},"up":{"uv":[9.8,15.7,9.6,15.2],"texture":"#4"},"down":{"uv":[15.4,9.6,15.2,10.1],"texture":"#4"}}},{"from":[7.985,6.66421,5.625],"to":[8.015,31.91421,10.375],"rotation":{"angle":0,"axis":"y","origin":[7.985,9.91421,6.625]},"faces":{"east":{"uv":[1.9,0,0,10.1],"texture":"#4"},"west":{"uv":[0,0,1.9,10.1],"texture":"#4"}}},{"from":[7.985,-7,5.25],"to":[8.015,-1,7.25],"rotation":{"angle":0,"axis":"y","origin":[7.985,-8,3.25]},"faces":{"east":{"uv":[3.2,5.6,2.4,8],"texture":"#4"},"west":{"uv":[2.4,5.6,3.2,8],"texture":"#4"}}},{"from":[7.7535,-4.04289,8.66421],"to":[8.2465,-2.54289,9.91421],"rotation":{"angle":0,"axis":"y","origin":[7.2535,-4.79289,8.66421]},"faces":{"north":{"uv":[5,14.8,4.8,15.4],"texture":"#4"},"east":{"uv":[10.1,11.6,9.6,12.2],"texture":"#4"},"south":{"uv":[4.2,14.8,4,15.4],"texture":"#4"},"west":{"uv":[11.3,11.6,10.8,12.2],"texture":"#4"}}},{"from":[7.75,-3.51256,9.5052],"to":[8.25,-2.26256,10.5052],"rotation":{"angle":45,"axis":"x","origin":[7.75,-2.01256,10.2552]},"faces":{"north":{"uv":[15,14,14.8,14.5],"texture":"#4"},"east":{"uv":[12.8,6.8,12.4,7.3],"texture":"#4"},"south":{"uv":[7.4,14.8,7.2,15.3],"texture":"#4"},"west":{"uv":[5.6,12.8,5.2,13.3],"texture":"#4"},"up":{"uv":[13,15.2,12.8,15.6],"texture":"#4"},"down":{"uv":[15,15.6,14.8,15.2],"texture":"#4"}}},{"from":[7.75,-4.32322,9.5052],"to":[8.25,-3.07322,10.5052],"rotation":{"angle":-45,"axis":"x","origin":[7.75,-4.57322,10.2552]},"faces":{"north":{"uv":[8.2,15.2,8,15.7],"texture":"#4"},"east":{"uv":[13.2,5.6,12.8,6.1],"texture":"#4"},"south":{"uv":[15.4,7.2,15.2,7.7],"texture":"#4"},"west":{"uv":[6.4,12.8,6,13.3],"texture":"#4"},"up":{"uv":[15.8,0,15.6,0.4],"texture":"#4"},"down":{"uv":[15.8,1.2,15.6,0.8],"texture":"#4"}}},{"from":[7.985,-7,8.75],"to":[8.015,-1,10.75],"rotation":{"angle":0,"axis":"y","origin":[7.985,-8,12.75]},"faces":{"east":{"uv":[2.4,5.6,3.2,8],"texture":"#4"},"west":{"uv":[3.2,5.6,2.4,8],"texture":"#4"}}},{"from":[7.995,7.6792,1.21015],"to":[8.005,10.4292,3.33515],"rotation":{"angle":22.5,"axis":"x","origin":[7.9975,7.32437,3.3703]},"faces":{"east":{"uv":[8,4.8,7.2,5.9],"texture":"#4"},"west":{"uv":[7.2,4.8,8,5.9],"texture":"#4"}}},{"from":[7.99,6.54564,1.80673],"to":[8.01,9.04564,4.30673],"rotation":{"angle":-22.5,"axis":"x","origin":[8.0025,8.01728,3.08329]},"faces":{"east":{"uv":[5.4,7.2,4.4,8.2],"texture":"#4"},"west":{"uv":[4.4,7.2,5.4,8.2],"texture":"#4"}}},{"from":[7.985,6.07401,3.22124],"to":[8.015,8.59901,5.97124],"rotation":{"angle":22.5,"axis":"x","origin":[8.0025,8.01728,3.08329]},"faces":{"east":{"uv":[7.5,3.2,6.4,4.2],"texture":"#4"},"west":{"uv":[6.4,3.2,7.5,4.2],"texture":"#4"}}},{"from":[7.7585,6.83516,1.78011],"to":[8.2415,7.58516,2.58011],"rotation":{"angle":22.5,"axis":"x","origin":[8.0025,8.01728,3.08329]},"faces":{"north":{"uv":[15.6,4,15.8,4.3],"texture":"#4"},"east":{"uv":[11.2,15.2,11.5,15.5],"texture":"#4"},"south":{"uv":[15.6,4.8,15.8,5.1],"texture":"#4"},"west":{"uv":[12,15.2,12.3,15.5],"texture":"#4"},"up":{"uv":[15.8,5.9,15.6,5.6],"texture":"#4"}}},{"from":[7.7535,7.10288,1.32591],"to":[8.2465,8.10288,2.07591],"rotation":{"angle":-22.5,"axis":"x","origin":[8.0025,8.01728,3.08329]},"faces":{"north":{"uv":[2.4,15.6,2.6,16],"texture":"#4"},"east":{"uv":[11.2,2.4,11.5,2.8],"texture":"#4"},"south":{"uv":[15.6,2.4,15.8,2.8],"texture":"#4"},"west":{"uv":[14.8,5.6,15.1,6],"texture":"#4"},"up":{"uv":[15.8,3.5,15.6,3.2],"texture":"#4"}}},{"from":[7.7535,6.15288,1.32591],"to":[8.2465,7.10288,2.82591],"rotation":{"angle":-22.5,"axis":"x","origin":[8.0025,8.01728,3.08329]},"faces":{"north":{"uv":[15.6,1.6,15.8,2],"texture":"#4"},"east":{"uv":[12,4.8,12.6,5.2],"texture":"#4"},"west":{"uv":[4,12.4,4.6,12.8],"texture":"#4"},"up":{"uv":[5.8,15.4,5.6,14.8],"texture":"#4"},"down":{"uv":[6.6,14.8,6.4,15.4],"texture":"#4"}}},{"from":[7.75,5.93871,3.54788],"to":[8.25,7.18871,6.29788],"rotation":{"angle":22.5,"axis":"x","origin":[8.0025,8.01728,3.08329]},"faces":{"north":{"uv":[10.4,15.2,10.6,15.7],"texture":"#4"},"east":{"uv":[4.4,10,5.5,10.5],"texture":"#4"},"west":{"uv":[10,5.6,11.1,6.1],"texture":"#4"},"up":{"uv":[7,13.5,6.8,12.4],"texture":"#4"},"down":{"uv":[7.8,12.4,7.6,13.5],"texture":"#4"}}},{"from":[7.6285,5.16421,9.37868],"to":[8.3715,7.16421,10.87868],"rotation":{"angle":0,"axis":"y","origin":[7.1285,4.66421,9.37868]},"faces":{"north":{"uv":[3.5,12.4,3.2,13.2],"texture":"#4"},"east":{"uv":[11.4,4.4,10.8,5.2],"texture":"#4"},"south":{"uv":[2.7,12,2.4,12.8],"texture":"#4"},"west":{"uv":[11.4,8,10.8,8.8],"texture":"#4"}}},{"from":[7.625,6.19454,10.21967],"to":[8.375,7.69454,11.46967],"rotation":{"angle":45,"axis":"x","origin":[7.625,7.69454,10.96967]},"faces":{"north":{"uv":[13.5,7.6,13.2,8.2],"texture":"#4"},"east":{"uv":[7.7,11.2,7.2,11.8],"texture":"#4"},"south":{"uv":[2.7,13.2,2.4,13.8],"texture":"#4"},"west":{"uv":[6.1,11.6,5.6,12.2],"texture":"#4"},"up":{"uv":[2.7,14.4,2.4,14.9],"texture":"#4"},"down":{"uv":[14.3,14.9,14,14.4],"texture":"#4"}}},{"from":[7.625,4.63388,10.21967],"to":[8.375,6.13388,11.46967],"rotation":{"angle":-45,"axis":"x","origin":[7.625,4.63388,10.96967]},"faces":{"north":{"uv":[13.5,10,13.2,10.6],"texture":"#4"},"east":{"uv":[12.1,5.6,11.6,6.2],"texture":"#4"},"south":{"uv":[13.5,8.8,13.2,9.4],"texture":"#4"},"west":{"uv":[8.9,11.6,8.4,12.2],"texture":"#4"},"up":{"uv":[0.3,14.8,0,15.3],"texture":"#4"},"down":{"uv":[15.1,0.5,14.8,0],"texture":"#4"}}},{"from":[7.75,5.93871,9.70212],"to":[8.25,7.18871,12.45212],"rotation":{"angle":-22.5,"axis":"x","origin":[8.0025,8.01728,12.91671]},"faces":{"east":{"uv":[5.5,10,4.4,10.5],"texture":"#4"},"south":{"uv":[10.6,15.2,10.4,15.7],"texture":"#4"},"west":{"uv":[11.1,5.6,10,6.1],"texture":"#4"},"up":{"uv":[7,12.4,6.8,13.5],"texture":"#4"},"down":{"uv":[7.8,13.5,7.6,12.4],"texture":"#4"}}},{"from":[7.7535,6.15288,13.17409],"to":[8.2465,7.10288,14.67409],"rotation":{"angle":22.5,"axis":"x","origin":[8.0025,8.01728,12.91671]},"faces":{"east":{"uv":[12.6,4.8,12,5.2],"texture":"#4"},"south":{"uv":[15.8,1.6,15.6,2],"texture":"#4"},"west":{"uv":[4.6,12.4,4,12.8],"texture":"#4"},"up":{"uv":[5.8,14.8,5.6,15.4],"texture":"#4"},"down":{"uv":[6.6,15.4,6.4,14.8],"texture":"#4"}}},{"from":[7.7535,7.10288,13.92409],"to":[8.2465,8.10288,14.67409],"rotation":{"angle":22.5,"axis":"x","origin":[8.0025,8.01728,12.91671]},"faces":{"north":{"uv":[15.8,2.4,15.6,2.8],"texture":"#4"},"east":{"uv":[11.5,2.4,11.2,2.8],"texture":"#4"},"south":{"uv":[2.6,15.6,2.4,16],"texture":"#4"},"west":{"uv":[15.1,5.6,14.8,6],"texture":"#4"},"up":{"uv":[15.8,3.2,15.6,3.5],"texture":"#4"}}},{"from":[7.7585,6.83516,13.41989],"to":[8.2415,7.58516,14.21989],"rotation":{"angle":-22.5,"axis":"x","origin":[8.0025,8.01728,12.91671]},"faces":{"north":{"uv":[15.8,4.8,15.6,5.1],"texture":"#4"},"east":{"uv":[11.5,15.2,11.2,15.5],"texture":"#4"},"south":{"uv":[15.8,4,15.6,4.3],"texture":"#4"},"west":{"uv":[12.3,15.2,12,15.5],"texture":"#4"},"up":{"uv":[15.8,5.6,15.6,5.9],"texture":"#4"}}},{"from":[7.985,6.07401,10.02876],"to":[8.015,8.59901,12.77876],"rotation":{"angle":-22.5,"axis":"x","origin":[8.0025,8.01728,12.91671]},"faces":{"east":{"uv":[6.4,3.2,7.5,4.2],"texture":"#4"},"west":{"uv":[7.5,3.2,6.4,4.2],"texture":"#4"}}},{"from":[7.99,6.54564,11.69327],"to":[8.01,9.04564,14.19327],"rotation":{"angle":22.5,"axis":"x","origin":[8.0025,8.01728,12.91671]},"faces":{"east":{"uv":[4.4,7.2,5.4,8.2],"texture":"#4"},"west":{"uv":[5.4,7.2,4.4,8.2],"texture":"#4"}}},{"from":[7.995,7.6792,12.66485],"to":[8.005,10.4292,14.78985],"rotation":{"angle":-22.5,"axis":"x","origin":[7.9975,7.32437,12.6297]},"faces":{"east":{"uv":[7.2,4.8,8,5.9],"texture":"#4"},"west":{"uv":[8,4.8,7.2,5.9],"texture":"#4"}}},{"from":[8.73537,8.25,6.625],"to":[8.76537,29.25,9.375],"rotation":{"angle":0,"axis":"y","origin":[15.98537,-2.75,-0.125]},"faces":{"east":{"uv":[7.66667,0,5.83333,14],"texture":"#2"},"west":{"uv":[5.83333,0,7.66667,14],"texture":"#2"}}},{"from":[8.02012,8.25,4.77959],"to":[8.05012,29.25,6.77959],"rotation":{"angle":22.5,"axis":"y","origin":[8.02012,18.75,4.90459]},"faces":{"east":{"uv":[5.83333,0,4.5,14],"texture":"#2"},"west":{"uv":[4.5,0,5.83333,14],"texture":"#2"}}},{"from":[8.02012,8.25,9.22079],"to":[8.05012,29.25,11.22079],"rotation":{"angle":-22.5,"axis":"y","origin":[8.02012,18.75,11.09579]},"faces":{"east":{"uv":[9,0,7.66667,14],"texture":"#2"},"west":{"uv":[7.66667,0,9,14],"texture":"#2"}}},{"from":[7.23463,8.25,6.625],"to":[7.26463,29.25,9.375],"rotation":{"angle":0,"axis":"y","origin":[-0.01537,-2.75,-0.125]},"faces":{"east":{"uv":[1.33333,0,3.16667,14],"texture":"#2"},"west":{"uv":[3.16667,0,1.33333,14],"texture":"#2"}}},{"from":[7.95216,8.25,4.76811],"to":[7.98216,29.25,6.76811],"rotation":{"angle":-22.5,"axis":"y","origin":[7.95216,18.75,4.89311]},"faces":{"east":{"uv":[3.16667,0,4.5,14],"texture":"#2"},"west":{"uv":[4.5,0,3.16667,14],"texture":"#2"}}},{"from":[7.95216,8.25,9.23227],"to":[7.98216,29.25,11.23227],"rotation":{"angle":22.5,"axis":"y","origin":[7.95216,18.75,11.10727]},"faces":{"east":{"uv":[0,0,1.33333,14],"texture":"#2"},"west":{"uv":[1.33333,0,0,14],"texture":"#2"}}},{"from":[7.5,-7.25,6],"to":[8.5,-1.25,10],"rotation":{"angle":0,"axis":"y","origin":[-0.5,0,6]},"faces":{"east":{"uv":[0,0,8,12],"texture":"#3"},"west":{"uv":[8,0,0,12],"texture":"#3"}}}],"gui_light":"front","display":{"thirdperson_righthand":{"translation":[0,4.5,1]},"thirdperson_lefthand":{"translation":[0,4.5,1]},"firstperson_righthand":{"rotation":[10,0,0],"translation":[1.25,2,0.5],"scale":[0.7,0.7,0.7]},"firstperson_lefthand":{"rotation":[10,0,0],"translation":[1.25,1.5,0.5],"scale":[0.7,0.7,0.7]},"ground":{"rotation":[-45,0,0],"translation":[0,5,0],"scale":[0.7,0.7,0.7]},"gui":{"rotation":[-90,45,90],"translation":[2,-2,0],"scale":[0.7,0.7,0.7]},"head":{"rotation":[0,-90,0]},"fixed":{"rotation":[0,-90,0],"translation":[0,0,-1.75],"scale":[2,2,2]}}}