{"credit":"Pologony Creation Co.,Ltd.","texture_size":[48,48],"textures":{"2":"frostbite_set:animated/animated_3","3":"frostbite_set:animated/animated_1","4":"frostbite_set:trident","particle":"frostbite_set:animated/animated_3"},"elements":[{"from":[7.5,19.66421,6.5],"to":[8.5,22.66421,9.5],"rotation":{"angle":45,"axis":"x","origin":[8.5,21.16421,8]},"faces":{"north":{"uv":[3.33333,7.66667,3.66667,8.66667],"texture":"#4"},"east":{"uv":[4,5,5,6],"texture":"#4"},"south":{"uv":[8,6,8.33333,7],"texture":"#4"},"west":{"uv":[5.33333,5,6.33333,6],"texture":"#4"},"up":{"uv":[7.33333,9,7,8],"texture":"#4"},"down":{"uv":[8.33333,7.33333,8,8.33333],"texture":"#4"}}},{"from":[7,20.91421,6.75],"to":[9,21.41421,7.25],"rotation":{"angle":45,"axis":"x","origin":[8.5,21.16421,8]},"faces":{"north":{"uv":[12,4,12.66667,4.16667],"texture":"#4"},"east":{"uv":[11.33333,14.66667,11.5,14.83333],"texture":"#4"},"south":{"uv":[5.33333,12,6,12.16667],"texture":"#4"},"west":{"uv":[14.66667,11.66667,14.83333,11.83333],"texture":"#4"},"up":{"uv":[7,12.16667,6.33333,12],"texture":"#4"},"down":{"uv":[8,12,7.33333,12.16667],"texture":"#4"}}},{"from":[7,20.91421,8.75],"to":[9,21.41421,9.25],"rotation":{"angle":-45,"axis":"x","origin":[8.5,21.16421,8]},"faces":{"north":{"uv":[8.33333,12,9,12.16667],"texture":"#4"},"east":{"uv":[12,14.66667,12.16667,14.83333],"texture":"#4"},"south":{"uv":[12,11,12.66667,11.16667],"texture":"#4"},"west":{"uv":[14.66667,13.66667,14.83333,13.83333],"texture":"#4"},"up":{"uv":[12.66667,11.83333,12,11.66667],"texture":"#4"},"down":{"uv":[13,0.66667,12.33333,0.83333],"texture":"#4"}}},{"from":[7,19.91421,7.75],"to":[9,20.41421,8.25],"rotation":{"angle":45,"axis":"x","origin":[8.5,21.16421,8]},"faces":{"north":{"uv":[12.33333,1.33333,13,1.5],"texture":"#4"},"east":{"uv":[14,14.66667,14.16667,14.83333],"texture":"#4"},"south":{"uv":[12.33333,2,13,2.16667],"texture":"#4"},"west":{"uv":[14.66667,14.33333,14.83333,14.5],"texture":"#4"},"up":{"uv":[13,4.83333,12.33333,4.66667],"texture":"#4"},"down":{"uv":[13,5.33333,12.33333,5.5],"texture":"#4"}}},{"from":[7,19.91421,7.75],"to":[9,20.41421,8.25],"rotation":{"angle":-45,"axis":"x","origin":[8.5,21.16421,8]},"faces":{"north":{"uv":[12.33333,6,13,6.16667],"texture":"#4"},"east":{"uv":[0,15,0.16667,15.16667],"texture":"#4"},"south":{"uv":[12.33333,6.66667,13,6.83333],"texture":"#4"},"west":{"uv":[15,0.66667,15.16667,0.83333],"texture":"#4"},"up":{"uv":[13,7.5,12.33333,7.33333],"texture":"#4"},"down":{"uv":[13,8,12.33333,8.16667],"texture":"#4"}}},{"from":[7.25,20.16421,7],"to":[8.75,22.16421,9],"rotation":{"angle":45,"axis":"x","origin":[8.5,21.16421,8]},"faces":{"north":{"uv":[8,4,8.5,4.66667],"texture":"#4"},"east":{"uv":[5.66667,4,6.33333,4.66667],"texture":"#4"},"south":{"uv":[4,8.33333,4.5,9],"texture":"#4"},"west":{"uv":[5,6.33333,5.66667,7],"texture":"#4"},"up":{"uv":[5.5,9,5,8.33333],"texture":"#4"},"down":{"uv":[6.5,8.33333,6,9],"texture":"#4"}}},{"from":[7.125,-12.08579,7.5],"to":[8.875,-10.08579,9.5],"rotation":{"angle":45,"axis":"x","origin":[8.375,-10.58579,8]},"faces":{"north":{"uv":[6.66667,5,7.25,5.66667],"texture":"#4"},"east":{"uv":[6,6.33333,6.66667,7],"texture":"#4"},"south":{"uv":[7,6,7.58333,6.66667],"texture":"#4"},"west":{"uv":[6.66667,0,7.33333,0.66667],"texture":"#4"},"up":{"uv":[7.58333,7.66667,7,7],"texture":"#4"},"down":{"uv":[5.58333,7.33333,5,8],"texture":"#4"}}},{"from":[6.75,-11.83579,7.75],"to":[9.25,-10.33579,9.25],"rotation":{"angle":45,"axis":"x","origin":[8.5,-10.58579,8]},"faces":{"north":{"uv":[6.66667,1,7.5,1.5],"texture":"#4"},"east":{"uv":[9,3,9.5,3.5],"texture":"#4"},"south":{"uv":[6.66667,2,7.5,2.5],"texture":"#4"},"west":{"uv":[9,4,9.5,4.5],"texture":"#4"},"up":{"uv":[7.5,3.5,6.66667,3],"texture":"#4"},"down":{"uv":[7.5,4,6.66667,4.5],"texture":"#4"}}},{"from":[7.25,-10.75,7.25],"to":[8.75,-10,8.75],"rotation":{"angle":0,"axis":"y","origin":[7.5,-10.75,7.5]},"faces":{"north":{"uv":[11,4.33333,11.5,4.58333],"texture":"#4"},"east":{"uv":[10,11,10.5,11.25],"texture":"#4"},"south":{"uv":[11,11,11.5,11.25],"texture":"#4"},"west":{"uv":[11.33333,1,11.83333,1.25],"texture":"#4"},"up":{"uv":[3.83333,9.83333,3.33333,9.33333],"texture":"#4"}}},{"from":[7.375,-10,7.375],"to":[8.625,-9.25,8.625],"rotation":{"angle":0,"axis":"y","origin":[7.625,-10,7.375]},"faces":{"north":{"uv":[12.33333,8.66667,12.75,8.91667],"texture":"#4"},"east":{"uv":[12.33333,9.33333,12.75,9.58333],"texture":"#4"},"south":{"uv":[12.33333,10,12.75,10.25],"texture":"#4"},"west":{"uv":[12,12.33333,12.41667,12.58333],"texture":"#4"},"up":{"uv":[10.75,1.41667,10.33333,1],"texture":"#4"}}},{"from":[7.375,-9,7.44822],"to":[8.375,12.5,8.44822],"rotation":{"angle":45,"axis":"y","origin":[8,12.125,7.82322]},"faces":{"north":{"uv":[2.66667,0,3,7.16667],"texture":"#4"},"east":{"uv":[0,3.33333,0.33333,10.5],"texture":"#4"},"south":{"uv":[3.33333,0,3.66667,7.16667],"texture":"#4"},"west":{"uv":[0.66667,3.33333,1,10.5],"texture":"#4"}}},{"from":[7.375,12.75,7.375],"to":[8.625,13.5,8.625],"rotation":{"angle":0,"axis":"y","origin":[7.625,13.5,7.375]},"faces":{"north":{"uv":[12.66667,0,13.08333,0.25],"texture":"#4"},"east":{"uv":[1.33333,12.66667,1.75,12.91667],"texture":"#4"},"south":{"uv":[2.33333,12.66667,2.75,12.91667],"texture":"#4"},"west":{"uv":[12.66667,2.66667,13.08333,2.91667],"texture":"#4"},"down":{"uv":[10.75,2,10.33333,2.41667],"texture":"#4"}}},{"from":[7.375,10.5,7.375],"to":[8.625,11.25,8.625],"rotation":{"angle":45,"axis":"y","origin":[8,10.875,8]},"faces":{"north":{"uv":[12.66667,3.33333,13.08333,3.58333],"texture":"#4"},"east":{"uv":[5.33333,12.66667,5.75,12.91667],"texture":"#4"},"south":{"uv":[6.33333,12.66667,6.75,12.91667],"texture":"#4"},"west":{"uv":[7.33333,12.66667,7.75,12.91667],"texture":"#4"},"up":{"uv":[3.75,10.75,3.33333,10.33333],"texture":"#4"},"down":{"uv":[4.75,10.33333,4.33333,10.75],"texture":"#4"}}},{"from":[7.375,-7.5,7.375],"to":[8.625,-6.75,8.625],"rotation":{"angle":45,"axis":"y","origin":[8,13.875,8]},"faces":{"north":{"uv":[8.33333,12.66667,8.75,12.91667],"texture":"#4"},"east":{"uv":[0,13,0.41667,13.25],"texture":"#4"},"south":{"uv":[13,4,13.41667,4.25],"texture":"#4"},"west":{"uv":[9.33333,13,9.75,13.25],"texture":"#4"},"up":{"uv":[5.75,10.75,5.33333,10.33333],"texture":"#4"},"down":{"uv":[6.75,10.33333,6.33333,10.75],"texture":"#4"}}},{"from":[7.375,-9.75,7.375],"to":[8.625,-9,8.625],"rotation":{"angle":45,"axis":"y","origin":[8,-9.375,8]},"faces":{"north":{"uv":[10.33333,13,10.75,13.25],"texture":"#4"},"east":{"uv":[13,10.66667,13.41667,10.91667],"texture":"#4"},"south":{"uv":[11.33333,13,11.75,13.25],"texture":"#4"},"west":{"uv":[13,11.33333,13.41667,11.58333],"texture":"#4"},"up":{"uv":[10.75,10.41667,10.33333,10],"texture":"#4"},"down":{"uv":[11.08333,0,10.66667,0.41667],"texture":"#4"}}},{"from":[7.375,12.5,7.375],"to":[8.625,13.25,8.625],"rotation":{"angle":45,"axis":"y","origin":[8,21.875,8]},"faces":{"north":{"uv":[13,12,13.41667,12.25],"texture":"#4"},"east":{"uv":[12.33333,13,12.75,13.25],"texture":"#4"},"south":{"uv":[13.33333,0.66667,13.75,0.91667],"texture":"#4"},"west":{"uv":[1,13.33333,1.41667,13.58333],"texture":"#4"},"up":{"uv":[1.75,11.08333,1.33333,10.66667],"texture":"#4"},"down":{"uv":[2.75,10.66667,2.33333,11.08333],"texture":"#4"}}},{"from":[7.25,13.5,7.25],"to":[8.75,14.25,8.75],"rotation":{"angle":0,"axis":"y","origin":[7.5,14.25,7.5]},"faces":{"north":{"uv":[11.33333,1.66667,11.83333,1.91667],"texture":"#4"},"east":{"uv":[11.33333,2.33333,11.83333,2.58333],"texture":"#4"},"south":{"uv":[3.33333,11.33333,3.83333,11.58333],"texture":"#4"},"west":{"uv":[4.33333,11.33333,4.83333,11.58333],"texture":"#4"},"up":{"uv":[4.83333,9.83333,4.33333,9.33333],"texture":"#4"},"down":{"uv":[5.83333,9.33333,5.33333,9.83333],"texture":"#4"}}},{"from":[7.25,13.75,7.25],"to":[8.75,14.5,8.75],"rotation":{"angle":45,"axis":"y","origin":[8,14.125,8]},"faces":{"north":{"uv":[11.33333,5,11.83333,5.25],"texture":"#4"},"east":{"uv":[5.33333,11.33333,5.83333,11.58333],"texture":"#4"},"south":{"uv":[11.33333,5.66667,11.83333,5.91667],"texture":"#4"},"west":{"uv":[6.33333,11.33333,6.83333,11.58333],"texture":"#4"},"up":{"uv":[6.83333,9.83333,6.33333,9.33333],"texture":"#4"},"down":{"uv":[10.16667,0,9.66667,0.5],"texture":"#4"}}},{"from":[7.25,19,7.25],"to":[8.75,19.75,8.75],"rotation":{"angle":45,"axis":"y","origin":[8,19.375,8]},"faces":{"north":{"uv":[11.33333,6.33333,11.83333,6.58333],"texture":"#4"},"east":{"uv":[11.33333,9.66667,11.83333,9.91667],"texture":"#4"},"south":{"uv":[11.33333,10.33333,11.83333,10.58333],"texture":"#4"},"west":{"uv":[11.66667,0,12.16667,0.25],"texture":"#4"},"up":{"uv":[1.83333,10.16667,1.33333,9.66667],"texture":"#4"},"down":{"uv":[2.83333,9.66667,2.33333,10.16667],"texture":"#4"}}},{"from":[7.6285,20.16421,5.12132],"to":[8.3715,22.16421,6.62132],"rotation":{"angle":0,"axis":"y","origin":[7.1285,19.66421,6.62132]},"faces":{"north":{"uv":[10.66667,5,10.91667,5.66667],"texture":"#4"},"east":{"uv":[8.66667,0,9.16667,0.66667],"texture":"#4"},"south":{"uv":[10.66667,6,10.91667,6.66667],"texture":"#4"},"west":{"uv":[1.33333,8.66667,1.83333,9.33333],"texture":"#4"}}},{"from":[7.625,21.19454,4.53033],"to":[8.375,22.69454,5.78033],"rotation":{"angle":-45,"axis":"x","origin":[7.625,22.69454,5.03033]},"faces":{"north":{"uv":[1.33333,11.66667,1.58333,12.16667],"texture":"#4"},"east":{"uv":[9.66667,5,10.08333,5.5],"texture":"#4"},"south":{"uv":[2,11.66667,2.25,12.16667],"texture":"#4"},"west":{"uv":[9.66667,6,10.08333,6.5],"texture":"#4"},"up":{"uv":[9.58333,12.41667,9.33333,12],"texture":"#4"},"down":{"uv":[3.58333,13,3.33333,13.41667],"texture":"#4"}}},{"from":[7.625,19.63388,4.53033],"to":[8.375,21.13388,5.78033],"rotation":{"angle":45,"axis":"x","origin":[7.625,19.63388,5.03033]},"faces":{"north":{"uv":[2.66667,11.66667,2.91667,12.16667],"texture":"#4"},"east":{"uv":[9.66667,7,10.08333,7.5],"texture":"#4"},"south":{"uv":[11.66667,7,11.91667,7.5],"texture":"#4"},"west":{"uv":[9.66667,8,10.08333,8.5],"texture":"#4"},"up":{"uv":[13.58333,1.75,13.33333,1.33333],"texture":"#4"},"down":{"uv":[2.25,13.33333,2,13.75],"texture":"#4"}}},{"from":[7.7535,-12.04289,6.08579],"to":[8.2465,-10.54289,7.33579],"rotation":{"angle":0,"axis":"y","origin":[7.2535,-12.79289,7.33579]},"faces":{"north":{"uv":[13.66667,3,13.83333,3.5],"texture":"#4"},"east":{"uv":[9.66667,9,10.08333,9.5],"texture":"#4"},"south":{"uv":[9.33333,13.66667,9.5,14.16667],"texture":"#4"},"west":{"uv":[10,3,10.41667,3.5],"texture":"#4"}}},{"from":[7.75,-11.51256,5.4948],"to":[8.25,-10.26256,6.4948],"rotation":{"angle":-45,"axis":"x","origin":[7.75,-10.01256,5.7448]},"faces":{"north":{"uv":[6.66667,14,6.83333,14.41667],"texture":"#4"},"east":{"uv":[7.33333,11,7.66667,11.41667],"texture":"#4"},"south":{"uv":[7.33333,14,7.5,14.41667],"texture":"#4"},"west":{"uv":[8,11,8.33333,11.41667],"texture":"#4"},"up":{"uv":[4.16667,14.66667,4,14.33333],"texture":"#4"},"down":{"uv":[4.83333,14.33333,4.66667,14.66667],"texture":"#4"}}},{"from":[7.75,-12.32322,5.4948],"to":[8.25,-11.07322,6.4948],"rotation":{"angle":45,"axis":"x","origin":[7.75,-12.57322,5.7448]},"faces":{"north":{"uv":[8,14,8.16667,14.41667],"texture":"#4"},"east":{"uv":[8.66667,11,9,11.41667],"texture":"#4"},"south":{"uv":[8.66667,14,8.83333,14.41667],"texture":"#4"},"west":{"uv":[9.33333,11,9.66667,11.41667],"texture":"#4"},"up":{"uv":[14.5,6,14.33333,5.66667],"texture":"#4"},"down":{"uv":[14.5,6.33333,14.33333,6.66667],"texture":"#4"}}},{"from":[7.985,-15,5.25],"to":[8.015,-9,7.25],"rotation":{"angle":0,"axis":"y","origin":[7.985,-16,3.25]},"faces":{"east":{"uv":[2,3.33333,1.33333,5.33333],"texture":"#4"},"west":{"uv":[1.33333,3.33333,2,5.33333],"texture":"#4"}}},{"from":[7.7585,25.00376,6.51276],"to":[8.2415,25.80376,7.26276],"rotation":{"angle":0,"axis":"y","origin":[8,24.22838,6.39312]},"faces":{"east":{"uv":[14,14,14.25,14.25],"texture":"#4"},"south":{"uv":[14.33333,13,14.5,13.25],"texture":"#4"},"west":{"uv":[0,14.33333,0.25,14.58333],"texture":"#4"},"up":{"uv":[14.83333,0.25,14.66667,0],"texture":"#4"},"down":{"uv":[0.83333,14.66667,0.66667,14.91667],"texture":"#4"}}},{"from":[7.7535,24.42693,5.36376],"to":[8.2465,25.42693,6.11376],"rotation":{"angle":45,"axis":"x","origin":[8,24.22838,6.39312]},"faces":{"north":{"uv":[14.33333,7,14.5,7.33333],"texture":"#4"},"east":{"uv":[10,13.66667,10.25,14],"texture":"#4"},"south":{"uv":[14.33333,7.66667,14.5,8],"texture":"#4"},"west":{"uv":[10.66667,13.66667,10.91667,14],"texture":"#4"},"up":{"uv":[14.83333,1.58333,14.66667,1.33333],"texture":"#4"}}},{"from":[7.7535,23.47693,5.36376],"to":[8.2465,24.42693,6.86376],"rotation":{"angle":45,"axis":"x","origin":[8,24.22838,6.39312]},"faces":{"north":{"uv":[14.33333,8.33333,14.5,8.66667],"texture":"#4"},"east":{"uv":[10.66667,7,11.16667,7.33333],"texture":"#4"},"west":{"uv":[10.66667,7.66667,11.16667,8],"texture":"#4"},"up":{"uv":[11.5,14.16667,11.33333,13.66667],"texture":"#4"},"down":{"uv":[12.16667,13.66667,12,14.16667],"texture":"#4"}}},{"from":[7.75,21.78599,5.61631],"to":[8.25,24.03599,6.86631],"rotation":{"angle":0,"axis":"y","origin":[8,24.22838,6.39312]},"faces":{"north":{"uv":[11.66667,8,11.83333,8.75],"texture":"#4"},"east":{"uv":[8.66667,6,9.08333,6.75],"texture":"#4"},"south":{"uv":[10,11.66667,10.16667,12.41667],"texture":"#4"},"west":{"uv":[8.66667,7.33333,9.08333,8.08333],"texture":"#4"},"up":{"uv":[14.16667,10.75,14,10.33333],"texture":"#4"}}},{"from":[7.7535,24.42693,9.88624],"to":[8.2465,25.42693,10.63624],"rotation":{"angle":-45,"axis":"x","origin":[8,24.22838,9.60688]},"faces":{"north":{"uv":[14.33333,9,14.5,9.33333],"texture":"#4"},"east":{"uv":[12.66667,13.66667,12.91667,14],"texture":"#4"},"south":{"uv":[14.33333,9.66667,14.5,10],"texture":"#4"},"west":{"uv":[1,14,1.25,14.33333],"texture":"#4"},"up":{"uv":[14.83333,2.25,14.66667,2],"texture":"#4"}}},{"from":[7.7585,25.00376,8.73724],"to":[8.2415,25.80376,9.48724],"rotation":{"angle":0,"axis":"y","origin":[8,24.22838,9.60688]},"faces":{"north":{"uv":[14.66667,3.66667,14.83333,3.91667],"texture":"#4"},"east":{"uv":[14.33333,0.66667,14.58333,0.91667],"texture":"#4"},"west":{"uv":[1.66667,14.33333,1.91667,14.58333],"texture":"#4"},"up":{"uv":[14.83333,4.58333,14.66667,4.33333],"texture":"#4"},"down":{"uv":[14.83333,5,14.66667,5.25],"texture":"#4"}}},{"from":[7.7535,23.47693,9.13624],"to":[8.2465,24.42693,10.63624],"rotation":{"angle":-45,"axis":"x","origin":[8,24.22838,9.60688]},"faces":{"east":{"uv":[10.66667,8.33333,11.16667,8.66667],"texture":"#4"},"south":{"uv":[10,14.33333,10.16667,14.66667],"texture":"#4"},"west":{"uv":[10.66667,9,11.16667,9.33333],"texture":"#4"},"up":{"uv":[14.16667,1.83333,14,1.33333],"texture":"#4"},"down":{"uv":[3.5,14,3.33333,14.5],"texture":"#4"}}},{"from":[7.75,21.78599,9.13369],"to":[8.25,24.03599,10.38369],"rotation":{"angle":0,"axis":"y","origin":[8,24.22838,9.60688]},"faces":{"north":{"uv":[10.66667,11.66667,10.83333,12.41667],"texture":"#4"},"east":{"uv":[7.66667,8.66667,8.08333,9.41667],"texture":"#4"},"south":{"uv":[11.33333,11.66667,11.5,12.41667],"texture":"#4"},"west":{"uv":[8.66667,8.66667,9.08333,9.41667],"texture":"#4"},"up":{"uv":[14.16667,11.75,14,11.33333],"texture":"#4"}}},{"from":[7.29289,14.5,7.92678],"to":[8.54289,19,9.17678],"rotation":{"angle":45,"axis":"y","origin":[7.29289,14.5,8.17678]},"faces":{"north":{"uv":[5.66667,0,6.08333,1.5],"texture":"#4"},"east":{"uv":[1.33333,5.66667,1.75,7.16667],"texture":"#4"},"south":{"uv":[5.66667,2,6.08333,3.5],"texture":"#4"},"west":{"uv":[4,6.33333,4.41667,7.83333],"texture":"#4"}}},{"from":[7.6285,20.16421,9.37868],"to":[8.3715,22.16421,10.87868],"rotation":{"angle":0,"axis":"y","origin":[7.1285,19.66421,9.37868]},"faces":{"north":{"uv":[0,11,0.25,11.66667],"texture":"#4"},"east":{"uv":[2.33333,8.66667,2.83333,9.33333],"texture":"#4"},"south":{"uv":[0.66667,11,0.91667,11.66667],"texture":"#4"},"west":{"uv":[8.66667,5,9.16667,5.66667],"texture":"#4"}}},{"from":[7.625,21.19454,10.21967],"to":[8.375,22.69454,11.46967],"rotation":{"angle":45,"axis":"x","origin":[7.625,22.69454,10.96967]},"faces":{"north":{"uv":[0,12,0.25,12.5],"texture":"#4"},"east":{"uv":[10,4,10.41667,4.5],"texture":"#4"},"south":{"uv":[0.66667,12,0.91667,12.5],"texture":"#4"},"west":{"uv":[7.33333,10,7.75,10.5],"texture":"#4"},"up":{"uv":[2.91667,13.75,2.66667,13.33333],"texture":"#4"},"down":{"uv":[4.25,13.33333,4,13.75],"texture":"#4"}}},{"from":[7.625,19.63388,10.21967],"to":[8.375,21.13388,11.46967],"rotation":{"angle":-45,"axis":"x","origin":[7.625,19.63388,10.96967]},"faces":{"north":{"uv":[12,3,12.25,3.5],"texture":"#4"},"east":{"uv":[8.33333,10,8.75,10.5],"texture":"#4"},"south":{"uv":[3.33333,12,3.58333,12.5],"texture":"#4"},"west":{"uv":[9.33333,10,9.75,10.5],"texture":"#4"},"up":{"uv":[4.91667,13.75,4.66667,13.33333],"texture":"#4"},"down":{"uv":[13.58333,4.66667,13.33333,5.08333],"texture":"#4"}}},{"from":[6.79289,15,7.57322],"to":[8.54289,15.5,9.32322],"rotation":{"angle":45,"axis":"y","origin":[7.29289,15,7.82322]},"faces":{"north":{"uv":[5.33333,13.33333,5.91667,13.5],"texture":"#4"},"east":{"uv":[13.33333,5.66667,13.91667,5.83333],"texture":"#4"},"south":{"uv":[6.33333,13.33333,6.91667,13.5],"texture":"#4"},"west":{"uv":[13.33333,6.33333,13.91667,6.5],"texture":"#4"},"up":{"uv":[6.58333,7.91667,6,7.33333],"texture":"#4"},"down":{"uv":[8.25,0,7.66667,0.58333],"texture":"#4"}}},{"from":[6.79289,16,7.57322],"to":[8.54289,16.5,9.32322],"rotation":{"angle":45,"axis":"y","origin":[7.29289,16,7.82322]},"faces":{"north":{"uv":[13.33333,7,13.91667,7.16667],"texture":"#4"},"east":{"uv":[7.33333,13.33333,7.91667,13.5],"texture":"#4"},"south":{"uv":[13.33333,7.66667,13.91667,7.83333],"texture":"#4"},"west":{"uv":[8.33333,13.33333,8.91667,13.5],"texture":"#4"},"up":{"uv":[1.91667,8.25,1.33333,7.66667],"texture":"#4"},"down":{"uv":[2.91667,7.66667,2.33333,8.25],"texture":"#4"}}},{"from":[6.79289,17,7.57322],"to":[8.54289,17.5,9.32322],"rotation":{"angle":45,"axis":"y","origin":[7.29289,17,7.82322]},"faces":{"north":{"uv":[13.33333,8.33333,13.91667,8.5],"texture":"#4"},"east":{"uv":[13.33333,9,13.91667,9.16667],"texture":"#4"},"south":{"uv":[13.33333,9.66667,13.91667,9.83333],"texture":"#4"},"west":{"uv":[13.33333,12.66667,13.91667,12.83333],"texture":"#4"},"up":{"uv":[8.25,5.58333,7.66667,5],"texture":"#4"},"down":{"uv":[8.58333,1,8,1.58333],"texture":"#4"}}},{"from":[6.79289,18,7.57322],"to":[8.54289,18.5,9.32322],"rotation":{"angle":45,"axis":"y","origin":[7.29289,18,7.82322]},"faces":{"north":{"uv":[13.33333,13.33333,13.91667,13.5],"texture":"#4"},"east":{"uv":[0,13.66667,0.58333,13.83333],"texture":"#4"},"south":{"uv":[13.66667,0,14.25,0.16667],"texture":"#4"},"west":{"uv":[13.66667,2.33333,14.25,2.5],"texture":"#4"},"up":{"uv":[8.58333,2.58333,8,2],"texture":"#4"},"down":{"uv":[8.58333,3,8,3.58333],"texture":"#4"}}},{"from":[7.985,22,4.75],"to":[8.015,31,11.25],"rotation":{"angle":0,"axis":"y","origin":[7.985,10,5]},"faces":{"east":{"uv":[2.16667,0,0,3],"texture":"#4"},"west":{"uv":[0,0,2.16667,3],"texture":"#4"}}},{"from":[7.23464,25,5.99981],"to":[7.26464,31,9.99981],"rotation":{"angle":0,"axis":"y","origin":[-0.01536,12,4.99981]},"faces":{"east":{"uv":[8,8,2.66667,16],"texture":"#2"},"west":{"uv":[2.66667,8,8,16],"texture":"#2"}}},{"from":[8,25,4.15205],"to":[8.03,31,6.15205],"rotation":{"angle":-22.5,"axis":"y","origin":[8,28,4.15205]},"faces":{"east":{"uv":[2.66667,8,0,16],"texture":"#2"},"west":{"uv":[0,8,2.66667,16],"texture":"#2"}}},{"from":[8,25,9.84757],"to":[8.03,31,11.84757],"rotation":{"angle":22.5,"axis":"y","origin":[8,28,11.84757]},"faces":{"east":{"uv":[10.66667,8,8,16],"texture":"#2"},"west":{"uv":[8,8,10.66667,16],"texture":"#2"}}},{"from":[8.73536,25,5.99981],"to":[8.76536,31,9.99981],"rotation":{"angle":0,"axis":"y","origin":[15.98536,12,4.99981]},"faces":{"east":{"uv":[2.66667,0,8,8],"texture":"#2"},"west":{"uv":[8,0,2.66667,8],"texture":"#2"}}},{"from":[7.97228,25,9.83609],"to":[8.00228,31,11.83609],"rotation":{"angle":-22.5,"axis":"y","origin":[7.97228,28,11.83609]},"faces":{"east":{"uv":[0,0,2.66667,8],"texture":"#2"},"west":{"uv":[2.66667,0,0,8],"texture":"#2"}}},{"from":[7.97228,25,4.16353],"to":[8.00228,31,6.16353],"rotation":{"angle":22.5,"axis":"y","origin":[7.97228,28,4.16353]},"faces":{"east":{"uv":[8,0,10.66667,8],"texture":"#2"},"west":{"uv":[10.66667,0,8,8],"texture":"#2"}}},{"from":[7.5,-15.25,6],"to":[8.5,-9.25,10],"rotation":{"angle":0,"axis":"y","origin":[-0.5,0,6]},"faces":{"east":{"uv":[0,0,8,12],"texture":"#3"},"west":{"uv":[8,0,0,12],"texture":"#3"}}},{"from":[7.75,21.30157,3.48551],"to":[8.25,22.55157,5.73551],"rotation":{"angle":22.5,"axis":"x","origin":[8,22.07838,3.29312]},"faces":{"north":{"uv":[13.33333,14,13.5,14.41667],"texture":"#4"},"east":{"uv":[9,1,9.75,1.41667],"texture":"#4"},"west":{"uv":[9,2,9.75,2.41667],"texture":"#4"},"up":{"uv":[4.16667,12.75,4,12],"texture":"#4"},"down":{"uv":[4.83333,12,4.66667,12.75],"texture":"#4"}}},{"from":[7.7535,21.32693,2.26376],"to":[8.2465,22.27693,3.76376],"rotation":{"angle":-22.5,"axis":"x","origin":[8,22.07838,3.29312]},"faces":{"north":{"uv":[10.66667,14.33333,10.83333,14.66667],"texture":"#4"},"east":{"uv":[11,3,11.5,3.33333],"texture":"#4"},"west":{"uv":[11,3.66667,11.5,4],"texture":"#4"},"up":{"uv":[14.16667,4.5,14,4],"texture":"#4"},"down":{"uv":[5.5,14,5.33333,14.5],"texture":"#4"}}},{"from":[7.7535,22.27693,2.26376],"to":[8.2465,23.27693,3.01376],"rotation":{"angle":-22.5,"axis":"x","origin":[8,22.07838,3.29312]},"faces":{"north":{"uv":[14.33333,12.33333,14.5,12.66667],"texture":"#4"},"east":{"uv":[14,5,14.25,5.33333],"texture":"#4"},"south":{"uv":[12.66667,14.33333,12.83333,14.66667],"texture":"#4"},"west":{"uv":[6,14,6.25,14.33333],"texture":"#4"},"up":{"uv":[6.16667,14.91667,6,14.66667],"texture":"#4"}}},{"from":[7.7585,22.19802,1.71774],"to":[8.2415,22.94802,2.51774],"rotation":{"angle":22.5,"axis":"x","origin":[8,22.07838,3.29312]},"faces":{"north":{"uv":[9.33333,14.66667,9.5,14.91667],"texture":"#4"},"east":{"uv":[2.33333,14.33333,2.58333,14.58333],"texture":"#4"},"south":{"uv":[14.66667,10.33333,14.83333,10.58333],"texture":"#4"},"west":{"uv":[14.33333,3,14.58333,3.25],"texture":"#4"},"up":{"uv":[14.83333,11.25,14.66667,11],"texture":"#4"}}},{"from":[7.985,20.75,0.75],"to":[8.015,24.75,4],"rotation":{"angle":-22.5,"axis":"x","origin":[8,25.25,2.5]},"faces":{"east":{"uv":[5.08333,0,4,1.33333],"texture":"#4"},"west":{"uv":[4,0,5.08333,1.33333],"texture":"#4"}}},{"from":[7.99,23.10613,2.66342],"to":[8.01,27.10613,5.91342],"rotation":{"angle":22.5,"axis":"x","origin":[8.005,27.60613,4.41342]},"faces":{"east":{"uv":[5.08333,1.66667,4,3],"texture":"#4"},"west":{"uv":[4,1.66667,5.08333,3],"texture":"#4"}}},{"from":[7.995,25.65359,-0.25],"to":[8.005,29.65359,3],"rotation":{"angle":-22.5,"axis":"x","origin":[8.01,30.15359,2.5]},"faces":{"east":{"uv":[5.08333,3.33333,4,4.66667],"texture":"#4"},"west":{"uv":[4,3.33333,5.08333,4.66667],"texture":"#4"}}},{"from":[7.99,23.10613,10.08658],"to":[8.01,27.10613,13.33658],"rotation":{"angle":-22.5,"axis":"x","origin":[8.005,27.60613,11.58658]},"faces":{"east":{"uv":[4,1.66667,5.08333,3],"texture":"#4"},"west":{"uv":[5.08333,1.66667,4,3],"texture":"#4"}}},{"from":[7.985,20.75,12],"to":[8.015,24.75,15.25],"rotation":{"angle":22.5,"axis":"x","origin":[8,25.25,13.5]},"faces":{"east":{"uv":[4,0,5.08333,1.33333],"texture":"#4"},"west":{"uv":[5.08333,0,4,1.33333],"texture":"#4"}}},{"from":[7.7585,22.19802,13.48226],"to":[8.2415,22.94802,14.28226],"rotation":{"angle":-22.5,"axis":"x","origin":[8,22.07838,12.70688]},"faces":{"north":{"uv":[14.83333,10.33333,14.66667,10.58333],"texture":"#4"},"east":{"uv":[2.58333,14.33333,2.33333,14.58333],"texture":"#4"},"south":{"uv":[9.5,14.66667,9.33333,14.91667],"texture":"#4"},"west":{"uv":[14.58333,3,14.33333,3.25],"texture":"#4"},"up":{"uv":[14.83333,11,14.66667,11.25],"texture":"#4"}}},{"from":[7.7535,22.27693,12.98624],"to":[8.2465,23.27693,13.73624],"rotation":{"angle":22.5,"axis":"x","origin":[8,22.07838,12.70688]},"faces":{"north":{"uv":[12.83333,14.33333,12.66667,14.66667],"texture":"#4"},"east":{"uv":[14.25,5,14,5.33333],"texture":"#4"},"south":{"uv":[14.5,12.33333,14.33333,12.66667],"texture":"#4"},"west":{"uv":[6.25,14,6,14.33333],"texture":"#4"},"up":{"uv":[6.16667,14.66667,6,14.91667],"texture":"#4"}}},{"from":[7.7535,21.32693,12.23624],"to":[8.2465,22.27693,13.73624],"rotation":{"angle":22.5,"axis":"x","origin":[8,22.07838,12.70688]},"faces":{"east":{"uv":[11.5,3,11,3.33333],"texture":"#4"},"south":{"uv":[10.83333,14.33333,10.66667,14.66667],"texture":"#4"},"west":{"uv":[11.5,3.66667,11,4],"texture":"#4"},"up":{"uv":[14.16667,4,14,4.5],"texture":"#4"},"down":{"uv":[5.5,14.5,5.33333,14],"texture":"#4"}}},{"from":[7.75,21.30157,10.26449],"to":[8.25,22.55157,12.51449],"rotation":{"angle":-22.5,"axis":"x","origin":[8,22.07838,12.70688]},"faces":{"east":{"uv":[9.75,1,9,1.41667],"texture":"#4"},"south":{"uv":[13.5,14,13.33333,14.41667],"texture":"#4"},"west":{"uv":[9.75,2,9,2.41667],"texture":"#4"},"up":{"uv":[4.16667,12,4,12.75],"texture":"#4"},"down":{"uv":[4.83333,12.75,4.66667,12],"texture":"#4"}}},{"from":[7.985,-15,8.75],"to":[8.015,-9,10.75],"rotation":{"angle":0,"axis":"y","origin":[7.985,-16,12.75]},"faces":{"east":{"uv":[1.33333,3.33333,2,5.33333],"texture":"#4"},"west":{"uv":[2,3.33333,1.33333,5.33333],"texture":"#4"}}},{"from":[7.75,-12.32322,9.5052],"to":[8.25,-11.07322,10.5052],"rotation":{"angle":-45,"axis":"x","origin":[7.75,-12.57322,10.2552]},"faces":{"north":{"uv":[8.83333,14,8.66667,14.41667],"texture":"#4"},"east":{"uv":[9,11,8.66667,11.41667],"texture":"#4"},"south":{"uv":[8.16667,14,8,14.41667],"texture":"#4"},"west":{"uv":[9.66667,11,9.33333,11.41667],"texture":"#4"},"up":{"uv":[14.5,5.66667,14.33333,6],"texture":"#4"},"down":{"uv":[14.5,6.66667,14.33333,6.33333],"texture":"#4"}}},{"from":[7.75,-11.51256,9.5052],"to":[8.25,-10.26256,10.5052],"rotation":{"angle":45,"axis":"x","origin":[7.75,-10.01256,10.2552]},"faces":{"north":{"uv":[7.5,14,7.33333,14.41667],"texture":"#4"},"east":{"uv":[7.66667,11,7.33333,11.41667],"texture":"#4"},"south":{"uv":[6.83333,14,6.66667,14.41667],"texture":"#4"},"west":{"uv":[8.33333,11,8,11.41667],"texture":"#4"},"up":{"uv":[4.16667,14.33333,4,14.66667],"texture":"#4"},"down":{"uv":[4.83333,14.66667,4.66667,14.33333],"texture":"#4"}}},{"from":[7.7535,-12.04289,8.66421],"to":[8.2465,-10.54289,9.91421],"rotation":{"angle":0,"axis":"y","origin":[7.2535,-12.79289,8.66421]},"faces":{"north":{"uv":[9.5,13.66667,9.33333,14.16667],"texture":"#4"},"east":{"uv":[10.08333,9,9.66667,9.5],"texture":"#4"},"south":{"uv":[13.83333,3,13.66667,3.5],"texture":"#4"},"west":{"uv":[10.41667,3,10,3.5],"texture":"#4"}}},{"from":[7.995,25.65359,13],"to":[8.005,29.65359,16.25],"rotation":{"angle":22.5,"axis":"x","origin":[8.01,30.15359,13.5]},"faces":{"east":{"uv":[4,3.33333,5.08333,4.66667],"texture":"#4"},"west":{"uv":[5.08333,3.33333,4,4.66667],"texture":"#4"}}}],"gui_light":"front","display":{"thirdperson_righthand":{"translation":[0,1.5,1]},"thirdperson_lefthand":{"translation":[0,1.5,1]},"firstperson_righthand":{"rotation":[-5,0,0],"translation":[1.25,-0.75,0.5],"scale":[0.7,0.7,0.7]},"firstperson_lefthand":{"rotation":[-5,0,0],"translation":[1.25,-0.75,0.5],"scale":[0.7,0.7,0.7]},"ground":{"rotation":[-45,0,0],"translation":[0,5,0],"scale":[0.7,0.7,0.7]},"gui":{"rotation":[-90,45,90],"translation":[-0.5,0.5,0],"scale":[0.6,0.6,0.6]},"head":{"rotation":[0,-90,0]},"fixed":{"rotation":[0,-90,0],"translation":[0,0,-1.75],"scale":[2,2,2]}}}