{"credit":"Pologony Creation Co.,Ltd.","texture_size":[8,8],"textures":{"0":"frostbite_set:wings","1":"frostbite_set:animated/wings_animated","particle":"frostbite_set:wings"},"elements":[{"from":[9.69108,3.13072,7.125],"to":[11.44108,5.13072,8.875],"rotation":{"angle":45,"axis":"z","origin":[10.58705,4.54262,8.125]},"faces":{"north":{"uv":[12,4.8,12.7,5.6],"texture":"#0","tintindex":0},"east":{"uv":[12,6,12.7,6.8],"texture":"#0","tintindex":0},"south":{"uv":[11.6,12.4,12.3,13.2],"texture":"#0","tintindex":0},"west":{"uv":[12.8,7.2,13.5,8],"texture":"#0","tintindex":0},"down":{"uv":[13.5,8.4,12.8,9.1],"texture":"#0","tintindex":0}}},{"from":[12,6.83769,7],"to":[14,10.33769,9],"rotation":{"angle":-22.5,"axis":"z","origin":[12,6.83769,7]},"faces":{"north":{"uv":[10.8,1.2,11.6,2.6],"texture":"#0","tintindex":0},"east":{"uv":[10.8,3.2,11.6,4.6],"texture":"#0","tintindex":0},"south":{"uv":[10.8,5.2,11.6,6.6],"texture":"#0","tintindex":0},"west":{"uv":[11.6,7.2,12.4,8.6],"texture":"#0","tintindex":0},"up":{"uv":[12.8,2,12,1.2],"texture":"#0","tintindex":0},"down":{"uv":[12.8,2.4,12,3.2],"texture":"#0","tintindex":0}}},{"from":[13.49498,9.27329,7.25],"to":[14.99498,12.27329,8.75],"rotation":{"angle":0,"axis":"z","origin":[14.99498,11.57329,8]},"faces":{"north":{"uv":[9.2,11.6,9.8,12.8],"texture":"#0","tintindex":0},"east":{"uv":[11.6,9.2,12.2,10.4],"texture":"#0","tintindex":0},"south":{"uv":[10.4,11.6,11,12.8],"texture":"#0","tintindex":0},"west":{"uv":[11.6,10.8,12.2,12],"texture":"#0","tintindex":0},"up":{"uv":[13.4,10.2,12.8,9.6],"texture":"#0","tintindex":0}}},{"from":[13.47911,11.96195,7.5],"to":[14.47911,13.96195,8.5],"rotation":{"angle":22.5,"axis":"z","origin":[13.97911,12.96195,8]},"faces":{"north":{"uv":[13.2,2.4,13.6,3.2],"texture":"#0","tintindex":0},"east":{"uv":[13.2,3.6,13.6,4.4],"texture":"#0","tintindex":0},"south":{"uv":[13.2,4.8,13.6,5.6],"texture":"#0","tintindex":0},"west":{"uv":[13.2,6,13.6,6.8],"texture":"#0","tintindex":0},"up":{"uv":[11.2,7.6,10.8,7.2],"texture":"#0","tintindex":0}}},{"from":[11.15028,2.69081,7.375],"to":[12.90028,3.94081,8.625],"rotation":{"angle":-22.5,"axis":"z","origin":[12.15028,3.14081,8]},"faces":{"north":{"uv":[12.8,10.8,13.5,11.3],"texture":"#0","tintindex":0},"east":{"uv":[9.2,13.2,9.7,13.7],"texture":"#0","tintindex":0},"south":{"uv":[12.8,12,13.5,12.5],"texture":"#0","tintindex":0},"up":{"uv":[13.9,0.5,13.2,0],"texture":"#0","tintindex":0},"down":{"uv":[13.9,1.2,13.2,1.7],"texture":"#0","tintindex":0}}},{"from":[12.67098,2.53805,7.5],"to":[14.17098,3.53805,8.5],"rotation":{"angle":0,"axis":"z","origin":[13.54598,3.06305,8.125]},"faces":{"north":{"uv":[10.4,13.2,11,13.6],"texture":"#0","tintindex":0},"east":{"uv":[14,3.2,14.4,3.6],"texture":"#0","tintindex":0},"south":{"uv":[12.8,13.2,13.4,13.6],"texture":"#0","tintindex":0},"up":{"uv":[12.2,14,11.6,13.6],"texture":"#0","tintindex":0},"down":{"uv":[14.6,2.4,14,2.8],"texture":"#0","tintindex":0}}},{"from":[8.86732,5.23084,7.0035],"to":[13.61732,7.23084,8.9965],"rotation":{"angle":22.5,"axis":"z","origin":[11.61732,6.23084,8.0035]},"faces":{"north":{"uv":[9.2,8,11.1,8.8],"texture":"#0","tintindex":0},"south":{"uv":[9.2,9.2,11.1,10],"texture":"#0","tintindex":0},"west":{"uv":[12,3.6,12.8,4.4],"texture":"#0","tintindex":0},"up":{"uv":[11.1,11.2,9.2,10.4],"texture":"#0","tintindex":0},"down":{"uv":[12.7,0,10.8,0.8],"texture":"#0","tintindex":0}}},{"from":[11,4,8],"to":[19,23,8.03],"rotation":{"angle":0,"axis":"y","origin":[0,0,8]},"faces":{"north":{"uv":[7.2,0,10.4,7.6],"texture":"#0","tintindex":0},"south":{"uv":[10.4,0,7.2,7.6],"texture":"#0","tintindex":0}}},{"from":[18.69552,4,9.53073],"to":[26.69552,23,9.56073],"rotation":{"angle":-22.5,"axis":"y","origin":[22.69552,12,9.53073]},"faces":{"north":{"uv":[4,0,7.2,7.6],"texture":"#0","tintindex":0},"south":{"uv":[7.2,0,4,7.6],"texture":"#0","tintindex":0}}},{"from":[25.66272,4,11.37557],"to":[25.69272,23,19.37557],"rotation":{"angle":45,"axis":"y","origin":[25.66272,12,10.37557]},"faces":{"east":{"uv":[0.8,0,4,7.6],"texture":"#0","tintindex":0},"west":{"uv":[4,0,0.8,7.6],"texture":"#0","tintindex":0}}},{"from":[2,6.83769,7],"to":[4,10.33769,9],"rotation":{"angle":22.5,"axis":"z","origin":[4,6.83769,7]},"faces":{"north":{"uv":[11.6,1.2,10.8,2.6],"texture":"#0","tintindex":0},"east":{"uv":[12.4,7.2,11.6,8.6],"texture":"#0","tintindex":0},"south":{"uv":[11.6,5.2,10.8,6.6],"texture":"#0","tintindex":0},"west":{"uv":[11.6,3.2,10.8,4.6],"texture":"#0","tintindex":0},"up":{"uv":[12,2,12.8,1.2],"texture":"#0","tintindex":0},"down":{"uv":[12,2.4,12.8,3.2],"texture":"#0","tintindex":0}}},{"from":[2.38268,5.23084,7.0035],"to":[7.13268,7.23084,8.9965],"rotation":{"angle":-22.5,"axis":"z","origin":[4.38268,6.23084,8.0035]},"faces":{"north":{"uv":[11.1,8,9.2,8.8],"texture":"#0","tintindex":0},"east":{"uv":[12.8,3.6,12,4.4],"texture":"#0","tintindex":0},"south":{"uv":[11.1,9.2,9.2,10],"texture":"#0","tintindex":0},"up":{"uv":[9.2,11.2,11.1,10.4],"texture":"#0","tintindex":0},"down":{"uv":[10.8,0,12.7,0.8],"texture":"#0","tintindex":0}}},{"from":[1.00502,9.27329,7.25],"to":[2.50502,12.27329,8.75],"rotation":{"angle":0,"axis":"z","origin":[1.00502,11.57329,8]},"faces":{"north":{"uv":[9.8,11.6,9.2,12.8],"texture":"#0","tintindex":0},"east":{"uv":[12.2,10.8,11.6,12],"texture":"#0","tintindex":0},"south":{"uv":[11,11.6,10.4,12.8],"texture":"#0","tintindex":0},"west":{"uv":[12.2,9.2,11.6,10.4],"texture":"#0","tintindex":0},"up":{"uv":[12.8,10.2,13.4,9.6],"texture":"#0","tintindex":0}}},{"from":[1.52089,11.96195,7.5],"to":[2.52089,13.96195,8.5],"rotation":{"angle":-22.5,"axis":"z","origin":[2.02089,12.96195,8]},"faces":{"north":{"uv":[13.6,2.4,13.2,3.2],"texture":"#0","tintindex":0},"east":{"uv":[13.6,6,13.2,6.8],"texture":"#0","tintindex":0},"south":{"uv":[13.6,4.8,13.2,5.6],"texture":"#0","tintindex":0},"west":{"uv":[13.6,3.6,13.2,4.4],"texture":"#0","tintindex":0},"up":{"uv":[10.8,7.6,11.2,7.2],"texture":"#0","tintindex":0}}},{"from":[4.55892,3.13072,7.125],"to":[6.30892,5.13072,8.875],"rotation":{"angle":-45,"axis":"z","origin":[5.41295,4.54262,8.125]},"faces":{"north":{"uv":[12.7,4.8,12,5.6],"texture":"#0","tintindex":0},"east":{"uv":[13.5,7.2,12.8,8],"texture":"#0","tintindex":0},"south":{"uv":[12.3,12.4,11.6,13.2],"texture":"#0","tintindex":0},"west":{"uv":[12.7,6,12,6.8],"texture":"#0","tintindex":0},"down":{"uv":[12.8,8.4,13.5,9.1],"texture":"#0","tintindex":0}}},{"from":[3.09972,2.69081,7.375],"to":[4.84972,3.94081,8.625],"rotation":{"angle":22.5,"axis":"z","origin":[3.84972,3.14081,8]},"faces":{"north":{"uv":[13.5,10.8,12.8,11.3],"texture":"#0","tintindex":0},"south":{"uv":[13.5,12,12.8,12.5],"texture":"#0","tintindex":0},"west":{"uv":[9.7,13.2,9.2,13.7],"texture":"#0","tintindex":0},"up":{"uv":[13.2,0.5,13.9,0],"texture":"#0","tintindex":0},"down":{"uv":[13.2,1.2,13.9,1.7],"texture":"#0","tintindex":0}}},{"from":[1.82902,2.53805,7.5],"to":[3.32902,3.53805,8.5],"rotation":{"angle":0,"axis":"z","origin":[2.45402,3.06305,8.125]},"faces":{"north":{"uv":[11,13.2,10.4,13.6],"texture":"#0","tintindex":0},"south":{"uv":[13.4,13.2,12.8,13.6],"texture":"#0","tintindex":0},"west":{"uv":[14.4,3.2,14,3.6],"texture":"#0","tintindex":0},"up":{"uv":[11.6,14,12.2,13.6],"texture":"#0","tintindex":0},"down":{"uv":[14,2.4,14.6,2.8],"texture":"#0","tintindex":0}}},{"from":[-3,4,8],"to":[5,23,8.03],"rotation":{"angle":0,"axis":"y","origin":[16,0,8]},"faces":{"north":{"uv":[10.4,0,7.2,7.6],"texture":"#0","tintindex":0},"south":{"uv":[7.2,0,10.4,7.6],"texture":"#0","tintindex":0}}},{"from":[-10.69552,4,9.53073],"to":[-2.69552,23,9.56073],"rotation":{"angle":22.5,"axis":"y","origin":[-6.69552,12,9.53073]},"faces":{"north":{"uv":[7.2,0,4,7.6],"texture":"#0","tintindex":0},"south":{"uv":[4,0,7.2,7.6],"texture":"#0","tintindex":0}}},{"from":[-9.69272,4,11.37557],"to":[-9.66272,23,19.37557],"rotation":{"angle":-45,"axis":"y","origin":[-9.66272,12,10.37557]},"faces":{"east":{"uv":[0.8,0,4,7.6],"texture":"#0","tintindex":0},"west":{"uv":[4,0,0.8,7.6],"texture":"#0","tintindex":0}}},{"from":[11,-11,7.75],"to":[17,6,7.78],"rotation":{"angle":0,"axis":"y","origin":[22.10973,-3.5,10.69495]},"faces":{"north":{"uv":[6.4,8,8.8,14.8],"texture":"#0","tintindex":0},"south":{"uv":[8.8,8,6.4,14.8],"texture":"#0","tintindex":0}}},{"from":[17.80267,-11,5.95539],"to":[24.05267,6,5.98539],"rotation":{"angle":22.5,"axis":"y","origin":[21.9124,-3.5,8.90034]},"faces":{"north":{"uv":[3.9,8,6.4,14.8],"texture":"#0","tintindex":0},"south":{"uv":[6.4,8,3.9,14.8],"texture":"#0","tintindex":0}}},{"from":[25.68197,-11,6.54819],"to":[31.93197,6,6.57819],"rotation":{"angle":45,"axis":"y","origin":[22.7917,-3.5,9.49314]},"faces":{"north":{"uv":[1.4,8,3.9,14.8],"texture":"#0","tintindex":0},"south":{"uv":[3.9,8,1.4,14.8],"texture":"#0","tintindex":0}}},{"from":[-1,-11,7.75],"to":[5,6,7.78],"rotation":{"angle":0,"axis":"y","origin":[-6.10973,-3.5,10.69495]},"faces":{"north":{"uv":[8.8,8,6.4,14.8],"texture":"#0","tintindex":0},"south":{"uv":[6.4,8,8.8,14.8],"texture":"#0","tintindex":0}}},{"from":[-8.05267,-11,5.95539],"to":[-1.80267,6,5.98539],"rotation":{"angle":-22.5,"axis":"y","origin":[-5.9124,-3.5,8.90034]},"faces":{"north":{"uv":[6.4,8,3.9,14.8],"texture":"#0","tintindex":0},"south":{"uv":[3.9,8,6.4,14.8],"texture":"#0","tintindex":0}}},{"from":[-15.93197,-11,6.54819],"to":[-9.68197,6,6.57819],"rotation":{"angle":-45,"axis":"y","origin":[-6.7917,-3.5,9.49314]},"faces":{"north":{"uv":[3.9,8,1.4,14.8],"texture":"#0","tintindex":0},"south":{"uv":[1.4,8,3.9,14.8],"texture":"#0","tintindex":0}}},{"from":[-9.99229,5.45,14.97226],"to":[-3.74229,22.45,15.00226],"rotation":{"angle":0,"axis":"y","origin":[-3.86409,13.95,15.58463]},"faces":{"north":{"uv":[3.9,14.8,1.4,8],"texture":"#0","tintindex":0},"south":{"uv":[1.4,14.8,3.9,8],"texture":"#0","tintindex":0}}},{"from":[-3.52869,5.45,14.88132],"to":[2.72131,22.45,14.91132],"rotation":{"angle":22.5,"axis":"y","origin":[-3.40689,13.95,15.49369]},"faces":{"north":{"uv":[6.4,14.8,3.9,8],"texture":"#0","tintindex":0},"south":{"uv":[3.9,14.8,6.4,8],"texture":"#0","tintindex":0}}},{"from":[4.375,5.45,13.67],"to":[10.375,22.45,13.7],"rotation":{"angle":45,"axis":"y","origin":[1.88833,13.95,15.98354]},"faces":{"north":{"uv":[8.8,14.8,6.4,8],"texture":"#0","tintindex":0},"south":{"uv":[6.4,14.8,8.8,8],"texture":"#0","tintindex":0}}},{"from":[4.98277,8.06195,9.97875],"to":[5.98277,9.06195,11.47875],"rotation":{"angle":-22.5,"axis":"x","origin":[5.48277,7.96271,9.45]},"faces":{"east":{"uv":[10.4,13.6,11,13.2],"texture":"#0","tintindex":0},"south":{"uv":[14,3.6,14.4,3.2],"texture":"#0","tintindex":0},"west":{"uv":[12.8,13.6,13.4,13.2],"texture":"#0","tintindex":0},"up":{"uv":[14.6,2.8,14,2.4],"rotation":90,"texture":"#0","tintindex":0},"down":{"uv":[12.2,13.6,11.6,14],"rotation":270,"texture":"#0","tintindex":0}}},{"from":[4.85777,7.16014,8.54439],"to":[6.10777,8.91014,9.79439],"rotation":{"angle":45,"axis":"x","origin":[5.48277,7.96271,9.45]},"faces":{"north":{"uv":[13.2,1.2,13.9,1.7],"rotation":90,"texture":"#0","tintindex":0},"east":{"uv":[13.5,10.8,12.8,11.3],"rotation":270,"texture":"#0","tintindex":0},"south":{"uv":[13.2,0.5,13.9,0],"rotation":90,"texture":"#0","tintindex":0},"west":{"uv":[13.5,12,12.8,12.5],"rotation":90,"texture":"#0","tintindex":0},"up":{"uv":[9.7,13.2,9.2,13.7],"rotation":180,"texture":"#0","tintindex":0}}},{"from":[4.60777,5.63477,8.09452],"to":[6.35777,7.63477,9.84452],"rotation":{"angle":22.5,"axis":"x","origin":[5.48277,7.96271,9.45]},"faces":{"north":{"uv":[12.8,8,13.5,7.2],"texture":"#0","tintindex":0},"east":{"uv":[12,5.6,12.7,4.8],"texture":"#0","tintindex":0},"south":{"uv":[12,6.8,12.7,6],"texture":"#0","tintindex":0},"west":{"uv":[11.6,13.2,12.3,12.4],"texture":"#0","tintindex":0},"up":{"uv":[13.5,9.1,12.8,8.4],"rotation":90,"texture":"#0","tintindex":0}}},{"from":[5.625,5.45,13.67],"to":[11.625,22.45,13.7],"rotation":{"angle":-45,"axis":"y","origin":[14.11167,13.95,15.98354]},"faces":{"north":{"uv":[6.4,14.8,8.8,8],"texture":"#0","tintindex":0},"south":{"uv":[8.8,14.8,6.4,8],"texture":"#0","tintindex":0}}},{"from":[13.27869,5.45,14.88132],"to":[19.52869,22.45,14.91132],"rotation":{"angle":-22.5,"axis":"y","origin":[19.40689,13.95,15.49369]},"faces":{"north":{"uv":[3.9,14.8,6.4,8],"texture":"#0","tintindex":0},"south":{"uv":[6.4,14.8,3.9,8],"texture":"#0","tintindex":0}}},{"from":[19.74229,5.45,14.97226],"to":[25.99229,22.45,15.00226],"rotation":{"angle":0,"axis":"y","origin":[19.86409,13.95,15.58463]},"faces":{"north":{"uv":[1.4,14.8,3.9,8],"texture":"#0","tintindex":0},"south":{"uv":[3.9,14.8,1.4,8],"texture":"#0","tintindex":0}}},{"from":[10.01723,8.06195,9.97875],"to":[11.01723,9.06195,11.47875],"rotation":{"angle":-22.5,"axis":"x","origin":[10.51723,7.96271,9.45]},"faces":{"east":{"uv":[13.4,13.6,12.8,13.2],"texture":"#0","tintindex":0},"south":{"uv":[14.4,3.6,14,3.2],"texture":"#0","tintindex":0},"west":{"uv":[11,13.6,10.4,13.2],"texture":"#0","tintindex":0},"up":{"uv":[14.6,2.4,14,2.8],"rotation":90,"texture":"#0","tintindex":0},"down":{"uv":[12.2,14,11.6,13.6],"rotation":270,"texture":"#0","tintindex":0}}},{"from":[9.89223,7.16014,8.54439],"to":[11.14223,8.91014,9.79439],"rotation":{"angle":45,"axis":"x","origin":[10.51723,7.96271,9.45]},"faces":{"north":{"uv":[13.2,1.7,13.9,1.2],"rotation":90,"texture":"#0","tintindex":0},"east":{"uv":[13.5,12.5,12.8,12],"rotation":90,"texture":"#0","tintindex":0},"south":{"uv":[13.2,0,13.9,0.5],"rotation":90,"texture":"#0","tintindex":0},"west":{"uv":[13.5,11.3,12.8,10.8],"rotation":270,"texture":"#0","tintindex":0},"up":{"uv":[9.2,13.2,9.7,13.7],"rotation":180,"texture":"#0","tintindex":0}}},{"from":[9.64223,5.63477,8.09452],"to":[11.39223,7.63477,9.84452],"rotation":{"angle":22.5,"axis":"x","origin":[10.51723,7.96271,9.45]},"faces":{"north":{"uv":[13.5,8,12.8,7.2],"texture":"#0","tintindex":0},"east":{"uv":[12.3,13.2,11.6,12.4],"texture":"#0","tintindex":0},"south":{"uv":[12.7,6.8,12,6],"texture":"#0","tintindex":0},"west":{"uv":[12.7,5.6,12,4.8],"texture":"#0","tintindex":0},"up":{"uv":[13.5,8.4,12.8,9.1],"rotation":90,"texture":"#0","tintindex":0}}},{"from":[14.20894,0.75,7.88244],"to":[21.70894,21.75,7.91244],"rotation":{"angle":0,"axis":"y","origin":[14.20894,8,11.27262]},"faces":{"north":{"uv":[5,0,0,14],"texture":"#1","tintindex":0},"south":{"uv":[0,0,5,14],"texture":"#1","tintindex":0}}},{"from":[21.41775,0.75,9.31636],"to":[28.91775,21.75,9.34636],"rotation":{"angle":-22.5,"axis":"y","origin":[25.16775,11.25,9.33136]},"faces":{"north":{"uv":[10,0,5,14],"texture":"#1","tintindex":0},"south":{"uv":[5,0,10,14],"texture":"#1","tintindex":0}}},{"from":[8.70894,6,12.81636],"to":[16.20894,27,12.84636],"rotation":{"angle":-45,"axis":"y","origin":[16.06335,16.5,12.1144]},"faces":{"north":{"uv":[5,0,0,14],"texture":"#1","tintindex":0},"south":{"uv":[0,0,5,14],"texture":"#1","tintindex":0}}},{"from":[15.91775,6,12.81636],"to":[23.41775,27,12.84636],"rotation":{"angle":-22.5,"axis":"y","origin":[16.06335,16.5,12.1144]},"faces":{"north":{"uv":[10,0,5,14],"texture":"#1","tintindex":0},"south":{"uv":[5,0,10,14],"texture":"#1","tintindex":0}}},{"from":[10.45894,-14.75,5.31636],"to":[17.95894,6.25,5.34636],"rotation":{"angle":22.5,"axis":"y","origin":[17.81335,-4.25,4.6144]},"faces":{"north":{"uv":[5,14,0,0],"texture":"#1","tintindex":0},"south":{"uv":[0,14,5,0],"texture":"#1","tintindex":0}}},{"from":[17.66775,-14.75,5.31636],"to":[25.16775,6.25,5.34636],"rotation":{"angle":45,"axis":"y","origin":[17.81335,-4.25,4.6144]},"faces":{"north":{"uv":[10,14,5,0],"texture":"#1","tintindex":0},"south":{"uv":[5,14,10,0],"texture":"#1","tintindex":0}}},{"from":[-1.95894,-14.75,5.31636],"to":[5.54106,6.25,5.34636],"rotation":{"angle":-22.5,"axis":"y","origin":[-1.81335,-4.25,4.6144]},"faces":{"north":{"uv":[0,14,5,0],"texture":"#1","tintindex":0},"south":{"uv":[5,14,0,0],"texture":"#1","tintindex":0}}},{"from":[-9.16775,-14.75,5.31636],"to":[-1.66775,6.25,5.34636],"rotation":{"angle":-45,"axis":"y","origin":[-1.81335,-4.25,4.6144]},"faces":{"north":{"uv":[5,14,10,0],"texture":"#1","tintindex":0},"south":{"uv":[10,14,5,0],"texture":"#1","tintindex":0}}},{"from":[-7.41775,6,12.81636],"to":[0.08225,27,12.84636],"rotation":{"angle":22.5,"axis":"y","origin":[-0.06335,16.5,12.1144]},"faces":{"north":{"uv":[5,0,10,14],"texture":"#1","tintindex":0},"south":{"uv":[10,0,5,14],"texture":"#1","tintindex":0}}},{"from":[-0.20894,6,12.81636],"to":[7.29106,27,12.84636],"rotation":{"angle":45,"axis":"y","origin":[-0.06335,16.5,12.1144]},"faces":{"north":{"uv":[0,0,5,14],"texture":"#1","tintindex":0},"south":{"uv":[5,0,0,14],"texture":"#1","tintindex":0}}},{"from":[-5.70894,0.75,7.88244],"to":[1.79106,21.75,7.91244],"rotation":{"angle":0,"axis":"y","origin":[1.79106,8,11.27262]},"faces":{"north":{"uv":[0,0,5,14],"texture":"#1","tintindex":0},"south":{"uv":[5,0,0,14],"texture":"#1","tintindex":0}}},{"from":[-12.91775,0.75,9.31636],"to":[-5.41775,21.75,9.34636],"rotation":{"angle":22.5,"axis":"y","origin":[-9.16775,11.25,9.33136]},"faces":{"north":{"uv":[5,0,10,14],"texture":"#1","tintindex":0},"south":{"uv":[10,0,5,14],"texture":"#1","tintindex":0}}}],"gui_light":"front","display":{"thirdperson_righthand":{"rotation":[45,180,0],"translation":[0,1.25,0.75],"scale":[0.6,0.6,0.6]},"thirdperson_lefthand":{"rotation":[68.5,0,0],"translation":[-5.5,-6.5,11.25]},"firstperson_righthand":{"rotation":[0,180,0],"translation":[2.75,1.5,0],"scale":[0.55,0.55,0.55]},"firstperson_lefthand":{"scale":[0,0,0]},"ground":{"rotation":[-45,0,0],"translation":[0,5,0],"scale":[0.7,0.7,0.7]},"gui":{"rotation":[0,180,0],"translation":[0,0.75,0],"scale":[0.4,0.4,0.4]},"head":{"translation":[0,-56.75,7.5],"scale":[1.6,1.6,1.6]},"fixed":{"rotation":[0,180,0],"translation":[0,4.25,-3.25],"scale":[2,2,2]}}}