{"credit":"Pologony Creation Co.,Ltd.","texture_size":[8,8],"textures":{"0":"frostbite_set:wings","1":"frostbite_set:animated/wings_animated","particle":"frostbite_set:wings"},"elements":[{"from":[8.84554,-5.93464,7.5625],"to":[9.72054,-4.93464,8.4375],"rotation":{"angle":45,"axis":"z","origin":[9.29352,-5.22869,8.0625]},"faces":{"north":{"uv":[12,4.8,12.7,5.6],"texture":"#0","tintindex":0},"east":{"uv":[12,6,12.7,6.8],"texture":"#0","tintindex":0},"south":{"uv":[11.6,12.4,12.3,13.2],"texture":"#0","tintindex":0},"west":{"uv":[12.8,7.2,13.5,8],"texture":"#0","tintindex":0},"down":{"uv":[13.5,8.4,12.8,9.1],"texture":"#0","tintindex":0}}},{"from":[10,-4.08115,7.5],"to":[11,-2.33115,8.5],"rotation":{"angle":-22.5,"axis":"z","origin":[10,-4.08115,7.5]},"faces":{"north":{"uv":[10.8,1.2,11.6,2.6],"texture":"#0","tintindex":0},"east":{"uv":[10.8,3.2,11.6,4.6],"texture":"#0","tintindex":0},"south":{"uv":[10.8,5.2,11.6,6.6],"texture":"#0","tintindex":0},"west":{"uv":[11.6,7.2,12.4,8.6],"texture":"#0","tintindex":0},"up":{"uv":[12.8,2,12,1.2],"texture":"#0","tintindex":0},"down":{"uv":[12.8,2.4,12,3.2],"texture":"#0","tintindex":0}}},{"from":[10.74749,-2.86336,7.625],"to":[11.49749,-1.36336,8.375],"rotation":{"angle":0,"axis":"z","origin":[11.49749,-1.71335,8]},"faces":{"north":{"uv":[9.2,11.6,9.8,12.8],"texture":"#0","tintindex":0},"east":{"uv":[11.6,9.2,12.2,10.4],"texture":"#0","tintindex":0},"south":{"uv":[10.4,11.6,11,12.8],"texture":"#0","tintindex":0},"west":{"uv":[11.6,10.8,12.2,12],"texture":"#0","tintindex":0},"up":{"uv":[13.4,10.2,12.8,9.6],"texture":"#0","tintindex":0}}},{"from":[10.73956,-1.51902,7.75],"to":[11.23956,-0.51903,8.25],"rotation":{"angle":22.5,"axis":"z","origin":[10.98956,-1.01902,8]},"faces":{"north":{"uv":[13.2,2.4,13.6,3.2],"texture":"#0","tintindex":0},"east":{"uv":[13.2,3.6,13.6,4.4],"texture":"#0","tintindex":0},"south":{"uv":[13.2,4.8,13.6,5.6],"texture":"#0","tintindex":0},"west":{"uv":[13.2,6,13.6,6.8],"texture":"#0","tintindex":0},"up":{"uv":[11.2,7.6,10.8,7.2],"texture":"#0","tintindex":0}}},{"from":[9.57514,-6.15459,7.6875],"to":[10.45014,-5.52959,8.3125],"rotation":{"angle":-22.5,"axis":"z","origin":[10.07514,-5.92959,8]},"faces":{"north":{"uv":[12.8,10.8,13.5,11.3],"texture":"#0","tintindex":0},"east":{"uv":[9.2,13.2,9.7,13.7],"texture":"#0","tintindex":0},"south":{"uv":[12.8,12,13.5,12.5],"texture":"#0","tintindex":0},"up":{"uv":[13.9,0.5,13.2,0],"texture":"#0","tintindex":0},"down":{"uv":[13.9,1.2,13.2,1.7],"texture":"#0","tintindex":0}}},{"from":[10.33549,-6.23097,7.75],"to":[11.08549,-5.73097,8.25],"rotation":{"angle":0,"axis":"z","origin":[10.77299,-5.96847,8.0625]},"faces":{"north":{"uv":[10.4,13.2,11,13.6],"texture":"#0","tintindex":0},"east":{"uv":[14,3.2,14.4,3.6],"texture":"#0","tintindex":0},"south":{"uv":[12.8,13.2,13.4,13.6],"texture":"#0","tintindex":0},"up":{"uv":[12.2,14,11.6,13.6],"texture":"#0","tintindex":0},"down":{"uv":[14.6,2.4,14,2.8],"texture":"#0","tintindex":0}}},{"from":[8.43366,-4.88458,7.50175],"to":[10.80866,-3.88458,8.49825],"rotation":{"angle":22.5,"axis":"z","origin":[9.80866,-4.38458,8.00175]},"faces":{"north":{"uv":[9.2,8,11.1,8.8],"texture":"#0","tintindex":0},"south":{"uv":[9.2,9.2,11.1,10],"texture":"#0","tintindex":0},"west":{"uv":[12,3.6,12.8,4.4],"texture":"#0","tintindex":0},"up":{"uv":[11.1,11.2,9.2,10.4],"texture":"#0","tintindex":0},"down":{"uv":[12.7,0,10.8,0.8],"texture":"#0","tintindex":0}}},{"from":[9.5,-5.5,8],"to":[13.5,4,8.015],"rotation":{"angle":0,"axis":"y","origin":[4,-7.5,8]},"faces":{"north":{"uv":[7.2,0,10.4,7.6],"texture":"#0","tintindex":0},"south":{"uv":[10.4,0,7.2,7.6],"texture":"#0","tintindex":0}}},{"from":[13.34776,-5.5,8.76536],"to":[17.34776,4,8.78037],"rotation":{"angle":-22.5,"axis":"y","origin":[15.34776,-1.5,8.76536]},"faces":{"north":{"uv":[4,0,7.2,7.6],"texture":"#0","tintindex":0},"south":{"uv":[7.2,0,4,7.6],"texture":"#0","tintindex":0}}},{"from":[16.83136,-5.5,9.68779],"to":[16.84636,4,13.68779],"rotation":{"angle":45,"axis":"y","origin":[16.83136,-1.5,9.18779]},"faces":{"east":{"uv":[0.8,0,4,7.6],"texture":"#0","tintindex":0},"west":{"uv":[4,0,0.8,7.6],"texture":"#0","tintindex":0}}},{"from":[5,-4.08115,7.5],"to":[6,-2.33115,8.5],"rotation":{"angle":22.5,"axis":"z","origin":[6,-4.08115,7.5]},"faces":{"north":{"uv":[11.6,1.2,10.8,2.6],"texture":"#0","tintindex":0},"east":{"uv":[12.4,7.2,11.6,8.6],"texture":"#0","tintindex":0},"south":{"uv":[11.6,5.2,10.8,6.6],"texture":"#0","tintindex":0},"west":{"uv":[11.6,3.2,10.8,4.6],"texture":"#0","tintindex":0},"up":{"uv":[12,2,12.8,1.2],"texture":"#0","tintindex":0},"down":{"uv":[12,2.4,12.8,3.2],"texture":"#0","tintindex":0}}},{"from":[5.19134,-4.88458,7.50175],"to":[7.56634,-3.88458,8.49825],"rotation":{"angle":-22.5,"axis":"z","origin":[6.19134,-4.38458,8.00175]},"faces":{"north":{"uv":[11.1,8,9.2,8.8],"texture":"#0","tintindex":0},"east":{"uv":[12.8,3.6,12,4.4],"texture":"#0","tintindex":0},"south":{"uv":[11.1,9.2,9.2,10],"texture":"#0","tintindex":0},"up":{"uv":[9.2,11.2,11.1,10.4],"texture":"#0","tintindex":0},"down":{"uv":[10.8,0,12.7,0.8],"texture":"#0","tintindex":0}}},{"from":[4.50251,-2.86336,7.625],"to":[5.25251,-1.36336,8.375],"rotation":{"angle":0,"axis":"z","origin":[4.50251,-1.71335,8]},"faces":{"north":{"uv":[9.8,11.6,9.2,12.8],"texture":"#0","tintindex":0},"east":{"uv":[12.2,10.8,11.6,12],"texture":"#0","tintindex":0},"south":{"uv":[11,11.6,10.4,12.8],"texture":"#0","tintindex":0},"west":{"uv":[12.2,9.2,11.6,10.4],"texture":"#0","tintindex":0},"up":{"uv":[12.8,10.2,13.4,9.6],"texture":"#0","tintindex":0}}},{"from":[4.76045,-1.51902,7.75],"to":[5.26045,-0.51903,8.25],"rotation":{"angle":-22.5,"axis":"z","origin":[5.01045,-1.01902,8]},"faces":{"north":{"uv":[13.6,2.4,13.2,3.2],"texture":"#0","tintindex":0},"east":{"uv":[13.6,6,13.2,6.8],"texture":"#0","tintindex":0},"south":{"uv":[13.6,4.8,13.2,5.6],"texture":"#0","tintindex":0},"west":{"uv":[13.6,3.6,13.2,4.4],"texture":"#0","tintindex":0},"up":{"uv":[10.8,7.6,11.2,7.2],"texture":"#0","tintindex":0}}},{"from":[6.27946,-5.93464,7.5625],"to":[7.15446,-4.93464,8.4375],"rotation":{"angle":-45,"axis":"z","origin":[6.70648,-5.22869,8.0625]},"faces":{"north":{"uv":[12.7,4.8,12,5.6],"texture":"#0","tintindex":0},"east":{"uv":[13.5,7.2,12.8,8],"texture":"#0","tintindex":0},"south":{"uv":[12.3,12.4,11.6,13.2],"texture":"#0","tintindex":0},"west":{"uv":[12.7,6,12,6.8],"texture":"#0","tintindex":0},"down":{"uv":[12.8,8.4,13.5,9.1],"texture":"#0","tintindex":0}}},{"from":[5.54986,-6.15459,7.6875],"to":[6.42486,-5.52959,8.3125],"rotation":{"angle":22.5,"axis":"z","origin":[5.92486,-5.92959,8]},"faces":{"north":{"uv":[13.5,10.8,12.8,11.3],"texture":"#0","tintindex":0},"south":{"uv":[13.5,12,12.8,12.5],"texture":"#0","tintindex":0},"west":{"uv":[9.7,13.2,9.2,13.7],"texture":"#0","tintindex":0},"up":{"uv":[13.2,0.5,13.9,0],"texture":"#0","tintindex":0},"down":{"uv":[13.2,1.2,13.9,1.7],"texture":"#0","tintindex":0}}},{"from":[4.91451,-6.23097,7.75],"to":[5.66451,-5.73097,8.25],"rotation":{"angle":0,"axis":"z","origin":[5.22701,-5.96847,8.0625]},"faces":{"north":{"uv":[11,13.2,10.4,13.6],"texture":"#0","tintindex":0},"south":{"uv":[13.4,13.2,12.8,13.6],"texture":"#0","tintindex":0},"west":{"uv":[14.4,3.2,14,3.6],"texture":"#0","tintindex":0},"up":{"uv":[11.6,14,12.2,13.6],"texture":"#0","tintindex":0},"down":{"uv":[14,2.4,14.6,2.8],"texture":"#0","tintindex":0}}},{"from":[2.5,-5.5,8],"to":[6.5,4,8.015],"rotation":{"angle":0,"axis":"y","origin":[12,-7.5,8]},"faces":{"north":{"uv":[10.4,0,7.2,7.6],"texture":"#0","tintindex":0},"south":{"uv":[7.2,0,10.4,7.6],"texture":"#0","tintindex":0}}},{"from":[-1.34776,-5.5,8.76536],"to":[2.65224,4,8.78037],"rotation":{"angle":22.5,"axis":"y","origin":[0.65224,-1.5,8.76536]},"faces":{"north":{"uv":[7.2,0,4,7.6],"texture":"#0","tintindex":0},"south":{"uv":[4,0,7.2,7.6],"texture":"#0","tintindex":0}}},{"from":[-0.84636,-5.5,9.68779],"to":[-0.83136,4,13.68779],"rotation":{"angle":-45,"axis":"y","origin":[-0.83136,-1.5,9.18779]},"faces":{"east":{"uv":[0.8,0,4,7.6],"texture":"#0","tintindex":0},"west":{"uv":[4,0,0.8,7.6],"texture":"#0","tintindex":0}}},{"from":[9.5,-13,7.875],"to":[12.5,-4.5,7.89],"rotation":{"angle":0,"axis":"y","origin":[15.05487,-9.25,9.34747]},"faces":{"north":{"uv":[6.4,8,8.8,14.8],"texture":"#0","tintindex":0},"south":{"uv":[8.8,8,6.4,14.8],"texture":"#0","tintindex":0}}},{"from":[12.90134,-13,6.9777],"to":[16.02634,-4.5,6.9927],"rotation":{"angle":22.5,"axis":"y","origin":[14.9562,-9.25,8.45017]},"faces":{"north":{"uv":[3.9,8,6.4,14.8],"texture":"#0","tintindex":0},"south":{"uv":[6.4,8,3.9,14.8],"texture":"#0","tintindex":0}}},{"from":[16.84099,-13,7.2741],"to":[19.96599,-4.5,7.2891],"rotation":{"angle":45,"axis":"y","origin":[15.39585,-9.25,8.74657]},"faces":{"north":{"uv":[1.4,8,3.9,14.8],"texture":"#0","tintindex":0},"south":{"uv":[3.9,8,1.4,14.8],"texture":"#0","tintindex":0}}},{"from":[3.5,-13,7.875],"to":[6.5,-4.5,7.89],"rotation":{"angle":0,"axis":"y","origin":[0.94514,-9.25,9.34747]},"faces":{"north":{"uv":[8.8,8,6.4,14.8],"texture":"#0","tintindex":0},"south":{"uv":[6.4,8,8.8,14.8],"texture":"#0","tintindex":0}}},{"from":[-0.02633,-13,6.9777],"to":[3.09867,-4.5,6.9927],"rotation":{"angle":-22.5,"axis":"y","origin":[1.0438,-9.25,8.45017]},"faces":{"north":{"uv":[6.4,8,3.9,14.8],"texture":"#0","tintindex":0},"south":{"uv":[3.9,8,6.4,14.8],"texture":"#0","tintindex":0}}},{"from":[-3.96598,-13,7.2741],"to":[-0.84098,-4.5,7.2891],"rotation":{"angle":-45,"axis":"y","origin":[0.60415,-9.25,8.74657]},"faces":{"north":{"uv":[3.9,8,1.4,14.8],"texture":"#0","tintindex":0},"south":{"uv":[1.4,8,3.9,14.8],"texture":"#0","tintindex":0}}},{"from":[-0.99615,-4.775,11.48613],"to":[2.12885,3.725,11.50113],"rotation":{"angle":0,"axis":"y","origin":[2.06795,-0.525,11.79232]},"faces":{"north":{"uv":[3.9,14.8,1.4,8],"texture":"#0","tintindex":0},"south":{"uv":[1.4,14.8,3.9,8],"texture":"#0","tintindex":0}}},{"from":[2.23565,-4.775,11.44066],"to":[5.36066,3.725,11.45566],"rotation":{"angle":22.5,"axis":"y","origin":[2.29655,-0.525,11.74685]},"faces":{"north":{"uv":[6.4,14.8,3.9,8],"texture":"#0","tintindex":0},"south":{"uv":[3.9,14.8,6.4,8],"texture":"#0","tintindex":0}}},{"from":[6.1875,-4.775,10.835],"to":[9.1875,3.725,10.85],"rotation":{"angle":45,"axis":"y","origin":[4.94417,-0.525,11.99177]},"faces":{"north":{"uv":[8.8,14.8,6.4,8],"texture":"#0","tintindex":0},"south":{"uv":[6.4,14.8,8.8,8],"texture":"#0","tintindex":0}}},{"from":[6.49139,-3.46902,8.98937],"to":[6.99139,-2.96902,9.73937],"rotation":{"angle":-22.5,"axis":"x","origin":[6.74139,-3.51864,8.725]},"faces":{"east":{"uv":[10.4,13.6,11,13.2],"texture":"#0","tintindex":0},"south":{"uv":[14,3.6,14.4,3.2],"texture":"#0","tintindex":0},"west":{"uv":[12.8,13.6,13.4,13.2],"texture":"#0","tintindex":0},"up":{"uv":[14.6,2.8,14,2.4],"rotation":90,"texture":"#0","tintindex":0},"down":{"uv":[12.2,13.6,11.6,14],"rotation":270,"texture":"#0","tintindex":0}}},{"from":[6.42889,-3.91993,8.2722],"to":[7.05389,-3.04493,8.8972],"rotation":{"angle":45,"axis":"x","origin":[6.74139,-3.51864,8.725]},"faces":{"north":{"uv":[13.2,1.2,13.9,1.7],"rotation":90,"texture":"#0","tintindex":0},"east":{"uv":[13.5,10.8,12.8,11.3],"rotation":270,"texture":"#0","tintindex":0},"south":{"uv":[13.2,0.5,13.9,0],"rotation":90,"texture":"#0","tintindex":0},"west":{"uv":[13.5,12,12.8,12.5],"rotation":90,"texture":"#0","tintindex":0},"up":{"uv":[9.7,13.2,9.2,13.7],"rotation":180,"texture":"#0","tintindex":0}}},{"from":[6.30389,-4.68261,8.04726],"to":[7.17889,-3.68261,8.92226],"rotation":{"angle":22.5,"axis":"x","origin":[6.74139,-3.51864,8.725]},"faces":{"north":{"uv":[12.8,8,13.5,7.2],"texture":"#0","tintindex":0},"east":{"uv":[12,5.6,12.7,4.8],"texture":"#0","tintindex":0},"south":{"uv":[12,6.8,12.7,6],"texture":"#0","tintindex":0},"west":{"uv":[11.6,13.2,12.3,12.4],"texture":"#0","tintindex":0},"up":{"uv":[13.5,9.1,12.8,8.4],"rotation":90,"texture":"#0","tintindex":0}}},{"from":[6.8125,-4.775,10.835],"to":[9.8125,3.725,10.85],"rotation":{"angle":-45,"axis":"y","origin":[11.05584,-0.525,11.99177]},"faces":{"north":{"uv":[6.4,14.8,8.8,8],"texture":"#0","tintindex":0},"south":{"uv":[8.8,14.8,6.4,8],"texture":"#0","tintindex":0}}},{"from":[10.63934,-4.775,11.44066],"to":[13.76435,3.725,11.45566],"rotation":{"angle":-22.5,"axis":"y","origin":[13.70345,-0.525,11.74685]},"faces":{"north":{"uv":[3.9,14.8,6.4,8],"texture":"#0","tintindex":0},"south":{"uv":[6.4,14.8,3.9,8],"texture":"#0","tintindex":0}}},{"from":[13.87115,-4.775,11.48613],"to":[16.99614,3.725,11.50113],"rotation":{"angle":0,"axis":"y","origin":[13.93205,-0.525,11.79232]},"faces":{"north":{"uv":[1.4,14.8,3.9,8],"texture":"#0","tintindex":0},"south":{"uv":[3.9,14.8,1.4,8],"texture":"#0","tintindex":0}}},{"from":[9.00861,-3.46902,8.98937],"to":[9.50861,-2.96902,9.73937],"rotation":{"angle":-22.5,"axis":"x","origin":[9.25861,-3.51864,8.725]},"faces":{"east":{"uv":[13.4,13.6,12.8,13.2],"texture":"#0","tintindex":0},"south":{"uv":[14.4,3.6,14,3.2],"texture":"#0","tintindex":0},"west":{"uv":[11,13.6,10.4,13.2],"texture":"#0","tintindex":0},"up":{"uv":[14.6,2.4,14,2.8],"rotation":90,"texture":"#0","tintindex":0},"down":{"uv":[12.2,14,11.6,13.6],"rotation":270,"texture":"#0","tintindex":0}}},{"from":[8.94611,-3.91993,8.2722],"to":[9.57111,-3.04493,8.8972],"rotation":{"angle":45,"axis":"x","origin":[9.25861,-3.51864,8.725]},"faces":{"north":{"uv":[13.2,1.7,13.9,1.2],"rotation":90,"texture":"#0","tintindex":0},"east":{"uv":[13.5,12.5,12.8,12],"rotation":90,"texture":"#0","tintindex":0},"south":{"uv":[13.2,0,13.9,0.5],"rotation":90,"texture":"#0","tintindex":0},"west":{"uv":[13.5,11.3,12.8,10.8],"rotation":270,"texture":"#0","tintindex":0},"up":{"uv":[9.2,13.2,9.7,13.7],"rotation":180,"texture":"#0","tintindex":0}}},{"from":[8.82111,-4.68261,8.04726],"to":[9.69611,-3.68261,8.92226],"rotation":{"angle":22.5,"axis":"x","origin":[9.25861,-3.51864,8.725]},"faces":{"north":{"uv":[13.5,8,12.8,7.2],"texture":"#0","tintindex":0},"east":{"uv":[12.3,13.2,11.6,12.4],"texture":"#0","tintindex":0},"south":{"uv":[12.7,6.8,12,6],"texture":"#0","tintindex":0},"west":{"uv":[12.7,5.6,12,4.8],"texture":"#0","tintindex":0},"up":{"uv":[13.5,8.4,12.8,9.1],"rotation":90,"texture":"#0","tintindex":0}}},{"from":[11.10447,-7.125,7.94122],"to":[14.85447,3.375,7.95622],"rotation":{"angle":0,"axis":"y","origin":[11.10447,-3.5,9.63631]},"faces":{"north":{"uv":[5,0,0,14],"texture":"#1","tintindex":0},"south":{"uv":[0,0,5,14],"texture":"#1","tintindex":0}}},{"from":[14.70888,-7.125,8.65818],"to":[18.45888,3.375,8.67318],"rotation":{"angle":-22.5,"axis":"y","origin":[16.58388,-1.875,8.66568]},"faces":{"north":{"uv":[10,0,5,14],"texture":"#1","tintindex":0},"south":{"uv":[5,0,10,14],"texture":"#1","tintindex":0}}},{"from":[8.35447,-4.5,10.40818],"to":[12.10447,6,10.42318],"rotation":{"angle":-45,"axis":"y","origin":[12.03168,0.75,10.0572]},"faces":{"north":{"uv":[5,0,0,14],"texture":"#1","tintindex":0},"south":{"uv":[0,0,5,14],"texture":"#1","tintindex":0}}},{"from":[11.95888,-4.5,10.40818],"to":[15.70888,6,10.42318],"rotation":{"angle":-22.5,"axis":"y","origin":[12.03168,0.75,10.0572]},"faces":{"north":{"uv":[10,0,5,14],"texture":"#1","tintindex":0},"south":{"uv":[5,0,10,14],"texture":"#1","tintindex":0}}},{"from":[9.22947,-14.875,6.65818],"to":[12.97947,-4.375,6.67318],"rotation":{"angle":22.5,"axis":"y","origin":[12.90668,-9.625,6.3072]},"faces":{"north":{"uv":[5,14,0,0],"texture":"#1","tintindex":0},"south":{"uv":[0,14,5,0],"texture":"#1","tintindex":0}}},{"from":[12.83388,-14.875,6.65818],"to":[16.58388,-4.375,6.67318],"rotation":{"angle":45,"axis":"y","origin":[12.90668,-9.625,6.3072]},"faces":{"north":{"uv":[10,14,5,0],"texture":"#1","tintindex":0},"south":{"uv":[5,14,10,0],"texture":"#1","tintindex":0}}},{"from":[3.02053,-14.875,6.65818],"to":[6.77053,-4.375,6.67318],"rotation":{"angle":-22.5,"axis":"y","origin":[3.09333,-9.625,6.3072]},"faces":{"north":{"uv":[0,14,5,0],"texture":"#1","tintindex":0},"south":{"uv":[5,14,0,0],"texture":"#1","tintindex":0}}},{"from":[-0.58387,-14.875,6.65818],"to":[3.16613,-4.375,6.67318],"rotation":{"angle":-45,"axis":"y","origin":[3.09333,-9.625,6.3072]},"faces":{"north":{"uv":[5,14,10,0],"texture":"#1","tintindex":0},"south":{"uv":[10,14,5,0],"texture":"#1","tintindex":0}}},{"from":[0.29113,-4.5,10.40818],"to":[4.04113,6,10.42318],"rotation":{"angle":22.5,"axis":"y","origin":[3.96833,0.75,10.0572]},"faces":{"north":{"uv":[5,0,10,14],"texture":"#1","tintindex":0},"south":{"uv":[10,0,5,14],"texture":"#1","tintindex":0}}},{"from":[3.89553,-4.5,10.40818],"to":[7.64553,6,10.42318],"rotation":{"angle":45,"axis":"y","origin":[3.96833,0.75,10.0572]},"faces":{"north":{"uv":[0,0,5,14],"texture":"#1","tintindex":0},"south":{"uv":[5,0,0,14],"texture":"#1","tintindex":0}}},{"from":[1.14553,-7.125,7.94122],"to":[4.89553,3.375,7.95622],"rotation":{"angle":0,"axis":"y","origin":[4.89553,-3.5,9.63631]},"faces":{"north":{"uv":[0,0,5,14],"texture":"#1","tintindex":0},"south":{"uv":[5,0,0,14],"texture":"#1","tintindex":0}}},{"from":[-2.45887,-7.125,8.65818],"to":[1.29113,3.375,8.67318],"rotation":{"angle":22.5,"axis":"y","origin":[-0.58387,-1.875,8.66568]},"faces":{"north":{"uv":[5,0,10,14],"texture":"#1","tintindex":0},"south":{"uv":[10,0,5,14],"texture":"#1","tintindex":0}}}],"gui_light":"front","display":{"thirdperson_righthand":{"rotation":[45,180,0],"translation":[0,1.25,0.75],"scale":[0.6,0.6,0.6]},"thirdperson_lefthand":{"rotation":[68.5,0,0],"translation":[-5.5,-6.5,11.25]},"firstperson_righthand":{"rotation":[0,180,0],"translation":[2.75,1.5,0],"scale":[0.55,0.55,0.55]},"firstperson_lefthand":{"scale":[0,0,0]},"ground":{"rotation":[-45,0,0],"translation":[0,5,0],"scale":[0.7,0.7,0.7]},"gui":{"rotation":[0,180,0],"translation":[0,10,0],"scale":[0.8,0.8,0.8]},"head":{"translation":[0,-65.5,7.5],"scale":[3.2,3.2,3.2]},"fixed":{"rotation":[0,180,0],"translation":[0,4.25,-3.25],"scale":[2,2,2]}}}