{"credit":"Made by PolygonMC","texture_size":[8,8],"textures":{"1":"fiendskullset:sword","2":"fiendskullset:animations/animations_1","particle":"fiendskullset:sword"},"elements":[{"from":[7.5,0.75,7.5],"to":[8.5,1.25,8.5],"rotation":{"angle":0,"axis":"y","origin":[7.5,0,7.5]},"faces":{"north":{"uv":[12,14,12.66667,14.33333],"texture":"#1"},"east":{"uv":[14,12,14.66667,12.33333],"texture":"#1"},"south":{"uv":[12.66667,14,13.33333,14.33333],"texture":"#1"},"west":{"uv":[14,12.66667,14.66667,13],"texture":"#1"}}},{"from":[7.5,6.75,7.5],"to":[8.5,7.75,8.5],"rotation":{"angle":0,"axis":"y","origin":[7.5,2,7.5]},"faces":{"north":{"uv":[12.66667,2.66667,13.33333,3.33333],"texture":"#1"},"east":{"uv":[12.66667,3.33333,13.33333,4],"texture":"#1"},"south":{"uv":[4,12.66667,4.66667,13.33333],"texture":"#1"},"west":{"uv":[12.66667,4,13.33333,4.66667],"texture":"#1"}}},{"from":[7.5,5.25,7.5],"to":[8.5,6.25,8.5],"rotation":{"angle":0,"axis":"y","origin":[7.5,2,7.5]},"faces":{"north":{"uv":[12,4,12.66667,4.66667],"texture":"#1"},"east":{"uv":[12,4.66667,12.66667,5.33333],"texture":"#1"},"south":{"uv":[12,8,12.66667,8.66667],"texture":"#1"},"west":{"uv":[12,8.66667,12.66667,9.33333],"texture":"#1"},"down":{"uv":[12.66667,9.33333,12,10],"texture":"#1"}}},{"from":[7.5,1.75,7.5],"to":[8.5,2.75,8.5],"rotation":{"angle":0,"axis":"y","origin":[7.5,2,7.5]},"faces":{"north":{"uv":[12.66667,9.33333,13.33333,10],"texture":"#1"},"east":{"uv":[10,12.66667,10.66667,13.33333],"texture":"#1"},"south":{"uv":[10.66667,12.66667,11.33333,13.33333],"texture":"#1"},"west":{"uv":[11.33333,12.66667,12,13.33333],"texture":"#1"},"up":{"uv":[12.66667,13.33333,12,12.66667],"texture":"#1"}}},{"from":[7.6,2.75,7.6],"to":[8.4,5.25,8.4],"rotation":{"angle":0,"axis":"y","origin":[7.5,2,7.5]},"faces":{"north":{"uv":[8,10.66667,8.5,12.33333],"texture":"#1"},"east":{"uv":[10.66667,8,11.16667,9.66667],"texture":"#1"},"south":{"uv":[8.66667,10.66667,9.16667,12.33333],"texture":"#1"},"west":{"uv":[9.33333,10.66667,9.83333,12.33333],"texture":"#1"}}},{"from":[7.4,1.25,7.4],"to":[8.6,1.75,8.6],"rotation":{"angle":0,"axis":"y","origin":[7.5,2,7.5]},"faces":{"north":{"uv":[3.33333,13.33333,4.16667,13.66667],"texture":"#1"},"east":{"uv":[13.33333,3.33333,14.16667,3.66667],"texture":"#1"},"south":{"uv":[13.33333,4,14.16667,4.33333],"texture":"#1"},"west":{"uv":[4.66667,13.33333,5.5,13.66667],"texture":"#1"},"up":{"uv":[5.5,12.16667,4.66667,11.33333],"texture":"#1"},"down":{"uv":[12.16667,5.33333,11.33333,6.16667],"texture":"#1"}}},{"from":[7.4,6.25,7.4],"to":[8.6,6.75,8.6],"rotation":{"angle":0,"axis":"y","origin":[7.5,2,7.5]},"faces":{"north":{"uv":[13.33333,4.66667,14.16667,5],"texture":"#1"},"east":{"uv":[13.33333,5.33333,14.16667,5.66667],"texture":"#1"},"south":{"uv":[6,13.33333,6.83333,13.66667],"texture":"#1"},"west":{"uv":[13.33333,6,14.16667,6.33333],"texture":"#1"},"up":{"uv":[6.83333,12.16667,6,11.33333],"texture":"#1"},"down":{"uv":[12.16667,6.66667,11.33333,7.5],"texture":"#1"}}},{"from":[7.455,-0.045,7.455],"to":[8.545,1.045,8.545],"rotation":{"angle":-45,"axis":"x","origin":[8,0.5,8]},"faces":{"north":{"uv":[7.33333,8.66667,8,9.33333],"texture":"#1"},"east":{"uv":[10.66667,10,11.33333,10.66667],"texture":"#1"},"south":{"uv":[12,2,12.66667,2.66667],"texture":"#1"},"west":{"uv":[12,2.66667,12.66667,3.33333],"texture":"#1"},"up":{"uv":[4,12.66667,3.33333,12],"texture":"#1"},"down":{"uv":[12.66667,3.33333,12,4],"texture":"#1"}}},{"from":[7,16.7,6.95],"to":[9,18.7,9.2],"rotation":{"angle":22.5,"axis":"x","origin":[8,16.86424,7.85187]},"faces":{"north":{"uv":[8,1.33333,9.33333,2.66667],"texture":"#1"},"east":{"uv":[6,4.66667,7.5,6],"texture":"#1"},"south":{"uv":[8,2.66667,9.33333,4],"texture":"#1"},"west":{"uv":[6,6,7.5,7.33333],"texture":"#1"},"up":{"uv":[8,1.5,6.66667,0],"texture":"#1"},"down":{"uv":[4.66667,7.33333,3.33333,8.83333],"texture":"#1"}}},{"from":[7,16.24598,7.26882],"to":[9,16.74598,7.29882],"rotation":{"angle":22.5,"axis":"x","origin":[8,17.06022,7.77069]},"faces":{"north":{"uv":[12.66667,2,14,2.33333],"texture":"#1"},"south":{"uv":[2.66667,12.66667,4,13],"texture":"#1"}}},{"from":[6.75,15.34588,7.1758],"to":[7,15.84588,9.1758],"rotation":{"angle":-22.5,"axis":"x","origin":[8,15.84588,7.9258]},"faces":{"north":{"uv":[15.33333,4,15.5,4.33333],"texture":"#1"},"east":{"uv":[10,12,11.33333,12.33333],"texture":"#1"},"south":{"uv":[4.66667,15.33333,4.83333,15.66667],"texture":"#1"},"west":{"uv":[12,10,13.33333,10.33333],"texture":"#1"},"up":{"uv":[13.5,15.33333,13.33333,14],"texture":"#1"},"down":{"uv":[14.16667,13.33333,14,14.66667],"texture":"#1"}}},{"from":[7,15.34588,6.9258],"to":[9,15.84588,7.4258],"rotation":{"angle":-22.5,"axis":"x","origin":[8,15.84588,7.9258]},"faces":{"north":{"uv":[12,11.33333,13.33333,11.66667],"texture":"#1"},"east":{"uv":[6.66667,14.66667,7,15],"texture":"#1"},"south":{"uv":[12.66667,0,14,0.33333],"texture":"#1"},"west":{"uv":[14.66667,6.66667,15,7],"texture":"#1"},"up":{"uv":[14,1,12.66667,0.66667],"texture":"#1"},"down":{"uv":[2.66667,12.66667,1.33333,13],"texture":"#1"}}},{"from":[6.75,15.84588,8.1758],"to":[7,16.34588,9.1758],"rotation":{"angle":-22.5,"axis":"x","origin":[8,15.84588,7.9258]},"faces":{"north":{"uv":[15.33333,4.66667,15.5,5],"texture":"#1"},"east":{"uv":[0,14.66667,0.66667,15],"texture":"#1"},"south":{"uv":[5.33333,15.33333,5.5,15.66667],"texture":"#1"},"west":{"uv":[14.66667,0,15.33333,0.33333],"texture":"#1"},"up":{"uv":[6.16667,15.33333,6,14.66667],"texture":"#1"}}},{"from":[9,15.84588,8.1758],"to":[9.25,16.34588,9.1758],"rotation":{"angle":-22.5,"axis":"x","origin":[8,15.84588,7.9258]},"faces":{"north":{"uv":[15.33333,6,15.5,6.33333],"texture":"#1"},"east":{"uv":[1.33333,14.66667,2,15],"texture":"#1"},"south":{"uv":[6.66667,15.33333,6.83333,15.66667],"texture":"#1"},"west":{"uv":[2,14.66667,2.66667,15],"texture":"#1"},"up":{"uv":[14.83333,6.66667,14.66667,6],"texture":"#1"}}},{"from":[9.07,15.84588,7.2758],"to":[9.1,16.34588,8.1758],"rotation":{"angle":-22.5,"axis":"x","origin":[8,15.84588,7.9258]},"faces":{"east":{"uv":[14.66667,2,15.33333,2.33333],"texture":"#1"},"west":{"uv":[2.66667,14.66667,3.33333,15],"texture":"#1"}}},{"from":[6.9,15.84588,7.2758],"to":[9.1,16.34588,7.3058],"rotation":{"angle":-22.5,"axis":"x","origin":[8,15.84588,7.9258]},"faces":{"north":{"uv":[1.33333,12,2.83333,12.33333],"texture":"#1"},"south":{"uv":[12,1.33333,13.5,1.66667],"texture":"#1"}}},{"from":[6.9,15.84588,7.2758],"to":[6.93,16.34588,8.1758],"rotation":{"angle":-22.5,"axis":"x","origin":[8,15.84588,7.9258]},"faces":{"east":{"uv":[14.66667,2.66667,15.33333,3],"texture":"#1"},"west":{"uv":[3.33333,14.66667,4,15],"texture":"#1"}}},{"from":[9,15.34588,7.1758],"to":[9.25,15.84588,9.1758],"rotation":{"angle":-22.5,"axis":"x","origin":[8,15.84588,7.9258]},"faces":{"north":{"uv":[15.33333,5.33333,15.5,5.66667],"texture":"#1"},"east":{"uv":[12,10.66667,13.33333,11],"texture":"#1"},"south":{"uv":[6,15.33333,6.16667,15.66667],"texture":"#1"},"west":{"uv":[11.33333,12,12.66667,12.33333],"texture":"#1"},"up":{"uv":[0.83333,16,0.66667,14.66667],"texture":"#1"},"down":{"uv":[14.83333,0.66667,14.66667,2],"texture":"#1"}}},{"from":[8.5,17.95,6.8],"to":[9.25,18.2,7.3],"rotation":{"angle":22.5,"axis":"x","origin":[8,16.86424,7.85187]},"faces":{"north":{"uv":[15.33333,1.33333,15.83333,1.5],"texture":"#1"},"east":{"uv":[15.33333,2.66667,15.66667,2.83333],"texture":"#1"},"south":{"uv":[2,15.33333,2.5,15.5],"texture":"#1"},"west":{"uv":[3.33333,15.33333,3.66667,15.5],"texture":"#1"},"up":{"uv":[15.16667,4.33333,14.66667,4],"texture":"#1"},"down":{"uv":[5.16667,14.66667,4.66667,15],"texture":"#1"}}},{"from":[6.75,17.95,6.8],"to":[7.5,18.2,7.3],"rotation":{"angle":22.5,"axis":"x","origin":[8,16.86424,7.85187]},"faces":{"north":{"uv":[15.33333,2,15.83333,2.16667],"texture":"#1"},"east":{"uv":[15.33333,3.33333,15.66667,3.5],"texture":"#1"},"south":{"uv":[2.66667,15.33333,3.16667,15.5],"texture":"#1"},"west":{"uv":[4,15.33333,4.33333,15.5],"texture":"#1"},"up":{"uv":[15.16667,5,14.66667,4.66667],"texture":"#1"},"down":{"uv":[5.83333,14.66667,5.33333,15],"texture":"#1"}}},{"from":[6.75,17.2,7.45],"to":[9.25,18.95,9.45],"rotation":{"angle":22.5,"axis":"x","origin":[8,16.86424,7.85187]},"faces":{"north":{"uv":[6,7.33333,7.66667,8.5],"texture":"#1"},"east":{"uv":[6,8.66667,7.33333,9.83333],"texture":"#1"},"south":{"uv":[8,0,9.66667,1.16667],"texture":"#1"},"west":{"uv":[9.33333,1.33333,10.66667,2.5],"texture":"#1"},"up":{"uv":[7.66667,3.33333,6,2],"texture":"#1"},"down":{"uv":[7.66667,3.33333,6,4.66667],"texture":"#1"}}},{"from":[7.75,8.75,8],"to":[8.25,19.75,9],"rotation":{"angle":0,"axis":"y","origin":[7.75,0.75,0]},"faces":{"north":{"uv":[4.66667,4,5,11.33333],"texture":"#1"},"east":{"uv":[3.33333,0,4,7.33333],"texture":"#1"},"south":{"uv":[5.33333,4,5.66667,11.33333],"texture":"#1"},"west":{"uv":[4,0,4.66667,7.33333],"texture":"#1"},"up":{"uv":[15,4,14.66667,3.33333],"texture":"#1"}}},{"from":[7.751,19.51108,8.20112],"to":[8.249,20.76108,9.12612],"rotation":{"angle":22.5,"axis":"x","origin":[8.001,20.13608,8.70112]},"faces":{"north":{"uv":[13.33333,6.66667,13.66667,7.5],"texture":"#1"},"east":{"uv":[12,0,12.66667,0.83333],"texture":"#1"},"south":{"uv":[7.33333,13.33333,7.66667,14.16667],"texture":"#1"},"west":{"uv":[0.66667,12,1.33333,12.83333],"texture":"#1"},"up":{"uv":[4.33333,15.33333,4,14.66667],"texture":"#1"}}},{"from":[7.752,20.36824,8.77385],"to":[8.248,21.61824,9.63185],"rotation":{"angle":45,"axis":"x","origin":[8.002,20.99324,9.27385]},"faces":{"north":{"uv":[8,13.33333,8.33333,14.16667],"texture":"#1"},"east":{"uv":[12.66667,12,13.16667,12.83333],"texture":"#1"},"south":{"uv":[13.33333,8,13.66667,8.83333],"texture":"#1"},"west":{"uv":[0,13.33333,0.5,14.16667],"texture":"#1"},"up":{"uv":[15,5.83333,14.66667,5.33333],"texture":"#1"}}},{"from":[7.985,8.75,5.25],"to":[8.015,26.75,9.75],"rotation":{"angle":0,"axis":"y","origin":[7.985,0.75,0]},"faces":{"east":{"uv":[3,0,0,12],"texture":"#1"},"west":{"uv":[0,0,3,12],"texture":"#1"}}},{"from":[7.5,14.5285,11.1095],"to":[8.5,16.5285,12.1095],"rotation":{"angle":-45,"axis":"x","origin":[8,11.9291,10.08929]},"faces":{"north":{"uv":[10,9.33333,10.66667,10.66667],"texture":"#1"},"east":{"uv":[10.66667,1.33333,11.33333,2.66667],"texture":"#1"},"south":{"uv":[10.66667,2.66667,11.33333,4],"texture":"#1"},"west":{"uv":[3.33333,10.66667,4,12],"texture":"#1"},"up":{"uv":[5.33333,13.33333,4.66667,12.66667],"texture":"#1"},"down":{"uv":[13.33333,4.66667,12.66667,5.33333],"texture":"#1"}}},{"from":[7.55,13.30374,10.06097],"to":[8.45,15.10374,10.96097],"rotation":{"angle":-22.5,"axis":"x","origin":[8,11.9291,10.08929]},"faces":{"north":{"uv":[11.33333,0,12,1.16667],"texture":"#1"},"east":{"uv":[11.33333,1.33333,12,2.5],"texture":"#1"},"south":{"uv":[11.33333,2.66667,12,3.83333],"texture":"#1"},"west":{"uv":[11.33333,4,12,5.16667],"texture":"#1"},"down":{"uv":[6,12.66667,5.33333,13.33333],"texture":"#1"}}},{"from":[7.5905,11.89468,9.54957],"to":[8.4095,13.53268,10.36857],"rotation":{"angle":0,"axis":"x","origin":[8,11.9291,10.08929]},"faces":{"north":{"uv":[11.33333,8,11.83333,9.16667],"texture":"#1"},"east":{"uv":[11.33333,9.33333,11.83333,10.5],"texture":"#1"},"south":{"uv":[11.33333,10.66667,11.83333,11.83333],"texture":"#1"},"west":{"uv":[0,12,0.5,13.16667],"texture":"#1"},"down":{"uv":[11.16667,13.33333,10.66667,13.83333],"texture":"#1"}}},{"from":[7.63555,9.54635,9.63157],"to":[8.36446,12.00417,10.36048],"rotation":{"angle":22.5,"axis":"x","origin":[8,11.9291,10.08929]},"faces":{"north":{"uv":[4,10.66667,4.5,12.33333],"texture":"#1"},"east":{"uv":[10.66667,4,11.16667,5.66667],"texture":"#1"},"south":{"uv":[10.66667,6,11.16667,7.66667],"texture":"#1"},"west":{"uv":[7.33333,10.66667,7.83333,12.33333],"texture":"#1"},"down":{"uv":[13.83333,10.66667,13.33333,11.16667],"texture":"#1"}}},{"from":[7.67564,8.60543,8.75458],"to":[8.32436,9.90289,9.40331],"rotation":{"angle":0,"axis":"x","origin":[8,11.9291,10.08929]},"faces":{"north":{"uv":[0.66667,13.33333,1.16667,14.16667],"texture":"#1"},"east":{"uv":[1.33333,13.33333,1.83333,14.16667],"texture":"#1"},"south":{"uv":[2,13.33333,2.5,14.16667],"texture":"#1"},"west":{"uv":[2.66667,13.33333,3.16667,14.16667],"texture":"#1"},"down":{"uv":[11.83333,13.33333,11.33333,13.83333],"texture":"#1"}}},{"from":[7.71132,8.21446,7.58426],"to":[8.28868,9.3692,8.16163],"rotation":{"angle":-22.5,"axis":"x","origin":[8,11.9291,10.08929]},"faces":{"north":{"uv":[8.66667,13.33333,9,14.16667],"texture":"#1"},"east":{"uv":[9.33333,13.33333,9.66667,14.16667],"texture":"#1"},"south":{"uv":[13.33333,9.33333,13.66667,10.16667],"texture":"#1"},"west":{"uv":[10,13.33333,10.33333,14.16667],"texture":"#1"},"down":{"uv":[7.66667,14.66667,7.33333,15],"texture":"#1"}}},{"from":[7.25,7,8],"to":[8.75,9,10],"rotation":{"angle":-45,"axis":"x","origin":[7.5,7,8]},"faces":{"north":{"uv":[9.33333,2.66667,10.33333,4],"texture":"#1"},"east":{"uv":[8,4,9.33333,5.33333],"texture":"#1"},"south":{"uv":[3.33333,9.33333,4.33333,10.66667],"texture":"#1"},"west":{"uv":[8,5.33333,9.33333,6.66667],"texture":"#1"},"up":{"uv":[10.33333,5.33333,9.33333,4],"texture":"#1"},"down":{"uv":[10.33333,5.33333,9.33333,6.66667],"texture":"#1"}}},{"from":[7,7.25,8.25],"to":[9,8.75,9.75],"rotation":{"angle":-45,"axis":"x","origin":[7.5,7,8]},"faces":{"north":{"uv":[9.33333,6.66667,10.66667,7.66667],"texture":"#1"},"east":{"uv":[10,0,11,1],"texture":"#1"},"south":{"uv":[7.33333,9.33333,8.66667,10.33333],"texture":"#1"},"west":{"uv":[6,10,7,11],"texture":"#1"},"up":{"uv":[10.66667,9,9.33333,8],"texture":"#1"},"down":{"uv":[10,9.33333,8.66667,10.33333],"texture":"#1"}}},{"from":[7.49175,14.84744,10.48271],"to":[8.50825,15.86394,11.49921],"rotation":{"angle":-22.5,"axis":"x","origin":[8,11.95681,10.34918]},"faces":{"north":{"uv":[12.66667,5.33333,13.33333,6],"texture":"#1"},"east":{"uv":[6,12.66667,6.66667,13.33333],"texture":"#1"},"south":{"uv":[12.66667,6,13.33333,6.66667],"texture":"#1"},"west":{"uv":[6.66667,12.66667,7.33333,13.33333],"texture":"#1"},"up":{"uv":[13.33333,7.33333,12.66667,6.66667],"texture":"#1"},"down":{"uv":[8,12.66667,7.33333,13.33333],"texture":"#1"}}},{"from":[7.61881,15.1349,9.94477],"to":[8.38119,15.89727,10.70715],"rotation":{"angle":0,"axis":"x","origin":[8,11.95681,10.34918]},"faces":{"east":{"uv":[13.33333,11.33333,13.83333,11.83333],"texture":"#1"},"south":{"uv":[12,13.33333,12.5,13.83333],"texture":"#1"},"west":{"uv":[13.33333,12,13.83333,12.5],"texture":"#1"},"up":{"uv":[13.16667,13.83333,12.66667,13.33333],"texture":"#1"},"down":{"uv":[13.83333,12.66667,13.33333,13.16667],"texture":"#1"}}},{"from":[7.71792,15.12187,9.14399],"to":[8.28208,15.68603,9.70815],"rotation":{"angle":22.5,"axis":"x","origin":[8,11.95681,10.34918]},"faces":{"east":{"uv":[14.66667,7.33333,15,7.66667],"texture":"#1"},"south":{"uv":[8,14.66667,8.33333,15],"texture":"#1"},"west":{"uv":[14.66667,8,15,8.33333],"texture":"#1"},"up":{"uv":[9,15,8.66667,14.66667],"texture":"#1"},"down":{"uv":[15,8.66667,14.66667,9],"texture":"#1"}}},{"from":[7.54257,12.96346,9.96512],"to":[8.45743,13.87831,10.87997],"rotation":{"angle":0,"axis":"x","origin":[8,12.08932,10.1942]},"faces":{"north":{"uv":[12.66667,7.33333,13.33333,8],"texture":"#1"},"east":{"uv":[8,12.66667,8.66667,13.33333],"texture":"#1"},"south":{"uv":[12.66667,8,13.33333,8.66667],"texture":"#1"},"west":{"uv":[8.66667,12.66667,9.33333,13.33333],"texture":"#1"},"up":{"uv":[13.33333,9.33333,12.66667,8.66667],"texture":"#1"},"down":{"uv":[10,12.66667,9.33333,13.33333],"texture":"#1"}}},{"from":[7.65693,13.22001,10.16862],"to":[8.34307,13.90615,10.85476],"rotation":{"angle":22.5,"axis":"x","origin":[8,12.08932,10.1942]},"faces":{"east":{"uv":[13.33333,13.33333,13.83333,13.83333],"texture":"#1"},"south":{"uv":[14,0,14.5,0.5],"texture":"#1"},"west":{"uv":[14,0.66667,14.5,1.16667],"texture":"#1"},"up":{"uv":[14.5,1.83333,14,1.33333],"texture":"#1"},"down":{"uv":[14.5,2,14,2.5],"texture":"#1"}}},{"from":[7.74613,11.69173,11.57432],"to":[8.25387,12.19948,12.08206],"rotation":{"angle":-45,"axis":"x","origin":[8,12.08932,10.1942]},"faces":{"north":{"uv":[9.33333,14.66667,9.66667,15],"texture":"#1"},"east":{"uv":[14.66667,9.33333,15,9.66667],"texture":"#1"},"south":{"uv":[10,14.66667,10.33333,15],"texture":"#1"},"west":{"uv":[14.66667,10,15,10.33333],"texture":"#1"},"down":{"uv":[11,14.66667,10.66667,15],"texture":"#1"}}},{"from":[7.58324,11.16301,10.04688],"to":[8.41677,11.99654,10.88041],"rotation":{"angle":22.5,"axis":"x","origin":[8,12.14681,10.11168]},"faces":{"north":{"uv":[6,14,6.5,14.5],"texture":"#1"},"east":{"uv":[6.66667,14,7.16667,14.5],"texture":"#1"},"south":{"uv":[14,6.66667,14.5,7.16667],"texture":"#1"},"west":{"uv":[14,7.33333,14.5,7.83333],"texture":"#1"},"up":{"uv":[14.5,8.5,14,8],"texture":"#1"},"down":{"uv":[14.5,8.66667,14,9.16667],"texture":"#1"}}},{"from":[7.68743,10.73073,9.55222],"to":[8.31257,11.35588,10.17736],"rotation":{"angle":-45,"axis":"x","origin":[8,12.14681,10.11168]},"faces":{"north":{"uv":[14,2.66667,14.5,3.16667],"texture":"#1"},"east":{"uv":[3.33333,14,3.83333,14.5],"texture":"#1"},"south":{"uv":[4,14,4.5,14.5],"texture":"#1"},"west":{"uv":[4.66667,14,5.16667,14.5],"texture":"#1"},"down":{"uv":[5.83333,14,5.33333,14.5],"texture":"#1"}}},{"from":[7.7687,10.42397,10.21207],"to":[8.2313,10.88658,10.67468],"rotation":{"angle":-22.5,"axis":"x","origin":[8,12.14681,10.11168]},"faces":{"north":{"uv":[14.66667,10.66667,15,11],"texture":"#1"},"east":{"uv":[11.33333,14.66667,11.66667,15],"texture":"#1"},"south":{"uv":[14.66667,11.33333,15,11.66667],"texture":"#1"},"west":{"uv":[12,14.66667,12.33333,15],"texture":"#1"},"down":{"uv":[15,12,14.66667,12.33333],"texture":"#1"}}},{"from":[7.62074,9.0629,9.00368],"to":[8.37926,9.82141,9.7622],"rotation":{"angle":45,"axis":"x","origin":[8,9.327,9.80939]},"faces":{"north":{"uv":[14,9.33333,14.5,9.83333],"texture":"#1"},"east":{"uv":[14,10,14.5,10.5],"texture":"#1"},"south":{"uv":[10.66667,14,11.16667,14.5],"texture":"#1"},"west":{"uv":[14,10.66667,14.5,11.16667],"texture":"#1"},"up":{"uv":[11.83333,14.5,11.33333,14],"texture":"#1"},"down":{"uv":[14.5,11.33333,14,11.83333],"texture":"#1"}}},{"from":[7.71556,8.9698,9.59762],"to":[8.28444,9.53868,10.16651],"rotation":{"angle":-22.5,"axis":"x","origin":[8,9.327,9.80939]},"faces":{"north":{"uv":[14.66667,14.66667,15,15],"texture":"#1"},"east":{"uv":[0,15.33333,0.33333,15.66667],"texture":"#1"},"south":{"uv":[15.33333,0,15.66667,0.33333],"texture":"#1"},"west":{"uv":[15.33333,0.66667,15.66667,1],"texture":"#1"},"down":{"uv":[1.66667,15.33333,1.33333,15.66667],"texture":"#1"}}},{"from":[7.78951,8.73354,9.81901],"to":[8.21049,9.15451,10.23999],"rotation":{"angle":0,"axis":"x","origin":[8,9.327,9.80939]},"faces":{"north":{"uv":[12.66667,14.66667,13,15],"texture":"#1"},"east":{"uv":[14.66667,12.66667,15,13],"texture":"#1"},"south":{"uv":[14.66667,13.33333,15,13.66667],"texture":"#1"},"west":{"uv":[14,14.66667,14.33333,15],"texture":"#1"},"down":{"uv":[15,14,14.66667,14.33333],"texture":"#1"}}},{"from":[7.985,-2.5,7],"to":[8.015,0.5,9],"rotation":{"angle":0,"axis":"y","origin":[7.985,0,7]},"faces":{"east":{"uv":[6,2,4.66667,4],"texture":"#1"},"west":{"uv":[4.66667,2,6,4],"texture":"#1"}}},{"from":[7.775,12.75,8.75],"to":[7.805,15.75,11.75],"rotation":{"angle":0,"axis":"y","origin":[8,0.75,0]},"faces":{"east":{"uv":[6.66667,0,4.66667,2],"texture":"#1"},"west":{"uv":[4.66667,0,6.66667,2],"texture":"#1"}}},{"from":[6.85,14.1,7.35],"to":[6.88,15.6,8.6],"rotation":{"angle":0,"axis":"y","origin":[0,0.75,0]},"faces":{"east":{"uv":[10.83333,10.66667,10,11.66667],"texture":"#1"},"west":{"uv":[10,10.66667,10.83333,11.66667],"texture":"#1"}}},{"from":[7.985,7.05,8.8],"to":[8.015,8.05,9.55],"rotation":{"angle":0,"axis":"y","origin":[7.985,0.75,0]},"faces":{"east":{"uv":[13.83333,2.66667,13.33333,3.33333],"texture":"#1"},"west":{"uv":[13.33333,2.66667,13.83333,3.33333],"texture":"#1"}}},{"from":[7.835,20,9.025],"to":[7.865,21,9.775],"rotation":{"angle":0,"axis":"y","origin":[7.985,0.75,16]},"faces":{"east":{"uv":[13.33333,2.66667,13.83333,3.33333],"texture":"#1"},"west":{"uv":[13.83333,2.66667,13.33333,3.33333],"texture":"#1"}}},{"from":[8.2,9.5,9],"to":[8.23,11.5,11],"rotation":{"angle":0,"axis":"y","origin":[8,0.75,0]},"faces":{"east":{"uv":[9.33333,6.66667,8,8],"texture":"#1"},"west":{"uv":[8,6.66667,9.33333,8],"texture":"#1"}}},{"from":[6.8,15.875,7.35],"to":[6.8,17.875,9.35],"rotation":{"angle":0,"axis":"y","origin":[8,0.75,0]},"faces":{"north":{"uv":[0,0,0,1.33333],"texture":"#1"},"south":{"uv":[0,0,0,1.33333],"texture":"#1"},"west":{"uv":[8,8,9.33333,9.33333],"texture":"#1"},"up":{"uv":[0,1.33333,0,0],"texture":"#1"},"down":{"uv":[0,0,0,1.33333],"texture":"#1"}}},{"from":[8.485,13.75,3.5],"to":[8.515,19.75,7.5],"rotation":{"angle":-45,"axis":"z","origin":[8.5,16.75,5.5]},"faces":{"east":{"uv":[8,0,0,12],"texture":"#2"},"west":{"uv":[0,0,8,12],"texture":"#2"}}},{"from":[7.485,13.75,3.5],"to":[7.515,19.75,7.5],"rotation":{"angle":45,"axis":"z","origin":[7.5,16.75,5.5]},"faces":{"east":{"uv":[8,0,0,12],"texture":"#2"},"west":{"uv":[0,0,8,12],"texture":"#2"}}}],"gui_light":"front","display":{"thirdperson_righthand":{"translation":[0,1.75,1]},"thirdperson_lefthand":{"translation":[0,1.75,1]},"firstperson_righthand":{"rotation":[-15,0,0],"translation":[0,2.25,0.75]},"firstperson_lefthand":{"rotation":[-15,0,0],"translation":[0,2.25,0.75]},"ground":{"rotation":[-45,0,0],"translation":[0,4.5,0]},"gui":{"rotation":[-90,45,90],"translation":[1.75,-2.5,0],"scale":[0.8,0.8,0.8]},"head":{"rotation":[0,-90,0]},"fixed":{"rotation":[0,-90,0],"translation":[0,-9.25,-2.25],"scale":[2.5,2.5,2.5]}}}