{"textures":{"0":"modelengine:entity/ecnpcs-dryad_merchant"},"elements":[{"from":[10.041975,8.103808,11.332748],"to":[11.241976,9.563808,15.662748],"faces":{"east":{"uv":[8.875,5.25,10.0,5.625],"tintindex":0,"rotation":0,"texture":"#0"},"south":{"uv":[9.25,10.25,9.5,10.625],"tintindex":0,"rotation":0,"texture":"#0"},"north":{"uv":[0.75,8.125,1.0,8.5],"tintindex":0,"rotation":0,"texture":"#0"},"west":{"uv":[9.5,4.125,10.625,4.5],"tintindex":0,"rotation":0,"texture":"#0"},"up":{"uv":[6.0,4.75,5.75,3.625],"tintindex":0,"rotation":0,"texture":"#0"},"down":{"uv":[8.0,10.625,7.75,11.75],"tintindex":0,"rotation":0,"texture":"#0"}},"rotation":{"origin":[9.641975,8.833809,13.497747],"angle":45.0,"axis":"y"}},{"from":[3.0009646,11.171965,7.180245],"to":[6.750965,13.671966,10.430244],"faces":{"east":{"uv":[8.5,6.375,9.375,7.0],"tintindex":0,"rotation":0,"texture":"#0"},"south":{"uv":[8.0,1.5,9.0,2.125],"tintindex":0,"rotation":0,"texture":"#0"},"north":{"uv":[8.0,0.875,9.0,1.5],"tintindex":0,"rotation":0,"texture":"#0"},"west":{"uv":[0.75,8.625,1.625,9.25],"tintindex":0,"rotation":0,"texture":"#0"},"up":{"uv":[1.0,8.125,0.0,7.25],"tintindex":0,"rotation":0,"texture":"#0"},"down":{"uv":[2.0,7.75,1.0,8.625],"tintindex":0,"rotation":0,"texture":"#0"}},"rotation":{"origin":[4.9009647,12.401965,8.795245],"angle":-22.5,"axis":"z"}},{"from":[-1.875,19.5,8.5],"to":[0.125,21.5,8.5],"faces":{"south":{"uv":[0.625,12.125,1.125,12.625],"tintindex":0,"rotation":0,"texture":"#0"},"north":{"uv":[0.0,12.125,0.5,12.625],"tintindex":0,"rotation":0,"texture":"#0"}},"rotation":{"origin":[-0.5,20.5,8.0],"angle":22.5,"axis":"z"}},{"from":[9.162334,7.7152414,8.601395],"to":[10.862335,9.675241,11.931395],"faces":{"east":{"uv":[9.375,6.25,10.25,6.75],"tintindex":0,"rotation":0,"texture":"#0"},"south":{"uv":[0.5,11.25,0.875,11.75],"tintindex":0,"rotation":0,"texture":"#0"},"north":{"uv":[5.375,1.625,5.75,2.125],"tintindex":0,"rotation":0,"texture":"#0"},"west":{"uv":[9.375,6.75,10.25,7.25],"tintindex":0,"rotation":0,"texture":"#0"},"up":{"uv":[0.375,11.25,0.0,10.375],"tintindex":0,"rotation":0,"texture":"#0"},"down":{"uv":[3.5,10.375,3.125,11.25],"tintindex":0,"rotation":0,"texture":"#0"}},"rotation":{"origin":[9.597859,4.979721,13.560106],"angle":22.5,"axis":"y"}},{"from":[4.6713247,9.603808,11.332748],"to":[5.8713245,11.063808,15.662748],"faces":{"east":{"uv":[10.625,4.125,9.5,4.5],"tintindex":0,"rotation":0,"texture":"#0"},"south":{"uv":[9.5,10.25,9.25,10.625],"tintindex":0,"rotation":0,"texture":"#0"},"north":{"uv":[1.0,8.125,0.75,8.5],"tintindex":0,"rotation":0,"texture":"#0"},"west":{"uv":[10.0,5.25,8.875,5.625],"tintindex":0,"rotation":0,"texture":"#0"},"up":{"uv":[5.75,4.75,6.0,3.625],"tintindex":0,"rotation":0,"texture":"#0"},"down":{"uv":[7.75,10.625,8.0,11.75],"tintindex":0,"rotation":0,"texture":"#0"}},"rotation":{"origin":[6.2713246,10.333809,13.497747],"angle":-45.0,"axis":"y"}},{"from":[1.9053988,10.300246,13.620445],"to":[3.1053991,11.260246,17.950445],"faces":{"east":{"uv":[11.75,5.625,10.625,5.875],"tintindex":0,"rotation":0,"texture":"#0"},"south":{"uv":[2.625,9.75,2.375,10.0],"tintindex":0,"rotation":0,"texture":"#0"},"north":{"uv":[8.75,7.0,8.5,7.25],"tintindex":0,"rotation":0,"texture":"#0"},"west":{"uv":[11.75,4.125,10.625,4.375],"tintindex":0,"rotation":0,"texture":"#0"},"up":{"uv":[9.875,11.75,10.125,10.625],"tintindex":0,"rotation":0,"texture":"#0"},"down":{"uv":[10.75,3.0,11.0,4.125],"tintindex":0,"rotation":0,"texture":"#0"}},"rotation":{"origin":[2.5053988,10.280247,15.785446],"angle":-45.0,"axis":"y"}},{"from":[2.1976762,22.482471,6.555245],"to":[5.9476767,22.482471,11.055244],"faces":{"up":{"uv":[4.25,8.0,5.25,6.875],"tintindex":0,"rotation":0,"texture":"#0"},"down":{"uv":[5.25,6.875,6.25,8.0],"tintindex":0,"rotation":0,"texture":"#0"}},"rotation":{"origin":[2.4852395,21.845036,8.805244],"angle":22.5,"axis":"z"}},{"from":[-0.48004532,18.536274,7.555245],"to":[1.7699552,19.536274,10.055244],"faces":{"east":{"uv":[10.75,5.375,11.375,5.625],"tintindex":0,"rotation":0,"texture":"#0"},"south":{"uv":[10.875,4.75,11.5,5.0],"tintindex":0,"rotation":0,"texture":"#0"},"north":{"uv":[9.875,8.75,10.5,9.0],"tintindex":0,"rotation":0,"texture":"#0"},"west":{"uv":[11.25,0.375,11.875,0.625],"tintindex":0,"rotation":0,"texture":"#0"},"up":{"uv":[8.875,10.25,8.25,9.625],"tintindex":0,"rotation":0,"texture":"#0"},"down":{"uv":[9.5,9.625,8.875,10.25],"tintindex":0,"rotation":0,"texture":"#0"}},"rotation":{"origin":[1.1449552,16.786274,8.555244],"angle":22.5,"axis":"z"}},{"from":[-1.686512,16.896812,3.055245],"to":[-1.686512,20.646812,7.555245],"faces":{"east":{"uv":[6.75,6.625,7.75,7.75],"tintindex":0,"rotation":270,"texture":"#0"},"west":{"uv":[6.75,6.625,7.75,5.5],"tintindex":0,"rotation":270,"texture":"#0"}},"rotation":{"origin":[-1.014761,20.345036,5.305245],"angle":-45.0,"axis":"x"}},{"from":[3.0009646,6.6719646,7.180245],"to":[6.750965,11.171965,10.430244],"faces":{"east":{"uv":[7.125,0.875,8.0,2.0],"tintindex":0,"rotation":0,"texture":"#0"},"south":{"uv":[6.75,4.375,7.75,5.5],"tintindex":0,"rotation":0,"texture":"#0"},"north":{"uv":[6.75,3.25,7.75,4.375],"tintindex":0,"rotation":0,"texture":"#0"},"west":{"uv":[7.125,2.0,8.0,3.125],"tintindex":0,"rotation":0,"texture":"#0"},"up":{"uv":[8.75,4.0,7.75,3.125],"tintindex":0,"rotation":0,"texture":"#0"},"down":{"uv":[8.75,4.0,7.75,4.875],"tintindex":0,"rotation":0,"texture":"#0"}},"rotation":{"origin":[4.9009647,12.401965,8.795245],"angle":-22.5,"axis":"z"}},{"from":[5.0509653,9.215241,8.601395],"to":[6.750965,11.175241,11.931395],"faces":{"east":{"uv":[10.25,6.75,9.375,7.25],"tintindex":0,"rotation":0,"texture":"#0"},"south":{"uv":[0.875,11.25,0.5,11.75],"tintindex":0,"rotation":0,"texture":"#0"},"north":{"uv":[5.75,1.625,5.375,2.125],"tintindex":0,"rotation":0,"texture":"#0"},"west":{"uv":[10.25,6.25,9.375,6.75],"tintindex":0,"rotation":0,"texture":"#0"},"up":{"uv":[0.0,11.25,0.375,10.375],"tintindex":0,"rotation":0,"texture":"#0"},"down":{"uv":[3.125,10.375,3.5,11.25],"tintindex":0,"rotation":0,"texture":"#0"}},"rotation":{"origin":[6.315441,6.479721,13.560106],"angle":-22.5,"axis":"y"}},{"from":[6.482335,7.4519653,7.370245],"to":[9.442335,9.671965,10.090245],"faces":{"east":{"uv":[5.625,8.0,6.25,8.5],"tintindex":0,"rotation":0,"texture":"#0"},"south":{"uv":[9.5,9.625,10.25,10.125],"tintindex":0,"rotation":0,"texture":"#0"},"north":{"uv":[1.0,7.25,1.75,7.75],"tintindex":0,"rotation":0,"texture":"#0"},"west":{"uv":[10.25,4.5,10.875,5.0],"tintindex":0,"rotation":0,"texture":"#0"},"up":{"uv":[9.5,2.75,8.75,2.125],"tintindex":0,"rotation":0,"texture":"#0"},"down":{"uv":[9.5,2.75,8.75,3.375],"tintindex":0,"rotation":0,"texture":"#0"}}},{"from":[9.162334,6.6719646,7.180245],"to":[12.912334,11.171965,10.430244],"faces":{"east":{"uv":[8.0,2.0,7.125,3.125],"tintindex":0,"rotation":0,"texture":"#0"},"south":{"uv":[7.75,4.375,6.75,5.5],"tintindex":0,"rotation":0,"texture":"#0"},"north":{"uv":[7.75,3.25,6.75,4.375],"tintindex":0,"rotation":0,"texture":"#0"},"west":{"uv":[8.0,0.875,7.125,2.0],"tintindex":0,"rotation":0,"texture":"#0"},"up":{"uv":[7.75,4.0,8.75,3.125],"tintindex":0,"rotation":0,"texture":"#0"},"down":{"uv":[7.75,4.0,8.75,4.875],"tintindex":0,"rotation":0,"texture":"#0"}},"rotation":{"origin":[11.012335,12.401965,8.795245],"angle":22.5,"axis":"z"}},{"from":[-7.3343763,20.632473,6.555245],"to":[-3.5843763,20.632473,11.055244],"faces":{"up":{"uv":[5.25,8.0,4.25,6.875],"tintindex":0,"rotation":0,"texture":"#0"},"down":{"uv":[6.25,6.875,5.25,8.0],"tintindex":0,"rotation":0,"texture":"#0"}}},{"from":[7.662335,15.6286745,15.016449],"to":[8.412334,17.088673,19.346449],"faces":{"east":{"uv":[9.5,5.625,10.625,6.0],"tintindex":0,"rotation":0,"texture":"#0"},"south":{"uv":[5.5,11.5,5.75,11.875],"tintindex":0,"rotation":0,"texture":"#0"},"north":{"uv":[5.0,11.5,5.25,11.875],"tintindex":0,"rotation":0,"texture":"#0"},"west":{"uv":[9.625,0.0,10.75,0.375],"tintindex":0,"rotation":0,"texture":"#0"},"up":{"uv":[11.0,7.375,10.75,6.25],"tintindex":0,"rotation":0,"texture":"#0"},"down":{"uv":[11.125,0.625,10.875,1.75],"tintindex":0,"rotation":0,"texture":"#0"}},"rotation":{"origin":[8.012335,17.108673,17.031448],"angle":-22.5,"axis":"x"}},{"from":[0.52584887,9.714297,12.85388],"to":[4.8558493,11.174297,13.60388],"faces":{"east":{"uv":[5.25,11.5,5.0,11.875],"tintindex":0,"rotation":0,"texture":"#0"},"south":{"uv":[10.75,0.0,9.625,0.375],"tintindex":0,"rotation":0,"texture":"#0"},"north":{"uv":[10.625,5.625,9.5,6.0],"tintindex":0,"rotation":0,"texture":"#0"},"west":{"uv":[5.75,11.5,5.5,11.875],"tintindex":0,"rotation":0,"texture":"#0"},"up":{"uv":[11.0,6.25,10.75,7.375],"tintindex":0,"rotation":270,"texture":"#0"},"down":{"uv":[11.125,1.75,10.875,0.625],"tintindex":0,"rotation":90,"texture":"#0"}}},{"from":[14.035628,1.1712761,11.825999],"to":[19.495628,12.501275,18.026],"faces":{"east":{"uv":[1.5,0.0,3.0,2.875],"tintindex":0,"rotation":0,"texture":"#0"},"south":{"uv":[1.375,2.875,2.75,5.75],"tintindex":0,"rotation":0,"texture":"#0"},"north":{"uv":[0.0,2.875,1.375,5.75],"tintindex":0,"rotation":0,"texture":"#0"},"west":{"uv":[0.0,0.0,1.5,2.875],"tintindex":0,"rotation":0,"texture":"#0"},"up":{"uv":[5.75,3.5,4.25,2.125],"tintindex":0,"rotation":270,"texture":"#0"},"down":{"uv":[5.75,3.5,4.25,4.875],"tintindex":0,"rotation":90,"texture":"#0"}},"rotation":{"origin":[14.400629,3.4112759,14.925999],"angle":-22.5,"axis":"y"}},{"from":[-2.196455,19.356495,8.5],"to":[-0.196455,21.356495,8.5],"faces":{"south":{"uv":[0.625,12.125,1.125,12.625],"tintindex":0,"rotation":0,"texture":"#0"},"north":{"uv":[0.0,12.125,0.5,12.625],"tintindex":0,"rotation":0,"texture":"#0"}},"rotation":{"origin":[-0.8464546,20.356495,8.5],"angle":45.0,"axis":"z"}},{"from":[7.212335,13.300246,13.538022],"to":[8.412334,14.260247,17.868023],"faces":{"east":{"uv":[10.625,4.125,11.75,4.375],"tintindex":0,"rotation":0,"texture":"#0"},"south":{"uv":[2.375,9.75,2.625,10.0],"tintindex":0,"rotation":0,"texture":"#0"},"north":{"uv":[8.5,7.0,8.75,7.25],"tintindex":0,"rotation":0,"texture":"#0"},"west":{"uv":[10.625,5.625,11.75,5.875],"tintindex":0,"rotation":0,"texture":"#0"},"up":{"uv":[10.125,11.75,9.875,10.625],"tintindex":0,"rotation":0,"texture":"#0"},"down":{"uv":[11.0,3.0,10.75,4.125],"tintindex":0,"rotation":0,"texture":"#0"}},"rotation":{"origin":[6.762335,14.280246,14.203022],"angle":-22.5,"axis":"y"}},{"from":[0.019955158,15.036273,8.055244],"to":[1.2699552,18.536274,9.555244],"faces":{"east":{"uv":[4.5,10.375,4.875,11.25],"tintindex":0,"rotation":0,"texture":"#0"},"south":{"uv":[4.875,10.375,5.25,11.25],"tintindex":0,"rotation":0,"texture":"#0"},"north":{"uv":[4.125,10.375,4.5,11.25],"tintindex":0,"rotation":0,"texture":"#0"},"west":{"uv":[5.25,10.375,5.625,11.25],"tintindex":0,"rotation":0,"texture":"#0"},"up":{"uv":[6.75,3.625,6.375,3.25],"tintindex":0,"rotation":0,"texture":"#0"},"down":{"uv":[7.125,11.25,6.75,11.625],"tintindex":0,"rotation":0,"texture":"#0"}},"rotation":{"origin":[1.1449552,16.786274,8.555244],"angle":22.5,"axis":"z"}},{"from":[-3.5823288,1.1712761,11.825999],"to":[1.8776712,12.501275,18.026],"faces":{"east":{"uv":[1.5,0.0,0.0,2.875],"tintindex":0,"rotation":0,"texture":"#0"},"south":{"uv":[2.75,2.875,1.375,5.75],"tintindex":0,"rotation":0,"texture":"#0"},"north":{"uv":[1.375,2.875,0.0,5.75],"tintindex":0,"rotation":0,"texture":"#0"},"west":{"uv":[3.0,0.0,1.5,2.875],"tintindex":0,"rotation":0,"texture":"#0"},"up":{"uv":[5.75,2.125,4.25,3.5],"tintindex":0,"rotation":270,"texture":"#0"},"down":{"uv":[5.75,4.875,4.25,3.5],"tintindex":0,"rotation":90,"texture":"#0"}},"rotation":{"origin":[1.512671,4.911276,14.925999],"angle":22.5,"axis":"y"}},{"from":[11.807901,8.350246,13.620445],"to":[13.0079,9.310246,17.950445],"faces":{"east":{"uv":[10.625,5.625,11.75,5.875],"tintindex":0,"rotation":0,"texture":"#0"},"south":{"uv":[8.5,7.0,8.75,7.25],"tintindex":0,"rotation":0,"texture":"#0"},"north":{"uv":[2.375,9.75,2.625,10.0],"tintindex":0,"rotation":0,"texture":"#0"},"west":{"uv":[10.625,4.125,11.75,4.375],"tintindex":0,"rotation":0,"texture":"#0"},"up":{"uv":[10.125,11.75,9.875,10.625],"tintindex":0,"rotation":180,"texture":"#0"},"down":{"uv":[11.0,3.0,10.75,4.125],"tintindex":0,"rotation":180,"texture":"#0"}},"rotation":{"origin":[13.407901,9.280247,15.785446],"angle":22.5,"axis":"y"}},{"from":[7.162335,11.171965,9.930244],"to":[8.862335,13.131965,13.260245],"faces":{"east":{"uv":[9.375,6.25,10.25,6.75],"tintindex":0,"rotation":0,"texture":"#0"},"south":{"uv":[0.5,11.25,0.875,11.75],"tintindex":0,"rotation":0,"texture":"#0"},"north":{"uv":[5.375,1.625,5.75,2.125],"tintindex":0,"rotation":0,"texture":"#0"},"west":{"uv":[9.375,6.75,10.25,7.25],"tintindex":0,"rotation":0,"texture":"#0"},"up":{"uv":[0.375,11.25,0.0,10.375],"tintindex":0,"rotation":0,"texture":"#0"},"down":{"uv":[3.5,10.375,3.125,11.25],"tintindex":0,"rotation":0,"texture":"#0"}},"rotation":{"origin":[8.012335,12.151965,11.595245],"angle":-22.5,"axis":"x"}},{"from":[4.912335,7.671276,17.794968],"to":[11.112335,19.001274,23.254967],"faces":{"east":{"uv":[0.0,2.875,1.375,5.75],"tintindex":0,"rotation":0,"texture":"#0"},"south":{"uv":[1.5,0.0,3.0,2.875],"tintindex":0,"rotation":0,"texture":"#0"},"north":{"uv":[0.0,0.0,1.5,2.875],"tintindex":0,"rotation":0,"texture":"#0"},"west":{"uv":[1.375,2.875,2.75,5.75],"tintindex":0,"rotation":0,"texture":"#0"},"up":{"uv":[5.75,3.5,4.25,2.125],"tintindex":0,"rotation":0,"texture":"#0"},"down":{"uv":[5.75,3.5,4.25,4.875],"tintindex":0,"rotation":0,"texture":"#0"}}},{"from":[-6.326229,19.426659,6.555245],"to":[-2.576229,19.426659,11.055244],"faces":{"up":{"uv":[7.75,6.625,6.75,5.5],"tintindex":0,"rotation":0,"texture":"#0"},"down":{"uv":[7.75,6.625,6.75,7.75],"tintindex":0,"rotation":0,"texture":"#0"}},"rotation":{"origin":[-3.451229,16.776657,8.805244],"angle":-45.0,"axis":"z"}},{"from":[-1.686512,16.896812,10.158725],"to":[-1.686512,20.646812,14.658726],"faces":{"east":{"uv":[6.75,7.75,7.75,6.625],"tintindex":0,"rotation":270,"texture":"#0"},"west":{"uv":[6.75,5.5,7.75,6.625],"tintindex":0,"rotation":270,"texture":"#0"}},"rotation":{"origin":[-1.014761,20.345036,12.408725],"angle":45.0,"axis":"x"}},{"from":[0.3342948,13.807719,7.805245],"to":[3.8342948,16.05772,9.805244],"faces":{"east":{"uv":[10.25,7.0,10.75,7.625],"tintindex":0,"rotation":0,"texture":"#0"},"south":{"uv":[8.625,5.625,9.5,6.25],"tintindex":0,"rotation":0,"texture":"#0"},"north":{"uv":[2.75,8.625,3.625,9.25],"tintindex":0,"rotation":0,"texture":"#0"},"west":{"uv":[10.5,2.375,11.0,3.0],"tintindex":0,"rotation":0,"texture":"#0"},"up":{"uv":[10.25,7.75,9.375,7.25],"tintindex":0,"rotation":0,"texture":"#0"},"down":{"uv":[10.375,1.875,9.5,2.375],"tintindex":0,"rotation":0,"texture":"#0"}},"rotation":{"origin":[1.5842948,13.932719,8.805244],"angle":-45.0,"axis":"z"}},{"from":[6.810335,4.964465,7.250245],"to":[9.140335,7.6844654,10.210245],"faces":{"east":{"uv":[8.75,3.375,9.5,4.0],"tintindex":0,"rotation":0,"texture":"#0"},"south":{"uv":[9.625,4.5,10.25,5.125],"tintindex":0,"rotation":0,"texture":"#0"},"north":{"uv":[7.625,9.5,8.25,10.125],"tintindex":0,"rotation":0,"texture":"#0"},"west":{"uv":[8.75,4.0,9.5,4.625],"tintindex":0,"rotation":0,"texture":"#0"},"up":{"uv":[9.375,7.75,8.75,7.0],"tintindex":0,"rotation":0,"texture":"#0"},"down":{"uv":[8.25,8.75,7.625,9.5],"tintindex":0,"rotation":0,"texture":"#0"}}},{"from":[1.813488,18.396812,6.555245],"to":[1.813488,22.146812,11.055244],"faces":{"east":{"uv":[6.75,6.625,7.75,7.75],"tintindex":0,"rotation":270,"texture":"#0"},"west":{"uv":[6.75,6.625,7.75,5.5],"tintindex":0,"rotation":270,"texture":"#0"}},"rotation":{"origin":[2.4852395,21.845036,8.805244],"angle":-22.5,"axis":"z"}},{"from":[5.662335,9.671965,7.130245],"to":[10.362335,12.631965,10.460245],"faces":{"east":{"uv":[7.75,5.625,8.625,6.375],"tintindex":0,"rotation":0,"texture":"#0"},"south":{"uv":[7.75,4.875,8.875,5.625],"tintindex":0,"rotation":0,"texture":"#0"},"north":{"uv":[3.0,2.125,4.125,2.875],"tintindex":0,"rotation":0,"texture":"#0"},"west":{"uv":[6.25,7.75,7.125,8.5],"tintindex":0,"rotation":0,"texture":"#0"},"up":{"uv":[8.125,0.875,7.0,0.0],"tintindex":0,"rotation":0,"texture":"#0"},"down":{"uv":[3.5,7.0,2.375,7.875],"tintindex":0,"rotation":0,"texture":"#0"}}},{"from":[4.912335,-0.6787243,23.294968],"to":[11.112335,7.6512756,23.294968],"faces":{"south":{"uv":[12.125,0.0,13.625,2.125],"tintindex":0,"rotation":0,"texture":"#0"},"north":{"uv":[12.125,2.5,13.625,4.625],"tintindex":0,"rotation":0,"texture":"#0"}}},{"from":[11.057451,8.964297,12.85388],"to":[15.387451,10.424297,13.60388],"faces":{"east":{"uv":[5.5,11.5,5.75,11.875],"tintindex":0,"rotation":0,"texture":"#0"},"south":{"uv":[9.625,0.0,10.75,0.375],"tintindex":0,"rotation":0,"texture":"#0"},"north":{"uv":[9.5,5.625,10.625,6.0],"tintindex":0,"rotation":0,"texture":"#0"},"west":{"uv":[5.0,11.5,5.25,11.875],"tintindex":0,"rotation":0,"texture":"#0"},"up":{"uv":[11.0,7.375,10.75,6.25],"tintindex":0,"rotation":270,"texture":"#0"},"down":{"uv":[11.125,0.625,10.875,1.75],"tintindex":0,"rotation":90,"texture":"#0"}},"rotation":{"origin":[13.22245,8.944298,13.22888],"angle":22.5,"axis":"z"}},{"from":[-1.3023243,20.982471,3.055245],"to":[2.4476762,20.982471,7.555245],"faces":{"up":{"uv":[4.25,8.0,5.25,6.875],"tintindex":0,"rotation":0,"texture":"#0"},"down":{"uv":[5.25,6.875,6.25,8.0],"tintindex":0,"rotation":0,"texture":"#0"}},"rotation":{"origin":[-1.014761,20.345036,5.305245],"angle":45.0,"axis":"y"}},{"from":[-1.3023243,20.982471,10.158725],"to":[2.4476762,20.982471,14.658726],"faces":{"up":{"uv":[4.25,6.875,5.25,8.0],"tintindex":0,"rotation":0,"texture":"#0"},"down":{"uv":[5.25,8.0,6.25,6.875],"tintindex":0,"rotation":0,"texture":"#0"}},"rotation":{"origin":[-1.014761,20.345036,12.408725],"angle":-45.0,"axis":"y"}},{"from":[4.912335,-0.6787243,17.794968],"to":[11.112335,7.6512756,17.794968],"faces":{"south":{"uv":[3.0,0.0,4.5,2.125],"tintindex":0,"rotation":0,"texture":"#0"},"north":{"uv":[2.75,2.875,4.25,5.0],"tintindex":0,"rotation":0,"texture":"#0"}}},{"from":[9.162334,11.171965,7.180245],"to":[12.912334,13.671966,10.430244],"faces":{"east":{"uv":[1.625,8.625,0.75,9.25],"tintindex":0,"rotation":0,"texture":"#0"},"south":{"uv":[9.0,1.5,8.0,2.125],"tintindex":0,"rotation":0,"texture":"#0"},"north":{"uv":[9.0,0.875,8.0,1.5],"tintindex":0,"rotation":0,"texture":"#0"},"west":{"uv":[9.375,6.375,8.5,7.0],"tintindex":0,"rotation":0,"texture":"#0"},"up":{"uv":[0.0,8.125,1.0,7.25],"tintindex":0,"rotation":0,"texture":"#0"},"down":{"uv":[1.0,7.75,2.0,8.625],"tintindex":0,"rotation":0,"texture":"#0"}},"rotation":{"origin":[11.012335,12.401965,8.795245],"angle":22.5,"axis":"z"}},{"from":[7.412335,13.557784,12.6562195],"to":[8.612335,15.017785,16.98622],"faces":{"east":{"uv":[8.875,5.25,10.0,5.625],"tintindex":0,"rotation":0,"texture":"#0"},"south":{"uv":[9.25,10.25,9.5,10.625],"tintindex":0,"rotation":0,"texture":"#0"},"north":{"uv":[0.75,8.125,1.0,8.5],"tintindex":0,"rotation":0,"texture":"#0"},"west":{"uv":[9.5,4.125,10.625,4.5],"tintindex":0,"rotation":0,"texture":"#0"},"up":{"uv":[6.0,4.75,5.75,3.625],"tintindex":0,"rotation":0,"texture":"#0"},"down":{"uv":[8.0,10.625,7.75,11.75],"tintindex":0,"rotation":0,"texture":"#0"}},"rotation":{"origin":[8.012335,13.537784,14.521219],"angle":-45.0,"axis":"x"}}],"display":{"gui":{"rotation":[30,225,0]}}}