{"textures":{"0":"modelengine:entity/ecnpcs-dryad_merchant"},"elements":[{"from":[6.52,1.6400003,8.24],"to":[9.4800005,9.26,11.2],"faces":{"east":{"uv":[8.5,10.25,8.875,11.25],"tintindex":0,"rotation":0,"texture":"#0"},"south":{"uv":[8.875,10.25,9.25,11.25],"tintindex":0,"rotation":0,"texture":"#0"},"north":{"uv":[8.125,10.25,8.5,11.25],"tintindex":0,"rotation":0,"texture":"#0"},"west":{"uv":[10.25,9.5,10.625,10.5],"tintindex":0,"rotation":0,"texture":"#0"},"up":{"uv":[11.875,3.625,11.5,3.25],"tintindex":0,"rotation":0,"texture":"#0"},"down":{"uv":[3.875,11.5,3.5,11.875],"tintindex":0,"rotation":0,"texture":"#0"}},"rotation":{"origin":[8.0,3.4500008,9.72],"angle":-22.5,"axis":"x"}},{"from":[6.8900003,-4.8759995,5.484],"to":[9.11,4.0460005,8.222],"faces":{"east":{"uv":[2.375,5.75,2.75,6.875],"tintindex":0,"rotation":0,"texture":"#0"},"south":{"uv":[10.875,10.625,11.125,11.75],"tintindex":0,"rotation":0,"texture":"#0"},"north":{"uv":[1.375,10.875,1.625,12.0],"tintindex":0,"rotation":0,"texture":"#0"},"west":{"uv":[3.25,9.25,3.625,10.375],"tintindex":0,"rotation":0,"texture":"#0"},"up":{"uv":[6.5,11.875,6.25,11.5],"tintindex":0,"rotation":0,"texture":"#0"},"down":{"uv":[11.75,6.25,11.5,6.625],"tintindex":0,"rotation":0,"texture":"#0"}},"rotation":{"origin":[8.0,-3.4699993,8.222],"angle":22.5,"axis":"x"}}],"display":{"gui":{"rotation":[30,225,0]}}}