{"credit":"Made with Blockbench","texture_size":[32,32],"textures":{"0":"ec_elitewings:v1/tex4","1":"ec_elitewings:v1/ani403","2":"ec_elitewings:v1/ani402","3":"ec_elitewings:v1/ani401","4":"ec_elitewings:v1/ani404","particle":"ec_elitewings:v1/tex4_e"},"elements":[{"from":[15.5,-12,9],"to":[26.5,3,9],"rotation":{"angle":22.5,"axis":"y","origin":[8.18934,4.25,5.59179]},"faces":{"north":{"uv":[11,0.5,0,15.5],"texture":"#4"},"east":{"uv":[0,0,0,2.5],"texture":"#4"},"south":{"uv":[0,0.5,11,15.5],"texture":"#4"},"west":{"uv":[0,0,0,2.5],"texture":"#4"},"up":{"uv":[0,0,2.75,0],"texture":"#4"},"down":{"uv":[0,0,2.75,0],"texture":"#4"}}},{"from":[8.5,-9.5,6.9],"to":[20.5,5.5,6.9],"rotation":{"angle":22.5,"axis":"y","origin":[8.18934,4.25,5.59179]},"faces":{"north":{"uv":[6,0,0,7.5],"texture":"#1"},"east":{"uv":[0,0,0,5.5],"texture":"#1"},"south":{"uv":[0,0,6,7.5],"texture":"#1"},"west":{"uv":[0,0,0,5.5],"texture":"#1"},"up":{"uv":[0,0,5.75,0],"texture":"#1"},"down":{"uv":[0,0,5.75,0],"texture":"#1"}}},{"from":[8.97698,-10.5,6.68153],"to":[20.97698,5.5,6.68153],"rotation":{"angle":0,"axis":"y","origin":[8.18934,4.25,5.59179]},"faces":{"north":{"uv":[14,0,8,7.5],"texture":"#1"},"east":{"uv":[0,0,0,5.5],"texture":"#0"},"south":{"uv":[8,0,14,7.5],"texture":"#1"},"west":{"uv":[0,0,0,5.5],"texture":"#0"},"up":{"uv":[0,0,5.75,0],"texture":"#0"},"down":{"uv":[0,0,5.75,0],"texture":"#0"}}},{"from":[9.33406,-10.5,6.29716],"to":[21.33406,5.5,6.29716],"rotation":{"angle":-22.5,"axis":"y","origin":[8.18934,4.25,5.59179]},"faces":{"north":{"uv":[6,8,0,15.5],"texture":"#1"},"east":{"uv":[0,0,0,5.5],"texture":"#0"},"south":{"uv":[0,8,6,15.5],"texture":"#1"},"west":{"uv":[0,0,0,5.5],"texture":"#0"},"up":{"uv":[0,0,5.75,0],"texture":"#0"},"down":{"uv":[0,0,5.75,0],"texture":"#0"}}},{"from":[7.64741,2,4.95366],"to":[13.64741,24,4.95366],"rotation":{"angle":-22.5,"axis":"y","origin":[8.18934,4.25,5.59179]},"faces":{"north":{"uv":[1.5,0,0,5.5],"texture":"#0"},"east":{"uv":[0,0,0,5.5],"texture":"#0"},"south":{"uv":[0,0,1.5,5.5],"texture":"#0"},"west":{"uv":[0,0,0,5.5],"texture":"#0"},"up":{"uv":[6,0,0,0],"texture":"#0"},"down":{"uv":[6,0,0,0],"texture":"#0"}}},{"from":[21.47614,0,7.09095],"to":[29.47614,22,7.09095],"rotation":{"angle":0,"axis":"y","origin":[8.18934,4.25,5.59179]},"faces":{"north":{"uv":[8,0,4,11],"texture":"#2"},"east":{"uv":[0,0,0,5.5],"texture":"#2"},"south":{"uv":[4,0,8,11],"texture":"#2"},"west":{"uv":[0,0,0,5.5],"texture":"#2"},"up":{"uv":[6,0,0,0],"texture":"#2"},"down":{"uv":[6,0,0,0],"texture":"#2"}}},{"from":[13.47614,0,7.09095],"to":[21.47614,22,7.09095],"rotation":{"angle":0,"axis":"y","origin":[8.18934,4.25,5.59179]},"faces":{"north":{"uv":[8,0,4,11],"texture":"#3"},"east":{"uv":[0,0,0,5.5],"texture":"#3"},"south":{"uv":[4,0,8,11],"texture":"#3"},"west":{"uv":[0,0,0,5.5],"texture":"#3"},"up":{"uv":[6,0,0,0],"texture":"#3"},"down":{"uv":[6,0,0,0],"texture":"#3"}}},{"from":[12.5,0,9],"to":[20.5,22,9],"rotation":{"angle":22.5,"axis":"y","origin":[8.18934,4.25,5.59179]},"faces":{"north":{"uv":[4,0,0,11],"texture":"#3"},"east":{"uv":[0,0,0,5.5],"texture":"#3"},"south":{"uv":[0,0,4,11],"texture":"#3"},"west":{"uv":[0,0,0,5.5],"texture":"#3"},"up":{"uv":[6,0,0,0],"texture":"#3"},"down":{"uv":[6,0,0,0],"texture":"#3"}}},{"from":[20.5,0,9],"to":[28.5,22,9],"rotation":{"angle":22.5,"axis":"y","origin":[8.18934,4.25,5.59179]},"faces":{"north":{"uv":[4,0,0,11],"texture":"#2"},"east":{"uv":[0,0,0,5.5],"texture":"#2"},"south":{"uv":[0,0,4,11],"texture":"#2"},"west":{"uv":[0,0,0,5.5],"texture":"#2"},"up":{"uv":[6,0,0,0],"texture":"#2"},"down":{"uv":[6,0,0,0],"texture":"#2"}}},{"from":[19.69766,0,5.05366],"to":[27.69766,22,5.05366],"rotation":{"angle":-22.5,"axis":"y","origin":[8.18934,4.25,5.59179]},"faces":{"north":{"uv":[12,0,8,11],"texture":"#2"},"east":{"uv":[0,0,0,5.5],"texture":"#2"},"south":{"uv":[8,0,12,11],"texture":"#2"},"west":{"uv":[0,0,0,5.5],"texture":"#2"},"up":{"uv":[6,0,0,0],"texture":"#2"},"down":{"uv":[6,0,0,0],"texture":"#2"}}},{"from":[13.64741,0,4.95366],"to":[21.64741,22,4.95366],"rotation":{"angle":-22.5,"axis":"y","origin":[8.18934,4.25,5.59179]},"faces":{"north":{"uv":[12,0,8,11],"texture":"#3"},"east":{"uv":[0,0,0,5.5],"texture":"#3"},"south":{"uv":[8,0,12,11],"texture":"#3"},"west":{"uv":[0,0,0,5.5],"texture":"#3"},"up":{"uv":[6,0,0,0],"texture":"#3"},"down":{"uv":[6,0,0,0],"texture":"#3"}}},{"from":[13.80643,0,17.67903],"to":[13.80643,22,25.67903],"rotation":{"angle":45,"axis":"y","origin":[8.18934,4.25,5.59179]},"faces":{"north":{"uv":[0,0,0,5.5],"texture":"#2"},"east":{"uv":[16,0,12,11],"texture":"#2"},"south":{"uv":[0,0,0,5.5],"texture":"#2"},"west":{"uv":[12,0,16,11],"texture":"#2"},"up":{"uv":[0,0,6,0],"rotation":270,"texture":"#2"},"down":{"uv":[0,0,6,0],"rotation":90,"texture":"#2"}}},{"from":[-10.5,-12,9],"to":[0.5,3,9],"rotation":{"angle":-22.5,"axis":"y","origin":[7.81066,4.25,5.59179]},"faces":{"north":{"uv":[0,0.5,11,15.5],"texture":"#4"},"east":{"uv":[0,0,0,2.5],"texture":"#4"},"south":{"uv":[11,0.5,0,15.5],"texture":"#4"},"west":{"uv":[0,0,0,2.5],"texture":"#4"},"up":{"uv":[2.75,0,0,0],"texture":"#4"},"down":{"uv":[2.75,0,0,0],"texture":"#4"}}},{"from":[-4.5,-9.5,6.9],"to":[7.5,5.5,6.9],"rotation":{"angle":-22.5,"axis":"y","origin":[7.81066,4.25,5.59179]},"faces":{"north":{"uv":[0,0,6,7.5],"texture":"#1"},"east":{"uv":[0,0,0,5.5],"texture":"#1"},"south":{"uv":[6,0,0,7.5],"texture":"#1"},"west":{"uv":[0,0,0,5.5],"texture":"#1"},"up":{"uv":[5.75,0,0,0],"texture":"#1"},"down":{"uv":[5.75,0,0,0],"texture":"#1"}}},{"from":[-4.97698,-10.5,6.68153],"to":[7.02302,5.5,6.68153],"rotation":{"angle":0,"axis":"y","origin":[7.81066,4.25,5.59179]},"faces":{"north":{"uv":[8,0,14,7.5],"texture":"#1"},"east":{"uv":[0,0,0,5.5],"texture":"#0"},"south":{"uv":[14,0,8,7.5],"texture":"#1"},"west":{"uv":[0,0,0,5.5],"texture":"#0"},"up":{"uv":[5.75,0,0,0],"texture":"#0"},"down":{"uv":[5.75,0,0,0],"texture":"#0"}}},{"from":[-5.33406,-10.5,6.29716],"to":[6.66594,5.5,6.29716],"rotation":{"angle":22.5,"axis":"y","origin":[7.81066,4.25,5.59179]},"faces":{"north":{"uv":[0,8,6,15.5],"texture":"#1"},"east":{"uv":[0,0,0,5.5],"texture":"#0"},"south":{"uv":[6,8,0,15.5],"texture":"#1"},"west":{"uv":[0,0,0,5.5],"texture":"#0"},"up":{"uv":[5.75,0,0,0],"texture":"#0"},"down":{"uv":[5.75,0,0,0],"texture":"#0"}}},{"from":[2.35259,2,4.95366],"to":[8.35259,24,4.95366],"rotation":{"angle":22.5,"axis":"y","origin":[7.81066,4.25,5.59179]},"faces":{"north":{"uv":[0,0,1.5,5.5],"texture":"#0"},"east":{"uv":[0,0,0,5.5],"texture":"#0"},"south":{"uv":[1.5,0,0,5.5],"texture":"#0"},"west":{"uv":[0,0,0,5.5],"texture":"#0"},"up":{"uv":[0,0,6,0],"texture":"#0"},"down":{"uv":[0,0,6,0],"texture":"#0"}}},{"from":[-13.47614,0,7.09095],"to":[-5.47614,22,7.09095],"rotation":{"angle":0,"axis":"y","origin":[7.81066,4.25,5.59179]},"faces":{"north":{"uv":[4,0,8,11],"texture":"#2"},"east":{"uv":[0,0,0,5.5],"texture":"#2"},"south":{"uv":[8,0,4,11],"texture":"#2"},"west":{"uv":[0,0,0,5.5],"texture":"#2"},"up":{"uv":[0,0,6,0],"texture":"#2"},"down":{"uv":[0,0,6,0],"texture":"#2"}}},{"from":[-5.47614,0,7.09095],"to":[2.52386,22,7.09095],"rotation":{"angle":0,"axis":"y","origin":[7.81066,4.25,5.59179]},"faces":{"north":{"uv":[4,0,8,11],"texture":"#3"},"east":{"uv":[0,0,0,5.5],"texture":"#3"},"south":{"uv":[8,0,4,11],"texture":"#3"},"west":{"uv":[0,0,0,5.5],"texture":"#3"},"up":{"uv":[0,0,6,0],"texture":"#3"},"down":{"uv":[0,0,6,0],"texture":"#3"}}},{"from":[-4.5,0,9],"to":[3.5,22,9],"rotation":{"angle":-22.5,"axis":"y","origin":[7.81066,4.25,5.59179]},"faces":{"north":{"uv":[0,0,4,11],"texture":"#3"},"east":{"uv":[0,0,0,5.5],"texture":"#3"},"south":{"uv":[4,0,0,11],"texture":"#3"},"west":{"uv":[0,0,0,5.5],"texture":"#3"},"up":{"uv":[0,0,6,0],"texture":"#3"},"down":{"uv":[0,0,6,0],"texture":"#3"}}},{"from":[-12.5,0,9],"to":[-4.5,22,9],"rotation":{"angle":-22.5,"axis":"y","origin":[7.81066,4.25,5.59179]},"faces":{"north":{"uv":[0,0,4,11],"texture":"#2"},"east":{"uv":[0,0,0,5.5],"texture":"#2"},"south":{"uv":[4,0,0,11],"texture":"#2"},"west":{"uv":[0,0,0,5.5],"texture":"#2"},"up":{"uv":[0,0,6,0],"texture":"#2"},"down":{"uv":[0,0,6,0],"texture":"#2"}}},{"from":[-11.69766,0,5.05366],"to":[-3.69766,22,5.05366],"rotation":{"angle":22.5,"axis":"y","origin":[7.81066,4.25,5.59179]},"faces":{"north":{"uv":[8,0,12,11],"texture":"#2"},"east":{"uv":[0,0,0,5.5],"texture":"#2"},"south":{"uv":[12,0,8,11],"texture":"#2"},"west":{"uv":[0,0,0,5.5],"texture":"#2"},"up":{"uv":[0,0,6,0],"texture":"#2"},"down":{"uv":[0,0,6,0],"texture":"#2"}}},{"from":[-5.64741,0,4.95366],"to":[2.35259,22,4.95366],"rotation":{"angle":22.5,"axis":"y","origin":[7.81066,4.25,5.59179]},"faces":{"north":{"uv":[8,0,12,11],"texture":"#3"},"east":{"uv":[0,0,0,5.5],"texture":"#3"},"south":{"uv":[12,0,8,11],"texture":"#3"},"west":{"uv":[0,0,0,5.5],"texture":"#3"},"up":{"uv":[0,0,6,0],"texture":"#3"},"down":{"uv":[0,0,6,0],"texture":"#3"}}},{"from":[2.19357,0,17.67903],"to":[2.19357,22,25.67903],"rotation":{"angle":-45,"axis":"y","origin":[7.81066,4.25,5.59179]},"faces":{"north":{"uv":[0,0,0,5.5],"texture":"#2"},"east":{"uv":[16,0,12,11],"texture":"#2"},"south":{"uv":[0,0,0,5.5],"texture":"#2"},"west":{"uv":[12,0,16,11],"texture":"#2"},"up":{"uv":[0,0,6,0],"rotation":270,"texture":"#2"},"down":{"uv":[0,0,6,0],"rotation":90,"texture":"#2"}}}],"gui_light":"front","display":{"thirdperson_righthand":{"rotation":[67.5,180,0],"translation":[0,0.75,1.25],"scale":[0.32031,0.32031,0.32031]},"thirdperson_lefthand":{"rotation":[68,0,0],"translation":[-5.25,-9,12]},"firstperson_righthand":{"translation":[-0.5,-0.25,2.25],"scale":[0.5,0.5,0.5]},"firstperson_lefthand":{"rotation":[0,-92,0],"translation":[0.5,3,2.25],"scale":[0,0,0]},"ground":{"rotation":[70,0,0],"translation":[0,5,0],"scale":[0.5,0.5,0.5]},"gui":{"translation":[0,0.25,0.25],"scale":[0.42813,0.42813,0.42813]},"head":{"rotation":[-2,0,0],"translation":[0,-14.75,10.75],"scale":[1.6,1.6,1.6]},"fixed":{"rotation":[0,180,0],"translation":[0,4.75,-4.75],"scale":[1.18391,1.18391,1.18391]}}}