{"credit":"Made by PolygonMC","texture_size":[48,48],"textures":{"0":"azureset:chest","1":"azureset:animations/animations_2","particle":"azureset:chest"},"elements":[{"from":[3,0.5,3],"to":[13,1.5,13],"rotation":{"angle":0,"axis":"y","origin":[3,0.5,3]},"faces":{"north":{"uv":[10.66667,7.33333,14,7.66667],"texture":"#0"},"east":{"uv":[10.66667,7.66667,14,8],"texture":"#0"},"south":{"uv":[10.66667,8,14,8.33333],"texture":"#0"},"west":{"uv":[10.66667,8.33333,14,8.66667],"texture":"#0"},"up":{"uv":[3.33333,3.33333,0,0],"texture":"#0"},"down":{"uv":[3.33333,3.33333,0,6.66667],"texture":"#0"}}},{"from":[3.5,1.5,3.5],"to":[12.5,2.5,12.5],"rotation":{"angle":0,"axis":"y","origin":[3,1.5,3]},"faces":{"north":{"uv":[10.66667,8.66667,13.66667,9],"texture":"#0"},"east":{"uv":[10.66667,9,13.66667,9.33333],"texture":"#0"},"south":{"uv":[10.66667,9.33333,13.66667,9.66667],"texture":"#0"},"west":{"uv":[10.66667,9.66667,13.66667,10],"texture":"#0"}}},{"from":[3,2.25,3],"to":[13,5.25,13],"rotation":{"angle":0,"axis":"y","origin":[3,2.25,3]},"faces":{"north":{"uv":[0,10,3.33333,11],"texture":"#0"},"east":{"uv":[10,0,13.33333,1],"texture":"#0"},"south":{"uv":[10,1,13.33333,2],"texture":"#0"},"west":{"uv":[10,2,13.33333,3],"texture":"#0"},"up":{"uv":[6.66667,3.33333,3.33333,0],"texture":"#0"},"down":{"uv":[6.66667,3.33333,3.33333,6.66667],"texture":"#0"}}},{"from":[3.25,5.25,3.25],"to":[12.75,5.75,12.75],"rotation":{"angle":0,"axis":"y","origin":[3,5.25,3]},"faces":{"north":{"uv":[10.66667,11,13.83333,11.16667],"texture":"#0"},"east":{"uv":[10.66667,11.33333,13.83333,11.5],"texture":"#0"},"south":{"uv":[3,11.66667,6.16667,11.83333],"texture":"#0"},"west":{"uv":[11.66667,10,14.83333,10.16667],"texture":"#0"},"up":{"uv":[6.5,9.83333,3.33333,6.66667],"texture":"#0"}}},{"from":[2.75,1,2.75],"to":[3.75,5.5,3.75],"rotation":{"angle":0,"axis":"y","origin":[3.75,1,1.75]},"faces":{"north":{"uv":[6.33333,11,6.66667,12.5],"texture":"#0"},"east":{"uv":[3.33333,12,3.66667,13.5],"texture":"#0"},"south":{"uv":[3.66667,12,4,13.5],"texture":"#0"},"west":{"uv":[4,12,4.33333,13.5],"texture":"#0"},"up":{"uv":[6.66667,13,6.33333,12.66667],"texture":"#0"},"down":{"uv":[7,12.66667,6.66667,13],"texture":"#0"}}},{"from":[2.5,0,2.5],"to":[4,1,4],"rotation":{"angle":0,"axis":"y","origin":[2,0,4]},"faces":{"north":{"uv":[12,12.33333,12.5,12.66667],"texture":"#0"},"east":{"uv":[0.66667,12.66667,1.16667,13],"texture":"#0"},"south":{"uv":[1.33333,12.66667,1.83333,13],"texture":"#0"},"west":{"uv":[2,12.66667,2.5,13],"texture":"#0"},"up":{"uv":[3.16667,12.83333,2.66667,12.33333],"texture":"#0"},"down":{"uv":[9.16667,12.33333,8.66667,12.83333],"texture":"#0"}}},{"from":[6.75,3.25,2.5],"to":[9.25,5.75,3.5],"rotation":{"angle":-45,"axis":"z","origin":[8,4.5,3]},"faces":{"north":{"uv":[1,11,1.83333,11.83333],"texture":"#0"},"east":{"uv":[0,12.33333,0.33333,13.16667],"texture":"#0"},"south":{"uv":[2,11,2.83333,11.83333],"texture":"#0"},"west":{"uv":[0.33333,12.33333,0.66667,13.16667],"texture":"#0"},"up":{"uv":[1.5,12.66667,0.66667,12.33333],"texture":"#0"},"down":{"uv":[2.5,12.33333,1.66667,12.66667],"texture":"#0"}}},{"from":[1,2.75,5.5],"to":[3,4.25,6.5],"rotation":{"angle":0,"axis":"y","origin":[1,2.75,5.5]},"faces":{"north":{"uv":[5,11,5.66667,11.5],"texture":"#0"},"east":{"uv":[4.33333,12.66667,4.66667,13.16667],"texture":"#0"},"south":{"uv":[5.66667,11,6.33333,11.5],"texture":"#0"},"west":{"uv":[4.66667,12.66667,5,13.16667],"texture":"#0"},"up":{"uv":[10,12.66667,9.33333,12.33333],"texture":"#0"},"down":{"uv":[10.66667,12.33333,10,12.66667],"texture":"#0"}}},{"from":[1,2.75,9.5],"to":[3,4.25,10.5],"rotation":{"angle":0,"axis":"y","origin":[1,2.75,9.5]},"faces":{"north":{"uv":[4.33333,12,5,12.5],"texture":"#0"},"east":{"uv":[5,12.66667,5.33333,13.16667],"texture":"#0"},"south":{"uv":[5,12,5.66667,12.5],"texture":"#0"},"west":{"uv":[5.33333,12.66667,5.66667,13.16667],"texture":"#0"},"up":{"uv":[11.33333,12.66667,10.66667,12.33333],"texture":"#0"},"down":{"uv":[12,12.33333,11.33333,12.66667],"texture":"#0"}}},{"from":[1.25,3,6.5],"to":[2.25,4,9.5],"rotation":{"angle":0,"axis":"y","origin":[1.25,3,6.5]},"faces":{"north":{"uv":[7,12.66667,7.33333,13],"texture":"#0"},"east":{"uv":[10.66667,12,11.66667,12.33333],"texture":"#0"},"south":{"uv":[7.33333,12.66667,7.66667,13],"texture":"#0"},"west":{"uv":[11.66667,12,12.66667,12.33333],"texture":"#0"},"up":{"uv":[6,13,5.66667,12],"texture":"#0"},"down":{"uv":[6.33333,12,6,13],"texture":"#0"}}},{"from":[12,0,2.5],"to":[13.5,1,4],"rotation":{"angle":0,"axis":"y","origin":[14,0,4]},"faces":{"north":{"uv":[12.5,12.33333,12,12.66667],"texture":"#0"},"east":{"uv":[2.5,12.66667,2,13],"texture":"#0"},"south":{"uv":[1.83333,12.66667,1.33333,13],"texture":"#0"},"west":{"uv":[1.16667,12.66667,0.66667,13],"texture":"#0"},"up":{"uv":[2.66667,12.83333,3.16667,12.33333],"texture":"#0"},"down":{"uv":[8.66667,12.33333,9.16667,12.83333],"texture":"#0"}}},{"from":[12.25,1,2.75],"to":[13.25,5.5,3.75],"rotation":{"angle":0,"axis":"y","origin":[12.25,1,1.75]},"faces":{"north":{"uv":[6.66667,11,6.33333,12.5],"texture":"#0"},"east":{"uv":[4.33333,12,4,13.5],"texture":"#0"},"south":{"uv":[4,12,3.66667,13.5],"texture":"#0"},"west":{"uv":[3.66667,12,3.33333,13.5],"texture":"#0"},"up":{"uv":[6.33333,13,6.66667,12.66667],"texture":"#0"},"down":{"uv":[6.66667,12.66667,7,13],"texture":"#0"}}},{"from":[12,0,12],"to":[13.5,1,13.5],"rotation":{"angle":0,"axis":"y","origin":[14,0,12]},"faces":{"north":{"uv":[1.33333,12.66667,1.83333,13],"texture":"#0"},"east":{"uv":[2,12.66667,2.5,13],"texture":"#0"},"south":{"uv":[12,12.33333,12.5,12.66667],"texture":"#0"},"west":{"uv":[0.66667,12.66667,1.16667,13],"texture":"#0"},"up":{"uv":[2.66667,12.33333,3.16667,12.83333],"texture":"#0"},"down":{"uv":[8.66667,12.83333,9.16667,12.33333],"texture":"#0"}}},{"from":[12.25,1,12.25],"to":[13.25,5.5,13.25],"rotation":{"angle":0,"axis":"y","origin":[12.25,1,14.25]},"faces":{"north":{"uv":[3.66667,12,4,13.5],"texture":"#0"},"east":{"uv":[4,12,4.33333,13.5],"texture":"#0"},"south":{"uv":[6.33333,11,6.66667,12.5],"texture":"#0"},"west":{"uv":[3.33333,12,3.66667,13.5],"texture":"#0"},"up":{"uv":[6.33333,12.66667,6.66667,13],"texture":"#0"},"down":{"uv":[6.66667,13,7,12.66667],"texture":"#0"}}},{"from":[2.5,0,12],"to":[4,1,13.5],"rotation":{"angle":0,"axis":"y","origin":[2,0,12]},"faces":{"north":{"uv":[1.83333,12.66667,1.33333,13],"texture":"#0"},"east":{"uv":[1.16667,12.66667,0.66667,13],"texture":"#0"},"south":{"uv":[12.5,12.33333,12,12.66667],"texture":"#0"},"west":{"uv":[2.5,12.66667,2,13],"texture":"#0"},"up":{"uv":[3.16667,12.33333,2.66667,12.83333],"texture":"#0"},"down":{"uv":[9.16667,12.83333,8.66667,12.33333],"texture":"#0"}}},{"from":[2.75,1,12.25],"to":[3.75,5.5,13.25],"rotation":{"angle":0,"axis":"y","origin":[3.75,1,14.25]},"faces":{"north":{"uv":[4,12,3.66667,13.5],"texture":"#0"},"east":{"uv":[3.66667,12,3.33333,13.5],"texture":"#0"},"south":{"uv":[6.66667,11,6.33333,12.5],"texture":"#0"},"west":{"uv":[4.33333,12,4,13.5],"texture":"#0"},"up":{"uv":[6.66667,12.66667,6.33333,13],"texture":"#0"},"down":{"uv":[7,13,6.66667,12.66667],"texture":"#0"}}},{"from":[13,2.75,9.5],"to":[15,4.25,10.5],"rotation":{"angle":0,"axis":"y","origin":[15,2.75,9.5]},"faces":{"north":{"uv":[5,12,4.33333,12.5],"texture":"#0"},"east":{"uv":[5.66667,12.66667,5.33333,13.16667],"texture":"#0"},"south":{"uv":[5.66667,12,5,12.5],"texture":"#0"},"west":{"uv":[5.33333,12.66667,5,13.16667],"texture":"#0"},"up":{"uv":[10.66667,12.66667,11.33333,12.33333],"texture":"#0"},"down":{"uv":[11.33333,12.33333,12,12.66667],"texture":"#0"}}},{"from":[13,2.75,5.5],"to":[15,4.25,6.5],"rotation":{"angle":0,"axis":"y","origin":[15,2.75,5.5]},"faces":{"north":{"uv":[5.66667,11,5,11.5],"texture":"#0"},"east":{"uv":[5,12.66667,4.66667,13.16667],"texture":"#0"},"south":{"uv":[6.33333,11,5.66667,11.5],"texture":"#0"},"west":{"uv":[4.66667,12.66667,4.33333,13.16667],"texture":"#0"},"up":{"uv":[9.33333,12.66667,10,12.33333],"texture":"#0"},"down":{"uv":[10,12.33333,10.66667,12.66667],"texture":"#0"}}},{"from":[13.75,3,6.5],"to":[14.75,4,9.5],"rotation":{"angle":0,"axis":"y","origin":[14.75,3,6.5]},"faces":{"north":{"uv":[7.33333,12.66667,7,13],"texture":"#0"},"east":{"uv":[12.66667,12,11.66667,12.33333],"texture":"#0"},"south":{"uv":[7.66667,12.66667,7.33333,13],"texture":"#0"},"west":{"uv":[11.66667,12,10.66667,12.33333],"texture":"#0"},"up":{"uv":[5.66667,13,6,12],"texture":"#0"},"down":{"uv":[6,12,6.33333,13],"texture":"#0"}}},{"from":[3,6.25,3],"to":[13,9.25,13],"rotation":{"angle":0,"axis":"z","origin":[8,6.875,7.875]},"faces":{"north":{"uv":[10,3,13.33333,4],"texture":"#0"},"east":{"uv":[3.33333,10,6.66667,11],"texture":"#0"},"south":{"uv":[10,4,13.33333,5],"texture":"#0"},"west":{"uv":[10,5,13.33333,6],"texture":"#0"},"up":{"uv":[3.33333,10,0,6.66667],"texture":"#0"},"down":{"uv":[10,0,6.66667,3.33333],"texture":"#0"}}},{"from":[3.25,5.75,3.25],"to":[12.75,6.25,12.75],"rotation":{"angle":0,"axis":"z","origin":[8,6.875,7.875]},"faces":{"north":{"uv":[11.66667,10.33333,14.83333,10.5],"texture":"#0"},"east":{"uv":[10.66667,11.66667,13.83333,11.83333],"texture":"#0"},"south":{"uv":[11.66667,10.66667,14.83333,10.83333],"texture":"#0"},"west":{"uv":[0,12,3.16667,12.16667],"texture":"#0"},"down":{"uv":[9.83333,3.33333,6.66667,6.5],"texture":"#0"}}},{"from":[3.5,7.25,2],"to":[6.5,10.25,14],"rotation":{"angle":0,"axis":"y","origin":[5.5,7.75,3]},"faces":{"north":{"uv":[10.66667,10,11.66667,11],"texture":"#0"},"east":{"uv":[6.66667,6.66667,10.66667,7.66667],"texture":"#0"},"south":{"uv":[0,11,1,12],"texture":"#0"},"west":{"uv":[6.66667,7.66667,10.66667,8.66667],"texture":"#0"},"up":{"uv":[7.66667,12.66667,6.66667,8.66667],"texture":"#0"},"down":{"uv":[8.66667,8.66667,7.66667,12.66667],"texture":"#0"}}},{"from":[6.5,7.75,2.5],"to":[9.5,9.75,13.5],"rotation":{"angle":0,"axis":"y","origin":[7.5,7.75,3]},"faces":{"north":{"uv":[3,11,4,11.66667],"texture":"#0"},"east":{"uv":[10,6,13.66667,6.66667],"texture":"#0"},"south":{"uv":[4,11,5,11.66667],"texture":"#0"},"west":{"uv":[10.66667,6.66667,14.33333,7.33333],"texture":"#0"},"up":{"uv":[9.66667,12.33333,8.66667,8.66667],"texture":"#0"},"down":{"uv":[10.66667,8.66667,9.66667,12.33333],"texture":"#0"}}},{"from":[9.5,7.25,2],"to":[12.5,10.25,14],"rotation":{"angle":0,"axis":"y","origin":[10.5,7.75,3]},"faces":{"north":{"uv":[11.66667,10,10.66667,11],"texture":"#0"},"east":{"uv":[10.66667,7.66667,6.66667,8.66667],"texture":"#0"},"south":{"uv":[1,11,0,12],"texture":"#0"},"west":{"uv":[10.66667,6.66667,6.66667,7.66667],"texture":"#0"},"up":{"uv":[6.66667,12.66667,7.66667,8.66667],"texture":"#0"},"down":{"uv":[7.66667,8.66667,8.66667,12.66667],"texture":"#0"}}},{"from":[4,0.5,2.4],"to":[12,8.5,2.4],"rotation":{"angle":0,"axis":"y","origin":[4,0.5,2.4]},"faces":{"north":{"uv":[1,1,15.00417,15.00417],"texture":"#1"}}}],"gui_light":"front","display":{"thirdperson_righthand":{"rotation":[63.25,0,0],"translation":[0,4.25,3.5],"scale":[0.64844,0.64844,0.64844]},"thirdperson_lefthand":{"rotation":[63.25,0,0],"translation":[0,4.25,3.5],"scale":[0.64844,0.64844,0.64844]},"firstperson_righthand":{"rotation":[162,0,-180],"translation":[-2.75,6,0],"scale":[0.74609,0.74609,0.74609]},"firstperson_lefthand":{"rotation":[162,0,-180],"translation":[-2.75,6,0],"scale":[0.74609,0.74609,0.74609]},"ground":{"translation":[0,8.75,0]},"gui":{"rotation":[0,135,0],"translation":[0,3,0]},"head":{"rotation":[0,180,0],"translation":[0,-27,0],"scale":[2.0332,2.0332,2.0332]},"fixed":{"rotation":[-90,0,0],"translation":[0,0,-23.25],"scale":[2.88477,2.88477,2.88477]}},"groups":[{"name":"group","origin":[14.75,3,6.5],"color":0,"children":[0,1,2,3,4,5,6,7,8,9,10,11,12,13,14,15,16,17,18]},{"name":"group","origin":[10.5,10.5,3],"color":0,"children":[19,20,21,22,23]},24]}