{"textures":{"0":"modelengine:entity/elf_archer"},"elements":[{"from":[5.78,2.08,5.7799997],"to":[8.74,9.48,9.48],"faces":{"east":{"uv":[7.625,4.5,8.125,5.375],"tintindex":0,"rotation":0,"texture":"#0"},"south":{"uv":[8.75,1.25,9.125,2.125],"tintindex":0,"rotation":0,"texture":"#0"},"north":{"uv":[6.5,8.625,6.875,9.5],"tintindex":0,"rotation":0,"texture":"#0"},"west":{"uv":[7.5,7.625,8.0,8.5],"tintindex":0,"rotation":0,"texture":"#0"},"up":{"uv":[10.25,7.0,9.875,6.5],"tintindex":0,"rotation":0,"texture":"#0"},"down":{"uv":[10.25,9.0,9.875,9.5],"tintindex":0,"rotation":0,"texture":"#0"}}}],"display":{"gui":{"rotation":[30,225,0]}}}