{"textures":{"0":"modelengine:entity/elf_archer"},"elements":[{"from":[6.02,-1.0599995,6.39],"to":[7.98,4.5600004,10.35],"faces":{"east":{"uv":[8.0,8.5,7.5,9.25],"tintindex":0,"rotation":0,"texture":"#0"},"south":{"uv":[10.25,3.25,10.0,4.0],"tintindex":0,"rotation":0,"texture":"#0"},"north":{"uv":[7.5,9.5,7.25,10.25],"tintindex":0,"rotation":0,"texture":"#0"},"west":{"uv":[9.0,5.75,8.5,6.5],"tintindex":0,"rotation":0,"texture":"#0"},"up":{"uv":[1.5,7.75,1.75,7.25],"tintindex":0,"rotation":0,"texture":"#0"},"down":{"uv":[2.25,10.125,2.5,10.625],"tintindex":0,"rotation":0,"texture":"#0"}},"rotation":{"origin":[7.0,1.7500005,8.37],"angle":22.5,"axis":"z"}},{"from":[4.98,1.9400005,6.29],"to":[5.98,5.4400005,10.29],"faces":{"east":{"uv":[10.125,7.625,9.625,8.125],"tintindex":0,"rotation":0,"texture":"#0"},"south":{"uv":[3.5,4.125,3.375,4.625],"tintindex":0,"rotation":0,"texture":"#0"},"north":{"uv":[2.75,3.5,2.625,4.0],"tintindex":0,"rotation":0,"texture":"#0"},"west":{"uv":[10.125,5.75,9.625,6.25],"tintindex":0,"rotation":0,"texture":"#0"},"up":{"uv":[0.75,7.25,0.875,6.75],"tintindex":0,"rotation":0,"texture":"#0"},"down":{"uv":[6.375,9.0,6.5,9.5],"tintindex":0,"rotation":0,"texture":"#0"}},"rotation":{"origin":[5.5,3.75,8.37],"angle":-22.5,"axis":"z"}},{"from":[10.13474,2.0400004,6.29],"to":[11.13474,5.540001,10.29],"faces":{"east":{"uv":[9.625,5.75,10.125,6.25],"tintindex":0,"rotation":0,"texture":"#0"},"south":{"uv":[3.375,4.125,3.5,4.625],"tintindex":0,"rotation":0,"texture":"#0"},"north":{"uv":[2.625,3.5,2.75,4.0],"tintindex":0,"rotation":0,"texture":"#0"},"west":{"uv":[9.625,7.625,10.125,8.125],"tintindex":0,"rotation":0,"texture":"#0"},"up":{"uv":[0.875,7.25,0.75,6.75],"tintindex":0,"rotation":0,"texture":"#0"},"down":{"uv":[6.5,9.0,6.375,9.5],"tintindex":0,"rotation":0,"texture":"#0"}},"rotation":{"origin":[10.61474,3.8500004,8.37],"angle":22.5,"axis":"z"}},{"from":[8.13474,-0.9599991,6.415],"to":[10.09474,4.660001,10.275],"faces":{"east":{"uv":[8.5,5.75,9.0,6.5],"tintindex":0,"rotation":0,"texture":"#0"},"south":{"uv":[10.0,3.25,10.25,4.0],"tintindex":0,"rotation":0,"texture":"#0"},"north":{"uv":[7.25,9.5,7.5,10.25],"tintindex":0,"rotation":0,"texture":"#0"},"west":{"uv":[7.5,8.5,8.0,9.25],"tintindex":0,"rotation":0,"texture":"#0"},"up":{"uv":[1.75,7.75,1.5,7.25],"tintindex":0,"rotation":0,"texture":"#0"},"down":{"uv":[2.5,10.125,2.25,10.625],"tintindex":0,"rotation":0,"texture":"#0"}},"rotation":{"origin":[9.11474,1.8500004,8.295],"angle":-22.5,"axis":"z"}},{"from":[6.52,-2.3599997,6.89],"to":[9.48,7.26,9.85],"faces":{"east":{"uv":[2.875,7.25,2.5,8.5],"tintindex":0,"rotation":0,"texture":"#0"},"south":{"uv":[1.5,7.25,1.125,8.5],"tintindex":0,"rotation":0,"texture":"#0"},"north":{"uv":[5.5,7.125,5.125,8.375],"tintindex":0,"rotation":0,"texture":"#0"},"west":{"uv":[1.125,7.25,0.75,8.5],"tintindex":0,"rotation":0,"texture":"#0"},"up":{"uv":[10.125,9.875,10.5,9.5],"tintindex":0,"rotation":0,"texture":"#0"},"down":{"uv":[10.25,0.875,10.625,1.25],"tintindex":0,"rotation":0,"texture":"#0"}}},{"from":[6.31,1.5700006,9.99],"to":[9.809999,5.0700006,10.99],"faces":{"east":{"uv":[3.25,9.25,3.125,9.75],"tintindex":0,"rotation":0,"texture":"#0"},"south":{"uv":[10.25,0.875,9.75,1.375],"tintindex":0,"rotation":0,"texture":"#0"},"north":{"uv":[10.125,9.5,9.625,10.0],"tintindex":0,"rotation":0,"texture":"#0"},"west":{"uv":[1.25,9.25,1.125,9.75],"tintindex":0,"rotation":0,"texture":"#0"},"up":{"uv":[7.375,2.5,7.875,2.375],"tintindex":0,"rotation":0,"texture":"#0"},"down":{"uv":[9.375,9.0,9.875,9.125],"tintindex":0,"rotation":0,"texture":"#0"}},"rotation":{"origin":[8.0,3.3500004,10.47],"angle":45.0,"axis":"z"}},{"from":[6.31,3.2700005,5.39],"to":[9.809999,6.7700005,6.39],"faces":{"east":{"uv":[3.25,9.25,3.125,9.75],"tintindex":0,"rotation":0,"texture":"#0"},"south":{"uv":[10.25,0.875,9.75,1.375],"tintindex":0,"rotation":0,"texture":"#0"},"north":{"uv":[10.125,9.5,9.625,10.0],"tintindex":0,"rotation":0,"texture":"#0"},"west":{"uv":[1.25,9.25,1.125,9.75],"tintindex":0,"rotation":0,"texture":"#0"},"up":{"uv":[7.375,2.5,7.875,2.375],"tintindex":0,"rotation":0,"texture":"#0"},"down":{"uv":[9.375,9.0,9.875,9.125],"tintindex":0,"rotation":0,"texture":"#0"}},"rotation":{"origin":[8.0,5.05,5.87],"angle":45.0,"axis":"z"}}],"display":{"gui":{"rotation":[30,225,0]}}}