{"textures":{"0":"modelengine:entity/elf_trader"},"elements":[{"from":[3.9646697,6.9039307,6.74049],"to":[11.88467,11.343929,12.1804905],"faces":{"east":{"uv":[7.125,3.75,7.75,4.25],"tintindex":0,"rotation":0,"texture":"#0"},"south":{"uv":[5.0,1.875,6.0,2.375],"tintindex":0,"rotation":0,"texture":"#0"},"north":{"uv":[5.0,1.375,6.0,1.875],"tintindex":0,"rotation":0,"texture":"#0"},"west":{"uv":[7.125,6.0,7.75,6.5],"tintindex":0,"rotation":0,"texture":"#0"},"up":{"uv":[5.375,0.625,4.375,0.0],"tintindex":0,"rotation":0,"texture":"#0"},"down":{"uv":[5.5,2.5,4.5,3.125],"tintindex":0,"rotation":0,"texture":"#0"}}},{"from":[-3.0396004,-3.4446602,6.23449],"to":[2.9604,6.05534,13.93449],"faces":{"east":{"uv":[0.0,0.0,1.0,1.25],"tintindex":0,"rotation":0,"texture":"#0"},"south":{"uv":[0.0,2.125,0.75,3.375],"tintindex":0,"rotation":0,"texture":"#0"},"north":{"uv":[2.0,0.0,2.75,1.25],"tintindex":0,"rotation":0,"texture":"#0"},"west":{"uv":[1.0,0.0,2.0,1.25],"tintindex":0,"rotation":0,"texture":"#0"},"up":{"uv":[3.75,3.75,3.0,2.75],"tintindex":0,"rotation":0,"texture":"#0"},"down":{"uv":[0.75,3.375,0.0,4.375],"tintindex":0,"rotation":0,"texture":"#0"}}},{"from":[4.89567,-3.79607,6.9204903],"to":[10.89567,6.20393,6.9204903],"faces":{"south":{"uv":[1.5,2.125,2.25,3.375],"tintindex":0,"rotation":0,"texture":"#0"},"north":{"uv":[2.25,2.125,1.5,3.375],"tintindex":0,"rotation":0,"texture":"#0"}}},{"from":[6.43067,3.9739304,6.26049],"to":[9.43067,6.9739304,13.86049],"faces":{"east":{"uv":[6.125,3.75,7.125,4.125],"tintindex":0,"rotation":0,"texture":"#0"},"south":{"uv":[3.25,8.125,3.625,8.5],"tintindex":0,"rotation":0,"texture":"#0"},"north":{"uv":[7.375,3.375,7.75,3.75],"tintindex":0,"rotation":0,"texture":"#0"},"west":{"uv":[6.125,4.125,7.125,4.5],"tintindex":0,"rotation":0,"texture":"#0"},"up":{"uv":[4.125,7.125,3.75,6.125],"tintindex":0,"rotation":0,"texture":"#0"},"down":{"uv":[5.0,6.125,4.625,7.125],"tintindex":0,"rotation":0,"texture":"#0"}},"rotation":{"origin":[7.9133,5.5639305,9.96049],"angle":-45.0,"axis":"z"}},{"from":[3.3246698,11.343929,6.26049],"to":[12.72467,17.26393,12.92049],"faces":{"east":{"uv":[3.375,1.75,4.25,2.5],"tintindex":0,"rotation":0,"texture":"#0"},"south":{"uv":[2.25,2.0,3.375,2.75],"tintindex":0,"rotation":0,"texture":"#0"},"north":{"uv":[2.25,1.25,3.375,2.0],"tintindex":0,"rotation":0,"texture":"#0"},"west":{"uv":[3.5,0.0,4.375,0.75],"tintindex":0,"rotation":0,"texture":"#0"},"up":{"uv":[1.125,2.125,0.0,1.25],"tintindex":0,"rotation":0,"texture":"#0"},"down":{"uv":[2.25,1.25,1.125,2.125],"tintindex":0,"rotation":0,"texture":"#0"}}},{"from":[2.86593,5.51993,6.33449],"to":[8.36593,7.51993,13.83449],"faces":{"east":{"uv":[8.125,6.5,7.125,6.75],"tintindex":0,"rotation":0,"texture":"#0"},"south":{"uv":[8.75,5.625,8.0,5.875],"tintindex":0,"rotation":0,"texture":"#0"},"north":{"uv":[4.25,0.75,3.5,1.0],"tintindex":0,"rotation":0,"texture":"#0"},"west":{"uv":[8.125,4.25,7.125,4.5],"tintindex":0,"rotation":0,"texture":"#0"},"up":{"uv":[2.75,1.0,3.5,0.0],"tintindex":0,"rotation":0,"texture":"#0"},"down":{"uv":[2.25,2.75,3.0,3.75],"tintindex":0,"rotation":0,"texture":"#0"}},"rotation":{"origin":[3.40593,8.739929,10.03449],"angle":-22.5,"axis":"z"}},{"from":[1.6436701,6.6681404,6.4094896],"to":[13.14367,8.66814,7.9094896],"faces":{"east":{"uv":[3.375,2.5,3.625,2.75],"tintindex":0,"rotation":0,"texture":"#0"},"south":{"uv":[6.0,4.5,7.5,4.75],"tintindex":0,"rotation":0,"texture":"#0"},"north":{"uv":[6.0,2.0,7.5,2.25],"tintindex":0,"rotation":0,"texture":"#0"},"west":{"uv":[5.75,1.125,6.0,1.375],"tintindex":0,"rotation":0,"texture":"#0"},"up":{"uv":[7.5,5.0,6.0,4.75],"tintindex":0,"rotation":0,"texture":"#0"},"down":{"uv":[7.5,5.0,6.0,5.25],"tintindex":0,"rotation":0,"texture":"#0"}},"rotation":{"origin":[8.89367,6.1681404,10.08449],"angle":22.5,"axis":"z"}},{"from":[2.84367,6.56814,11.50949],"to":[14.34367,8.768141,14.00949],"faces":{"east":{"uv":[3.25,8.5,3.5,8.875],"tintindex":0,"rotation":0,"texture":"#0"},"south":{"uv":[4.625,3.5,6.125,3.875],"tintindex":0,"rotation":0,"texture":"#0"},"north":{"uv":[4.625,3.125,6.125,3.5],"tintindex":0,"rotation":0,"texture":"#0"},"west":{"uv":[3.75,8.5,4.0,8.875],"tintindex":0,"rotation":0,"texture":"#0"},"up":{"uv":[7.625,0.25,6.125,0.0],"tintindex":0,"rotation":0,"texture":"#0"},"down":{"uv":[7.625,0.25,6.125,0.5],"tintindex":0,"rotation":0,"texture":"#0"}},"rotation":{"origin":[8.89367,6.1681404,10.08449],"angle":22.5,"axis":"z"}},{"from":[2.84367,6.4681396,6.35949],"to":[14.34367,8.768141,8.859489],"faces":{"east":{"uv":[3.25,8.5,3.5,8.875],"tintindex":0,"rotation":0,"texture":"#0"},"south":{"uv":[4.625,3.5,6.125,3.875],"tintindex":0,"rotation":0,"texture":"#0"},"north":{"uv":[4.625,3.125,6.125,3.5],"tintindex":0,"rotation":0,"texture":"#0"},"west":{"uv":[3.75,8.5,4.0,8.875],"tintindex":0,"rotation":0,"texture":"#0"},"up":{"uv":[7.625,0.25,6.125,0.0],"tintindex":0,"rotation":0,"texture":"#0"},"down":{"uv":[7.625,0.25,6.125,0.5],"tintindex":0,"rotation":0,"texture":"#0"}},"rotation":{"origin":[8.89367,6.1681404,10.234489],"angle":22.5,"axis":"z"}},{"from":[5.6604004,4.355341,13.53449],"to":[7.6604,9.855341,16.034489],"faces":{"east":{"uv":[2.25,5.875,2.5,6.625],"tintindex":0,"rotation":0,"texture":"#0"},"south":{"uv":[1.0,6.0,1.25,6.75],"tintindex":0,"rotation":0,"texture":"#0"},"north":{"uv":[0.5,5.25,0.75,6.0],"tintindex":0,"rotation":0,"texture":"#0"},"west":{"uv":[5.875,8.0,6.125,8.75],"tintindex":0,"rotation":0,"texture":"#0"},"up":{"uv":[6.75,6.25,6.5,6.0],"tintindex":0,"rotation":0,"texture":"#0"},"down":{"uv":[7.0,6.0,6.75,6.25],"tintindex":0,"rotation":0,"texture":"#0"}},"rotation":{"origin":[6.6604,7.105341,14.78449],"angle":-22.5,"axis":"z"}},{"from":[4.6206703,2.9289303,7.00049],"to":[11.28067,7.368931,12.92049],"faces":{"east":{"uv":[5.625,6.25,6.375,6.75],"tintindex":0,"rotation":0,"texture":"#0"},"south":{"uv":[5.625,5.25,6.5,5.75],"tintindex":0,"rotation":0,"texture":"#0"},"north":{"uv":[5.5,2.375,6.375,2.875],"tintindex":0,"rotation":0,"texture":"#0"},"west":{"uv":[6.375,2.25,7.125,2.75],"tintindex":0,"rotation":0,"texture":"#0"},"up":{"uv":[1.625,4.125,0.75,3.375],"tintindex":0,"rotation":0,"texture":"#0"},"down":{"uv":[4.25,1.0,3.375,1.75],"tintindex":0,"rotation":0,"texture":"#0"}}},{"from":[12.043671,6.06814,6.70949],"to":[13.543671,9.06814,13.20949],"faces":{"east":{"uv":[6.5,1.625,7.375,2.0],"tintindex":0,"rotation":0,"texture":"#0"},"south":{"uv":[4.25,8.5,4.5,8.875],"tintindex":0,"rotation":0,"texture":"#0"},"north":{"uv":[4.0,8.5,4.25,8.875],"tintindex":0,"rotation":0,"texture":"#0"},"west":{"uv":[7.125,2.25,8.0,2.625],"tintindex":0,"rotation":0,"texture":"#0"},"up":{"uv":[1.5,5.875,1.25,5.0],"tintindex":0,"rotation":0,"texture":"#0"},"down":{"uv":[3.25,7.375,3.0,8.25],"tintindex":0,"rotation":0,"texture":"#0"}},"rotation":{"origin":[8.89367,6.1681404,10.08449],"angle":22.5,"axis":"z"}},{"from":[7.46067,5.51993,6.33449],"to":[12.96067,7.51993,13.83449],"faces":{"east":{"uv":[7.125,4.25,8.125,4.5],"tintindex":0,"rotation":0,"texture":"#0"},"south":{"uv":[8.0,5.625,8.75,5.875],"tintindex":0,"rotation":0,"texture":"#0"},"north":{"uv":[3.5,0.75,4.25,1.0],"tintindex":0,"rotation":0,"texture":"#0"},"west":{"uv":[7.125,6.5,8.125,6.75],"tintindex":0,"rotation":0,"texture":"#0"},"up":{"uv":[3.5,1.0,2.75,0.0],"tintindex":0,"rotation":0,"texture":"#0"},"down":{"uv":[3.0,2.75,2.25,3.75],"tintindex":0,"rotation":0,"texture":"#0"}},"rotation":{"origin":[12.42067,8.739929,10.03449],"angle":22.5,"axis":"z"}},{"from":[1.6436701,6.6681404,12.40949],"to":[13.14367,8.66814,13.90949],"faces":{"east":{"uv":[3.375,2.5,3.625,2.75],"tintindex":0,"rotation":0,"texture":"#0"},"south":{"uv":[6.0,4.5,7.5,4.75],"tintindex":0,"rotation":0,"texture":"#0"},"north":{"uv":[6.0,2.0,7.5,2.25],"tintindex":0,"rotation":0,"texture":"#0"},"west":{"uv":[5.75,1.125,6.0,1.375],"tintindex":0,"rotation":0,"texture":"#0"},"up":{"uv":[7.5,5.0,6.0,4.75],"tintindex":0,"rotation":0,"texture":"#0"},"down":{"uv":[7.5,5.0,6.0,5.25],"tintindex":0,"rotation":0,"texture":"#0"}},"rotation":{"origin":[8.89367,6.1681404,10.08449],"angle":22.5,"axis":"z"}}],"display":{"gui":{"rotation":[30,225,0]}}}