{"textures":{"0":"modelengine:entity/elf_trader"},"elements":[{"from":[7.085,1.6050014,5.705],"to":[10.584999,8.105001,9.705],"faces":{"east":{"uv":[0.0,6.25,0.5,7.0],"tintindex":0,"rotation":0,"texture":"#0"},"south":{"uv":[2.25,7.375,2.625,8.125],"tintindex":0,"rotation":0,"texture":"#0"},"north":{"uv":[6.0,7.25,6.375,8.0],"tintindex":0,"rotation":0,"texture":"#0"},"west":{"uv":[4.125,6.375,4.625,7.125],"tintindex":0,"rotation":0,"texture":"#0"},"up":{"uv":[8.375,7.25,8.0,6.75],"tintindex":0,"rotation":0,"texture":"#0"},"down":{"uv":[7.25,8.0,6.875,8.5],"tintindex":0,"rotation":0,"texture":"#0"}}},{"from":[7.2599998,2.08,5.7799997],"to":[10.219999,9.480001,9.48],"faces":{"east":{"uv":[3.25,5.625,3.75,6.5],"tintindex":0,"rotation":0,"texture":"#0"},"south":{"uv":[4.625,7.125,5.0,8.0],"tintindex":0,"rotation":0,"texture":"#0"},"north":{"uv":[4.25,7.125,4.625,8.0],"tintindex":0,"rotation":0,"texture":"#0"},"west":{"uv":[1.25,5.875,1.75,6.75],"tintindex":0,"rotation":0,"texture":"#0"},"up":{"uv":[6.5,8.5,6.125,8.0],"tintindex":0,"rotation":0,"texture":"#0"},"down":{"uv":[6.875,8.0,6.5,8.5],"tintindex":0,"rotation":0,"texture":"#0"}}},{"from":[10.584999,1.6050014,9.705],"to":[10.584999,7.6050014,15.705],"faces":{"east":{"uv":[0.0,9.125,0.75,9.875],"tintindex":0,"rotation":0,"texture":"#0"},"south":{"uv":[2.25,7.375,2.625,8.125],"tintindex":0,"rotation":0,"texture":"#0"},"north":{"uv":[6.0,7.25,6.375,8.0],"tintindex":0,"rotation":0,"texture":"#0"},"west":{"uv":[0.75,9.125,0.0,9.875],"tintindex":0,"rotation":0,"texture":"#0"},"up":{"uv":[8.375,7.25,8.0,6.75],"tintindex":0,"rotation":0,"texture":"#0"},"down":{"uv":[7.25,8.0,6.875,8.5],"tintindex":0,"rotation":0,"texture":"#0"}}},{"from":[4.8599997,7.16,4.3999996],"to":[10.36,11.160002,10.9],"faces":{"east":{"uv":[5.75,0.625,6.625,1.125],"tintindex":0,"rotation":0,"texture":"#0"},"south":{"uv":[6.5,1.125,7.25,1.625],"tintindex":0,"rotation":0,"texture":"#0"},"north":{"uv":[6.375,6.25,7.125,6.75],"tintindex":0,"rotation":0,"texture":"#0"},"west":{"uv":[5.625,5.75,6.5,6.25],"tintindex":0,"rotation":0,"texture":"#0"},"up":{"uv":[2.375,4.625,1.625,3.75],"tintindex":0,"rotation":0,"texture":"#0"},"down":{"uv":[3.125,3.75,2.375,4.625],"tintindex":0,"rotation":0,"texture":"#0"}},"rotation":{"origin":[8.559999,9.620001,7.63],"angle":22.5,"axis":"z"}}],"display":{"gui":{"rotation":[30,225,0]}}}