{"textures":{"0":"modelengine:entity/elf_trader"},"elements":[{"from":[6.025,5.04,6.52],"to":[9.025,8.040001,9.52],"faces":{"east":{"uv":[8.625,4.25,8.25,4.625],"tintindex":0,"rotation":0,"texture":"#0"},"south":{"uv":[8.625,3.5,8.25,3.875],"tintindex":0,"rotation":0,"texture":"#0"},"north":{"uv":[3.25,8.25,2.875,8.625],"tintindex":0,"rotation":0,"texture":"#0"},"west":{"uv":[8.625,3.125,8.25,3.5],"tintindex":0,"rotation":0,"texture":"#0"},"up":{"uv":[8.25,5.0,8.625,4.625],"tintindex":0,"rotation":0,"texture":"#0"},"down":{"uv":[8.25,5.0,8.625,5.375],"tintindex":0,"rotation":0,"texture":"#0"}}},{"from":[5.3750005,5.04,6.52],"to":[6.225,8.0,9.48],"faces":{"east":{"uv":[8.625,5.875,8.25,6.25],"tintindex":0,"rotation":0,"texture":"#0"},"south":{"uv":[3.875,3.375,3.75,3.75],"tintindex":0,"rotation":0,"texture":"#0"},"north":{"uv":[2.25,3.375,2.125,3.75],"tintindex":0,"rotation":0,"texture":"#0"},"west":{"uv":[5.75,8.25,5.375,8.625],"tintindex":0,"rotation":0,"texture":"#0"},"up":{"uv":[0.125,9.0,0.25,8.625],"tintindex":0,"rotation":0,"texture":"#0"},"down":{"uv":[0.25,8.625,0.375,9.0],"tintindex":0,"rotation":0,"texture":"#0"}},"rotation":{"origin":[5.7999997,6.5200005,8.0],"angle":45.0,"axis":"x"}}],"display":{"gui":{"rotation":[30,225,0]}}}