{"textures":{"0":"modelengine:entity/elf_trader"},"elements":[{"from":[5.565,0.34800148,6.15],"to":[9.635,6.828001,9.85],"faces":{"east":{"uv":[3.25,6.625,2.75,7.375],"tintindex":0,"rotation":0,"texture":"#0"},"south":{"uv":[2.75,6.625,2.25,7.375],"tintindex":0,"rotation":0,"texture":"#0"},"north":{"uv":[3.75,6.5,3.25,7.25],"tintindex":0,"rotation":0,"texture":"#0"},"west":{"uv":[7.0,5.25,6.5,6.0],"tintindex":0,"rotation":0,"texture":"#0"},"up":{"uv":[7.5,5.0,8.0,4.5],"tintindex":0,"rotation":0,"texture":"#0"},"down":{"uv":[7.5,5.0,8.0,5.5],"tintindex":0,"rotation":0,"texture":"#0"}}},{"from":[6.7050004,0.6000004,6.52],"to":[9.295,8.0,9.48],"faces":{"east":{"uv":[5.375,7.25,5.0,8.125],"tintindex":0,"rotation":0,"texture":"#0"},"south":{"uv":[3.625,7.25,3.25,8.125],"tintindex":0,"rotation":0,"texture":"#0"},"north":{"uv":[1.375,7.25,1.0,8.125],"tintindex":0,"rotation":0,"texture":"#0"},"west":{"uv":[1.75,7.25,1.375,8.125],"tintindex":0,"rotation":0,"texture":"#0"},"up":{"uv":[5.0,8.5,5.375,8.125],"tintindex":0,"rotation":0,"texture":"#0"},"down":{"uv":[1.625,8.25,2.0,8.625],"tintindex":0,"rotation":0,"texture":"#0"}}}],"display":{"gui":{"rotation":[30,225,0]}}}