{"credit":"Made with Blockbench","textures":{"0":"elitecreatures:azgad_weapon/azgadtex4","2":"elitecreatures:azgad_weapon/azgadtex1","5":"elitecreatures:azgad_weapon/azgadtex2","7":"elitecreatures:azgad_weapon/flare","particle":"elitecreatures:azgad_weapon/azgadtex4"},"elements":[{"from":[8,6,6.9],"to":[10,15,8.9],"rotation":{"angle":0,"axis":"y","origin":[9,10.25,8]},"faces":{"north":{"uv":[7.75,0,8.75,4.5],"texture":"#0"},"east":{"uv":[9.75,0,8.75,4.5],"texture":"#0"},"south":{"uv":[8.75,0,7.75,4.5],"texture":"#0"},"west":{"uv":[9.75,0,8.75,4.5],"texture":"#0"},"up":{"uv":[9.75,4.5,8.75,5.5],"rotation":180,"texture":"#0"},"down":{"uv":[9.75,5.5,8.75,4.5],"rotation":180,"texture":"#0"}}},{"from":[8,19,6.9],"to":[10,21,8.9],"rotation":{"angle":0,"axis":"y","origin":[9,10.25,8]},"faces":{"north":{"uv":[7.75,1.25,8.75,2.25],"texture":"#0"},"east":{"uv":[8.75,1.25,7.75,2.25],"texture":"#0"},"south":{"uv":[8.75,1.25,7.75,2.25],"texture":"#0"},"west":{"uv":[8.75,1.25,7.75,2.25],"texture":"#0"},"up":{"uv":[9.75,4.5,8.75,5.5],"rotation":180,"texture":"#0"},"down":{"uv":[9.75,5.5,8.75,4.5],"rotation":180,"texture":"#0"}}},{"from":[18.45,-2.05,6.9],"to":[20.45,-0.05,8.9],"rotation":{"angle":-22.5,"axis":"z","origin":[9,10.25,8]},"faces":{"north":{"uv":[7.75,1.25,8.75,2.25],"rotation":270,"texture":"#0"},"east":{"uv":[9.75,4.5,8.75,5.5],"rotation":270,"texture":"#0"},"south":{"uv":[8.75,1.25,7.75,2.25],"rotation":90,"texture":"#0"},"west":{"uv":[9.75,5.5,8.75,4.5],"rotation":270,"texture":"#0"},"up":{"uv":[8.75,1.25,7.75,2.25],"rotation":90,"texture":"#0"},"down":{"uv":[8.75,1.25,7.75,2.25],"rotation":90,"texture":"#0"}}},{"from":[7.33274,1,6.38787],"to":[10.13274,4,6.38787],"rotation":{"angle":-45,"axis":"y","origin":[9,10.25,8]},"faces":{"north":{"uv":[14,4,16,5.5],"texture":"#0"},"east":{"uv":[6,0,6,7.25],"texture":"#0"},"south":{"uv":[16,4,14,5.5],"texture":"#0"},"west":{"uv":[6.5,0,6.5,7.25],"texture":"#0"},"up":{"uv":[7,0,10.5,0],"rotation":180,"texture":"#0"},"down":{"uv":[7,0.5,10.5,0.5],"rotation":180,"texture":"#0"}}},{"from":[7.40345,3.5,6.45858],"to":[10.20345,6.5,6.45858],"rotation":{"angle":-45,"axis":"y","origin":[9,10.25,8]},"faces":{"north":{"uv":[14,4,16,5.5],"texture":"#0"},"east":{"uv":[6,0,6,7.25],"texture":"#0"},"south":{"uv":[16,4,14,5.5],"texture":"#0"},"west":{"uv":[6.5,0,6.5,7.25],"texture":"#0"},"up":{"uv":[7,0,10.5,0],"rotation":180,"texture":"#0"},"down":{"uv":[7,0.5,10.5,0.5],"rotation":180,"texture":"#0"}}},{"from":[7.62584,1,6.34645],"to":[10.62584,4,6.34645],"rotation":{"angle":45,"axis":"y","origin":[9,10.25,8]},"faces":{"north":{"uv":[16,4,14,5.5],"texture":"#0"},"east":{"uv":[6.5,0,6.5,7.25],"texture":"#0"},"south":{"uv":[14,4,16,5.5],"texture":"#0"},"west":{"uv":[6,0,6,7.25],"texture":"#0"},"up":{"uv":[10.5,0,7,0],"rotation":180,"texture":"#0"},"down":{"uv":[10.5,0.5,7,0.5],"rotation":180,"texture":"#0"}}},{"from":[7.62584,1,9.65355],"to":[10.62584,4,9.65355],"rotation":{"angle":-45,"axis":"y","origin":[9,10.25,8]},"faces":{"north":{"uv":[16,4,14,5.5],"texture":"#0"},"east":{"uv":[6.5,0,6.5,7.25],"texture":"#0"},"south":{"uv":[14,4,16,5.5],"texture":"#0"},"west":{"uv":[6,0,6,7.25],"texture":"#0"},"up":{"uv":[10.5,0,7,0],"rotation":180,"texture":"#0"},"down":{"uv":[10.5,0.5,7,0.5],"rotation":180,"texture":"#0"}}},{"from":[7.33274,1,9.61213],"to":[10.13274,4,9.61213],"rotation":{"angle":45,"axis":"y","origin":[9,10.25,8]},"faces":{"north":{"uv":[14,4,16,5.5],"texture":"#0"},"east":{"uv":[6,0,6,7.25],"texture":"#0"},"south":{"uv":[16,4,14,5.5],"texture":"#0"},"west":{"uv":[6.5,0,6.5,7.25],"texture":"#0"},"up":{"uv":[7,0,10.5,0],"rotation":180,"texture":"#0"},"down":{"uv":[7,0.5,10.5,0.5],"rotation":180,"texture":"#0"}}},{"from":[7.55513,3.5,9.58284],"to":[10.55513,6.5,9.58284],"rotation":{"angle":-45,"axis":"y","origin":[9,10.25,8]},"faces":{"north":{"uv":[16,4,14,5.5],"texture":"#0"},"east":{"uv":[6.5,0,6.5,7.25],"texture":"#0"},"south":{"uv":[14,4,16,5.5],"texture":"#0"},"west":{"uv":[6,0,6,7.25],"texture":"#0"},"up":{"uv":[10.5,0,7,0],"rotation":180,"texture":"#0"},"down":{"uv":[10.5,0.5,7,0.5],"rotation":180,"texture":"#0"}}},{"from":[7.40345,3.5,9.54142],"to":[10.20345,6.5,9.54142],"rotation":{"angle":45,"axis":"y","origin":[9,10.25,8]},"faces":{"north":{"uv":[14,4,16,5.5],"texture":"#0"},"east":{"uv":[6,0,6,7.25],"texture":"#0"},"south":{"uv":[16,4,14,5.5],"texture":"#0"},"west":{"uv":[6.5,0,6.5,7.25],"texture":"#0"},"up":{"uv":[7,0,10.5,0],"rotation":180,"texture":"#0"},"down":{"uv":[7,0.5,10.5,0.5],"rotation":180,"texture":"#0"}}},{"from":[7.55513,3.5,6.41716],"to":[10.55513,6.5,6.41716],"rotation":{"angle":45,"axis":"y","origin":[9,10.25,8]},"faces":{"north":{"uv":[16,4,14,5.5],"texture":"#0"},"east":{"uv":[6.5,0,6.5,7.25],"texture":"#0"},"south":{"uv":[14,4,16,5.5],"texture":"#0"},"west":{"uv":[6,0,6,7.25],"texture":"#0"},"up":{"uv":[10.5,0,7,0],"rotation":180,"texture":"#0"},"down":{"uv":[10.5,0.5,7,0.5],"rotation":180,"texture":"#0"}}},{"from":[10.58284,0.5,6.55513],"to":[10.58284,3.5,9.55513],"rotation":{"angle":45,"axis":"y","origin":[9,10.25,8]},"faces":{"north":{"uv":[6,0,6,7.25],"texture":"#0"},"east":{"uv":[16,4,14,5.5],"texture":"#0"},"south":{"uv":[6.5,0,6.5,7.25],"texture":"#0"},"west":{"uv":[14,4,16,5.5],"texture":"#0"},"up":{"uv":[7,0,10.5,0],"rotation":90,"texture":"#0"},"down":{"uv":[7,0.5,10.5,0.5],"rotation":270,"texture":"#0"}}},{"from":[10.51213,3,6.48442],"to":[10.51213,6,9.48442],"rotation":{"angle":45,"axis":"y","origin":[9,10.25,8]},"faces":{"north":{"uv":[6,0,6,7.25],"texture":"#0"},"east":{"uv":[16,4,14,5.5],"texture":"#0"},"south":{"uv":[6.5,0,6.5,7.25],"texture":"#0"},"west":{"uv":[14,4,16,5.5],"texture":"#0"},"up":{"uv":[7,0,10.5,0],"rotation":90,"texture":"#0"},"down":{"uv":[7,0.5,10.5,0.5],"rotation":270,"texture":"#0"}}},{"from":[10.54142,0.5,6.40345],"to":[10.54142,3.5,9.20345],"rotation":{"angle":-45,"axis":"y","origin":[9,10.25,8]},"faces":{"north":{"uv":[6.5,0,6.5,7.25],"texture":"#0"},"east":{"uv":[14,4,16,5.5],"texture":"#0"},"south":{"uv":[6,0,6,7.25],"texture":"#0"},"west":{"uv":[16,4,14,5.5],"texture":"#0"},"up":{"uv":[10.5,0,7,0],"rotation":90,"texture":"#0"},"down":{"uv":[10.5,0.5,7,0.5],"rotation":270,"texture":"#0"}}},{"from":[10.47071,3,6.47416],"to":[10.47071,6,9.27416],"rotation":{"angle":-45,"axis":"y","origin":[9,10.25,8]},"faces":{"north":{"uv":[6.5,0,6.5,7.25],"texture":"#0"},"east":{"uv":[14,4,16,5.5],"texture":"#0"},"south":{"uv":[6,0,6,7.25],"texture":"#0"},"west":{"uv":[16,4,14,5.5],"texture":"#0"},"up":{"uv":[10.5,0,7,0],"rotation":90,"texture":"#0"},"down":{"uv":[10.5,0.5,7,0.5],"rotation":270,"texture":"#0"}}},{"from":[7.41716,0.5,6.55513],"to":[7.41716,3.5,9.55513],"rotation":{"angle":-45,"axis":"y","origin":[9,10.25,8]},"faces":{"north":{"uv":[6,0,6,7.25],"texture":"#0"},"east":{"uv":[16,4,14,5.5],"texture":"#0"},"south":{"uv":[6.5,0,6.5,7.25],"texture":"#0"},"west":{"uv":[14,4,16,5.5],"texture":"#0"},"up":{"uv":[7,0,10.5,0],"rotation":90,"texture":"#0"},"down":{"uv":[7,0.5,10.5,0.5],"rotation":270,"texture":"#0"}}},{"from":[7.48787,3,6.48442],"to":[7.48787,6,9.48442],"rotation":{"angle":-45,"axis":"y","origin":[9,10.25,8]},"faces":{"north":{"uv":[6,0,6,7.25],"texture":"#0"},"east":{"uv":[16,4,14,5.5],"texture":"#0"},"south":{"uv":[6.5,0,6.5,7.25],"texture":"#0"},"west":{"uv":[14,4,16,5.5],"texture":"#0"},"up":{"uv":[7,0,10.5,0],"rotation":90,"texture":"#0"},"down":{"uv":[7,0.5,10.5,0.5],"rotation":270,"texture":"#0"}}},{"from":[7.45858,0.5,6.40345],"to":[7.45858,3.5,9.20345],"rotation":{"angle":45,"axis":"y","origin":[9,10.25,8]},"faces":{"north":{"uv":[6.5,0,6.5,7.25],"texture":"#0"},"east":{"uv":[14,4,16,5.5],"texture":"#0"},"south":{"uv":[6,0,6,7.25],"texture":"#0"},"west":{"uv":[16,4,14,5.5],"texture":"#0"},"up":{"uv":[10.5,0,7,0],"rotation":90,"texture":"#0"},"down":{"uv":[10.5,0.5,7,0.5],"rotation":270,"texture":"#0"}}},{"from":[7.52929,3,6.47416],"to":[7.52929,6,9.27416],"rotation":{"angle":45,"axis":"y","origin":[9,10.25,8]},"faces":{"north":{"uv":[6.5,0,6.5,7.25],"texture":"#0"},"east":{"uv":[14,4,16,5.5],"texture":"#0"},"south":{"uv":[6,0,6,7.25],"texture":"#0"},"west":{"uv":[16,4,14,5.5],"texture":"#0"},"up":{"uv":[10.5,0,7,0],"rotation":90,"texture":"#0"},"down":{"uv":[10.5,0.5,7,0.5],"rotation":270,"texture":"#0"}}},{"from":[7.33274,17,6.38787],"to":[10.13274,20,6.38787],"rotation":{"angle":-45,"axis":"y","origin":[9,10.25,8]},"faces":{"north":{"uv":[14,5.5,16,4],"texture":"#0"},"east":{"uv":[6,7.25,6,0],"texture":"#0"},"south":{"uv":[16,5.5,14,4],"texture":"#0"},"west":{"uv":[6.5,7.25,6.5,0],"texture":"#0"},"up":{"uv":[10.5,0.5,7,0.5],"texture":"#0"},"down":{"uv":[10.5,0,7,0],"texture":"#0"}}},{"from":[7.40345,14.5,6.45858],"to":[10.20345,17.5,6.45858],"rotation":{"angle":-45,"axis":"y","origin":[9,10.25,8]},"faces":{"north":{"uv":[14,5.5,16,4],"texture":"#0"},"east":{"uv":[6,7.25,6,0],"texture":"#0"},"south":{"uv":[16,5.5,14,4],"texture":"#0"},"west":{"uv":[6.5,7.25,6.5,0],"texture":"#0"},"up":{"uv":[10.5,0.5,7,0.5],"texture":"#0"},"down":{"uv":[10.5,0,7,0],"texture":"#0"}}},{"from":[7.62584,17,6.34645],"to":[10.62584,20,6.34645],"rotation":{"angle":45,"axis":"y","origin":[9,10.25,8]},"faces":{"north":{"uv":[16,5.5,14,4],"texture":"#0"},"east":{"uv":[6.5,7.25,6.5,0],"texture":"#0"},"south":{"uv":[14,5.5,16,4],"texture":"#0"},"west":{"uv":[6,7.25,6,0],"texture":"#0"},"up":{"uv":[7,0.5,10.5,0.5],"texture":"#0"},"down":{"uv":[7,0,10.5,0],"texture":"#0"}}},{"from":[7.62584,17,9.65355],"to":[10.62584,20,9.65355],"rotation":{"angle":-45,"axis":"y","origin":[9,10.25,8]},"faces":{"north":{"uv":[16,5.5,14,4],"texture":"#0"},"east":{"uv":[6.5,7.25,6.5,0],"texture":"#0"},"south":{"uv":[14,5.5,16,4],"texture":"#0"},"west":{"uv":[6,7.25,6,0],"texture":"#0"},"up":{"uv":[7,0.5,10.5,0.5],"texture":"#0"},"down":{"uv":[7,0,10.5,0],"texture":"#0"}}},{"from":[7.33274,17,9.61213],"to":[10.13274,20,9.61213],"rotation":{"angle":45,"axis":"y","origin":[9,10.25,8]},"faces":{"north":{"uv":[14,5.5,16,4],"texture":"#0"},"east":{"uv":[6,7.25,6,0],"texture":"#0"},"south":{"uv":[16,5.5,14,4],"texture":"#0"},"west":{"uv":[6.5,7.25,6.5,0],"texture":"#0"},"up":{"uv":[10.5,0.5,7,0.5],"texture":"#0"},"down":{"uv":[10.5,0,7,0],"texture":"#0"}}},{"from":[7.55513,14.5,9.58284],"to":[10.55513,17.5,9.58284],"rotation":{"angle":-45,"axis":"y","origin":[9,10.25,8]},"faces":{"north":{"uv":[16,5.5,14,4],"texture":"#0"},"east":{"uv":[6.5,7.25,6.5,0],"texture":"#0"},"south":{"uv":[14,5.5,16,4],"texture":"#0"},"west":{"uv":[6,7.25,6,0],"texture":"#0"},"up":{"uv":[7,0.5,10.5,0.5],"texture":"#0"},"down":{"uv":[7,0,10.5,0],"texture":"#0"}}},{"from":[7.40345,14.5,9.54142],"to":[10.20345,17.5,9.54142],"rotation":{"angle":45,"axis":"y","origin":[9,10.25,8]},"faces":{"north":{"uv":[14,5.5,16,4],"texture":"#0"},"east":{"uv":[6,7.25,6,0],"texture":"#0"},"south":{"uv":[16,5.5,14,4],"texture":"#0"},"west":{"uv":[6.5,7.25,6.5,0],"texture":"#0"},"up":{"uv":[10.5,0.5,7,0.5],"texture":"#0"},"down":{"uv":[10.5,0,7,0],"texture":"#0"}}},{"from":[7.55513,14.5,6.41716],"to":[10.55513,17.5,6.41716],"rotation":{"angle":45,"axis":"y","origin":[9,10.25,8]},"faces":{"north":{"uv":[16,5.5,14,4],"texture":"#0"},"east":{"uv":[6.5,7.25,6.5,0],"texture":"#0"},"south":{"uv":[14,5.5,16,4],"texture":"#0"},"west":{"uv":[6,7.25,6,0],"texture":"#0"},"up":{"uv":[7,0.5,10.5,0.5],"texture":"#0"},"down":{"uv":[7,0,10.5,0],"texture":"#0"}}},{"from":[10.58284,17.5,6.55513],"to":[10.58284,20.5,9.55513],"rotation":{"angle":45,"axis":"y","origin":[9,10.25,8]},"faces":{"north":{"uv":[6,7.25,6,0],"texture":"#0"},"east":{"uv":[16,5.5,14,4],"texture":"#0"},"south":{"uv":[6.5,7.25,6.5,0],"texture":"#0"},"west":{"uv":[14,5.5,16,4],"texture":"#0"},"up":{"uv":[7,0.5,10.5,0.5],"rotation":90,"texture":"#0"},"down":{"uv":[7,0,10.5,0],"rotation":270,"texture":"#0"}}},{"from":[10.51213,15,6.48442],"to":[10.51213,18,9.48442],"rotation":{"angle":45,"axis":"y","origin":[9,10.25,8]},"faces":{"north":{"uv":[6,7.25,6,0],"texture":"#0"},"east":{"uv":[16,5.5,14,4],"texture":"#0"},"south":{"uv":[6.5,7.25,6.5,0],"texture":"#0"},"west":{"uv":[14,5.5,16,4],"texture":"#0"},"up":{"uv":[7,0.5,10.5,0.5],"rotation":90,"texture":"#0"},"down":{"uv":[7,0,10.5,0],"rotation":270,"texture":"#0"}}},{"from":[10.54142,17.5,6.40345],"to":[10.54142,20.5,9.20345],"rotation":{"angle":-45,"axis":"y","origin":[9,10.25,8]},"faces":{"north":{"uv":[6.5,7.25,6.5,0],"texture":"#0"},"east":{"uv":[14,5.5,16,4],"texture":"#0"},"south":{"uv":[6,7.25,6,0],"texture":"#0"},"west":{"uv":[16,5.5,14,4],"texture":"#0"},"up":{"uv":[10.5,0.5,7,0.5],"rotation":90,"texture":"#0"},"down":{"uv":[10.5,0,7,0],"rotation":270,"texture":"#0"}}},{"from":[10.47071,15,6.47416],"to":[10.47071,18,9.27416],"rotation":{"angle":-45,"axis":"y","origin":[9,10.25,8]},"faces":{"north":{"uv":[6.5,7.25,6.5,0],"texture":"#0"},"east":{"uv":[14,5.5,16,4],"texture":"#0"},"south":{"uv":[6,7.25,6,0],"texture":"#0"},"west":{"uv":[16,5.5,14,4],"texture":"#0"},"up":{"uv":[10.5,0.5,7,0.5],"rotation":90,"texture":"#0"},"down":{"uv":[10.5,0,7,0],"rotation":270,"texture":"#0"}}},{"from":[7.41716,17.5,6.55513],"to":[7.41716,20.5,9.55513],"rotation":{"angle":-45,"axis":"y","origin":[9,10.25,8]},"faces":{"north":{"uv":[6,7.25,6,0],"texture":"#0"},"east":{"uv":[16,5.5,14,4],"texture":"#0"},"south":{"uv":[6.5,7.25,6.5,0],"texture":"#0"},"west":{"uv":[14,5.5,16,4],"texture":"#0"},"up":{"uv":[7,0.5,10.5,0.5],"rotation":90,"texture":"#0"},"down":{"uv":[7,0,10.5,0],"rotation":270,"texture":"#0"}}},{"from":[7.48787,15,6.48442],"to":[7.48787,18,9.48442],"rotation":{"angle":-45,"axis":"y","origin":[9,10.25,8]},"faces":{"north":{"uv":[6,7.25,6,0],"texture":"#0"},"east":{"uv":[16,5.5,14,4],"texture":"#0"},"south":{"uv":[6.5,7.25,6.5,0],"texture":"#0"},"west":{"uv":[14,5.5,16,4],"texture":"#0"},"up":{"uv":[7,0.5,10.5,0.5],"rotation":90,"texture":"#0"},"down":{"uv":[7,0,10.5,0],"rotation":270,"texture":"#0"}}},{"from":[7.45858,17.5,6.40345],"to":[7.45858,20.5,9.20345],"rotation":{"angle":45,"axis":"y","origin":[9,10.25,8]},"faces":{"north":{"uv":[6.5,7.25,6.5,0],"texture":"#0"},"east":{"uv":[14,5.5,16,4],"texture":"#0"},"south":{"uv":[6,7.25,6,0],"texture":"#0"},"west":{"uv":[16,5.5,14,4],"texture":"#0"},"up":{"uv":[10.5,0.5,7,0.5],"rotation":90,"texture":"#0"},"down":{"uv":[10.5,0,7,0],"rotation":270,"texture":"#0"}}},{"from":[7.52929,15,6.47416],"to":[7.52929,18,9.27416],"rotation":{"angle":45,"axis":"y","origin":[9,10.25,8]},"faces":{"north":{"uv":[6.5,7.25,6.5,0],"texture":"#0"},"east":{"uv":[14,5.5,16,4],"texture":"#0"},"south":{"uv":[6,7.25,6,0],"texture":"#0"},"west":{"uv":[16,5.5,14,4],"texture":"#0"},"up":{"uv":[10.5,0.5,7,0.5],"rotation":90,"texture":"#0"},"down":{"uv":[10.5,0,7,0],"rotation":270,"texture":"#0"}}},{"from":[7,21,6],"to":[11,30,10],"rotation":{"angle":0,"axis":"y","origin":[0,5,0]},"faces":{"north":{"uv":[12,7,16,16],"texture":"#5"},"east":{"uv":[12,7,16,16],"texture":"#5"},"south":{"uv":[12,7,16,16],"texture":"#5"},"west":{"uv":[12,7,16,16],"texture":"#5"},"up":{"uv":[8,12,12,16],"texture":"#5"},"down":{"uv":[8,12,12,16],"texture":"#5"}}},{"from":[17,0,6],"to":[26,4,10],"rotation":{"angle":-22.5,"axis":"z","origin":[0,5,0]},"faces":{"north":{"uv":[12,7,16,16],"rotation":270,"texture":"#5"},"east":{"uv":[8,12,12,16],"rotation":90,"texture":"#5"},"south":{"uv":[12,7,16,16],"rotation":90,"texture":"#5"},"west":{"uv":[8,12,12,16],"rotation":90,"texture":"#5"},"up":{"uv":[12,16,16,7],"rotation":270,"texture":"#5"},"down":{"uv":[12,7,16,16],"rotation":90,"texture":"#5"}}},{"from":[10.4,-5,8],"to":[17.4,0,8],"rotation":{"angle":-22.5,"axis":"z","origin":[15.9,5,0]},"faces":{"north":{"uv":[16,0,11,7],"rotation":90,"texture":"#5"},"east":{"uv":[2,0,6,0],"rotation":270,"texture":"#5"},"south":{"uv":[11,0,16,7],"rotation":270,"texture":"#5"},"west":{"uv":[2,0,6,0],"rotation":270,"texture":"#5"},"up":{"uv":[2,0,2,4.5],"rotation":270,"texture":"#5"},"down":{"uv":[2,0,2,4.5],"rotation":270,"texture":"#5"}}},{"from":[10,23.66295,5.02082],"to":[12,30.66295,7.02082],"rotation":{"angle":0,"axis":"y","origin":[10.5,27.16295,6.02082]},"faces":{"north":{"uv":[12.5,9.5,16,10.5],"rotation":270,"texture":"#2"},"east":{"uv":[12.5,10.5,16,9.5],"rotation":270,"texture":"#2"},"south":{"uv":[0,4.5,3.5,5.5],"rotation":270,"texture":"#2"},"west":{"uv":[0,4.5,3.5,5.5],"rotation":90,"texture":"#2"},"up":{"uv":[11.25,9,12.25,10],"rotation":180,"texture":"#2"},"down":{"uv":[11.25,9,12.25,10],"texture":"#2"}}},{"from":[10,23.66295,8.97918],"to":[12,30.66295,10.97918],"rotation":{"angle":0,"axis":"y","origin":[10.5,27.16295,9.97918]},"faces":{"north":{"uv":[0,5.5,3.5,4.5],"rotation":270,"texture":"#2"},"east":{"uv":[12.5,9.5,16,10.5],"rotation":270,"texture":"#2"},"south":{"uv":[12.5,10.5,16,9.5],"rotation":270,"texture":"#2"},"west":{"uv":[0,5.5,3.5,4.5],"rotation":90,"texture":"#2"},"up":{"uv":[11.25,10,12.25,9],"rotation":180,"texture":"#2"},"down":{"uv":[11.25,10,12.25,9],"texture":"#2"}}},{"from":[6,23.66295,8.97918],"to":[8,30.66295,10.97918],"rotation":{"angle":0,"axis":"y","origin":[5.5,27.16295,9.97918]},"faces":{"north":{"uv":[0,4.5,3.5,5.5],"rotation":270,"texture":"#2"},"east":{"uv":[0,4.5,3.5,5.5],"rotation":90,"texture":"#2"},"south":{"uv":[12.5,9.5,16,10.5],"rotation":270,"texture":"#2"},"west":{"uv":[12.5,10.5,16,9.5],"rotation":270,"texture":"#2"},"up":{"uv":[12.25,10,11.25,9],"rotation":180,"texture":"#2"},"down":{"uv":[12.25,10,11.25,9],"texture":"#2"}}},{"from":[6,23.66295,5.02082],"to":[8,30.66295,7.02082],"rotation":{"angle":0,"axis":"y","origin":[5.5,27.16295,6.02082]},"faces":{"north":{"uv":[12.5,10.5,16,9.5],"rotation":270,"texture":"#2"},"east":{"uv":[0,5.5,3.5,4.5],"rotation":90,"texture":"#2"},"south":{"uv":[0,5.5,3.5,4.5],"rotation":270,"texture":"#2"},"west":{"uv":[12.5,9.5,16,10.5],"rotation":270,"texture":"#2"},"up":{"uv":[12.25,9,11.25,10],"rotation":180,"texture":"#2"},"down":{"uv":[12.25,9,11.25,10],"texture":"#2"}}},{"from":[22.4,0.16295,5.02082],"to":[29.4,2.16295,7.02082],"rotation":{"angle":-22.5,"axis":"z","origin":[8.9,8.16295,8]},"faces":{"north":{"uv":[12.5,9.5,16,10.5],"texture":"#2"},"east":{"uv":[11.25,9,12.25,10],"rotation":270,"texture":"#2"},"south":{"uv":[0,4.5,3.5,5.5],"rotation":180,"texture":"#2"},"west":{"uv":[11.25,9,12.25,10],"rotation":90,"texture":"#2"},"up":{"uv":[12.5,10.5,16,9.5],"rotation":180,"texture":"#2"},"down":{"uv":[0,4.5,3.5,5.5],"texture":"#2"}}},{"from":[22.4,0.16295,8.97918],"to":[29.4,2.16295,10.97918],"rotation":{"angle":-22.5,"axis":"z","origin":[8.9,8.16295,8]},"faces":{"north":{"uv":[0,5.5,3.5,4.5],"texture":"#2"},"east":{"uv":[11.25,10,12.25,9],"rotation":270,"texture":"#2"},"south":{"uv":[12.5,10.5,16,9.5],"rotation":180,"texture":"#2"},"west":{"uv":[11.25,10,12.25,9],"rotation":90,"texture":"#2"},"up":{"uv":[12.5,9.5,16,10.5],"rotation":180,"texture":"#2"},"down":{"uv":[0,5.5,3.5,4.5],"texture":"#2"}}},{"from":[22.4,-3.83705,8.97918],"to":[29.4,-1.83705,10.97918],"rotation":{"angle":-22.5,"axis":"z","origin":[8.9,8.16295,8]},"faces":{"north":{"uv":[0,4.5,3.5,5.5],"texture":"#2"},"east":{"uv":[12.25,10,11.25,9],"rotation":270,"texture":"#2"},"south":{"uv":[12.5,9.5,16,10.5],"rotation":180,"texture":"#2"},"west":{"uv":[12.25,10,11.25,9],"rotation":90,"texture":"#2"},"up":{"uv":[0,4.5,3.5,5.5],"texture":"#2"},"down":{"uv":[12.5,10.5,16,9.5],"rotation":180,"texture":"#2"}}},{"from":[22.4,-3.83705,5.02082],"to":[29.4,-1.83705,7.02082],"rotation":{"angle":-22.5,"axis":"z","origin":[8.9,8.16295,8]},"faces":{"north":{"uv":[12.5,10.5,16,9.5],"texture":"#2"},"east":{"uv":[12.25,9,11.25,10],"rotation":270,"texture":"#2"},"south":{"uv":[0,5.5,3.5,4.5],"rotation":180,"texture":"#2"},"west":{"uv":[12.25,9,11.25,10],"rotation":90,"texture":"#2"},"up":{"uv":[0,5.5,3.5,4.5],"texture":"#2"},"down":{"uv":[12.5,9.5,16,10.5],"rotation":180,"texture":"#2"}}},{"from":[1.63613,19,6.08869],"to":[10.63613,28,6.08869],"rotation":{"angle":-22.5,"axis":"y","origin":[11.13613,24.5,3.08869]},"faces":{"north":{"uv":[0,16,9,7],"texture":"#7"},"east":{"uv":[0,9.5,0,0],"texture":"#7"},"south":{"uv":[9,16,0,7],"texture":"#7"},"west":{"uv":[0,9.5,0,0],"texture":"#7"},"up":{"uv":[5.5,0,0,0],"rotation":180,"texture":"#7"},"down":{"uv":[5.5,0,0,0],"rotation":180,"texture":"#7"}}},{"from":[1.63613,22,9.91131],"to":[10.63613,31,9.91131],"rotation":{"angle":22.5,"axis":"y","origin":[11.13613,24.5,12.91131]},"faces":{"north":{"uv":[0,16,9,7],"texture":"#7"},"east":{"uv":[0,9.5,0,0],"texture":"#7"},"south":{"uv":[9,16,0,7],"texture":"#7"},"west":{"uv":[0,9.5,0,0],"texture":"#7"},"up":{"uv":[5.5,0,0,0],"rotation":180,"texture":"#7"},"down":{"uv":[5.5,0,0,0],"rotation":180,"texture":"#7"}}}],"gui_light":"front","display":{"thirdperson_righthand":{"rotation":[-15.57,85.96,15.03],"translation":[0,-3,2.5],"scale":[0.40898,0.40898,0.40898]},"thirdperson_lefthand":{"rotation":[168.43,85.96,15.03],"translation":[0,0.5,2.5],"scale":[0.40898,0.40898,0.40898]},"firstperson_righthand":{"rotation":[-165,80,170],"translation":[2.25,-2.75,-1.25],"scale":[0.63672,0.63672,0.63672]},"firstperson_lefthand":{"rotation":[-165,80,170],"translation":[2.25,-2.75,-1.25],"scale":[0.63672,0.63672,0.63672]},"ground":{"rotation":[45,0,0],"translation":[0,5.25,0],"scale":[0.35,0.35,0.35]},"gui":{"rotation":[0,0,-45],"translation":[-1.5,1.25,-2],"scale":[0.36344,0.36344,0.36344]},"head":{"rotation":[-135.5,0,0],"translation":[0,20.5,4.75],"scale":[0,0,0]},"fixed":{"rotation":[0,180,0],"translation":[2.5,5,-4.25],"scale":[1.4,1.4,1.4]}}}