{"credit":"Made with Blockbench","texture_size":[32,32],"textures":{"4":"elitecreatures:azgad_weapon/azgadtex1","6":"elitecreatures:azgad_weapon/azgadtex8","7":"elitecreatures:azgad_weapon/azgadtex7","8":"elitecreatures:azgad_weapon/azgadtex2","9":"elitecreatures:azgad_weapon/azgadtex4","10":"elitecreatures:azgad_weapon/eye","particle":"elitecreatures:azgad_weapon/eye"},"elements":[{"from":[7.9,9.3,15],"to":[19.9,20.3,15],"rotation":{"angle":22.5,"axis":"y","origin":[7.9,13.8,15]},"faces":{"north":{"uv":[0,0,6,5.5],"texture":"#9"},"east":{"uv":[0,0,3.5,0],"rotation":90,"texture":"#9"},"south":{"uv":[6,0,0,5.5],"texture":"#9"},"west":{"uv":[0,0,3.5,0],"rotation":270,"texture":"#9"},"up":{"uv":[0,0,2.75,0],"texture":"#9"},"down":{"uv":[0,0,2.75,0],"rotation":180,"texture":"#9"}}},{"from":[21.5,8.5,8],"to":[31.5,16.5,8],"rotation":{"angle":45,"axis":"z","origin":[8,-3,4.5]},"faces":{"north":{"uv":[16,16,11,12],"rotation":180,"texture":"#9"},"east":{"uv":[11,12,11,16],"texture":"#9"},"south":{"uv":[11,16,16,12],"rotation":180,"texture":"#9"},"west":{"uv":[11,12,11,16],"texture":"#9"},"up":{"uv":[0,0,5,0],"texture":"#9"},"down":{"uv":[0,0,5,0],"texture":"#9"}}},{"from":[21.5,-0.5,8],"to":[31.5,7.5,8],"rotation":{"angle":-45,"axis":"z","origin":[8,19,4.5]},"faces":{"north":{"uv":[16,12,11,16],"rotation":180,"texture":"#9"},"east":{"uv":[11,16,11,12],"texture":"#9"},"south":{"uv":[11,12,16,16],"rotation":180,"texture":"#9"},"west":{"uv":[11,16,11,12],"texture":"#9"},"up":{"uv":[0,0,5,0],"texture":"#9"},"down":{"uv":[0,0,5,0],"texture":"#9"}}},{"from":[7.9,9.3,1],"to":[19.9,20.3,1],"rotation":{"angle":-22.5,"axis":"y","origin":[7.9,13.8,1]},"faces":{"north":{"uv":[0,0,6,5.5],"texture":"#9"},"east":{"uv":[0,0,3.5,0],"rotation":90,"texture":"#9"},"south":{"uv":[6,0,0,5.5],"texture":"#9"},"west":{"uv":[0,0,3.5,0],"rotation":270,"texture":"#9"},"up":{"uv":[0,0,2.75,0],"texture":"#9"},"down":{"uv":[0,0,2.75,0],"rotation":180,"texture":"#9"}}},{"from":[7.9,-4.3,1],"to":[19.9,6.7,1],"rotation":{"angle":-22.5,"axis":"y","origin":[7.9,2.2,1]},"faces":{"north":{"uv":[0,5.5,6,0],"texture":"#9"},"east":{"uv":[3.5,0,0,0],"rotation":90,"texture":"#9"},"south":{"uv":[6,5.5,0,0],"texture":"#9"},"west":{"uv":[3.5,0,0,0],"rotation":270,"texture":"#9"},"up":{"uv":[0,0,2.75,0],"rotation":180,"texture":"#9"},"down":{"uv":[0,0,2.75,0],"texture":"#9"}}},{"from":[7.9,-4.3,15],"to":[19.9,6.7,15],"rotation":{"angle":22.5,"axis":"y","origin":[7.9,2.2,15]},"faces":{"north":{"uv":[0,5.5,6,0],"texture":"#9"},"east":{"uv":[3.5,0,0,0],"rotation":90,"texture":"#9"},"south":{"uv":[6,5.5,0,0],"texture":"#9"},"west":{"uv":[3.5,0,0,0],"rotation":270,"texture":"#9"},"up":{"uv":[0,0,2.75,0],"rotation":180,"texture":"#9"},"down":{"uv":[0,0,2.75,0],"texture":"#9"}}},{"from":[2,8,8],"to":[3,19,8],"rotation":{"angle":0,"axis":"y","origin":[0,16,0]},"faces":{"north":{"uv":[15.5,13.5,10,14],"rotation":90,"texture":"#6"},"east":{"uv":[8,16,8,10.5],"texture":"#6"},"south":{"uv":[15.5,13.5,10,14],"rotation":90,"texture":"#6"},"west":{"uv":[8,16,8,10.5],"texture":"#6"},"up":{"uv":[0,0,0.25,0],"texture":"#6"},"down":{"uv":[0,0,0.25,0],"texture":"#6"}}},{"from":[2,-3,8],"to":[3,8,8],"faces":{"north":{"uv":[10,13.5,15.5,14],"rotation":90,"texture":"#6"},"east":{"uv":[8,10.5,8,16],"texture":"#6"},"south":{"uv":[10,13.5,15.5,14],"rotation":90,"texture":"#6"},"west":{"uv":[8,10.5,8,16],"texture":"#6"},"up":{"uv":[0,0,0.25,0],"texture":"#6"},"down":{"uv":[0,0,0.25,0],"texture":"#6"}}},{"from":[-8.48304,16.90435,6.45674],"to":[1.51696,27.90435,6.45674],"rotation":{"angle":22.5,"axis":"y","origin":[5.5,21.68168,7.96215]},"faces":{"north":{"uv":[16,16,11,10.5],"rotation":180,"texture":"#4"},"east":{"uv":[11,15.5,11,10],"rotation":180,"texture":"#4"},"south":{"uv":[11,16,16,10.5],"rotation":180,"texture":"#4"},"west":{"uv":[11,15.5,11,10],"rotation":180,"texture":"#4"},"up":{"uv":[11,15,11,10],"rotation":270,"texture":"#4"},"down":{"uv":[11,15,11,10],"rotation":90,"texture":"#4"}}},{"from":[-8.48304,16.90435,9.54326],"to":[1.51696,27.90435,9.54326],"rotation":{"angle":-22.5,"axis":"y","origin":[5.5,21.68168,8.03785]},"faces":{"north":{"uv":[16,16,11,10.5],"rotation":180,"texture":"#4"},"east":{"uv":[11,15.5,11,10],"rotation":180,"texture":"#4"},"south":{"uv":[11,16,16,10.5],"rotation":180,"texture":"#4"},"west":{"uv":[11,15.5,11,10],"rotation":180,"texture":"#4"},"up":{"uv":[11,15,11,10],"rotation":270,"texture":"#4"},"down":{"uv":[11,15,11,10],"rotation":90,"texture":"#4"}}},{"from":[-8.48304,-11.90435,6.45674],"to":[1.51696,-0.90435,6.45674],"rotation":{"angle":22.5,"axis":"y","origin":[5.5,-5.68168,7.96215]},"faces":{"north":{"uv":[16,10.5,11,16],"rotation":180,"texture":"#4"},"east":{"uv":[11,10,11,15.5],"rotation":180,"texture":"#4"},"south":{"uv":[11,10.5,16,16],"rotation":180,"texture":"#4"},"west":{"uv":[11,10,11,15.5],"rotation":180,"texture":"#4"},"up":{"uv":[11,15,11,10],"rotation":90,"texture":"#4"},"down":{"uv":[11,15,11,10],"rotation":270,"texture":"#4"}}},{"from":[-8.48304,-11.90435,9.54326],"to":[1.51696,-0.90435,9.54326],"rotation":{"angle":-22.5,"axis":"y","origin":[5.5,-5.68168,8.03785]},"faces":{"north":{"uv":[16,10.5,11,16],"rotation":180,"texture":"#4"},"east":{"uv":[11,10,11,15.5],"rotation":180,"texture":"#4"},"south":{"uv":[11,10.5,16,16],"rotation":180,"texture":"#4"},"west":{"uv":[11,10,11,15.5],"rotation":180,"texture":"#4"},"up":{"uv":[11,15,11,10],"rotation":90,"texture":"#4"},"down":{"uv":[11,15,11,10],"rotation":270,"texture":"#4"}}},{"from":[7.28322,7.6978,16.31294],"to":[9.18722,8.2418,18.35294],"rotation":{"angle":-22.5,"axis":"y","origin":[13,8.97733,6.46215]},"faces":{"north":{"uv":[9.75,16,10,14.75],"rotation":270,"texture":"#4"},"east":{"uv":[9.75,13.5,10,12.25],"rotation":90,"texture":"#4"},"south":{"uv":[9.75,16,10,14.75],"rotation":270,"texture":"#4"},"west":{"uv":[9.75,14.75,10,13.5],"rotation":270,"texture":"#4"},"up":{"uv":[9.75,14.75,8.5,16],"rotation":180,"texture":"#4"},"down":{"uv":[9.75,14.75,8.5,16],"rotation":180,"texture":"#4"}}},{"from":[11.58499,7.5618,15.77492],"to":[13.76099,8.3778,17.81492],"rotation":{"angle":-45,"axis":"y","origin":[13,8.97733,6.46215]},"faces":{"north":{"uv":[8,14.25,6.75,14.75],"texture":"#4"},"east":{"uv":[6.25,16,6.75,14.75],"rotation":90,"texture":"#4"},"south":{"uv":[8,14.25,6.75,14.75],"texture":"#4"},"west":{"uv":[8,16,8.5,14.75],"rotation":90,"texture":"#4"},"up":{"uv":[8,14.75,6.75,16],"rotation":180,"texture":"#4"},"down":{"uv":[6.75,14.75,8,16],"texture":"#4"}}},{"from":[3.84256,7.4258,8.80151],"to":[5.20256,8.5138,11.24951],"rotation":{"angle":22.5,"axis":"y","origin":[13,8.97733,6.46215]},"faces":{"north":{"uv":[7.75,12.5,8.5,13.25],"rotation":90,"texture":"#4"},"east":{"uv":[8.25,13.25,9.75,14],"rotation":180,"texture":"#4"},"south":{"uv":[8.5,12.5,9.25,13.25],"rotation":90,"texture":"#4"},"west":{"uv":[8.25,13.25,9.75,14],"rotation":180,"texture":"#4"},"up":{"uv":[8.25,14.75,9.75,14],"rotation":90,"texture":"#4"},"down":{"uv":[8.25,14.75,9.75,14],"rotation":270,"texture":"#4"}}},{"from":[6.67815,7.2898,11.55221],"to":[12.11815,8.6498,14.27221],"rotation":{"angle":0,"axis":"y","origin":[13,8.97733,6.46215]},"faces":{"north":{"uv":[8.5,0,5,0.75],"rotation":180,"texture":"#4"},"east":{"uv":[7.75,10,6,10.75],"rotation":180,"texture":"#4"},"south":{"uv":[8.5,0.75,5,1.5],"rotation":180,"texture":"#4"},"west":{"uv":[7.75,10,6,10.75],"rotation":180,"texture":"#4"},"up":{"uv":[7.75,14.25,6,10.75],"rotation":270,"texture":"#4"},"down":{"uv":[7.75,14.25,6,10.75],"rotation":90,"texture":"#4"}}},{"from":[13.9736,6.8818,11.5347],"to":[16.6936,8.9218,14.2547],"rotation":{"angle":-22.5,"axis":"y","origin":[13,8.97733,6.46215]},"faces":{"north":{"uv":[11.25,9.25,9.5,10.5],"rotation":180,"texture":"#4"},"east":{"uv":[9.5,9.5,7.75,10.75],"rotation":180,"texture":"#4"},"south":{"uv":[7.75,8.5,6,9.75],"rotation":180,"texture":"#4"},"west":{"uv":[9.5,9.5,7.75,10.75],"rotation":180,"texture":"#4"},"up":{"uv":[7.75,12.5,9.5,10.75],"rotation":90,"texture":"#4"},"down":{"uv":[7.75,10.75,9.5,12.5],"rotation":270,"texture":"#4"}}},{"from":[13.34215,6.6098,12.36821],"to":[16.06215,9.1938,15.08821],"rotation":{"angle":0,"axis":"y","origin":[13,8.97733,6.46215]},"faces":{"north":{"uv":[9.5,9,11,7.25],"rotation":270,"texture":"#4"},"east":{"uv":[12.75,7.25,11,8.75],"rotation":180,"texture":"#4"},"south":{"uv":[10.25,3.5,11.75,1.75],"rotation":270,"texture":"#4"},"west":{"uv":[12.75,7.25,11,8.75],"rotation":180,"texture":"#4"},"up":{"uv":[10.3,1.7,12.05,0],"rotation":90,"texture":"#4"},"down":{"uv":[10.3,0,12.05,1.7],"rotation":270,"texture":"#4"}}},{"from":[18.56931,6.4738,7.70259],"to":[21.28931,9.3298,10.42259],"rotation":{"angle":-45,"axis":"y","origin":[13,8.97733,6.46215]},"faces":{"north":{"uv":[3.5,0,0,3.5],"rotation":90,"texture":"#8"},"east":{"uv":[3.5,3.5,7,7],"rotation":90,"texture":"#8"},"south":{"uv":[3.5,0,0,3.5],"rotation":90,"texture":"#8"},"west":{"uv":[3.5,0,7,3.5],"rotation":270,"texture":"#8"},"up":{"uv":[3.5,7,0,3.5],"rotation":180,"texture":"#8"},"down":{"uv":[0,7,3.5,3.5],"texture":"#8"}}},{"from":[17.5096,6.3378,8.1347],"to":[20.2296,9.4658,10.8547],"rotation":{"angle":-22.5,"axis":"y","origin":[13,8.97733,6.46215]},"faces":{"north":{"uv":[0,10.5,4,7],"rotation":90,"texture":"#8"},"east":{"uv":[4,10.5,8,7],"rotation":90,"texture":"#8"},"south":{"uv":[0,10.5,4,7],"rotation":270,"texture":"#8"},"west":{"uv":[3.5,14,7.5,10.5],"rotation":270,"texture":"#8"},"up":{"uv":[3.5,10.5,0,14],"rotation":180,"texture":"#8"},"down":{"uv":[0,10.5,3.5,14],"texture":"#8"}}},{"from":[7.28322,7.6978,-2.35294],"to":[9.18722,8.2418,-0.31294],"rotation":{"angle":22.5,"axis":"y","origin":[13,8.97733,9.53785]},"faces":{"north":{"uv":[9.75,14.75,10,16],"rotation":270,"texture":"#4"},"east":{"uv":[9.75,12.25,10,13.5],"rotation":90,"texture":"#4"},"south":{"uv":[9.75,14.75,10,16],"rotation":270,"texture":"#4"},"west":{"uv":[9.75,13.5,10,14.75],"rotation":270,"texture":"#4"},"up":{"uv":[9.75,16,8.5,14.75],"rotation":180,"texture":"#4"},"down":{"uv":[9.75,16,8.5,14.75],"rotation":180,"texture":"#4"}}},{"from":[11.58499,7.5618,-1.81492],"to":[13.76099,8.3778,0.22508],"rotation":{"angle":45,"axis":"y","origin":[13,8.97733,9.53785]},"faces":{"north":{"uv":[6.75,14.25,8,14.75],"texture":"#4"},"east":{"uv":[6.25,14.75,6.75,16],"rotation":90,"texture":"#4"},"south":{"uv":[6.75,14.25,8,14.75],"texture":"#4"},"west":{"uv":[8,14.75,8.5,16],"rotation":90,"texture":"#4"},"up":{"uv":[8,16,6.75,14.75],"rotation":180,"texture":"#4"},"down":{"uv":[6.75,16,8,14.75],"texture":"#4"}}},{"from":[3.84256,7.4258,4.75049],"to":[5.20256,8.5138,7.19849],"rotation":{"angle":-22.5,"axis":"y","origin":[13,8.97733,9.53785]},"faces":{"north":{"uv":[8.5,13.25,9.25,12.5],"rotation":90,"texture":"#4"},"east":{"uv":[9.75,13.25,8.25,14],"rotation":180,"texture":"#4"},"south":{"uv":[7.75,13.25,8.5,12.5],"rotation":90,"texture":"#4"},"west":{"uv":[9.75,13.25,8.25,14],"rotation":180,"texture":"#4"},"up":{"uv":[9.75,14.75,8.25,14],"rotation":90,"texture":"#4"},"down":{"uv":[9.75,14.75,8.25,14],"rotation":270,"texture":"#4"}}},{"from":[6.67815,7.2898,1.72779],"to":[12.11815,8.6498,4.44779],"rotation":{"angle":0,"axis":"y","origin":[13,8.97733,9.53785]},"faces":{"north":{"uv":[5,0.75,8.5,1.5],"rotation":180,"texture":"#4"},"east":{"uv":[6,10,7.75,10.75],"rotation":180,"texture":"#4"},"south":{"uv":[5,0,8.5,0.75],"rotation":180,"texture":"#4"},"west":{"uv":[6,10,7.75,10.75],"rotation":180,"texture":"#4"},"up":{"uv":[6,14.25,7.75,10.75],"rotation":270,"texture":"#4"},"down":{"uv":[6,14.25,7.75,10.75],"rotation":90,"texture":"#4"}}},{"from":[13.9736,6.8818,1.7453],"to":[16.6936,8.9218,4.4653],"rotation":{"angle":22.5,"axis":"y","origin":[13,8.97733,9.53785]},"faces":{"north":{"uv":[6,8.5,7.75,9.75],"rotation":180,"texture":"#4"},"east":{"uv":[7.75,9.5,9.5,10.75],"rotation":180,"texture":"#4"},"south":{"uv":[9.5,9.25,11.25,10.5],"rotation":180,"texture":"#4"},"west":{"uv":[7.75,9.5,9.5,10.75],"rotation":180,"texture":"#4"},"up":{"uv":[9.5,12.5,7.75,10.75],"rotation":90,"texture":"#4"},"down":{"uv":[9.5,10.75,7.75,12.5],"rotation":270,"texture":"#4"}}},{"from":[13.34215,6.6098,0.91179],"to":[16.06215,9.1938,3.63179],"rotation":{"angle":0,"axis":"y","origin":[13,8.97733,9.53785]},"faces":{"north":{"uv":[10.25,1.75,11.75,3.5],"rotation":270,"texture":"#4"},"east":{"uv":[11,7.25,12.75,8.75],"rotation":180,"texture":"#4"},"south":{"uv":[9.5,7.25,11,9],"rotation":270,"texture":"#4"},"west":{"uv":[11,7.25,12.75,8.75],"rotation":180,"texture":"#4"},"up":{"uv":[12.05,1.7,10.3,0],"rotation":90,"texture":"#4"},"down":{"uv":[12.05,0,10.3,1.7],"rotation":270,"texture":"#4"}}},{"from":[18.56931,6.4738,5.57741],"to":[21.28931,9.3298,8.29741],"rotation":{"angle":45,"axis":"y","origin":[13,8.97733,9.53785]},"faces":{"north":{"uv":[3.5,3.5,0,0],"rotation":90,"texture":"#8"},"east":{"uv":[3.5,7,7,3.5],"rotation":90,"texture":"#8"},"south":{"uv":[3.5,3.5,0,0],"rotation":90,"texture":"#8"},"west":{"uv":[3.5,3.5,7,0],"rotation":270,"texture":"#8"},"up":{"uv":[3.5,3.5,0,7],"rotation":180,"texture":"#8"},"down":{"uv":[0,3.5,3.5,7],"texture":"#8"}}},{"from":[17.5096,6.3378,5.1453],"to":[20.2296,9.4658,7.8653],"rotation":{"angle":22.5,"axis":"y","origin":[13,8.97733,9.53785]},"faces":{"north":{"uv":[0,7,4,10.5],"rotation":270,"texture":"#8"},"east":{"uv":[4,7,8,10.5],"rotation":90,"texture":"#8"},"south":{"uv":[0,7,4,10.5],"rotation":90,"texture":"#8"},"west":{"uv":[3.5,10.5,7.5,14],"rotation":270,"texture":"#8"},"up":{"uv":[3.5,14,0,10.5],"rotation":180,"texture":"#8"},"down":{"uv":[0,14,3.5,10.5],"texture":"#8"}}},{"from":[12.5,22.3,3.2],"to":[15.5,22.3,6.2],"rotation":{"angle":-45,"axis":"x","origin":[9.5,21,16.1]},"faces":{"north":{"uv":[6,0,6,7.25],"rotation":90,"texture":"#9"},"east":{"uv":[10.5,0.5,7,0.5],"texture":"#9"},"south":{"uv":[6.5,0,6.5,7.25],"rotation":270,"texture":"#9"},"west":{"uv":[10.5,0,7,0],"rotation":180,"texture":"#9"},"up":{"uv":[14,5.5,16,4],"rotation":90,"texture":"#9"},"down":{"uv":[16,5.5,14,4],"rotation":90,"texture":"#9"}}},{"from":[15.5,19.3,3.2],"to":[18.5,19.3,6.2],"rotation":{"angle":-45,"axis":"x","origin":[12.5,18,16.1]},"faces":{"north":{"uv":[6,0,6,7.25],"rotation":90,"texture":"#9"},"east":{"uv":[10.5,0.5,7,0.5],"texture":"#9"},"south":{"uv":[6.5,0,6.5,7.25],"rotation":270,"texture":"#9"},"west":{"uv":[10.5,0,7,0],"rotation":180,"texture":"#9"},"up":{"uv":[14,5.5,16,4],"rotation":90,"texture":"#9"},"down":{"uv":[16,5.5,14,4],"rotation":90,"texture":"#9"}}},{"from":[14.5,20.3,3.2],"to":[17.5,20.3,6.2],"rotation":{"angle":-45,"axis":"x","origin":[11.5,19,16.1]},"faces":{"north":{"uv":[6,0,6,7.25],"rotation":90,"texture":"#9"},"east":{"uv":[10.5,0.5,7,0.5],"texture":"#9"},"south":{"uv":[6.5,0,6.5,7.25],"rotation":270,"texture":"#9"},"west":{"uv":[10.5,0,7,0],"rotation":180,"texture":"#9"},"up":{"uv":[14,5.5,16,4],"rotation":90,"texture":"#9"},"down":{"uv":[16,5.5,14,4],"rotation":90,"texture":"#9"}}},{"from":[13.5,21.3,3.2],"to":[16.5,21.3,6.2],"rotation":{"angle":-45,"axis":"x","origin":[10.5,20,16.1]},"faces":{"north":{"uv":[6,0,6,7.25],"rotation":90,"texture":"#9"},"east":{"uv":[10.5,0.5,7,0.5],"texture":"#9"},"south":{"uv":[6.5,0,6.5,7.25],"rotation":270,"texture":"#9"},"west":{"uv":[10.5,0,7,0],"rotation":180,"texture":"#9"},"up":{"uv":[14,5.5,16,4],"rotation":90,"texture":"#9"},"down":{"uv":[16,5.5,14,4],"rotation":90,"texture":"#9"}}},{"from":[15.5,19.4,10.1],"to":[18.5,19.4,12.9],"rotation":{"angle":45,"axis":"x","origin":[12.5,18,0.1]},"faces":{"north":{"uv":[6.5,0,6.5,7.25],"rotation":90,"texture":"#9"},"east":{"uv":[7,0.5,10.5,0.5],"texture":"#9"},"south":{"uv":[6,0,6,7.25],"rotation":270,"texture":"#9"},"west":{"uv":[7,0,10.5,0],"rotation":180,"texture":"#9"},"up":{"uv":[16,5.5,14,4],"rotation":90,"texture":"#9"},"down":{"uv":[14,5.5,16,4],"rotation":90,"texture":"#9"}}},{"from":[14.5,20.4,10.1],"to":[17.5,20.4,12.9],"rotation":{"angle":45,"axis":"x","origin":[11.5,19,0.1]},"faces":{"north":{"uv":[6.5,0,6.5,7.25],"rotation":90,"texture":"#9"},"east":{"uv":[7,0.5,10.5,0.5],"texture":"#9"},"south":{"uv":[6,0,6,7.25],"rotation":270,"texture":"#9"},"west":{"uv":[7,0,10.5,0],"rotation":180,"texture":"#9"},"up":{"uv":[16,5.5,14,4],"rotation":90,"texture":"#9"},"down":{"uv":[14,5.5,16,4],"rotation":90,"texture":"#9"}}},{"from":[11.5,23.3,3.2],"to":[14.5,23.3,6.2],"rotation":{"angle":-45,"axis":"x","origin":[8.5,22,16.1]},"faces":{"north":{"uv":[6,0,6,7.25],"rotation":90,"texture":"#9"},"east":{"uv":[10.5,0.5,7,0.5],"texture":"#9"},"south":{"uv":[6.5,0,6.5,7.25],"rotation":270,"texture":"#9"},"west":{"uv":[10.5,0,7,0],"rotation":180,"texture":"#9"},"up":{"uv":[14,5.5,16,4],"rotation":90,"texture":"#9"},"down":{"uv":[16,5.5,14,4],"rotation":90,"texture":"#9"}}},{"from":[10.5,24.3,3.2],"to":[13.5,24.3,6.2],"rotation":{"angle":-45,"axis":"x","origin":[7.5,23,16.1]},"faces":{"north":{"uv":[6,0,6,7.25],"rotation":90,"texture":"#9"},"east":{"uv":[10.5,0.5,7,0.5],"texture":"#9"},"south":{"uv":[6.5,0,6.5,7.25],"rotation":270,"texture":"#9"},"west":{"uv":[10.5,0,7,0],"rotation":180,"texture":"#9"},"up":{"uv":[14,5.5,16,4],"rotation":90,"texture":"#9"},"down":{"uv":[16,5.5,14,4],"rotation":90,"texture":"#9"}}},{"from":[9.5,25.3,3.2],"to":[12.5,25.3,6.2],"rotation":{"angle":-45,"axis":"x","origin":[6.5,24,16.1]},"faces":{"north":{"uv":[6,0,6,7.25],"rotation":90,"texture":"#9"},"east":{"uv":[10.5,0.5,7,0.5],"texture":"#9"},"south":{"uv":[6.5,0,6.5,7.25],"rotation":270,"texture":"#9"},"west":{"uv":[10.5,0,7,0],"rotation":180,"texture":"#9"},"up":{"uv":[14,5.5,16,4],"rotation":90,"texture":"#9"},"down":{"uv":[16,5.5,14,4],"rotation":90,"texture":"#9"}}},{"from":[11.5,23.4,10.1],"to":[14.5,23.4,12.9],"rotation":{"angle":45,"axis":"x","origin":[8.5,22,0.1]},"faces":{"north":{"uv":[6.5,0,6.5,7.25],"rotation":90,"texture":"#9"},"east":{"uv":[7,0.5,10.5,0.5],"texture":"#9"},"south":{"uv":[6,0,6,7.25],"rotation":270,"texture":"#9"},"west":{"uv":[7,0,10.5,0],"rotation":180,"texture":"#9"},"up":{"uv":[16,5.5,14,4],"rotation":90,"texture":"#9"},"down":{"uv":[14,5.5,16,4],"rotation":90,"texture":"#9"}}},{"from":[10.5,24.4,10.1],"to":[13.5,24.4,12.9],"rotation":{"angle":45,"axis":"x","origin":[7.5,23,0.1]},"faces":{"north":{"uv":[6.5,0,6.5,7.25],"rotation":90,"texture":"#9"},"east":{"uv":[7,0.5,10.5,0.5],"texture":"#9"},"south":{"uv":[6,0,6,7.25],"rotation":270,"texture":"#9"},"west":{"uv":[7,0,10.5,0],"rotation":180,"texture":"#9"},"up":{"uv":[16,5.5,14,4],"rotation":90,"texture":"#9"},"down":{"uv":[14,5.5,16,4],"rotation":90,"texture":"#9"}}},{"from":[9.5,25.4,10.1],"to":[12.5,25.4,12.9],"rotation":{"angle":45,"axis":"x","origin":[6.5,24,0.1]},"faces":{"north":{"uv":[6.5,0,6.5,7.25],"rotation":90,"texture":"#9"},"east":{"uv":[7,0.5,10.5,0.5],"texture":"#9"},"south":{"uv":[6,0,6,7.25],"rotation":270,"texture":"#9"},"west":{"uv":[7,0,10.5,0],"rotation":180,"texture":"#9"},"up":{"uv":[16,5.5,14,4],"rotation":90,"texture":"#9"},"down":{"uv":[14,5.5,16,4],"rotation":90,"texture":"#9"}}},{"from":[13.5,21.4,10.1],"to":[16.5,21.4,12.9],"rotation":{"angle":45,"axis":"x","origin":[10.5,20,0.1]},"faces":{"north":{"uv":[6.5,0,6.5,7.25],"rotation":90,"texture":"#9"},"east":{"uv":[7,0.5,10.5,0.5],"texture":"#9"},"south":{"uv":[6,0,6,7.25],"rotation":270,"texture":"#9"},"west":{"uv":[7,0,10.5,0],"rotation":180,"texture":"#9"},"up":{"uv":[16,5.5,14,4],"rotation":90,"texture":"#9"},"down":{"uv":[14,5.5,16,4],"rotation":90,"texture":"#9"}}},{"from":[12.5,22.4,10.1],"to":[15.5,22.4,12.9],"rotation":{"angle":45,"axis":"x","origin":[9.5,21,0.1]},"faces":{"north":{"uv":[6.5,0,6.5,7.25],"rotation":90,"texture":"#9"},"east":{"uv":[7,0.5,10.5,0.5],"texture":"#9"},"south":{"uv":[6,0,6,7.25],"rotation":270,"texture":"#9"},"west":{"uv":[7,0,10.5,0],"rotation":180,"texture":"#9"},"up":{"uv":[16,5.5,14,4],"rotation":90,"texture":"#9"},"down":{"uv":[14,5.5,16,4],"rotation":90,"texture":"#9"}}},{"from":[12.5,-6.3,3.2],"to":[15.5,-6.3,6.2],"rotation":{"angle":45,"axis":"x","origin":[9.5,-5,16.1]},"faces":{"north":{"uv":[6,0,6,7.25],"rotation":90,"texture":"#9"},"east":{"uv":[10.5,0.5,7,0.5],"texture":"#9"},"south":{"uv":[6.5,0,6.5,7.25],"rotation":270,"texture":"#9"},"west":{"uv":[10.5,0,7,0],"rotation":180,"texture":"#9"},"up":{"uv":[14,5.5,16,4],"rotation":90,"texture":"#9"},"down":{"uv":[16,5.5,14,4],"rotation":90,"texture":"#9"}}},{"from":[15.5,-3.3,3.2],"to":[18.5,-3.3,6.2],"rotation":{"angle":45,"axis":"x","origin":[12.5,-2,16.1]},"faces":{"north":{"uv":[6,0,6,7.25],"rotation":90,"texture":"#9"},"east":{"uv":[10.5,0.5,7,0.5],"texture":"#9"},"south":{"uv":[6.5,0,6.5,7.25],"rotation":270,"texture":"#9"},"west":{"uv":[10.5,0,7,0],"rotation":180,"texture":"#9"},"up":{"uv":[14,5.5,16,4],"rotation":90,"texture":"#9"},"down":{"uv":[16,5.5,14,4],"rotation":90,"texture":"#9"}}},{"from":[14.5,-4.3,3.2],"to":[17.5,-4.3,6.2],"rotation":{"angle":45,"axis":"x","origin":[11.5,-3,16.1]},"faces":{"north":{"uv":[6,0,6,7.25],"rotation":90,"texture":"#9"},"east":{"uv":[10.5,0.5,7,0.5],"texture":"#9"},"south":{"uv":[6.5,0,6.5,7.25],"rotation":270,"texture":"#9"},"west":{"uv":[10.5,0,7,0],"rotation":180,"texture":"#9"},"up":{"uv":[14,5.5,16,4],"rotation":90,"texture":"#9"},"down":{"uv":[16,5.5,14,4],"rotation":90,"texture":"#9"}}},{"from":[13.5,-5.3,3.2],"to":[16.5,-5.3,6.2],"rotation":{"angle":45,"axis":"x","origin":[10.5,-4,16.1]},"faces":{"north":{"uv":[6,0,6,7.25],"rotation":90,"texture":"#9"},"east":{"uv":[10.5,0.5,7,0.5],"texture":"#9"},"south":{"uv":[6.5,0,6.5,7.25],"rotation":270,"texture":"#9"},"west":{"uv":[10.5,0,7,0],"rotation":180,"texture":"#9"},"up":{"uv":[14,5.5,16,4],"rotation":90,"texture":"#9"},"down":{"uv":[16,5.5,14,4],"rotation":90,"texture":"#9"}}},{"from":[15.5,-3.4,10.1],"to":[18.5,-3.4,12.9],"rotation":{"angle":-45,"axis":"x","origin":[12.5,-2,0.1]},"faces":{"north":{"uv":[6.5,0,6.5,7.25],"rotation":90,"texture":"#9"},"east":{"uv":[7,0.5,10.5,0.5],"texture":"#9"},"south":{"uv":[6,0,6,7.25],"rotation":270,"texture":"#9"},"west":{"uv":[7,0,10.5,0],"rotation":180,"texture":"#9"},"up":{"uv":[16,5.5,14,4],"rotation":90,"texture":"#9"},"down":{"uv":[14,5.5,16,4],"rotation":90,"texture":"#9"}}},{"from":[14.5,-4.4,10.1],"to":[17.5,-4.4,12.9],"rotation":{"angle":-45,"axis":"x","origin":[11.5,-3,0.1]},"faces":{"north":{"uv":[6.5,0,6.5,7.25],"rotation":90,"texture":"#9"},"east":{"uv":[7,0.5,10.5,0.5],"texture":"#9"},"south":{"uv":[6,0,6,7.25],"rotation":270,"texture":"#9"},"west":{"uv":[7,0,10.5,0],"rotation":180,"texture":"#9"},"up":{"uv":[16,5.5,14,4],"rotation":90,"texture":"#9"},"down":{"uv":[14,5.5,16,4],"rotation":90,"texture":"#9"}}},{"from":[8.5,-10.4,10.1],"to":[11.5,-10.4,12.9],"rotation":{"angle":-45,"axis":"x","origin":[5.5,-9,0.1]},"faces":{"north":{"uv":[6.5,0,6.5,7.25],"rotation":90,"texture":"#9"},"east":{"uv":[7,0.5,10.5,0.5],"texture":"#9"},"south":{"uv":[6,0,6,7.25],"rotation":270,"texture":"#9"},"west":{"uv":[7,0,10.5,0],"rotation":180,"texture":"#9"},"up":{"uv":[16,5.5,14,4],"rotation":90,"texture":"#9"},"down":{"uv":[14,5.5,16,4],"rotation":90,"texture":"#9"}}},{"from":[8.5,-10.3,3.2],"to":[11.5,-10.3,6.2],"rotation":{"angle":45,"axis":"x","origin":[5.5,-9,16.1]},"faces":{"north":{"uv":[6,0,6,7.25],"rotation":90,"texture":"#9"},"east":{"uv":[10.5,0.5,7,0.5],"texture":"#9"},"south":{"uv":[6.5,0,6.5,7.25],"rotation":270,"texture":"#9"},"west":{"uv":[10.5,0,7,0],"rotation":180,"texture":"#9"},"up":{"uv":[14,5.5,16,4],"rotation":90,"texture":"#9"},"down":{"uv":[16,5.5,14,4],"rotation":90,"texture":"#9"}}},{"from":[11.5,-7.3,3.2],"to":[14.5,-7.3,6.2],"rotation":{"angle":45,"axis":"x","origin":[8.5,-6,16.1]},"faces":{"north":{"uv":[6,0,6,7.25],"rotation":90,"texture":"#9"},"east":{"uv":[10.5,0.5,7,0.5],"texture":"#9"},"south":{"uv":[6.5,0,6.5,7.25],"rotation":270,"texture":"#9"},"west":{"uv":[10.5,0,7,0],"rotation":180,"texture":"#9"},"up":{"uv":[14,5.5,16,4],"rotation":90,"texture":"#9"},"down":{"uv":[16,5.5,14,4],"rotation":90,"texture":"#9"}}},{"from":[10.5,-8.3,3.2],"to":[13.5,-8.3,6.2],"rotation":{"angle":45,"axis":"x","origin":[7.5,-7,16.1]},"faces":{"north":{"uv":[6,0,6,7.25],"rotation":90,"texture":"#9"},"east":{"uv":[10.5,0.5,7,0.5],"texture":"#9"},"south":{"uv":[6.5,0,6.5,7.25],"rotation":270,"texture":"#9"},"west":{"uv":[10.5,0,7,0],"rotation":180,"texture":"#9"},"up":{"uv":[14,5.5,16,4],"rotation":90,"texture":"#9"},"down":{"uv":[16,5.5,14,4],"rotation":90,"texture":"#9"}}},{"from":[9.5,-9.3,3.2],"to":[12.5,-9.3,6.2],"rotation":{"angle":45,"axis":"x","origin":[6.5,-8,16.1]},"faces":{"north":{"uv":[6,0,6,7.25],"rotation":90,"texture":"#9"},"east":{"uv":[10.5,0.5,7,0.5],"texture":"#9"},"south":{"uv":[6.5,0,6.5,7.25],"rotation":270,"texture":"#9"},"west":{"uv":[10.5,0,7,0],"rotation":180,"texture":"#9"},"up":{"uv":[14,5.5,16,4],"rotation":90,"texture":"#9"},"down":{"uv":[16,5.5,14,4],"rotation":90,"texture":"#9"}}},{"from":[11.5,-7.4,10.1],"to":[14.5,-7.4,12.9],"rotation":{"angle":-45,"axis":"x","origin":[8.5,-6,0.1]},"faces":{"north":{"uv":[6.5,0,6.5,7.25],"rotation":90,"texture":"#9"},"east":{"uv":[7,0.5,10.5,0.5],"texture":"#9"},"south":{"uv":[6,0,6,7.25],"rotation":270,"texture":"#9"},"west":{"uv":[7,0,10.5,0],"rotation":180,"texture":"#9"},"up":{"uv":[16,5.5,14,4],"rotation":90,"texture":"#9"},"down":{"uv":[14,5.5,16,4],"rotation":90,"texture":"#9"}}},{"from":[10.5,-8.4,10.1],"to":[13.5,-8.4,12.9],"rotation":{"angle":-45,"axis":"x","origin":[7.5,-7,0.1]},"faces":{"north":{"uv":[6.5,0,6.5,7.25],"rotation":90,"texture":"#9"},"east":{"uv":[7,0.5,10.5,0.5],"texture":"#9"},"south":{"uv":[6,0,6,7.25],"rotation":270,"texture":"#9"},"west":{"uv":[7,0,10.5,0],"rotation":180,"texture":"#9"},"up":{"uv":[16,5.5,14,4],"rotation":90,"texture":"#9"},"down":{"uv":[14,5.5,16,4],"rotation":90,"texture":"#9"}}},{"from":[9.5,-9.4,10.1],"to":[12.5,-9.4,12.9],"rotation":{"angle":-45,"axis":"x","origin":[6.5,-8,0.1]},"faces":{"north":{"uv":[6.5,0,6.5,7.25],"rotation":90,"texture":"#9"},"east":{"uv":[7,0.5,10.5,0.5],"texture":"#9"},"south":{"uv":[6,0,6,7.25],"rotation":270,"texture":"#9"},"west":{"uv":[7,0,10.5,0],"rotation":180,"texture":"#9"},"up":{"uv":[16,5.5,14,4],"rotation":90,"texture":"#9"},"down":{"uv":[14,5.5,16,4],"rotation":90,"texture":"#9"}}},{"from":[13.5,-5.4,10.1],"to":[16.5,-5.4,12.9],"rotation":{"angle":-45,"axis":"x","origin":[10.5,-4,0.1]},"faces":{"north":{"uv":[6.5,0,6.5,7.25],"rotation":90,"texture":"#9"},"east":{"uv":[7,0.5,10.5,0.5],"texture":"#9"},"south":{"uv":[6,0,6,7.25],"rotation":270,"texture":"#9"},"west":{"uv":[7,0,10.5,0],"rotation":180,"texture":"#9"},"up":{"uv":[16,5.5,14,4],"rotation":90,"texture":"#9"},"down":{"uv":[14,5.5,16,4],"rotation":90,"texture":"#9"}}},{"from":[12.5,-6.4,10.1],"to":[15.5,-6.4,12.9],"rotation":{"angle":-45,"axis":"x","origin":[9.5,-5,0.1]},"faces":{"north":{"uv":[6.5,0,6.5,7.25],"rotation":90,"texture":"#9"},"east":{"uv":[7,0.5,10.5,0.5],"texture":"#9"},"south":{"uv":[6,0,6,7.25],"rotation":270,"texture":"#9"},"west":{"uv":[7,0,10.5,0],"rotation":180,"texture":"#9"},"up":{"uv":[16,5.5,14,4],"rotation":90,"texture":"#9"},"down":{"uv":[14,5.5,16,4],"rotation":90,"texture":"#9"}}},{"from":[-0.8,24.5,6.9],"to":[4.5,25.5,8.9],"rotation":{"angle":45,"axis":"z","origin":[10.5,24.5,-0.1]},"faces":{"north":{"uv":[13,16,10.5,15.5],"texture":"#7"},"east":{"uv":[11.5,15.5,10.5,15],"texture":"#7"},"south":{"uv":[13,16,10.5,15.5],"texture":"#7"},"west":{"uv":[11.5,15.5,10.5,15],"texture":"#7"},"up":{"uv":[10.5,16,8,15],"texture":"#7"},"down":{"uv":[10.5,16,8,15],"texture":"#7"}}},{"from":[-0.5,17.2,7.9],"to":[5.5,23.2,7.9],"rotation":{"angle":0,"axis":"y","origin":[10.5,16,-0.1]},"faces":{"north":{"uv":[5,1.5,11,7.5],"texture":"#10"},"east":{"uv":[3,0.5,3,6.5],"texture":"#10"},"south":{"uv":[5,1.5,11,7.5],"texture":"#10"},"west":{"uv":[3,0.5,3,6.5],"texture":"#10"},"up":{"uv":[5,0,0,0],"texture":"#10"},"down":{"uv":[5,0,0,0],"texture":"#10"}}},{"from":[0.5,24.5,7],"to":[5.8,25.5,8.8],"rotation":{"angle":-45,"axis":"z","origin":[-5.5,24.5,-0.1]},"faces":{"north":{"uv":[10.5,16,13,15.5],"texture":"#7"},"east":{"uv":[10.5,15.5,11.5,15],"texture":"#7"},"south":{"uv":[10.5,16,13,15.5],"texture":"#7"},"west":{"uv":[10.5,15.5,11.5,15],"texture":"#7"},"up":{"uv":[8,16,10.5,15],"texture":"#7"},"down":{"uv":[8,16,10.5,15],"texture":"#7"}}},{"from":[0.5,28.7,7],"to":[5.8,29.7,8.8],"rotation":{"angle":-45,"axis":"z","origin":[-5.5,24.5,-0.1]},"faces":{"north":{"uv":[10.5,16,13,15.5],"texture":"#7"},"east":{"uv":[10.5,15.5,11.5,15],"texture":"#7"},"south":{"uv":[10.5,16,13,15.5],"texture":"#7"},"west":{"uv":[10.5,15.5,11.5,15],"texture":"#7"},"up":{"uv":[8,16,10.5,15],"texture":"#7"},"down":{"uv":[8,16,10.5,15],"texture":"#7"}}},{"from":[0.5,15,6.9],"to":[5.8,16,8.9],"rotation":{"angle":45,"axis":"z","origin":[-5.5,16,-0.1]},"faces":{"north":{"uv":[10.5,15.5,13,16],"texture":"#7"},"east":{"uv":[10.5,15,11.5,15.5],"texture":"#7"},"south":{"uv":[10.5,15.5,13,16],"texture":"#7"},"west":{"uv":[10.5,15,11.5,15.5],"texture":"#7"},"up":{"uv":[8,15,10.5,16],"texture":"#7"},"down":{"uv":[8,15,10.5,16],"texture":"#7"}}},{"from":[-0.8,-9.5,6.9],"to":[4.5,-8.5,8.9],"rotation":{"angle":-45,"axis":"z","origin":[10.5,-8.5,-0.1]},"faces":{"north":{"uv":[13,15.5,10.5,16],"texture":"#7"},"east":{"uv":[11.5,15,10.5,15.5],"texture":"#7"},"south":{"uv":[13,15.5,10.5,16],"texture":"#7"},"west":{"uv":[11.5,15,10.5,15.5],"texture":"#7"},"up":{"uv":[10.5,15,8,16],"texture":"#7"},"down":{"uv":[10.5,15,8,16],"texture":"#7"}}},{"from":[-0.5,-7.2,7.9],"to":[5.5,-1.2,7.9],"rotation":{"angle":0,"axis":"y","origin":[10.5,0,-0.1]},"faces":{"north":{"uv":[5,7.5,11,1.5],"texture":"#10"},"east":{"uv":[3,6.5,3,0.5],"texture":"#10"},"south":{"uv":[5,7.5,11,1.5],"texture":"#10"},"west":{"uv":[3,6.5,3,0.5],"texture":"#10"},"up":{"uv":[5,0,0,0],"texture":"#10"},"down":{"uv":[5,0,0,0],"texture":"#10"}}},{"from":[0.5,-9.5,7],"to":[5.8,-8.5,8.8],"rotation":{"angle":45,"axis":"z","origin":[-5.5,-8.5,-0.1]},"faces":{"north":{"uv":[10.5,15.5,13,16],"texture":"#7"},"east":{"uv":[10.5,15,11.5,15.5],"texture":"#7"},"south":{"uv":[10.5,15.5,13,16],"texture":"#7"},"west":{"uv":[10.5,15,11.5,15.5],"texture":"#7"},"up":{"uv":[8,15,10.5,16],"texture":"#7"},"down":{"uv":[8,15,10.5,16],"texture":"#7"}}},{"from":[0.5,-13.7,7],"to":[5.8,-12.7,8.8],"rotation":{"angle":45,"axis":"z","origin":[-5.5,-8.5,-0.1]},"faces":{"north":{"uv":[10.5,15.5,13,16],"texture":"#7"},"east":{"uv":[10.5,15,11.5,15.5],"texture":"#7"},"south":{"uv":[10.5,15.5,13,16],"texture":"#7"},"west":{"uv":[10.5,15,11.5,15.5],"texture":"#7"},"up":{"uv":[8,15,10.5,16],"texture":"#7"},"down":{"uv":[8,15,10.5,16],"texture":"#7"}}},{"from":[0.5,0,6.9],"to":[5.8,1,8.9],"rotation":{"angle":-45,"axis":"z","origin":[-5.5,0,-0.1]},"faces":{"north":{"uv":[10.5,16,13,15.5],"texture":"#7"},"east":{"uv":[10.5,15.5,11.5,15],"texture":"#7"},"south":{"uv":[10.5,16,13,15.5],"texture":"#7"},"west":{"uv":[10.5,15.5,11.5,15],"texture":"#7"},"up":{"uv":[8,16,10.5,15],"texture":"#7"},"down":{"uv":[8,16,10.5,15],"texture":"#7"}}},{"from":[17.5,12.2,4.7],"to":[19.5,13.2,10],"rotation":{"angle":-45,"axis":"x","origin":[26.5,12.2,16]},"faces":{"north":{"uv":[11.5,15.5,10.5,15],"texture":"#7"},"east":{"uv":[13,16,10.5,15.5],"texture":"#7"},"south":{"uv":[11.5,15.5,10.5,15],"texture":"#7"},"west":{"uv":[13,16,10.5,15.5],"texture":"#7"},"up":{"uv":[10.5,16,8,15],"rotation":90,"texture":"#7"},"down":{"uv":[10.5,16,8,15],"rotation":270,"texture":"#7"}}},{"from":[17.6,12.2,6],"to":[19.4,13.2,11.3],"rotation":{"angle":45,"axis":"x","origin":[26.5,12.2,0]},"faces":{"north":{"uv":[10.5,15.5,11.5,15],"texture":"#7"},"east":{"uv":[10.5,16,13,15.5],"texture":"#7"},"south":{"uv":[10.5,15.5,11.5,15],"texture":"#7"},"west":{"uv":[10.5,16,13,15.5],"texture":"#7"},"up":{"uv":[8,16,10.5,15],"rotation":90,"texture":"#7"},"down":{"uv":[8,16,10.5,15],"rotation":270,"texture":"#7"}}},{"from":[17.6,16.4,6],"to":[19.4,17.4,11.3],"rotation":{"angle":45,"axis":"x","origin":[26.5,12.2,0]},"faces":{"north":{"uv":[10.5,15.5,11.5,15],"texture":"#7"},"east":{"uv":[10.5,16,13,15.5],"texture":"#7"},"south":{"uv":[10.5,15.5,11.5,15],"texture":"#7"},"west":{"uv":[10.5,16,13,15.5],"texture":"#7"},"up":{"uv":[8,16,10.5,15],"rotation":90,"texture":"#7"},"down":{"uv":[8,16,10.5,15],"rotation":270,"texture":"#7"}}},{"from":[17.5,2.7,6],"to":[19.5,3.7,11.3],"rotation":{"angle":-45,"axis":"x","origin":[26.5,3.7,0]},"faces":{"north":{"uv":[10.5,15,11.5,15.5],"texture":"#7"},"east":{"uv":[10.5,15.5,13,16],"texture":"#7"},"south":{"uv":[10.5,15,11.5,15.5],"texture":"#7"},"west":{"uv":[10.5,15.5,13,16],"texture":"#7"},"up":{"uv":[8,15,10.5,16],"rotation":90,"texture":"#7"},"down":{"uv":[8,15,10.5,16],"rotation":270,"texture":"#7"}}}],"gui_light":"front","display":{"thirdperson_righthand":{"rotation":[0,110,0],"translation":[-0.25,-2,-1.75],"scale":[0.7,0.7,0.7]},"thirdperson_lefthand":{"rotation":[0,-70,0],"translation":[0,3,1.75],"scale":[0.7,0.7,0.7]},"firstperson_righthand":{"rotation":[-155.25,88,150],"translation":[0.5,5,0.5],"scale":[0.5,0.5,0.5]},"firstperson_lefthand":{"rotation":[0,-92,30],"translation":[0.5,0,2.25],"scale":[0.5,0.5,0.5]},"ground":{"rotation":[45,0,0],"translation":[0,5.25,0],"scale":[0.35,0.35,0.35]},"gui":{"rotation":[0,0,145],"translation":[-1.5,1.5,-2],"scale":[0.35758,0.35758,0.35758]},"head":{"rotation":[-135.5,0,0],"translation":[0,20.5,4.75],"scale":[0,0,0]},"fixed":{"rotation":[-180,0,-180],"translation":[0.25,1.5,-10],"scale":[1.26055,1.26055,1.26055]}},"groups":[{"name":"Bow","origin":[1,14.1,16],"color":0,"children":[0,1,2,3,4,5,6,7]},{"name":"group","origin":[9,22.27733,9.53785],"color":0,"children":[8,9,10,11]},{"name":"group","origin":[8,19.27733,4.53785],"color":0,"children":[12,13,14,15,16,17,18,19]},{"name":"group","origin":[8,19.27733,4.53785],"color":0,"children":[20,21,22,23,24,25,26,27]},{"name":"group","origin":[0.5,12,7.1],"color":0,"children":[28,29,30,31,32,33,34,35,36,37,38,39,40,41]},{"name":"group","origin":[0.5,12,7.1],"color":0,"children":[42,43,44,45,46,47,48,49,50,51,52,53,54,55,56,57]},{"name":"Eye","origin":[16,0,0],"color":0,"children":[58,59,60,61,62]},{"name":"Eye","origin":[16,0,0],"color":0,"children":[63,64,65,66,67]},{"name":"Eye","origin":[16,0,0],"color":0,"children":[68,69,70,71]}]}