{"credit":"Made with Blockbench","textures":{"0":"elitecreatures:azgad_weapon/azgadtex4","1":"elitecreatures:azgad_weapon/azgadtex1","2":"elitecreatures:azgad_weapon/azgadtex7","3":"elitecreatures:azgad_weapon/azgadtex8","4":"elitecreatures:azgad_weapon/flare","particle":"elitecreatures:azgad_weapon/azgadtex4"},"elements":[{"from":[7,-6,0],"to":[10,1,2],"rotation":{"angle":0,"axis":"y","origin":[1,0,7]},"faces":{"north":{"uv":[13.5,0,15,3.5],"rotation":180,"texture":"#2"},"east":{"uv":[15,1.5,16,5],"texture":"#2"},"south":{"uv":[13.5,0,15,3.5],"rotation":180,"texture":"#2"},"west":{"uv":[15,1.5,16,5],"texture":"#2"},"up":{"uv":[15,0,16,1.5],"rotation":90,"texture":"#2"},"down":{"uv":[15,0,16,1.5],"rotation":90,"texture":"#2"}}},{"from":[7,-6,13],"to":[10,1,15],"rotation":{"angle":0,"axis":"y","origin":[1,0,7]},"faces":{"north":{"uv":[13.5,0,15,3.5],"rotation":180,"texture":"#2"},"east":{"uv":[15,1.5,16,5],"texture":"#2"},"south":{"uv":[13.5,0,15,3.5],"rotation":180,"texture":"#2"},"west":{"uv":[15,1.5,16,5],"texture":"#2"},"up":{"uv":[15,0,16,1.5],"rotation":90,"texture":"#2"},"down":{"uv":[15,0,16,1.5],"rotation":90,"texture":"#2"}}},{"from":[8,-9,10],"to":[9,-8,12],"rotation":{"angle":0,"axis":"y","origin":[1,16,7]},"faces":{"north":{"uv":[14.5,14.5,15,15],"rotation":90,"texture":"#3"},"east":{"uv":[15,14,15.5,15],"rotation":270,"texture":"#3"},"south":{"uv":[14.5,14.5,15,15],"rotation":270,"texture":"#3"},"west":{"uv":[15,14,15.5,15],"rotation":270,"texture":"#3"},"up":{"uv":[14.5,15,15.5,15.5],"rotation":270,"texture":"#3"},"down":{"uv":[14.5,15,15.5,15.5],"rotation":270,"texture":"#3"}}},{"from":[8,-8,11],"to":[9,-7,13],"rotation":{"angle":0,"axis":"y","origin":[1,16,7]},"faces":{"north":{"uv":[14.5,14.5,15,15],"rotation":90,"texture":"#3"},"east":{"uv":[15,14,15.5,15],"rotation":270,"texture":"#3"},"south":{"uv":[14.5,14.5,15,15],"rotation":270,"texture":"#3"},"west":{"uv":[15,14,15.5,15],"rotation":270,"texture":"#3"},"up":{"uv":[14.5,15,15.5,15.5],"rotation":270,"texture":"#3"},"down":{"uv":[14.5,15,15.5,15.5],"rotation":270,"texture":"#3"}}},{"from":[8,-7,12],"to":[9,-6,14],"rotation":{"angle":0,"axis":"y","origin":[1,16,7]},"faces":{"north":{"uv":[14.5,14.5,15,15],"rotation":90,"texture":"#3"},"east":{"uv":[15,14,15.5,15],"rotation":270,"texture":"#3"},"south":{"uv":[14.5,14.5,15,15],"rotation":270,"texture":"#3"},"west":{"uv":[15,14,15.5,15],"rotation":270,"texture":"#3"},"up":{"uv":[14.5,15,15.5,15.5],"rotation":270,"texture":"#3"},"down":{"uv":[14.5,15,15.5,15.5],"rotation":270,"texture":"#3"}}},{"from":[8,-9,3],"to":[9,-8,5],"rotation":{"angle":0,"axis":"y","origin":[1,16,23]},"faces":{"north":{"uv":[14.5,15,15,14.5],"rotation":270,"texture":"#3"},"east":{"uv":[15,15,15.5,14],"rotation":270,"texture":"#3"},"south":{"uv":[14.5,15,15,14.5],"rotation":90,"texture":"#3"},"west":{"uv":[15,15,15.5,14],"rotation":270,"texture":"#3"},"up":{"uv":[15.5,15,14.5,15.5],"rotation":270,"texture":"#3"},"down":{"uv":[15.5,15,14.5,15.5],"rotation":270,"texture":"#3"}}},{"from":[8,-8,2],"to":[9,-7,4],"rotation":{"angle":0,"axis":"y","origin":[1,16,23]},"faces":{"north":{"uv":[14.5,15,15,14.5],"rotation":270,"texture":"#3"},"east":{"uv":[15,15,15.5,14],"rotation":270,"texture":"#3"},"south":{"uv":[14.5,15,15,14.5],"rotation":90,"texture":"#3"},"west":{"uv":[15,15,15.5,14],"rotation":270,"texture":"#3"},"up":{"uv":[15.5,15,14.5,15.5],"rotation":270,"texture":"#3"},"down":{"uv":[15.5,15,14.5,15.5],"rotation":270,"texture":"#3"}}},{"from":[8,-7,1],"to":[9,-6,3],"rotation":{"angle":0,"axis":"y","origin":[1,16,23]},"faces":{"north":{"uv":[14.5,15,15,14.5],"rotation":270,"texture":"#3"},"east":{"uv":[15,15,15.5,14],"rotation":270,"texture":"#3"},"south":{"uv":[14.5,15,15,14.5],"rotation":90,"texture":"#3"},"west":{"uv":[15,15,15.5,14],"rotation":270,"texture":"#3"},"up":{"uv":[15.5,15,14.5,15.5],"rotation":270,"texture":"#3"},"down":{"uv":[15.5,15,14.5,15.5],"rotation":270,"texture":"#3"}}},{"from":[8,1,1],"to":[9,2,3],"rotation":{"angle":0,"axis":"y","origin":[1,0,23]},"faces":{"north":{"uv":[15,15,14.5,14.5],"rotation":270,"texture":"#3"},"east":{"uv":[15.5,15,15,14],"rotation":270,"texture":"#3"},"south":{"uv":[15,15,14.5,14.5],"rotation":90,"texture":"#3"},"west":{"uv":[15.5,15,15,14],"rotation":270,"texture":"#3"},"up":{"uv":[14.5,15,15.5,15.5],"rotation":270,"texture":"#3"},"down":{"uv":[14.5,15,15.5,15.5],"rotation":270,"texture":"#3"}}},{"from":[8,2,2],"to":[9,3,4],"rotation":{"angle":0,"axis":"y","origin":[1,0,23]},"faces":{"north":{"uv":[15,15,14.5,14.5],"rotation":270,"texture":"#3"},"east":{"uv":[15.5,15,15,14],"rotation":270,"texture":"#3"},"south":{"uv":[15,15,14.5,14.5],"rotation":90,"texture":"#3"},"west":{"uv":[15.5,15,15,14],"rotation":270,"texture":"#3"},"up":{"uv":[14.5,15,15.5,15.5],"rotation":270,"texture":"#3"},"down":{"uv":[14.5,15,15.5,15.5],"rotation":270,"texture":"#3"}}},{"from":[8,3,3],"to":[9,4,5],"rotation":{"angle":0,"axis":"y","origin":[1,0,23]},"faces":{"north":{"uv":[15,15,14.5,14.5],"rotation":270,"texture":"#3"},"east":{"uv":[15.5,15,15,14],"rotation":270,"texture":"#3"},"south":{"uv":[15,15,14.5,14.5],"rotation":90,"texture":"#3"},"west":{"uv":[15.5,15,15,14],"rotation":270,"texture":"#3"},"up":{"uv":[14.5,15,15.5,15.5],"rotation":270,"texture":"#3"},"down":{"uv":[14.5,15,15.5,15.5],"rotation":270,"texture":"#3"}}},{"from":[8,3,10],"to":[9,4,12],"rotation":{"angle":0,"axis":"y","origin":[1,0,7]},"faces":{"north":{"uv":[15,14.5,14.5,15],"rotation":90,"texture":"#3"},"east":{"uv":[15.5,14,15,15],"rotation":270,"texture":"#3"},"south":{"uv":[15,14.5,14.5,15],"rotation":270,"texture":"#3"},"west":{"uv":[15.5,14,15,15],"rotation":270,"texture":"#3"},"up":{"uv":[15.5,15,14.5,15.5],"rotation":270,"texture":"#3"},"down":{"uv":[15.5,15,14.5,15.5],"rotation":270,"texture":"#3"}}},{"from":[8,2,11],"to":[9,3,13],"rotation":{"angle":0,"axis":"y","origin":[1,0,7]},"faces":{"north":{"uv":[15,14.5,14.5,15],"rotation":90,"texture":"#3"},"east":{"uv":[15.5,14,15,15],"rotation":270,"texture":"#3"},"south":{"uv":[15,14.5,14.5,15],"rotation":270,"texture":"#3"},"west":{"uv":[15.5,14,15,15],"rotation":270,"texture":"#3"},"up":{"uv":[15.5,15,14.5,15.5],"rotation":270,"texture":"#3"},"down":{"uv":[15.5,15,14.5,15.5],"rotation":270,"texture":"#3"}}},{"from":[8,1,12],"to":[9,2,14],"rotation":{"angle":0,"axis":"y","origin":[1,0,7]},"faces":{"north":{"uv":[15,14.5,14.5,15],"rotation":90,"texture":"#3"},"east":{"uv":[15.5,14,15,15],"rotation":270,"texture":"#3"},"south":{"uv":[15,14.5,14.5,15],"rotation":270,"texture":"#3"},"west":{"uv":[15.5,14,15,15],"rotation":270,"texture":"#3"},"up":{"uv":[15.5,15,14.5,15.5],"rotation":270,"texture":"#3"},"down":{"uv":[15.5,15,14.5,15.5],"rotation":270,"texture":"#3"}}},{"from":[8,-10,4],"to":[9,-9,11],"rotation":{"angle":0,"axis":"y","origin":[1,16,7]},"faces":{"north":{"uv":[15.5,12,16,12.5],"rotation":90,"texture":"#3"},"east":{"uv":[15.5,12.5,16,16],"rotation":270,"texture":"#3"},"south":{"uv":[15.5,12,16,12.5],"rotation":270,"texture":"#3"},"west":{"uv":[15.5,12.5,16,16],"rotation":270,"texture":"#3"},"up":{"uv":[8.5,15.5,12,16],"rotation":270,"texture":"#3"},"down":{"uv":[12,15.5,15.5,16],"rotation":270,"texture":"#3"}}},{"from":[8,4,4],"to":[9,5,11],"rotation":{"angle":0,"axis":"y","origin":[1,16,7]},"faces":{"north":{"uv":[15.5,12,16,12.5],"rotation":90,"texture":"#3"},"east":{"uv":[15.5,12.5,16,16],"rotation":270,"texture":"#3"},"south":{"uv":[15.5,12,16,12.5],"rotation":270,"texture":"#3"},"west":{"uv":[15.5,12.5,16,16],"rotation":270,"texture":"#3"},"up":{"uv":[12,15.5,15.5,16],"rotation":270,"texture":"#3"},"down":{"uv":[8.5,15.5,12,16],"rotation":270,"texture":"#3"}}},{"from":[3.6,12.3,1.9],"to":[6.6,12.3,4.9],"rotation":{"angle":45,"axis":"z","origin":[16.5,11,7.9]},"faces":{"north":{"uv":[10.5,0.5,7,0.5],"texture":"#0"},"east":{"uv":[6.5,0,6.5,7.25],"rotation":270,"texture":"#0"},"south":{"uv":[10.5,0,7,0],"rotation":180,"texture":"#0"},"west":{"uv":[6,0,6,7.25],"rotation":90,"texture":"#0"},"up":{"uv":[14,5.5,16,4],"texture":"#0"},"down":{"uv":[16,5.5,14,4],"rotation":180,"texture":"#0"}}},{"from":[10.5,12.4,1.9],"to":[13.3,12.4,4.9],"rotation":{"angle":-45,"axis":"z","origin":[0.5,11,7.9]},"faces":{"north":{"uv":[7,0.5,10.5,0.5],"texture":"#0"},"east":{"uv":[6,0,6,7.25],"rotation":270,"texture":"#0"},"south":{"uv":[7,0,10.5,0],"rotation":180,"texture":"#0"},"west":{"uv":[6.5,0,6.5,7.25],"rotation":90,"texture":"#0"},"up":{"uv":[16,5.5,14,4],"texture":"#0"},"down":{"uv":[14,5.5,16,4],"rotation":180,"texture":"#0"}}},{"from":[3.6,13.3,2.9],"to":[6.6,13.3,5.9],"rotation":{"angle":45,"axis":"z","origin":[16.5,12,8.9]},"faces":{"north":{"uv":[10.5,0.5,7,0.5],"texture":"#0"},"east":{"uv":[6.5,0,6.5,7.25],"rotation":270,"texture":"#0"},"south":{"uv":[10.5,0,7,0],"rotation":180,"texture":"#0"},"west":{"uv":[6,0,6,7.25],"rotation":90,"texture":"#0"},"up":{"uv":[14,5.5,16,4],"texture":"#0"},"down":{"uv":[16,5.5,14,4],"rotation":180,"texture":"#0"}}},{"from":[10.5,13.4,2.9],"to":[13.3,13.4,5.9],"rotation":{"angle":-45,"axis":"z","origin":[0.5,12,8.9]},"faces":{"north":{"uv":[7,0.5,10.5,0.5],"texture":"#0"},"east":{"uv":[6,0,6,7.25],"rotation":270,"texture":"#0"},"south":{"uv":[7,0,10.5,0],"rotation":180,"texture":"#0"},"west":{"uv":[6.5,0,6.5,7.25],"rotation":90,"texture":"#0"},"up":{"uv":[16,5.5,14,4],"texture":"#0"},"down":{"uv":[14,5.5,16,4],"rotation":180,"texture":"#0"}}},{"from":[3.6,11.3,0.9],"to":[6.6,11.3,3.9],"rotation":{"angle":45,"axis":"z","origin":[16.5,10,6.9]},"faces":{"north":{"uv":[10.5,0.5,7,0.5],"texture":"#0"},"east":{"uv":[6.5,0,6.5,7.25],"rotation":270,"texture":"#0"},"south":{"uv":[10.5,0,7,0],"rotation":180,"texture":"#0"},"west":{"uv":[6,0,6,7.25],"rotation":90,"texture":"#0"},"up":{"uv":[14,5.5,16,4],"texture":"#0"},"down":{"uv":[16,5.5,14,4],"rotation":180,"texture":"#0"}}},{"from":[10.5,11.4,0.9],"to":[13.3,11.4,3.9],"rotation":{"angle":-45,"axis":"z","origin":[0.5,10,6.9]},"faces":{"north":{"uv":[7,0.5,10.5,0.5],"texture":"#0"},"east":{"uv":[6,0,6,7.25],"rotation":270,"texture":"#0"},"south":{"uv":[7,0,10.5,0],"rotation":180,"texture":"#0"},"west":{"uv":[6.5,0,6.5,7.25],"rotation":90,"texture":"#0"},"up":{"uv":[16,5.5,14,4],"texture":"#0"},"down":{"uv":[14,5.5,16,4],"rotation":180,"texture":"#0"}}},{"from":[10.5,10.4,-0.1],"to":[13.3,10.4,2.9],"rotation":{"angle":-45,"axis":"z","origin":[0.5,9,5.9]},"faces":{"north":{"uv":[7,0.5,10.5,0.5],"texture":"#0"},"east":{"uv":[6,0,6,7.25],"rotation":270,"texture":"#0"},"south":{"uv":[7,0,10.5,0],"rotation":180,"texture":"#0"},"west":{"uv":[6.5,0,6.5,7.25],"rotation":90,"texture":"#0"},"up":{"uv":[16,5.5,14,4],"texture":"#0"},"down":{"uv":[14,5.5,16,4],"rotation":180,"texture":"#0"}}},{"from":[3.6,10.3,-0.1],"to":[6.6,10.3,2.9],"rotation":{"angle":45,"axis":"z","origin":[16.5,9,5.9]},"faces":{"north":{"uv":[10.5,0.5,7,0.5],"texture":"#0"},"east":{"uv":[6.5,0,6.5,7.25],"rotation":270,"texture":"#0"},"south":{"uv":[10.5,0,7,0],"rotation":180,"texture":"#0"},"west":{"uv":[6,0,6,7.25],"rotation":90,"texture":"#0"},"up":{"uv":[14,5.5,16,4],"texture":"#0"},"down":{"uv":[16,5.5,14,4],"rotation":180,"texture":"#0"}}},{"from":[10.5,-15.4,-0.1],"to":[13.3,-15.4,2.9],"rotation":{"angle":45,"axis":"z","origin":[0.5,-14,5.9]},"faces":{"north":{"uv":[7,0.5,10.5,0.5],"texture":"#0"},"east":{"uv":[6,0,6,7.25],"rotation":270,"texture":"#0"},"south":{"uv":[7,0,10.5,0],"rotation":180,"texture":"#0"},"west":{"uv":[6.5,0,6.5,7.25],"rotation":90,"texture":"#0"},"up":{"uv":[14,4,16,5.5],"rotation":180,"texture":"#0"},"down":{"uv":[16,4,14,5.5],"texture":"#0"}}},{"from":[3.6,-15.3,-0.1],"to":[6.6,-15.3,2.9],"rotation":{"angle":-45,"axis":"z","origin":[16.5,-14,5.9]},"faces":{"north":{"uv":[10.5,0.5,7,0.5],"texture":"#0"},"east":{"uv":[6.5,0,6.5,7.25],"rotation":270,"texture":"#0"},"south":{"uv":[10.5,0,7,0],"rotation":180,"texture":"#0"},"west":{"uv":[6,0,6,7.25],"rotation":90,"texture":"#0"},"up":{"uv":[16,4,14,5.5],"rotation":180,"texture":"#0"},"down":{"uv":[14,4,16,5.5],"texture":"#0"}}},{"from":[3.6,11.3,12.1],"to":[6.6,11.3,15.1],"rotation":{"angle":45,"axis":"z","origin":[16.5,10,9.1]},"faces":{"north":{"uv":[7,0,10.5,0],"rotation":180,"texture":"#0"},"east":{"uv":[6.5,7.25,6.5,0],"rotation":270,"texture":"#0"},"south":{"uv":[7,0.5,10.5,0.5],"texture":"#0"},"west":{"uv":[6,7.25,6,0],"rotation":90,"texture":"#0"},"up":{"uv":[14,4,16,5.5],"texture":"#0"},"down":{"uv":[16,4,14,5.5],"rotation":180,"texture":"#0"}}},{"from":[3.6,12.3,11.1],"to":[6.6,12.3,14.1],"rotation":{"angle":45,"axis":"z","origin":[16.5,11,8.1]},"faces":{"north":{"uv":[7,0,10.5,0],"rotation":180,"texture":"#0"},"east":{"uv":[6.5,7.25,6.5,0],"rotation":270,"texture":"#0"},"south":{"uv":[7,0.5,10.5,0.5],"texture":"#0"},"west":{"uv":[6,7.25,6,0],"rotation":90,"texture":"#0"},"up":{"uv":[14,4,16,5.5],"texture":"#0"},"down":{"uv":[16,4,14,5.5],"rotation":180,"texture":"#0"}}},{"from":[3.6,13.3,10.1],"to":[6.6,13.3,13.1],"rotation":{"angle":45,"axis":"z","origin":[16.5,12,7.1]},"faces":{"north":{"uv":[7,0,10.5,0],"rotation":180,"texture":"#0"},"east":{"uv":[6.5,7.25,6.5,0],"rotation":270,"texture":"#0"},"south":{"uv":[7,0.5,10.5,0.5],"texture":"#0"},"west":{"uv":[6,7.25,6,0],"rotation":90,"texture":"#0"},"up":{"uv":[14,4,16,5.5],"texture":"#0"},"down":{"uv":[16,4,14,5.5],"rotation":180,"texture":"#0"}}},{"from":[3.6,10.3,13.1],"to":[6.6,10.3,16.1],"rotation":{"angle":45,"axis":"z","origin":[16.5,9,10.1]},"faces":{"north":{"uv":[7,0,10.5,0],"rotation":180,"texture":"#0"},"east":{"uv":[6.5,7.25,6.5,0],"rotation":270,"texture":"#0"},"south":{"uv":[7,0.5,10.5,0.5],"texture":"#0"},"west":{"uv":[6,7.25,6,0],"rotation":90,"texture":"#0"},"up":{"uv":[14,4,16,5.5],"texture":"#0"},"down":{"uv":[16,4,14,5.5],"rotation":180,"texture":"#0"}}},{"from":[10.5,11.4,12.1],"to":[13.3,11.4,15.1],"rotation":{"angle":-45,"axis":"z","origin":[0.5,10,9.1]},"faces":{"north":{"uv":[10.5,0,7,0],"rotation":180,"texture":"#0"},"east":{"uv":[6,7.25,6,0],"rotation":270,"texture":"#0"},"south":{"uv":[10.5,0.5,7,0.5],"texture":"#0"},"west":{"uv":[6.5,7.25,6.5,0],"rotation":90,"texture":"#0"},"up":{"uv":[16,4,14,5.5],"texture":"#0"},"down":{"uv":[14,4,16,5.5],"rotation":180,"texture":"#0"}}},{"from":[10.5,10.4,13.1],"to":[13.3,10.4,16.1],"rotation":{"angle":-45,"axis":"z","origin":[0.5,9,10.1]},"faces":{"north":{"uv":[10.5,0,7,0],"rotation":180,"texture":"#0"},"east":{"uv":[6,7.25,6,0],"rotation":270,"texture":"#0"},"south":{"uv":[10.5,0.5,7,0.5],"texture":"#0"},"west":{"uv":[6.5,7.25,6.5,0],"rotation":90,"texture":"#0"},"up":{"uv":[16,4,14,5.5],"texture":"#0"},"down":{"uv":[14,4,16,5.5],"rotation":180,"texture":"#0"}}},{"from":[10.5,13.4,10.1],"to":[13.3,13.4,13.1],"rotation":{"angle":-45,"axis":"z","origin":[0.5,12,7.1]},"faces":{"north":{"uv":[10.5,0,7,0],"rotation":180,"texture":"#0"},"east":{"uv":[6,7.25,6,0],"rotation":270,"texture":"#0"},"south":{"uv":[10.5,0.5,7,0.5],"texture":"#0"},"west":{"uv":[6.5,7.25,6.5,0],"rotation":90,"texture":"#0"},"up":{"uv":[16,4,14,5.5],"texture":"#0"},"down":{"uv":[14,4,16,5.5],"rotation":180,"texture":"#0"}}},{"from":[10.5,12.4,11.1],"to":[13.3,12.4,14.1],"rotation":{"angle":-45,"axis":"z","origin":[0.5,11,8.1]},"faces":{"north":{"uv":[10.5,0,7,0],"rotation":180,"texture":"#0"},"east":{"uv":[6,7.25,6,0],"rotation":270,"texture":"#0"},"south":{"uv":[10.5,0.5,7,0.5],"texture":"#0"},"west":{"uv":[6.5,7.25,6.5,0],"rotation":90,"texture":"#0"},"up":{"uv":[16,4,14,5.5],"texture":"#0"},"down":{"uv":[14,4,16,5.5],"rotation":180,"texture":"#0"}}},{"from":[6.64576,-9.44028,1.9],"to":[9.64576,-9.44028,4.9],"rotation":{"angle":-45,"axis":"z","origin":[8.53536,-8.39358,8.5]},"faces":{"north":{"uv":[10.5,0.5,7,0.5],"texture":"#0"},"east":{"uv":[6.5,0,6.5,7.25],"rotation":270,"texture":"#0"},"south":{"uv":[10.5,0,7,0],"rotation":180,"texture":"#0"},"west":{"uv":[6,0,6,7.25],"rotation":90,"texture":"#0"},"up":{"uv":[16,4,14,5.5],"rotation":180,"texture":"#0"},"down":{"uv":[14,4,16,5.5],"texture":"#0"}}},{"from":[7.47495,-9.49028,1.9],"to":[10.27495,-9.49028,4.9],"rotation":{"angle":45,"axis":"z","origin":[8.53536,-8.39358,8.5]},"faces":{"north":{"uv":[7,0.5,10.5,0.5],"texture":"#0"},"east":{"uv":[6,0,6,7.25],"rotation":270,"texture":"#0"},"south":{"uv":[7,0,10.5,0],"rotation":180,"texture":"#0"},"west":{"uv":[6.5,0,6.5,7.25],"rotation":90,"texture":"#0"},"up":{"uv":[14,4,16,5.5],"rotation":180,"texture":"#0"},"down":{"uv":[16,4,14,5.5],"texture":"#0"}}},{"from":[7.35287,-10.14738,2.9],"to":[10.35287,-10.14738,5.9],"rotation":{"angle":-45,"axis":"z","origin":[8.53536,-8.39358,8.5]},"faces":{"north":{"uv":[10.5,0.5,7,0.5],"texture":"#0"},"east":{"uv":[6.5,0,6.5,7.25],"rotation":270,"texture":"#0"},"south":{"uv":[10.5,0,7,0],"rotation":180,"texture":"#0"},"west":{"uv":[6,0,6,7.25],"rotation":90,"texture":"#0"},"up":{"uv":[16,4,14,5.5],"rotation":180,"texture":"#0"},"down":{"uv":[14,4,16,5.5],"texture":"#0"}}},{"from":[6.76784,-10.19738,2.9],"to":[9.56784,-10.19738,5.9],"rotation":{"angle":45,"axis":"z","origin":[8.53536,-8.39358,8.5]},"faces":{"north":{"uv":[7,0.5,10.5,0.5],"texture":"#0"},"east":{"uv":[6,0,6,7.25],"rotation":270,"texture":"#0"},"south":{"uv":[7,0,10.5,0],"rotation":180,"texture":"#0"},"west":{"uv":[6.5,0,6.5,7.25],"rotation":90,"texture":"#0"},"up":{"uv":[14,4,16,5.5],"rotation":180,"texture":"#0"},"down":{"uv":[16,4,14,5.5],"texture":"#0"}}},{"from":[5.93866,-8.73317,0.9],"to":[8.93866,-8.73317,3.9],"rotation":{"angle":-45,"axis":"z","origin":[8.53536,-8.39358,8.5]},"faces":{"north":{"uv":[10.5,0.5,7,0.5],"texture":"#0"},"east":{"uv":[6.5,0,6.5,7.25],"rotation":270,"texture":"#0"},"south":{"uv":[10.5,0,7,0],"rotation":180,"texture":"#0"},"west":{"uv":[6,0,6,7.25],"rotation":90,"texture":"#0"},"up":{"uv":[16,4,14,5.5],"rotation":180,"texture":"#0"},"down":{"uv":[14,4,16,5.5],"texture":"#0"}}},{"from":[8.18205,-8.78317,0.9],"to":[10.98205,-8.78317,3.9],"rotation":{"angle":45,"axis":"z","origin":[8.53536,-8.39358,8.5]},"faces":{"north":{"uv":[7,0.5,10.5,0.5],"texture":"#0"},"east":{"uv":[6,0,6,7.25],"rotation":270,"texture":"#0"},"south":{"uv":[7,0,10.5,0],"rotation":180,"texture":"#0"},"west":{"uv":[6.5,0,6.5,7.25],"rotation":90,"texture":"#0"},"up":{"uv":[14,4,16,5.5],"rotation":180,"texture":"#0"},"down":{"uv":[16,4,14,5.5],"texture":"#0"}}},{"from":[5.93866,-8.73317,12.1],"to":[8.93866,-8.73317,15.1],"rotation":{"angle":-45,"axis":"z","origin":[8.53536,-8.39358,8.5]},"faces":{"north":{"uv":[7,0,10.5,0],"rotation":180,"texture":"#0"},"east":{"uv":[6.5,7.25,6.5,0],"rotation":270,"texture":"#0"},"south":{"uv":[7,0.5,10.5,0.5],"texture":"#0"},"west":{"uv":[6,7.25,6,0],"rotation":90,"texture":"#0"},"up":{"uv":[16,5.5,14,4],"rotation":180,"texture":"#0"},"down":{"uv":[14,5.5,16,4],"texture":"#0"}}},{"from":[6.64576,-9.44028,11.1],"to":[9.64576,-9.44028,14.1],"rotation":{"angle":-45,"axis":"z","origin":[8.53536,-8.39358,8.5]},"faces":{"north":{"uv":[7,0,10.5,0],"rotation":180,"texture":"#0"},"east":{"uv":[6.5,7.25,6.5,0],"rotation":270,"texture":"#0"},"south":{"uv":[7,0.5,10.5,0.5],"texture":"#0"},"west":{"uv":[6,7.25,6,0],"rotation":90,"texture":"#0"},"up":{"uv":[16,5.5,14,4],"rotation":180,"texture":"#0"},"down":{"uv":[14,5.5,16,4],"texture":"#0"}}},{"from":[1.65435,-3,-4.24863],"to":[1.65435,6,4.75137],"rotation":{"angle":-22.5,"axis":"y","origin":[0.65435,27.5,13.25137]},"faces":{"north":{"uv":[0,0,0,9.5],"texture":"#4"},"east":{"uv":[9,7,0,16],"texture":"#4"},"south":{"uv":[0,0,0,9.5],"texture":"#4"},"west":{"uv":[0,7,9,16],"texture":"#4"},"up":{"uv":[0,0,5.5,0],"rotation":270,"texture":"#4"},"down":{"uv":[0,0,5.5,0],"rotation":90,"texture":"#4"}}},{"from":[15.34565,-3,-4.24863],"to":[15.34565,6,4.75137],"rotation":{"angle":22.5,"axis":"y","origin":[17.34565,27.5,13.25137]},"faces":{"north":{"uv":[0,0,0,9.5],"texture":"#4"},"east":{"uv":[9,7,0,16],"texture":"#4"},"south":{"uv":[0,0,0,9.5],"texture":"#4"},"west":{"uv":[0,7,9,16],"texture":"#4"},"up":{"uv":[0,0,5.5,0],"rotation":270,"texture":"#4"},"down":{"uv":[0,0,5.5,0],"rotation":90,"texture":"#4"}}},{"from":[7.35287,-10.14738,10.1],"to":[10.35287,-10.14738,13.1],"rotation":{"angle":-45,"axis":"z","origin":[8.53536,-8.39358,8.5]},"faces":{"north":{"uv":[7,0,10.5,0],"rotation":180,"texture":"#0"},"east":{"uv":[6.5,7.25,6.5,0],"rotation":270,"texture":"#0"},"south":{"uv":[7,0.5,10.5,0.5],"texture":"#0"},"west":{"uv":[6,7.25,6,0],"rotation":90,"texture":"#0"},"up":{"uv":[16,5.5,14,4],"rotation":180,"texture":"#0"},"down":{"uv":[14,5.5,16,4],"texture":"#0"}}},{"from":[5.23155,-8.02606,13.1],"to":[8.23155,-8.02606,16.1],"rotation":{"angle":-45,"axis":"z","origin":[8.53536,-8.39358,8.5]},"faces":{"north":{"uv":[7,0,10.5,0],"rotation":180,"texture":"#0"},"east":{"uv":[6.5,7.25,6.5,0],"rotation":270,"texture":"#0"},"south":{"uv":[7,0.5,10.5,0.5],"texture":"#0"},"west":{"uv":[6,7.25,6,0],"rotation":90,"texture":"#0"},"up":{"uv":[16,5.5,14,4],"rotation":180,"texture":"#0"},"down":{"uv":[14,5.5,16,4],"texture":"#0"}}},{"from":[8.18205,-8.78317,12.1],"to":[10.98205,-8.78317,15.1],"rotation":{"angle":45,"axis":"z","origin":[8.53536,-8.39358,8.5]},"faces":{"north":{"uv":[10.5,0,7,0],"rotation":180,"texture":"#0"},"east":{"uv":[6,7.25,6,0],"rotation":270,"texture":"#0"},"south":{"uv":[10.5,0.5,7,0.5],"texture":"#0"},"west":{"uv":[6.5,7.25,6.5,0],"rotation":90,"texture":"#0"},"up":{"uv":[14,5.5,16,4],"rotation":180,"texture":"#0"},"down":{"uv":[16,5.5,14,4],"texture":"#0"}}},{"from":[8.88916,-8.07606,13.1],"to":[11.68916,-8.07606,16.1],"rotation":{"angle":45,"axis":"z","origin":[8.53536,-8.39358,8.5]},"faces":{"north":{"uv":[10.5,0,7,0],"rotation":180,"texture":"#0"},"east":{"uv":[6,7.25,6,0],"rotation":270,"texture":"#0"},"south":{"uv":[10.5,0.5,7,0.5],"texture":"#0"},"west":{"uv":[6.5,7.25,6.5,0],"rotation":90,"texture":"#0"},"up":{"uv":[14,5.5,16,4],"rotation":180,"texture":"#0"},"down":{"uv":[16,5.5,14,4],"texture":"#0"}}},{"from":[6.76784,-10.19738,10.1],"to":[9.56784,-10.19738,13.1],"rotation":{"angle":45,"axis":"z","origin":[8.53536,-8.39358,8.5]},"faces":{"north":{"uv":[10.5,0,7,0],"rotation":180,"texture":"#0"},"east":{"uv":[6,7.25,6,0],"rotation":270,"texture":"#0"},"south":{"uv":[10.5,0.5,7,0.5],"texture":"#0"},"west":{"uv":[6.5,7.25,6.5,0],"rotation":90,"texture":"#0"},"up":{"uv":[14,5.5,16,4],"rotation":180,"texture":"#0"},"down":{"uv":[16,5.5,14,4],"texture":"#0"}}},{"from":[7.47495,-9.49028,11.1],"to":[10.27495,-9.49028,14.1],"rotation":{"angle":45,"axis":"z","origin":[8.53536,-8.39358,8.5]},"faces":{"north":{"uv":[10.5,0,7,0],"rotation":180,"texture":"#0"},"east":{"uv":[6,7.25,6,0],"rotation":270,"texture":"#0"},"south":{"uv":[10.5,0.5,7,0.5],"texture":"#0"},"west":{"uv":[6.5,7.25,6.5,0],"rotation":90,"texture":"#0"},"up":{"uv":[14,5.5,16,4],"rotation":180,"texture":"#0"},"down":{"uv":[16,5.5,14,4],"texture":"#0"}}},{"from":[8.5,-12,-2],"to":[8.5,7,7],"rotation":{"angle":0,"axis":"y","origin":[1,0,7]},"faces":{"north":{"uv":[0,0,0,9.5],"texture":"#3"},"east":{"uv":[0,0,4.5,9.5],"texture":"#3"},"south":{"uv":[0,0,0,9.5],"texture":"#3"},"west":{"uv":[4.5,0,0,9.5],"texture":"#3"},"up":{"uv":[0,4.5,0,0],"texture":"#3"},"down":{"uv":[0,0,0,4.5],"texture":"#3"}}},{"from":[8.5,4,6],"to":[8.5,8,11],"rotation":{"angle":0,"axis":"y","origin":[1,4,10]},"faces":{"north":{"uv":[13.5,7.25,13.5,9.25],"texture":"#1"},"east":{"uv":[16,7.25,13.5,9.25],"texture":"#1"},"south":{"uv":[13.5,7.25,13.5,9.25],"texture":"#1"},"west":{"uv":[13.5,7.25,16,9.25],"texture":"#1"},"up":{"uv":[13.5,7.25,13.5,9.75],"texture":"#1"},"down":{"uv":[13.5,7.25,13.5,9.75],"texture":"#1"}}},{"from":[8.5,-13,6],"to":[8.5,-9,11],"rotation":{"angle":0,"axis":"y","origin":[1,12,10]},"faces":{"north":{"uv":[13.5,9.25,13.5,7.25],"texture":"#1"},"east":{"uv":[16,9.25,13.5,7.25],"texture":"#1"},"south":{"uv":[13.5,9.25,13.5,7.25],"texture":"#1"},"west":{"uv":[13.5,9.25,16,7.25],"texture":"#1"},"up":{"uv":[13.5,9.75,13.5,7.25],"texture":"#1"},"down":{"uv":[13.5,9.75,13.5,7.25],"texture":"#1"}}}],"gui_light":"front","display":{"thirdperson_righthand":{"translation":[-0.25,2.5,-0.75],"scale":[0.44414,0.44414,0.44414]},"thirdperson_lefthand":{"translation":[0.25,2.5,-0.75],"scale":[0.44414,0.44414,0.44414]},"firstperson_righthand":{"rotation":[90,0,0],"translation":[0.5,2.75,4.75],"scale":[0.64453,0.64453,0.64453]},"firstperson_lefthand":{"rotation":[90,0,0],"translation":[0.5,2.75,5.25],"scale":[0.64453,0.64453,0.64453]},"ground":{"translation":[0,7.25,0],"scale":[0.4043,0.4043,0.4043]},"gui":{"rotation":[0,81,-45],"translation":[1.75,5.75,-2],"scale":[0.77945,0.77945,0.77945]},"head":{"rotation":[-135.5,0,0],"translation":[0,20.5,4.75],"scale":[0,0,0]},"fixed":{"rotation":[0,-90,0],"translation":[-1.75,14.5,-4.75],"scale":[1.4,1.4,1.4]}},"groups":[0,1,2,3,4,5,6,7,8,9,10,11,12,13,14,15,{"name":"group","origin":[-0.5,11,1.1],"color":0,"children":[16,17,18,19,20,21,22,23,24,25,26,27,28,29,30,31,32,33]},{"name":"group","origin":[-0.5,11,1.1],"color":0,"children":[34,35,36,37,38,39,40,41,42,43,44,45,46,47,48,49]},50,51,52]}