{"credit":"Made with Blockbench","texture_size":[32,32],"textures":{"2":"elitecreatures:azgad_weapon/azgadtex4","3":"elitecreatures:azgad_weapon/azgadtex2","5":"elitecreatures:azgad_weapon/azgadtex3","6":"elitecreatures:azgad_weapon/azgadtex6","particle":"elitecreatures:azgad_weapon/azgadtex1"},"elements":[{"from":[6,1,6],"to":[11,2,11],"faces":{"north":{"uv":[13.5,13,16,13.5],"texture":"#5"},"east":{"uv":[13.5,13,16,13.5],"texture":"#5"},"south":{"uv":[13.5,13,16,13.5],"texture":"#5"},"west":{"uv":[13.5,13,16,13.5],"texture":"#5"},"up":{"uv":[6.5,13.5,9,16],"texture":"#5"},"down":{"uv":[6.5,13.5,9,16],"texture":"#5"}}},{"from":[6,9,6],"to":[11,10,11],"rotation":{"angle":0,"axis":"y","origin":[0,16,0]},"faces":{"north":{"uv":[13.5,13.5,16,13],"texture":"#5"},"east":{"uv":[13.5,13.5,16,13],"texture":"#5"},"south":{"uv":[13.5,13.5,16,13],"texture":"#5"},"west":{"uv":[13.5,13.5,16,13],"texture":"#5"},"up":{"uv":[6.5,16,9,13.5],"texture":"#5"},"down":{"uv":[6.5,16,9,13.5],"texture":"#5"}}},{"from":[7,10,7],"to":[10,11,10],"faces":{"north":{"uv":[7.5,6,10.5,7],"texture":"#3"},"east":{"uv":[7.5,6,10.5,7],"texture":"#3"},"south":{"uv":[7.5,6,10.5,7],"texture":"#3"},"west":{"uv":[7.5,6,10.5,7],"texture":"#3"},"up":{"uv":[7.5,3,10.5,6],"texture":"#3"},"down":{"uv":[7.5,3,10.5,6],"texture":"#3"}}},{"from":[7,0,7],"to":[10,1,10],"rotation":{"angle":0,"axis":"y","origin":[0,16,0]},"faces":{"north":{"uv":[7.5,7,10.5,6],"texture":"#3"},"east":{"uv":[7.5,7,10.5,6],"texture":"#3"},"south":{"uv":[7.5,7,10.5,6],"texture":"#3"},"west":{"uv":[7.5,7,10.5,6],"texture":"#3"},"up":{"uv":[7.5,6,10.5,3],"texture":"#3"},"down":{"uv":[7.5,6,10.5,3],"texture":"#3"}}},{"from":[7,3,7],"to":[10,8,10],"faces":{"north":{"uv":[9,7,12,12],"texture":"#3"},"east":{"uv":[9,7,12,12],"texture":"#3"},"south":{"uv":[9,7,12,12],"texture":"#3"},"west":{"uv":[9,7,12,12],"texture":"#3"},"up":{"uv":[7,0,10,3],"texture":"#3"},"down":{"uv":[7,0,10,3],"texture":"#3"}}},{"from":[6,8,7],"to":[7,9,10],"faces":{"north":{"uv":[8,11,9,12],"texture":"#3"},"east":{"uv":[3,15,6,16],"texture":"#3"},"south":{"uv":[9,11,8,12],"texture":"#3"},"west":{"uv":[3,14,6,15],"texture":"#3"},"up":{"uv":[0,14,3,15],"rotation":90,"texture":"#3"},"down":{"uv":[0,16,3,15],"rotation":90,"texture":"#3"}}},{"from":[10,8,7],"to":[11,9,10],"faces":{"north":{"uv":[9,11,8,12],"texture":"#3"},"east":{"uv":[3,15,6,16],"texture":"#3"},"south":{"uv":[8,11,9,12],"texture":"#3"},"west":{"uv":[3,14,6,15],"texture":"#3"},"up":{"uv":[0,14,3,15],"rotation":90,"texture":"#3"},"down":{"uv":[3,15,0,16],"rotation":90,"texture":"#3"}}},{"from":[7,8,10],"to":[10,9,11],"faces":{"north":{"uv":[3,14,6,15],"texture":"#3"},"east":{"uv":[9,11,8,12],"texture":"#3"},"south":{"uv":[3,15,6,16],"texture":"#3"},"west":{"uv":[8,11,9,12],"texture":"#3"},"up":{"uv":[0,14,3,15],"rotation":180,"texture":"#3"},"down":{"uv":[3,15,0,16],"texture":"#3"}}},{"from":[7,8,6],"to":[10,9,7],"rotation":{"angle":0,"axis":"y","origin":[0,0,16]},"faces":{"north":{"uv":[6,15,3,16],"texture":"#3"},"east":{"uv":[8,11,9,12],"texture":"#3"},"south":{"uv":[6,14,3,15],"texture":"#3"},"west":{"uv":[9,11,8,12],"texture":"#3"},"up":{"uv":[0,15,3,14],"rotation":180,"texture":"#3"},"down":{"uv":[3,16,0,15],"texture":"#3"}}},{"from":[7,2,10],"to":[10,3,11],"rotation":{"angle":0,"axis":"y","origin":[0,16,0]},"faces":{"north":{"uv":[3,15,6,14],"texture":"#3"},"east":{"uv":[9,12,8,11],"texture":"#3"},"south":{"uv":[3,16,6,15],"texture":"#3"},"west":{"uv":[8,12,9,11],"texture":"#3"},"up":{"uv":[0,16,3,15],"texture":"#3"},"down":{"uv":[0,15,3,14],"rotation":180,"texture":"#3"}}},{"from":[6,2,7],"to":[7,3,10],"rotation":{"angle":0,"axis":"y","origin":[0,16,0]},"faces":{"north":{"uv":[8,12,9,11],"texture":"#3"},"east":{"uv":[3,16,6,15],"texture":"#3"},"south":{"uv":[9,12,8,11],"texture":"#3"},"west":{"uv":[3,15,6,14],"texture":"#3"},"up":{"uv":[0,16,3,15],"rotation":90,"texture":"#3"},"down":{"uv":[3,14,0,15],"rotation":90,"texture":"#3"}}},{"from":[7,2,6],"to":[10,3,7],"rotation":{"angle":0,"axis":"y","origin":[0,16,16]},"faces":{"north":{"uv":[6,16,3,15],"texture":"#3"},"east":{"uv":[8,12,9,11],"texture":"#3"},"south":{"uv":[6,15,3,14],"texture":"#3"},"west":{"uv":[9,12,8,11],"texture":"#3"},"up":{"uv":[0,15,3,16],"texture":"#3"},"down":{"uv":[0,14,3,15],"rotation":180,"texture":"#3"}}},{"from":[10,2,7],"to":[11,3,10],"rotation":{"angle":0,"axis":"y","origin":[0,16,0]},"faces":{"north":{"uv":[9,12,8,11],"texture":"#3"},"east":{"uv":[3,16,6,15],"texture":"#3"},"south":{"uv":[8,12,9,11],"texture":"#3"},"west":{"uv":[3,15,6,14],"texture":"#3"},"up":{"uv":[3,15,0,16],"rotation":90,"texture":"#3"},"down":{"uv":[3,14,0,15],"rotation":90,"texture":"#3"}}},{"from":[5.46328,6.5,5.7285],"to":[5.46328,9.5,8.5285],"rotation":{"angle":0,"axis":"y","origin":[5.50642,11.5,7.43536]},"faces":{"north":{"uv":[6.5,7.25,6.5,0],"texture":"#2"},"east":{"uv":[14,5.5,16,4],"texture":"#2"},"south":{"uv":[6,7.25,6,0],"texture":"#2"},"west":{"uv":[16,5.5,14,4],"texture":"#2"},"up":{"uv":[7,0.5,10.5,0.5],"rotation":270,"texture":"#2"},"down":{"uv":[7,0,10.5,0],"rotation":90,"texture":"#2"}}},{"from":[5.44957,6.5,5.74221],"to":[8.44957,9.5,5.74221],"rotation":{"angle":0,"axis":"y","origin":[5.50642,11.5,7.43536]},"faces":{"north":{"uv":[14,5.5,16,4],"texture":"#2"},"east":{"uv":[6,7.25,6,0],"texture":"#2"},"south":{"uv":[16,5.5,14,4],"texture":"#2"},"west":{"uv":[6.5,7.25,6.5,0],"texture":"#2"},"up":{"uv":[10.5,0.5,7,0.5],"texture":"#2"},"down":{"uv":[10.5,0,7,0],"texture":"#2"}}},{"from":[8.45043,6.5,5.74221],"to":[11.45043,9.5,5.74221],"rotation":{"angle":0,"axis":"y","origin":[10.49358,11.5,7.43536]},"faces":{"north":{"uv":[16,5.5,14,4],"texture":"#2"},"east":{"uv":[6.5,7.25,6.5,0],"texture":"#2"},"south":{"uv":[14,5.5,16,4],"texture":"#2"},"west":{"uv":[6,7.25,6,0],"texture":"#2"},"up":{"uv":[7,0.5,10.5,0.5],"texture":"#2"},"down":{"uv":[7,0,10.5,0],"texture":"#2"}}},{"from":[11.43672,6.5,5.7285],"to":[11.43672,9.5,8.5285],"rotation":{"angle":0,"axis":"y","origin":[10.49358,11.5,7.43536]},"faces":{"north":{"uv":[6.5,7.25,6.5,0],"texture":"#2"},"east":{"uv":[14,5.5,16,4],"texture":"#2"},"south":{"uv":[6,7.25,6,0],"texture":"#2"},"west":{"uv":[16,5.5,14,4],"texture":"#2"},"up":{"uv":[7,0.5,10.5,0.5],"rotation":270,"texture":"#2"},"down":{"uv":[7,0,10.5,0],"rotation":90,"texture":"#2"}}},{"from":[8.45043,6.5,11.25779],"to":[11.45043,9.5,11.25779],"rotation":{"angle":0,"axis":"y","origin":[10.49358,11.5,8.56464]},"faces":{"north":{"uv":[16,5.5,14,4],"texture":"#2"},"east":{"uv":[6.5,7.25,6.5,0],"texture":"#2"},"south":{"uv":[14,5.5,16,4],"texture":"#2"},"west":{"uv":[6,7.25,6,0],"texture":"#2"},"up":{"uv":[7,0.5,10.5,0.5],"texture":"#2"},"down":{"uv":[7,0,10.5,0],"texture":"#2"}}},{"from":[11.43672,6.5,8.4715],"to":[11.43672,9.5,11.2715],"rotation":{"angle":0,"axis":"y","origin":[10.49358,11.5,8.56464]},"faces":{"north":{"uv":[6,7.25,6,0],"texture":"#2"},"east":{"uv":[16,5.5,14,4],"texture":"#2"},"south":{"uv":[6.5,7.25,6.5,0],"texture":"#2"},"west":{"uv":[14,5.5,16,4],"texture":"#2"},"up":{"uv":[10.5,0.5,7,0.5],"rotation":270,"texture":"#2"},"down":{"uv":[10.5,0,7,0],"rotation":90,"texture":"#2"}}},{"from":[5.44957,6.5,11.25779],"to":[8.44957,9.5,11.25779],"rotation":{"angle":0,"axis":"y","origin":[5.50642,11.5,8.56464]},"faces":{"north":{"uv":[14,5.5,16,4],"texture":"#2"},"east":{"uv":[6,7.25,6,0],"texture":"#2"},"south":{"uv":[16,5.5,14,4],"texture":"#2"},"west":{"uv":[6.5,7.25,6.5,0],"texture":"#2"},"up":{"uv":[10.5,0.5,7,0.5],"texture":"#2"},"down":{"uv":[10.5,0,7,0],"texture":"#2"}}},{"from":[5.46328,6.5,8.4715],"to":[5.46328,9.5,11.2715],"rotation":{"angle":0,"axis":"y","origin":[5.50642,11.5,8.56464]},"faces":{"north":{"uv":[6,7.25,6,0],"texture":"#2"},"east":{"uv":[16,5.5,14,4],"texture":"#2"},"south":{"uv":[6.5,7.25,6.5,0],"texture":"#2"},"west":{"uv":[14,5.5,16,4],"texture":"#2"},"up":{"uv":[10.5,0.5,7,0.5],"rotation":270,"texture":"#2"},"down":{"uv":[10.5,0,7,0],"rotation":90,"texture":"#2"}}},{"from":[5.46328,1.5,5.7285],"to":[5.46328,4.5,8.5285],"rotation":{"angle":0,"axis":"y","origin":[5.50642,4.5,7.43536]},"faces":{"north":{"uv":[6.5,0,6.5,7.25],"texture":"#2"},"east":{"uv":[14,4,16,5.5],"texture":"#2"},"south":{"uv":[6,0,6,7.25],"texture":"#2"},"west":{"uv":[16,4,14,5.5],"texture":"#2"},"up":{"uv":[10.5,0,7,0],"rotation":90,"texture":"#2"},"down":{"uv":[10.5,0.5,7,0.5],"rotation":270,"texture":"#2"}}},{"from":[5.44957,1.5,5.74221],"to":[8.44957,4.5,5.74221],"rotation":{"angle":0,"axis":"y","origin":[5.50642,4.5,7.43536]},"faces":{"north":{"uv":[14,4,16,5.5],"texture":"#2"},"east":{"uv":[6,0,6,7.25],"texture":"#2"},"south":{"uv":[16,4,14,5.5],"texture":"#2"},"west":{"uv":[6.5,0,6.5,7.25],"texture":"#2"},"up":{"uv":[10.5,0,7,0],"texture":"#2"},"down":{"uv":[10.5,0.5,7,0.5],"texture":"#2"}}},{"from":[8.45043,1.5,5.74221],"to":[11.45043,4.5,5.74221],"rotation":{"angle":0,"axis":"y","origin":[10.49358,4.5,7.43536]},"faces":{"north":{"uv":[16,4,14,5.5],"texture":"#2"},"east":{"uv":[6.5,0,6.5,7.25],"texture":"#2"},"south":{"uv":[14,4,16,5.5],"texture":"#2"},"west":{"uv":[6,0,6,7.25],"texture":"#2"},"up":{"uv":[7,0,10.5,0],"texture":"#2"},"down":{"uv":[7,0.5,10.5,0.5],"texture":"#2"}}},{"from":[11.43672,1.5,5.7285],"to":[11.43672,4.5,8.5285],"rotation":{"angle":0,"axis":"y","origin":[10.49358,4.5,7.43536]},"faces":{"north":{"uv":[6.5,0,6.5,7.25],"texture":"#2"},"east":{"uv":[14,4,16,5.5],"texture":"#2"},"south":{"uv":[6,0,6,7.25],"texture":"#2"},"west":{"uv":[16,4,14,5.5],"texture":"#2"},"up":{"uv":[10.5,0,7,0],"rotation":90,"texture":"#2"},"down":{"uv":[10.5,0.5,7,0.5],"rotation":270,"texture":"#2"}}},{"from":[8.45043,1.5,11.25779],"to":[11.45043,4.5,11.25779],"rotation":{"angle":0,"axis":"y","origin":[10.49358,4.5,8.56464]},"faces":{"north":{"uv":[16,4,14,5.5],"texture":"#2"},"east":{"uv":[6.5,0,6.5,7.25],"texture":"#2"},"south":{"uv":[14,4,16,5.5],"texture":"#2"},"west":{"uv":[6,0,6,7.25],"texture":"#2"},"up":{"uv":[7,0,10.5,0],"texture":"#2"},"down":{"uv":[7,0.5,10.5,0.5],"texture":"#2"}}},{"from":[11.43672,1.5,8.4715],"to":[11.43672,4.5,11.2715],"rotation":{"angle":0,"axis":"y","origin":[10.49358,4.5,8.56464]},"faces":{"north":{"uv":[6,0,6,7.25],"texture":"#2"},"east":{"uv":[16,4,14,5.5],"texture":"#2"},"south":{"uv":[6.5,0,6.5,7.25],"texture":"#2"},"west":{"uv":[14,4,16,5.5],"texture":"#2"},"up":{"uv":[7,0,10.5,0],"rotation":90,"texture":"#2"},"down":{"uv":[7,0.5,10.5,0.5],"rotation":270,"texture":"#2"}}},{"from":[5.44957,1.5,11.25779],"to":[8.44957,4.5,11.25779],"rotation":{"angle":0,"axis":"y","origin":[5.50642,4.5,8.56464]},"faces":{"north":{"uv":[14,4,16,5.5],"texture":"#2"},"east":{"uv":[6,0,6,7.25],"texture":"#2"},"south":{"uv":[16,4,14,5.5],"texture":"#2"},"west":{"uv":[6.5,0,6.5,7.25],"texture":"#2"},"up":{"uv":[10.5,0,7,0],"texture":"#2"},"down":{"uv":[10.5,0.5,7,0.5],"texture":"#2"}}},{"from":[5.46328,1.5,8.4715],"to":[5.46328,4.5,11.2715],"rotation":{"angle":0,"axis":"y","origin":[5.50642,4.5,8.56464]},"faces":{"north":{"uv":[6,0,6,7.25],"texture":"#2"},"east":{"uv":[16,4,14,5.5],"texture":"#2"},"south":{"uv":[6.5,0,6.5,7.25],"texture":"#2"},"west":{"uv":[14,4,16,5.5],"texture":"#2"},"up":{"uv":[7,0,10.5,0],"rotation":90,"texture":"#2"},"down":{"uv":[7,0.5,10.5,0.5],"rotation":270,"texture":"#2"}}},{"from":[5.5,4,8.5],"to":[11.5,13,8.5],"faces":{"north":{"uv":[13,4.5,16,9],"texture":"#6"},"east":{"uv":[13,4.5,13,9],"texture":"#6"},"south":{"uv":[13,4.5,16,9],"texture":"#6"},"west":{"uv":[13,4.5,13,9],"texture":"#6"},"up":{"uv":[0,0,6,0],"texture":"#6"},"down":{"uv":[0,0,6,0],"texture":"#6"}}},{"from":[8.5,4,5.5],"to":[8.5,13,11.5],"faces":{"north":{"uv":[13,4.5,13,9],"texture":"#6"},"east":{"uv":[13,4.5,16,9],"texture":"#6"},"south":{"uv":[13,4.5,13,9],"texture":"#6"},"west":{"uv":[13,4.5,16,9],"texture":"#6"},"up":{"uv":[0,0,6,0],"rotation":90,"texture":"#6"},"down":{"uv":[0,0,6,0],"rotation":270,"texture":"#6"}}},{"from":[5.5,-2,8.5],"to":[11.5,7,8.5],"rotation":{"angle":0,"axis":"y","origin":[0,16,0]},"faces":{"north":{"uv":[13,9,16,4.5],"texture":"#6"},"east":{"uv":[13,9,13,4.5],"texture":"#6"},"south":{"uv":[13,9,16,4.5],"texture":"#6"},"west":{"uv":[13,9,13,4.5],"texture":"#6"},"up":{"uv":[0,0,6,0],"texture":"#6"},"down":{"uv":[0,0,6,0],"texture":"#6"}}},{"from":[8.5,-2,5.5],"to":[8.5,7,11.5],"rotation":{"angle":0,"axis":"y","origin":[0,16,0]},"faces":{"north":{"uv":[13,9,13,4.5],"texture":"#6"},"east":{"uv":[13,9,16,4.5],"texture":"#6"},"south":{"uv":[13,9,13,4.5],"texture":"#6"},"west":{"uv":[13,9,16,4.5],"texture":"#6"},"up":{"uv":[6,0,0,0],"rotation":270,"texture":"#6"},"down":{"uv":[6,0,0,0],"rotation":90,"texture":"#6"}}}],"gui_light":"front","display":{"thirdperson_righthand":{"translation":[-0.25,4.25,1.75],"scale":[0.57305,0.57305,0.57305]},"thirdperson_lefthand":{"translation":[-0.25,4.25,1.75],"scale":[0.57305,0.57305,0.57305]},"firstperson_righthand":{"translation":[0,4.75,0]},"firstperson_lefthand":{"translation":[0,4.75,0]},"ground":{"translation":[0,6,0],"scale":[0.75391,0.75391,0.75391]},"gui":{"translation":[-0.5,2.5,0],"scale":[0.9668,0.9668,0.9668]},"head":{"scale":[0,0,0]},"fixed":{"rotation":[0,-90,0],"translation":[0.75,3.75,-5],"scale":[1.4,1.4,1.4]}},"groups":[0,1,2,3,4,5,6,7,8,9,10,11,12,{"name":"group","origin":[5.50642,11.5,8.56464],"color":0,"children":[13,14,15,16,17,18,19,20]},{"name":"group","origin":[5.50642,11.5,8.56464],"color":0,"children":[21,22,23,24,25,26,27,28]},29,30,31,32]}