{"credit":"Made with Blockbench","textures":{"0":"elitecreatures:azgad_weapon/azgadtex4","2":"elitecreatures:azgad_weapon/eye","4":"elitecreatures:azgad_weapon/azgadtex6","5":"elitecreatures:azgad_weapon/flare","particle":"elitecreatures:azgad_weapon/azgadtex4"},"elements":[{"from":[8.1,-8,6.9],"to":[10.1,1,8.9],"rotation":{"angle":0,"axis":"y","origin":[9.1,5.25,8]},"faces":{"north":{"uv":[7.75,0,8.75,4.5],"texture":"#0"},"east":{"uv":[9.75,0,8.75,4.5],"texture":"#0"},"south":{"uv":[8.75,0,7.75,4.5],"texture":"#0"},"west":{"uv":[9.75,0,8.75,4.5],"texture":"#0"},"up":{"uv":[9.75,4.5,8.75,5.5],"rotation":180,"texture":"#0"},"down":{"uv":[9.75,5.5,8.75,4.5],"rotation":180,"texture":"#0"}}},{"from":[8.1,1,6.9],"to":[10.1,10,8.9],"rotation":{"angle":0,"axis":"y","origin":[9.1,5.25,8]},"faces":{"north":{"uv":[7.75,0,8.75,4.5],"texture":"#0"},"east":{"uv":[9.75,0,8.75,4.5],"texture":"#0"},"south":{"uv":[8.75,0,7.75,4.5],"texture":"#0"},"west":{"uv":[9.75,0,8.75,4.5],"texture":"#0"},"up":{"uv":[9.75,4.5,8.75,5.5],"rotation":180,"texture":"#0"},"down":{"uv":[9.75,5.5,8.75,4.5],"rotation":180,"texture":"#0"}}},{"from":[8.1,10,6.9],"to":[10.1,19,8.9],"rotation":{"angle":0,"axis":"y","origin":[9.1,5.25,8]},"faces":{"north":{"uv":[7.75,0,8.75,4.5],"texture":"#0"},"east":{"uv":[9.75,0,8.75,4.5],"texture":"#0"},"south":{"uv":[8.75,0,7.75,4.5],"texture":"#0"},"west":{"uv":[9.75,0,8.75,4.5],"texture":"#0"},"up":{"uv":[9.75,4.5,8.75,5.5],"rotation":180,"texture":"#0"},"down":{"uv":[9.75,5.5,8.75,4.5],"rotation":180,"texture":"#0"}}},{"from":[7.43274,-4,6.38787],"to":[10.23274,-1,6.38787],"rotation":{"angle":-45,"axis":"y","origin":[9.1,5.25,8]},"faces":{"north":{"uv":[14,4,16,5.5],"texture":"#0"},"east":{"uv":[6,0,6,7.25],"texture":"#0"},"south":{"uv":[16,4,14,5.5],"texture":"#0"},"west":{"uv":[6.5,0,6.5,7.25],"texture":"#0"},"up":{"uv":[7,0,10.5,0],"rotation":180,"texture":"#0"},"down":{"uv":[7,0.5,10.5,0.5],"rotation":180,"texture":"#0"}}},{"from":[7.50345,-1.5,6.45858],"to":[10.30345,1.5,6.45858],"rotation":{"angle":-45,"axis":"y","origin":[9.1,5.25,8]},"faces":{"north":{"uv":[14,4,16,5.5],"texture":"#0"},"east":{"uv":[6,0,6,7.25],"texture":"#0"},"south":{"uv":[16,4,14,5.5],"texture":"#0"},"west":{"uv":[6.5,0,6.5,7.25],"texture":"#0"},"up":{"uv":[7,0,10.5,0],"rotation":180,"texture":"#0"},"down":{"uv":[7,0.5,10.5,0.5],"rotation":180,"texture":"#0"}}},{"from":[7.72584,-4,6.34645],"to":[10.72584,-1,6.34645],"rotation":{"angle":45,"axis":"y","origin":[9.1,5.25,8]},"faces":{"north":{"uv":[16,4,14,5.5],"texture":"#0"},"east":{"uv":[6.5,0,6.5,7.25],"texture":"#0"},"south":{"uv":[14,4,16,5.5],"texture":"#0"},"west":{"uv":[6,0,6,7.25],"texture":"#0"},"up":{"uv":[10.5,0,7,0],"rotation":180,"texture":"#0"},"down":{"uv":[10.5,0.5,7,0.5],"rotation":180,"texture":"#0"}}},{"from":[7.72584,-4,9.65355],"to":[10.72584,-1,9.65355],"rotation":{"angle":-45,"axis":"y","origin":[9.1,5.25,8]},"faces":{"north":{"uv":[16,4,14,5.5],"texture":"#0"},"east":{"uv":[6.5,0,6.5,7.25],"texture":"#0"},"south":{"uv":[14,4,16,5.5],"texture":"#0"},"west":{"uv":[6,0,6,7.25],"texture":"#0"},"up":{"uv":[10.5,0,7,0],"rotation":180,"texture":"#0"},"down":{"uv":[10.5,0.5,7,0.5],"rotation":180,"texture":"#0"}}},{"from":[7.43274,-4,9.61213],"to":[10.23274,-1,9.61213],"rotation":{"angle":45,"axis":"y","origin":[9.1,5.25,8]},"faces":{"north":{"uv":[14,4,16,5.5],"texture":"#0"},"east":{"uv":[6,0,6,7.25],"texture":"#0"},"south":{"uv":[16,4,14,5.5],"texture":"#0"},"west":{"uv":[6.5,0,6.5,7.25],"texture":"#0"},"up":{"uv":[7,0,10.5,0],"rotation":180,"texture":"#0"},"down":{"uv":[7,0.5,10.5,0.5],"rotation":180,"texture":"#0"}}},{"from":[7.65513,-1.5,9.58284],"to":[10.65513,1.5,9.58284],"rotation":{"angle":-45,"axis":"y","origin":[9.1,5.25,8]},"faces":{"north":{"uv":[16,4,14,5.5],"texture":"#0"},"east":{"uv":[6.5,0,6.5,7.25],"texture":"#0"},"south":{"uv":[14,4,16,5.5],"texture":"#0"},"west":{"uv":[6,0,6,7.25],"texture":"#0"},"up":{"uv":[10.5,0,7,0],"rotation":180,"texture":"#0"},"down":{"uv":[10.5,0.5,7,0.5],"rotation":180,"texture":"#0"}}},{"from":[7.50345,-1.5,9.54142],"to":[10.30345,1.5,9.54142],"rotation":{"angle":45,"axis":"y","origin":[9.1,5.25,8]},"faces":{"north":{"uv":[14,4,16,5.5],"texture":"#0"},"east":{"uv":[6,0,6,7.25],"texture":"#0"},"south":{"uv":[16,4,14,5.5],"texture":"#0"},"west":{"uv":[6.5,0,6.5,7.25],"texture":"#0"},"up":{"uv":[7,0,10.5,0],"rotation":180,"texture":"#0"},"down":{"uv":[7,0.5,10.5,0.5],"rotation":180,"texture":"#0"}}},{"from":[7.65513,-1.5,6.41716],"to":[10.65513,1.5,6.41716],"rotation":{"angle":45,"axis":"y","origin":[9.1,5.25,8]},"faces":{"north":{"uv":[16,4,14,5.5],"texture":"#0"},"east":{"uv":[6.5,0,6.5,7.25],"texture":"#0"},"south":{"uv":[14,4,16,5.5],"texture":"#0"},"west":{"uv":[6,0,6,7.25],"texture":"#0"},"up":{"uv":[10.5,0,7,0],"rotation":180,"texture":"#0"},"down":{"uv":[10.5,0.5,7,0.5],"rotation":180,"texture":"#0"}}},{"from":[10.68284,-4.5,6.55513],"to":[10.68284,-1.5,9.55513],"rotation":{"angle":45,"axis":"y","origin":[9.1,5.25,8]},"faces":{"north":{"uv":[6,0,6,7.25],"texture":"#0"},"east":{"uv":[16,4,14,5.5],"texture":"#0"},"south":{"uv":[6.5,0,6.5,7.25],"texture":"#0"},"west":{"uv":[14,4,16,5.5],"texture":"#0"},"up":{"uv":[7,0,10.5,0],"rotation":90,"texture":"#0"},"down":{"uv":[7,0.5,10.5,0.5],"rotation":270,"texture":"#0"}}},{"from":[10.61213,-2,6.48442],"to":[10.61213,1,9.48442],"rotation":{"angle":45,"axis":"y","origin":[9.1,5.25,8]},"faces":{"north":{"uv":[6,0,6,7.25],"texture":"#0"},"east":{"uv":[16,4,14,5.5],"texture":"#0"},"south":{"uv":[6.5,0,6.5,7.25],"texture":"#0"},"west":{"uv":[14,4,16,5.5],"texture":"#0"},"up":{"uv":[7,0,10.5,0],"rotation":90,"texture":"#0"},"down":{"uv":[7,0.5,10.5,0.5],"rotation":270,"texture":"#0"}}},{"from":[10.64142,-4.5,6.40345],"to":[10.64142,-1.5,9.20345],"rotation":{"angle":-45,"axis":"y","origin":[9.1,5.25,8]},"faces":{"north":{"uv":[6.5,0,6.5,7.25],"texture":"#0"},"east":{"uv":[14,4,16,5.5],"texture":"#0"},"south":{"uv":[6,0,6,7.25],"texture":"#0"},"west":{"uv":[16,4,14,5.5],"texture":"#0"},"up":{"uv":[10.5,0,7,0],"rotation":90,"texture":"#0"},"down":{"uv":[10.5,0.5,7,0.5],"rotation":270,"texture":"#0"}}},{"from":[10.57071,-2,6.47416],"to":[10.57071,1,9.27416],"rotation":{"angle":-45,"axis":"y","origin":[9.1,5.25,8]},"faces":{"north":{"uv":[6.5,0,6.5,7.25],"texture":"#0"},"east":{"uv":[14,4,16,5.5],"texture":"#0"},"south":{"uv":[6,0,6,7.25],"texture":"#0"},"west":{"uv":[16,4,14,5.5],"texture":"#0"},"up":{"uv":[10.5,0,7,0],"rotation":90,"texture":"#0"},"down":{"uv":[10.5,0.5,7,0.5],"rotation":270,"texture":"#0"}}},{"from":[7.51716,-4.5,6.55513],"to":[7.51716,-1.5,9.55513],"rotation":{"angle":-45,"axis":"y","origin":[9.1,5.25,8]},"faces":{"north":{"uv":[6,0,6,7.25],"texture":"#0"},"east":{"uv":[16,4,14,5.5],"texture":"#0"},"south":{"uv":[6.5,0,6.5,7.25],"texture":"#0"},"west":{"uv":[14,4,16,5.5],"texture":"#0"},"up":{"uv":[7,0,10.5,0],"rotation":90,"texture":"#0"},"down":{"uv":[7,0.5,10.5,0.5],"rotation":270,"texture":"#0"}}},{"from":[7.58787,-2,6.48442],"to":[7.58787,1,9.48442],"rotation":{"angle":-45,"axis":"y","origin":[9.1,5.25,8]},"faces":{"north":{"uv":[6,0,6,7.25],"texture":"#0"},"east":{"uv":[16,4,14,5.5],"texture":"#0"},"south":{"uv":[6.5,0,6.5,7.25],"texture":"#0"},"west":{"uv":[14,4,16,5.5],"texture":"#0"},"up":{"uv":[7,0,10.5,0],"rotation":90,"texture":"#0"},"down":{"uv":[7,0.5,10.5,0.5],"rotation":270,"texture":"#0"}}},{"from":[7.55858,-4.5,6.40345],"to":[7.55858,-1.5,9.20345],"rotation":{"angle":45,"axis":"y","origin":[9.1,5.25,8]},"faces":{"north":{"uv":[6.5,0,6.5,7.25],"texture":"#0"},"east":{"uv":[14,4,16,5.5],"texture":"#0"},"south":{"uv":[6,0,6,7.25],"texture":"#0"},"west":{"uv":[16,4,14,5.5],"texture":"#0"},"up":{"uv":[10.5,0,7,0],"rotation":90,"texture":"#0"},"down":{"uv":[10.5,0.5,7,0.5],"rotation":270,"texture":"#0"}}},{"from":[7.62929,-2,6.47416],"to":[7.62929,1,9.27416],"rotation":{"angle":45,"axis":"y","origin":[9.1,5.25,8]},"faces":{"north":{"uv":[6.5,0,6.5,7.25],"texture":"#0"},"east":{"uv":[14,4,16,5.5],"texture":"#0"},"south":{"uv":[6,0,6,7.25],"texture":"#0"},"west":{"uv":[16,4,14,5.5],"texture":"#0"},"up":{"uv":[10.5,0,7,0],"rotation":90,"texture":"#0"},"down":{"uv":[10.5,0.5,7,0.5],"rotation":270,"texture":"#0"}}},{"from":[8,-5.06856,16.16343],"to":[10.2,-3.06856,18.16343],"rotation":{"angle":45,"axis":"x","origin":[9.1,5.25,8]},"faces":{"north":{"uv":[8.75,5.5,7.75,6.5],"texture":"#0"},"east":{"uv":[8.75,4.5,7.75,5.5],"texture":"#0"},"south":{"uv":[8.75,6.5,7.75,5.5],"texture":"#0"},"west":{"uv":[8.75,4.5,7.75,5.5],"texture":"#0"},"up":{"uv":[7.75,6.5,8.75,5.5],"rotation":180,"texture":"#0"},"down":{"uv":[7.75,6.5,8.75,5.5],"rotation":180,"texture":"#0"}}},{"from":[8.1,-6.06856,17.16343],"to":[10.1,-4.06856,19.16343],"rotation":{"angle":45,"axis":"x","origin":[9.1,5.25,8]},"faces":{"north":{"uv":[8.75,5.5,7.75,6.5],"texture":"#0"},"east":{"uv":[8.75,4.5,7.75,5.5],"texture":"#0"},"south":{"uv":[8.75,6.5,7.75,5.5],"texture":"#0"},"west":{"uv":[8.75,4.5,7.75,5.5],"texture":"#0"},"up":{"uv":[7.75,6.5,8.75,5.5],"rotation":180,"texture":"#0"},"down":{"uv":[7.75,6.5,8.75,5.5],"rotation":180,"texture":"#0"}}},{"from":[9.1,-14,6.4],"to":[9.1,-8,9.4],"rotation":{"angle":0,"axis":"y","origin":[9.1,5.25,8]},"faces":{"north":{"uv":[12.25,4,12.25,7],"texture":"#0"},"east":{"uv":[13.75,4,12.25,7],"texture":"#0"},"south":{"uv":[12.25,4,12.25,7],"texture":"#0"},"west":{"uv":[13.75,4,12.25,7],"texture":"#0"},"up":{"uv":[12,6,12,4],"rotation":180,"texture":"#0"},"down":{"uv":[12,6,12,4],"rotation":180,"texture":"#0"}}},{"from":[8.1,-14,7.9],"to":[10.1,-8,7.9],"rotation":{"angle":0,"axis":"y","origin":[9.1,5.25,8]},"faces":{"north":{"uv":[13.5,4,12.5,7],"texture":"#0"},"east":{"uv":[12.25,4,12.25,7],"texture":"#0"},"south":{"uv":[13.5,4,12.5,7],"texture":"#0"},"west":{"uv":[12.25,4,12.25,7],"texture":"#0"},"up":{"uv":[12,4,12,6],"rotation":270,"texture":"#0"},"down":{"uv":[12,4,12,6],"rotation":90,"texture":"#0"}}},{"from":[7.43274,12,6.38787],"to":[10.23274,15,6.38787],"rotation":{"angle":-45,"axis":"y","origin":[9.1,5.25,8]},"faces":{"north":{"uv":[14,5.5,16,4],"texture":"#0"},"east":{"uv":[6,7.25,6,0],"texture":"#0"},"south":{"uv":[16,5.5,14,4],"texture":"#0"},"west":{"uv":[6.5,7.25,6.5,0],"texture":"#0"},"up":{"uv":[10.5,0.5,7,0.5],"texture":"#0"},"down":{"uv":[10.5,0,7,0],"texture":"#0"}}},{"from":[7.50345,9.5,6.45858],"to":[10.30345,12.5,6.45858],"rotation":{"angle":-45,"axis":"y","origin":[9.1,5.25,8]},"faces":{"north":{"uv":[14,5.5,16,4],"texture":"#0"},"east":{"uv":[6,7.25,6,0],"texture":"#0"},"south":{"uv":[16,5.5,14,4],"texture":"#0"},"west":{"uv":[6.5,7.25,6.5,0],"texture":"#0"},"up":{"uv":[10.5,0.5,7,0.5],"texture":"#0"},"down":{"uv":[10.5,0,7,0],"texture":"#0"}}},{"from":[7.72584,12,6.34645],"to":[10.72584,15,6.34645],"rotation":{"angle":45,"axis":"y","origin":[9.1,5.25,8]},"faces":{"north":{"uv":[16,5.5,14,4],"texture":"#0"},"east":{"uv":[6.5,7.25,6.5,0],"texture":"#0"},"south":{"uv":[14,5.5,16,4],"texture":"#0"},"west":{"uv":[6,7.25,6,0],"texture":"#0"},"up":{"uv":[7,0.5,10.5,0.5],"texture":"#0"},"down":{"uv":[7,0,10.5,0],"texture":"#0"}}},{"from":[7.72584,12,9.65355],"to":[10.72584,15,9.65355],"rotation":{"angle":-45,"axis":"y","origin":[9.1,5.25,8]},"faces":{"north":{"uv":[16,5.5,14,4],"texture":"#0"},"east":{"uv":[6.5,7.25,6.5,0],"texture":"#0"},"south":{"uv":[14,5.5,16,4],"texture":"#0"},"west":{"uv":[6,7.25,6,0],"texture":"#0"},"up":{"uv":[7,0.5,10.5,0.5],"texture":"#0"},"down":{"uv":[7,0,10.5,0],"texture":"#0"}}},{"from":[7.43274,12,9.61213],"to":[10.23274,15,9.61213],"rotation":{"angle":45,"axis":"y","origin":[9.1,5.25,8]},"faces":{"north":{"uv":[14,5.5,16,4],"texture":"#0"},"east":{"uv":[6,7.25,6,0],"texture":"#0"},"south":{"uv":[16,5.5,14,4],"texture":"#0"},"west":{"uv":[6.5,7.25,6.5,0],"texture":"#0"},"up":{"uv":[10.5,0.5,7,0.5],"texture":"#0"},"down":{"uv":[10.5,0,7,0],"texture":"#0"}}},{"from":[7.65513,9.5,9.58284],"to":[10.65513,12.5,9.58284],"rotation":{"angle":-45,"axis":"y","origin":[9.1,5.25,8]},"faces":{"north":{"uv":[16,5.5,14,4],"texture":"#0"},"east":{"uv":[6.5,7.25,6.5,0],"texture":"#0"},"south":{"uv":[14,5.5,16,4],"texture":"#0"},"west":{"uv":[6,7.25,6,0],"texture":"#0"},"up":{"uv":[7,0.5,10.5,0.5],"texture":"#0"},"down":{"uv":[7,0,10.5,0],"texture":"#0"}}},{"from":[7.50345,9.5,9.54142],"to":[10.30345,12.5,9.54142],"rotation":{"angle":45,"axis":"y","origin":[9.1,5.25,8]},"faces":{"north":{"uv":[14,5.5,16,4],"texture":"#0"},"east":{"uv":[6,7.25,6,0],"texture":"#0"},"south":{"uv":[16,5.5,14,4],"texture":"#0"},"west":{"uv":[6.5,7.25,6.5,0],"texture":"#0"},"up":{"uv":[10.5,0.5,7,0.5],"texture":"#0"},"down":{"uv":[10.5,0,7,0],"texture":"#0"}}},{"from":[7.65513,9.5,6.41716],"to":[10.65513,12.5,6.41716],"rotation":{"angle":45,"axis":"y","origin":[9.1,5.25,8]},"faces":{"north":{"uv":[16,5.5,14,4],"texture":"#0"},"east":{"uv":[6.5,7.25,6.5,0],"texture":"#0"},"south":{"uv":[14,5.5,16,4],"texture":"#0"},"west":{"uv":[6,7.25,6,0],"texture":"#0"},"up":{"uv":[7,0.5,10.5,0.5],"texture":"#0"},"down":{"uv":[7,0,10.5,0],"texture":"#0"}}},{"from":[10.68284,12.5,6.55513],"to":[10.68284,15.5,9.55513],"rotation":{"angle":45,"axis":"y","origin":[9.1,5.25,8]},"faces":{"north":{"uv":[6,7.25,6,0],"texture":"#0"},"east":{"uv":[16,5.5,14,4],"texture":"#0"},"south":{"uv":[6.5,7.25,6.5,0],"texture":"#0"},"west":{"uv":[14,5.5,16,4],"texture":"#0"},"up":{"uv":[7,0.5,10.5,0.5],"rotation":90,"texture":"#0"},"down":{"uv":[7,0,10.5,0],"rotation":270,"texture":"#0"}}},{"from":[10.61213,10,6.48442],"to":[10.61213,13,9.48442],"rotation":{"angle":45,"axis":"y","origin":[9.1,5.25,8]},"faces":{"north":{"uv":[6,7.25,6,0],"texture":"#0"},"east":{"uv":[16,5.5,14,4],"texture":"#0"},"south":{"uv":[6.5,7.25,6.5,0],"texture":"#0"},"west":{"uv":[14,5.5,16,4],"texture":"#0"},"up":{"uv":[7,0.5,10.5,0.5],"rotation":90,"texture":"#0"},"down":{"uv":[7,0,10.5,0],"rotation":270,"texture":"#0"}}},{"from":[10.64142,12.5,6.40345],"to":[10.64142,15.5,9.20345],"rotation":{"angle":-45,"axis":"y","origin":[9.1,5.25,8]},"faces":{"north":{"uv":[6.5,7.25,6.5,0],"texture":"#0"},"east":{"uv":[14,5.5,16,4],"texture":"#0"},"south":{"uv":[6,7.25,6,0],"texture":"#0"},"west":{"uv":[16,5.5,14,4],"texture":"#0"},"up":{"uv":[10.5,0.5,7,0.5],"rotation":90,"texture":"#0"},"down":{"uv":[10.5,0,7,0],"rotation":270,"texture":"#0"}}},{"from":[10.57071,10,6.47416],"to":[10.57071,13,9.27416],"rotation":{"angle":-45,"axis":"y","origin":[9.1,5.25,8]},"faces":{"north":{"uv":[6.5,7.25,6.5,0],"texture":"#0"},"east":{"uv":[14,5.5,16,4],"texture":"#0"},"south":{"uv":[6,7.25,6,0],"texture":"#0"},"west":{"uv":[16,5.5,14,4],"texture":"#0"},"up":{"uv":[10.5,0.5,7,0.5],"rotation":90,"texture":"#0"},"down":{"uv":[10.5,0,7,0],"rotation":270,"texture":"#0"}}},{"from":[7.51716,12.5,6.55513],"to":[7.51716,15.5,9.55513],"rotation":{"angle":-45,"axis":"y","origin":[9.1,5.25,8]},"faces":{"north":{"uv":[6,7.25,6,0],"texture":"#0"},"east":{"uv":[16,5.5,14,4],"texture":"#0"},"south":{"uv":[6.5,7.25,6.5,0],"texture":"#0"},"west":{"uv":[14,5.5,16,4],"texture":"#0"},"up":{"uv":[7,0.5,10.5,0.5],"rotation":90,"texture":"#0"},"down":{"uv":[7,0,10.5,0],"rotation":270,"texture":"#0"}}},{"from":[7.58787,10,6.48442],"to":[7.58787,13,9.48442],"rotation":{"angle":-45,"axis":"y","origin":[9.1,5.25,8]},"faces":{"north":{"uv":[6,7.25,6,0],"texture":"#0"},"east":{"uv":[16,5.5,14,4],"texture":"#0"},"south":{"uv":[6.5,7.25,6.5,0],"texture":"#0"},"west":{"uv":[14,5.5,16,4],"texture":"#0"},"up":{"uv":[7,0.5,10.5,0.5],"rotation":90,"texture":"#0"},"down":{"uv":[7,0,10.5,0],"rotation":270,"texture":"#0"}}},{"from":[7.55858,12.5,6.40345],"to":[7.55858,15.5,9.20345],"rotation":{"angle":45,"axis":"y","origin":[9.1,5.25,8]},"faces":{"north":{"uv":[6.5,7.25,6.5,0],"texture":"#0"},"east":{"uv":[14,5.5,16,4],"texture":"#0"},"south":{"uv":[6,7.25,6,0],"texture":"#0"},"west":{"uv":[16,5.5,14,4],"texture":"#0"},"up":{"uv":[10.5,0.5,7,0.5],"rotation":90,"texture":"#0"},"down":{"uv":[10.5,0,7,0],"rotation":270,"texture":"#0"}}},{"from":[7.62929,10,6.47416],"to":[7.62929,13,9.27416],"rotation":{"angle":45,"axis":"y","origin":[9.1,5.25,8]},"faces":{"north":{"uv":[6.5,7.25,6.5,0],"texture":"#0"},"east":{"uv":[14,5.5,16,4],"texture":"#0"},"south":{"uv":[6,7.25,6,0],"texture":"#0"},"west":{"uv":[16,5.5,14,4],"texture":"#0"},"up":{"uv":[10.5,0.5,7,0.5],"rotation":90,"texture":"#0"},"down":{"uv":[10.5,0,7,0],"rotation":270,"texture":"#0"}}},{"from":[9,11,6.8],"to":[17,21,6.8],"rotation":{"angle":0,"axis":"y","origin":[9.1,5.25,8]},"faces":{"north":{"uv":[16,12,11,16],"rotation":90,"texture":"#0"},"east":{"uv":[0,0,5,0],"rotation":90,"texture":"#0"},"south":{"uv":[11,12,16,16],"rotation":270,"texture":"#0"},"west":{"uv":[0,0,5,0],"rotation":90,"texture":"#0"},"up":{"uv":[11,12,11,16],"rotation":270,"texture":"#0"},"down":{"uv":[11,12,11,16],"rotation":270,"texture":"#0"}}},{"from":[-1,11,6.8],"to":[7,21,6.8],"rotation":{"angle":0,"axis":"y","origin":[6.9,5.25,8]},"faces":{"north":{"uv":[16,16,11,12],"rotation":90,"texture":"#0"},"east":{"uv":[0,0,5,0],"rotation":90,"texture":"#0"},"south":{"uv":[11,16,16,12],"rotation":270,"texture":"#0"},"west":{"uv":[0,0,5,0],"rotation":90,"texture":"#0"},"up":{"uv":[11,16,11,12],"rotation":270,"texture":"#0"},"down":{"uv":[11,16,11,12],"rotation":270,"texture":"#0"}}},{"from":[1,11,6.8],"to":[9,21,6.8],"rotation":{"angle":0,"axis":"y","origin":[9.1,5.25,8]},"faces":{"north":{"uv":[16,16,11,12],"rotation":90,"texture":"#2"},"east":{"uv":[0,0,5,0],"rotation":90,"texture":"#0"},"south":{"uv":[11,16,16,12],"rotation":270,"texture":"#0"},"west":{"uv":[0,0,5,0],"rotation":90,"texture":"#0"},"up":{"uv":[11,16,11,12],"rotation":270,"texture":"#0"},"down":{"uv":[11,16,11,12],"rotation":270,"texture":"#0"}}},{"from":[6,19,7.9],"to":[12,25,7.9],"faces":{"north":{"uv":[5,1.5,11,7.5],"texture":"#2"},"east":{"uv":[3,0.5,3,6.5],"texture":"#2"},"south":{"uv":[11,1.5,5,7.5],"texture":"#2"},"west":{"uv":[3,0.5,3,6.5],"texture":"#2"},"up":{"uv":[0,0,5,0],"texture":"#2"},"down":{"uv":[0,0,5,0],"texture":"#2"}}},{"from":[6,19,7.7],"to":[12,25,7.7],"faces":{"north":{"uv":[5,1.5,11,7.5],"texture":"#2"},"east":{"uv":[3,0.5,3,6.5],"texture":"#2"},"south":{"uv":[11,1.5,5,7.5],"texture":"#2"},"west":{"uv":[3,0.5,3,6.5],"texture":"#2"},"up":{"uv":[0,0,5,0],"texture":"#2"},"down":{"uv":[0,0,5,0],"texture":"#2"}}},{"from":[-4.84565,23,5.25137],"to":[4.15435,32,5.25137],"rotation":{"angle":-22.5,"axis":"y","origin":[0.65435,27.5,13.25137]},"faces":{"north":{"uv":[0,7,9,16],"texture":"#5"},"east":{"uv":[0,0,0,9.5],"texture":"#5"},"south":{"uv":[9,7,0,16],"texture":"#5"},"west":{"uv":[0,0,0,9.5],"texture":"#5"},"up":{"uv":[0,0,5.5,0],"texture":"#5"},"down":{"uv":[0,0,5.5,0],"texture":"#5"}}},{"from":[-0.84565,21,11.74863],"to":[8.15435,30,11.74863],"rotation":{"angle":22.5,"axis":"y","origin":[0.65435,27.5,2.74863]},"faces":{"north":{"uv":[0,7,9,16],"texture":"#5"},"east":{"uv":[0,0,0,9.5],"texture":"#5"},"south":{"uv":[9,7,0,16],"texture":"#5"},"west":{"uv":[0,0,0,9.5],"texture":"#5"},"up":{"uv":[0,0,5.5,0],"texture":"#5"},"down":{"uv":[0,0,5.5,0],"texture":"#5"}}},{"from":[1,11,8.9],"to":[9,21,8.9],"rotation":{"angle":0,"axis":"y","origin":[9.1,5.25,8]},"faces":{"north":{"uv":[16,16,11,12],"rotation":90,"texture":"#0"},"east":{"uv":[0,0,5,0],"rotation":90,"texture":"#0"},"south":{"uv":[11,16,16,12],"rotation":270,"texture":"#0"},"west":{"uv":[0,0,5,0],"rotation":90,"texture":"#0"},"up":{"uv":[11,16,11,12],"rotation":270,"texture":"#0"},"down":{"uv":[11,16,11,12],"rotation":270,"texture":"#0"}}},{"from":[9,11,8.9],"to":[17,21,8.9],"rotation":{"angle":0,"axis":"y","origin":[9.1,5.25,8]},"faces":{"north":{"uv":[16,12,11,16],"rotation":90,"texture":"#0"},"east":{"uv":[0,0,5,0],"rotation":90,"texture":"#0"},"south":{"uv":[11,12,16,16],"rotation":270,"texture":"#0"},"west":{"uv":[0,0,5,0],"rotation":90,"texture":"#0"},"up":{"uv":[11,12,11,16],"rotation":270,"texture":"#0"},"down":{"uv":[11,12,11,16],"rotation":270,"texture":"#0"}}},{"from":[5.5,18,7.8],"to":[12.5,31,7.8],"faces":{"north":{"uv":[0,11,6.5,14.5],"rotation":90,"texture":"#4"},"east":{"uv":[0,0,0,6.5],"texture":"#4"},"south":{"uv":[0,11,6.5,14.5],"rotation":90,"texture":"#4"},"west":{"uv":[0,0,0,6.5],"texture":"#4"},"up":{"uv":[0,0,4,0],"texture":"#4"},"down":{"uv":[0,0,4,0],"texture":"#4"}}}],"gui_light":"front","display":{"thirdperson_righthand":{"rotation":[0,90,0],"translation":[0,9,2.5],"scale":[0.7,0.7,0.7]},"thirdperson_lefthand":{"rotation":[0,-90,0],"translation":[0,9,2.5],"scale":[0.7,0.7,0.7]},"firstperson_righthand":{"rotation":[-165,80,170],"translation":[2.25,2.5,-1.25],"scale":[0.56445,0.56445,0.56445]},"firstperson_lefthand":{"rotation":[-165,80,170],"translation":[2.25,2.5,-1.25],"scale":[0.56445,0.56445,0.56445]},"ground":{"rotation":[45,0,0],"translation":[0,5.25,0],"scale":[0.35,0.35,0.35]},"gui":{"rotation":[0,0,-45],"translation":[-0.5,0,-2],"scale":[0.44938,0.44938,0.44938]},"head":{"rotation":[-135.5,0,0],"translation":[0,20.5,4.75],"scale":[0,0,0]},"fixed":{"translation":[-0.5,8.25,-3],"scale":[1.4,1.4,1.4]}}}