{"credit":"MadewithBlockbench","texture_size":[48,48],"textures":{"1":"infantryset:bow"},"elements":[{"from":[8,-8.5,9.72783],"to":[8,24.5,17.72783],"rotation":{"angle":0,"axis":"y","origin":[8,8,8]},"faces":{"north":{"uv":[0,0,11,0],"rotation":90,"texture":"#1"},"east":{"uv":[11,2.66667,0,5.33333],"rotation":270,"texture":"#1"},"south":{"uv":[0,0,11,0],"rotation":270,"texture":"#1"},"west":{"uv":[11,2.66667,0,0],"rotation":270,"texture":"#1"},"up":{"uv":[0,0,2.66667,0],"rotation":270,"texture":"#1"},"down":{"uv":[0,0,2.66667,0],"rotation":270,"texture":"#1"}}},{"from":[7.25,5,2.47783],"to":[8.75,11,3.97783],"rotation":{"angle":0,"axis":"y","origin":[8,8,8]},"faces":{"north":{"uv":[3.66667,8.33333,4.16667,10.33333],"texture":"#1"},"east":{"uv":[4.33333,8.33333,4.83333,10.33333],"texture":"#1"},"south":{"uv":[8.33333,5.33333,8.83333,7.33333],"texture":"#1"},"west":{"uv":[8.33333,7.33333,8.83333,9.33333],"texture":"#1"},"up":{"uv":[12.16667,2.16667,11.66667,1.66667],"texture":"#1"},"down":{"uv":[12.16667,3.66667,11.66667,4.16667],"texture":"#1"}}},{"from":[7.4,11.5,2.62783],"to":[8.6,12,3.82783],"rotation":{"angle":0,"axis":"y","origin":[8,8,8]},"faces":{"north":{"uv":[7,12.33333,7.33333,12.5],"texture":"#1"},"east":{"uv":[12.33333,7.33333,12.66667,7.5],"texture":"#1"},"south":{"uv":[9,12.33333,9.33333,12.5],"texture":"#1"},"west":{"uv":[12.33333,9,12.66667,9.16667],"texture":"#1"},"up":{"uv":[5.33333,8.66667,5,8.33333],"texture":"#1"},"down":{"uv":[11,12,10.66667,12.33333],"texture":"#1"}}},{"from":[7.5,3,2.72783],"to":[8.5,13,3.72783],"rotation":{"angle":0,"axis":"y","origin":[8,8,8]},"faces":{"north":{"uv":[7.33333,8,7.66667,11.33333],"texture":"#1"},"east":{"uv":[7.66667,8,8,11.33333],"texture":"#1"},"south":{"uv":[8,8,8.33333,11.33333],"texture":"#1"},"west":{"uv":[3.33333,8.33333,3.66667,11.66667],"texture":"#1"},"up":{"uv":[11.66667,12.33333,11.33333,12],"texture":"#1"},"down":{"uv":[12.33333,11.33333,12,11.66667],"texture":"#1"}}},{"from":[7.35,10.60183,0.21574],"to":[8.65,14.60183,2.21574],"rotation":{"angle":22.5,"axis":"x","origin":[8,8,8]},"faces":{"north":{"uv":[9.66667,6.66667,10.16667,8],"texture":"#1"},"east":{"uv":[5,8.66667,5.66667,10],"texture":"#1"},"south":{"uv":[9.66667,8,10.16667,9.33333],"texture":"#1"},"west":{"uv":[5.66667,8.66667,6.33333,10],"texture":"#1"},"up":{"uv":[11.5,8.33333,11,7.66667],"texture":"#1"},"down":{"uv":[11.5,8.33333,11,9],"texture":"#1"}}},{"from":[7,12.19553,1.77217],"to":[9,14.19553,2.77217],"rotation":{"angle":0,"axis":"y","origin":[8,8,8]},"faces":{"north":{"uv":[11,1,11.66667,1.66667],"texture":"#1"},"east":{"uv":[6.66667,11.66667,7,12.33333],"texture":"#1"},"south":{"uv":[11,1.66667,11.66667,2.33333],"texture":"#1"},"west":{"uv":[11.66667,8.33333,12,9],"texture":"#1"},"up":{"uv":[10.33333,12,9.66667,11.66667],"texture":"#1"},"down":{"uv":[11,11.66667,10.33333,12],"texture":"#1"}}},{"from":[6.75,11.94553,1.67217],"to":[9.25,12.44553,2.87217],"rotation":{"angle":0,"axis":"y","origin":[8,8,8]},"faces":{"north":{"uv":[12,9.66667,12.83333,9.83333],"texture":"#1"},"east":{"uv":[12.33333,9.33333,12.66667,9.5],"texture":"#1"},"south":{"uv":[12,10.33333,12.83333,10.5],"texture":"#1"},"west":{"uv":[12.33333,10,12.66667,10.16667],"texture":"#1"},"up":{"uv":[10.5,11.66667,9.66667,11.33333],"texture":"#1"},"down":{"uv":[12.16667,10,11.33333,10.33333],"texture":"#1"}}},{"from":[5.75,18.94553,1.67217],"to":[10.25,19.44553,2.87217],"rotation":{"angle":0,"axis":"y","origin":[8,8,8]},"faces":{"north":{"uv":[11.66667,5.33333,13.16667,5.5],"texture":"#1"},"east":{"uv":[10.66667,12.33333,11,12.5],"texture":"#1"},"south":{"uv":[11.66667,5.66667,13.16667,5.83333],"texture":"#1"},"west":{"uv":[11,12.33333,11.33333,12.5],"texture":"#1"},"up":{"uv":[11.16667,11,9.66667,10.66667],"texture":"#1"},"down":{"uv":[12.5,0,11,0.33333],"texture":"#1"}}},{"from":[9.25,13.94553,1.67217],"to":[10.25,14.44553,2.87217],"rotation":{"angle":0,"axis":"y","origin":[8,8,8]},"faces":{"north":{"uv":[11.33333,12.33333,11.66667,12.5],"texture":"#1"},"east":{"uv":[12.33333,11.33333,12.66667,11.5],"texture":"#1"},"south":{"uv":[11.66667,12.33333,12,12.5],"texture":"#1"},"west":{"uv":[12.33333,11.66667,12.66667,11.83333],"texture":"#1"},"up":{"uv":[12.33333,12,12,11.66667],"texture":"#1"},"down":{"uv":[12.33333,12,12,12.33333],"texture":"#1"}}},{"from":[9.75,14.44553,1.67217],"to":[10.25,19.19553,2.87217],"rotation":{"angle":0,"axis":"y","origin":[8,8,8]},"faces":{"north":{"uv":[8,11.33333,8.16667,13],"texture":"#1"},"east":{"uv":[6.33333,10,6.66667,11.66667],"texture":"#1"},"south":{"uv":[11.33333,10.33333,11.5,12],"texture":"#1"},"west":{"uv":[6.66667,10,7,11.66667],"texture":"#1"},"up":{"uv":[12.16667,12.66667,12,12.33333],"texture":"#1"},"down":{"uv":[12.5,12,12.33333,12.33333],"texture":"#1"}}},{"from":[5.75,14.44553,1.67217],"to":[6.25,19.19553,2.87217],"rotation":{"angle":0,"axis":"y","origin":[8,8,8]},"faces":{"north":{"uv":[0.66667,11.66667,0.83333,13.33333],"texture":"#1"},"east":{"uv":[0,10.33333,0.33333,12],"texture":"#1"},"south":{"uv":[3,11.66667,3.16667,13.33333],"texture":"#1"},"west":{"uv":[0.33333,10.33333,0.66667,12],"texture":"#1"},"up":{"uv":[12.5,12.66667,12.33333,12.33333],"texture":"#1"},"down":{"uv":[0.16667,12.66667,0,13],"texture":"#1"}}},{"from":[8.75,12.44553,1.67217],"to":[9.25,14.44553,2.87217],"rotation":{"angle":0,"axis":"y","origin":[8,8,8]},"faces":{"north":{"uv":[1,12.33333,1.16667,13],"texture":"#1"},"east":{"uv":[9,11.66667,9.33333,12.33333],"texture":"#1"},"south":{"uv":[1.33333,12.33333,1.5,13],"texture":"#1"},"west":{"uv":[11.66667,10.33333,12,11],"texture":"#1"},"up":{"uv":[12.83333,0.33333,12.66667,0],"texture":"#1"},"down":{"uv":[0.5,12.66667,0.33333,13],"texture":"#1"}}},{"from":[5.75,13.94553,1.67217],"to":[6.75,14.44553,2.87217],"rotation":{"angle":0,"axis":"y","origin":[8,8,8]},"faces":{"north":{"uv":[12.66667,0.33333,13,0.5],"texture":"#1"},"east":{"uv":[12.66667,0.66667,13,0.83333],"texture":"#1"},"south":{"uv":[12.66667,1,13,1.16667],"texture":"#1"},"west":{"uv":[12.66667,1.33333,13,1.5],"texture":"#1"},"up":{"uv":[2,12.66667,1.66667,12.33333],"texture":"#1"},"down":{"uv":[12.66667,1.66667,12.33333,2],"texture":"#1"}}},{"from":[6.75,12.44553,1.67217],"to":[7.25,14.44553,2.87217],"rotation":{"angle":0,"axis":"y","origin":[8,8,8]},"faces":{"north":{"uv":[2,12.33333,2.16667,13],"texture":"#1"},"east":{"uv":[11,11.66667,11.33333,12.33333],"texture":"#1"},"south":{"uv":[12.33333,2,12.5,2.66667],"texture":"#1"},"west":{"uv":[11.66667,11,12,11.66667],"texture":"#1"},"up":{"uv":[1.83333,13,1.66667,12.66667],"texture":"#1"},"down":{"uv":[12.83333,1.66667,12.66667,2],"texture":"#1"}}},{"from":[6,14.19553,1.77217],"to":[10,19.19553,2.77217],"rotation":{"angle":0,"axis":"y","origin":[8,8,8]},"faces":{"north":{"uv":[0,5.33333,1.33333,7],"texture":"#1"},"east":{"uv":[10.33333,6,10.66667,7.66667],"texture":"#1"},"south":{"uv":[1.33333,5.33333,2.66667,7],"texture":"#1"},"west":{"uv":[10.33333,7.66667,10.66667,9.33333],"texture":"#1"},"up":{"uv":[12.33333,2.66667,11,2.33333],"texture":"#1"},"down":{"uv":[12.33333,2.66667,11,3],"texture":"#1"}}},{"from":[6.5,13.95499,4.89612],"to":[9.5,14.95499,8.39612],"rotation":{"angle":-22.5,"axis":"x","origin":[8,8,8]},"faces":{"north":{"uv":[11,9,12,9.33333],"texture":"#1"},"east":{"uv":[11,4.33333,12.16667,4.66667],"texture":"#1"},"south":{"uv":[9.66667,11,10.66667,11.33333],"texture":"#1"},"west":{"uv":[11,4.66667,12.16667,5],"texture":"#1"},"up":{"uv":[4.33333,8.16667,3.33333,7],"texture":"#1"},"down":{"uv":[5.33333,7,4.33333,8.16667],"texture":"#1"}}},{"from":[7,14.95499,4.89612],"to":[9,16.20499,8.14612],"rotation":{"angle":-22.5,"axis":"x","origin":[8,8,8]},"faces":{"north":{"uv":[10.66667,11,11.33333,11.5],"texture":"#1"},"east":{"uv":[10,9.33333,11.16667,9.83333],"texture":"#1"},"south":{"uv":[5,11.33333,5.66667,11.83333],"texture":"#1"},"west":{"uv":[10,10,11.16667,10.5],"texture":"#1"},"up":{"uv":[9.66667,7.83333,9,6.66667],"texture":"#1"},"down":{"uv":[9.66667,8,9,9.16667],"texture":"#1"}}},{"from":[7.45,11.12038,-1.71813],"to":[8.55,18.12038,0.28187],"rotation":{"angle":45,"axis":"x","origin":[8,8,8]},"faces":{"north":{"uv":[7,8.66667,7.33333,11],"texture":"#1"},"east":{"uv":[0.66667,7,1.33333,9.33333],"texture":"#1"},"south":{"uv":[0.66667,9.33333,1,11.66667],"texture":"#1"},"west":{"uv":[1.33333,7,2,9.33333],"texture":"#1"},"up":{"uv":[12,12.33333,11.66667,11.66667],"texture":"#1"},"down":{"uv":[0.33333,12,0,12.66667],"texture":"#1"}}},{"from":[7.7,9.87038,-2.21813],"to":[8.3,19.12038,-0.46813],"rotation":{"angle":45,"axis":"x","origin":[8,8,8]},"faces":{"north":{"uv":[10.66667,6,10.83333,9.16667],"texture":"#1"},"east":{"uv":[5.33333,5.33333,6,8.5],"texture":"#1"},"south":{"uv":[8.33333,10.66667,8.5,13.83333],"texture":"#1"},"west":{"uv":[6,5.33333,6.66667,8.5],"texture":"#1"},"up":{"uv":[2.5,13,2.33333,12.33333],"texture":"#1"},"down":{"uv":[2.83333,12.33333,2.66667,13],"texture":"#1"}}},{"from":[7.45,21.51451,2.68205],"to":[8.55,24.76451,4.43205],"rotation":{"angle":22.5,"axis":"x","origin":[8,8,8]},"faces":{"north":{"uv":[4.33333,11,4.66667,12.16667],"texture":"#1"},"east":{"uv":[1,9.33333,1.66667,10.5],"texture":"#1"},"south":{"uv":[4.66667,11,5,12.16667],"texture":"#1"},"west":{"uv":[1.66667,9.33333,2.33333,10.5],"texture":"#1"},"up":{"uv":[0.66667,12.66667,0.33333,12],"texture":"#1"},"down":{"uv":[5.33333,12,5,12.66667],"texture":"#1"}}},{"from":[7.4,4,2.62783],"to":[8.6,4.5,3.82783],"rotation":{"angle":0,"axis":"y","origin":[8,8,8]},"faces":{"north":{"uv":[12.66667,2,13,2.16667],"texture":"#1"},"east":{"uv":[12.66667,2.33333,13,2.5],"texture":"#1"},"south":{"uv":[12.66667,2.66667,13,2.83333],"texture":"#1"},"west":{"uv":[12.66667,3,13,3.16667],"texture":"#1"},"up":{"uv":[12.66667,3,12.33333,2.66667],"texture":"#1"},"down":{"uv":[12.66667,3,12.33333,3.33333],"texture":"#1"}}},{"from":[6.5,1.04501,4.89612],"to":[9.5,2.04501,8.39612],"rotation":{"angle":22.5,"axis":"x","origin":[8,8,8]},"faces":{"north":{"uv":[11.33333,6.33333,12.33333,6.66667],"texture":"#1"},"east":{"uv":[11,5,12.16667,5.33333],"texture":"#1"},"south":{"uv":[11.33333,6.66667,12.33333,7],"texture":"#1"},"west":{"uv":[11,6,12.16667,6.33333],"texture":"#1"},"up":{"uv":[8.33333,6.5,7.33333,5.33333],"texture":"#1"},"down":{"uv":[8.33333,6.66667,7.33333,7.83333],"texture":"#1"}}},{"from":[7,-0.20499,4.89612],"to":[9,1.04501,8.14612],"rotation":{"angle":22.5,"axis":"x","origin":[8,8,8]},"faces":{"north":{"uv":[5.66667,11.33333,6.33333,11.83333],"texture":"#1"},"east":{"uv":[3.66667,10.33333,4.83333,10.83333],"texture":"#1"},"south":{"uv":[11.33333,7,12,7.5],"texture":"#1"},"west":{"uv":[10.33333,5.33333,11.5,5.83333],"texture":"#1"},"up":{"uv":[3,10.5,2.33333,9.33333],"texture":"#1"},"down":{"uv":[9,9.33333,8.33333,10.5],"texture":"#1"}}},{"from":[7.35,1.39817,0.21574],"to":[8.65,5.39817,2.21574],"rotation":{"angle":-22.5,"axis":"x","origin":[8,8,8]},"faces":{"north":{"uv":[5,10,5.5,11.33333],"texture":"#1"},"east":{"uv":[6.33333,8.66667,7,10],"texture":"#1"},"south":{"uv":[5.66667,10,6.16667,11.33333],"texture":"#1"},"west":{"uv":[9,5.33333,9.66667,6.66667],"texture":"#1"},"up":{"uv":[7.83333,12,7.33333,11.33333],"texture":"#1"},"down":{"uv":[11.83333,9.33333,11.33333,10],"texture":"#1"}}},{"from":[7.45,-2.12038,-1.71813],"to":[8.55,4.87962,0.28187],"rotation":{"angle":-45,"axis":"x","origin":[8,8,8]},"faces":{"north":{"uv":[3,9.33333,3.33333,11.66667],"texture":"#1"},"east":{"uv":[2,7,2.66667,9.33333],"texture":"#1"},"south":{"uv":[9,9.33333,9.33333,11.66667],"texture":"#1"},"west":{"uv":[2.66667,7,3.33333,9.33333],"texture":"#1"},"up":{"uv":[5.66667,12.66667,5.33333,12],"texture":"#1"},"down":{"uv":[6,12,5.66667,12.66667],"texture":"#1"}}},{"from":[7.7,-3.12038,-2.21813],"to":[8.3,6.12962,-0.46813],"rotation":{"angle":-45,"axis":"x","origin":[8,8,8]},"faces":{"north":{"uv":[8.66667,10.66667,8.83333,13.83333],"texture":"#1"},"east":{"uv":[6.66667,5.33333,7.33333,8.5],"texture":"#1"},"south":{"uv":[9.33333,10.66667,9.5,13.83333],"texture":"#1"},"west":{"uv":[0,7,0.66667,10.16667],"texture":"#1"},"up":{"uv":[12.5,4,12.33333,3.33333],"texture":"#1"},"down":{"uv":[12.5,4,12.33333,4.66667],"texture":"#1"}}},{"from":[7.45,-8.76451,2.68205],"to":[8.55,-5.51451,4.43205],"rotation":{"angle":-22.5,"axis":"x","origin":[8,8,8]},"faces":{"north":{"uv":[11,6.33333,11.33333,7.5],"texture":"#1"},"east":{"uv":[9.33333,9.33333,10,10.5],"texture":"#1"},"south":{"uv":[7,11,7.33333,12.16667],"texture":"#1"},"west":{"uv":[9.66667,5.33333,10.33333,6.5],"texture":"#1"},"up":{"uv":[6.33333,12.66667,6,12],"texture":"#1"},"down":{"uv":[12.33333,7,12,7.66667],"texture":"#1"}}},{"from":[5.75,-3.44553,1.67217],"to":[10.25,-2.94553,2.87217],"rotation":{"angle":0,"axis":"y","origin":[8,8,8]},"faces":{"north":{"uv":[11.66667,7.66667,13.16667,7.83333],"texture":"#1"},"east":{"uv":[12.66667,3.33333,13,3.5],"texture":"#1"},"south":{"uv":[11.66667,8,13.16667,8.16667],"texture":"#1"},"west":{"uv":[12.66667,3.66667,13,3.83333],"texture":"#1"},"up":{"uv":[12.5,0.66667,11,0.33333],"texture":"#1"},"down":{"uv":[12.5,0.66667,11,1],"texture":"#1"}}},{"from":[9.75,-3.19553,1.67217],"to":[10.25,1.55447,2.87217],"rotation":{"angle":0,"axis":"y","origin":[8,8,8]},"faces":{"north":{"uv":[3.33333,11.66667,3.5,13.33333],"texture":"#1"},"east":{"uv":[1,10.66667,1.33333,12.33333],"texture":"#1"},"south":{"uv":[3.66667,11.66667,3.83333,13.33333],"texture":"#1"},"west":{"uv":[1.33333,10.66667,1.66667,12.33333],"texture":"#1"},"up":{"uv":[12.83333,4.33333,12.66667,4],"texture":"#1"},"down":{"uv":[12.83333,4.33333,12.66667,4.66667],"texture":"#1"}}},{"from":[6,-3.19553,1.77217],"to":[10,1.80447,2.77217],"rotation":{"angle":0,"axis":"y","origin":[8,8,8]},"faces":{"north":{"uv":[2.66667,5.33333,4,7],"texture":"#1"},"east":{"uv":[1.66667,10.66667,2,12.33333],"texture":"#1"},"south":{"uv":[4,5.33333,5.33333,7],"texture":"#1"},"west":{"uv":[2,10.66667,2.33333,12.33333],"texture":"#1"},"up":{"uv":[12.33333,3.33333,11,3],"texture":"#1"},"down":{"uv":[12.33333,3.33333,11,3.66667],"texture":"#1"}}},{"from":[5.75,-3.19553,1.67217],"to":[6.25,1.55447,2.87217],"rotation":{"angle":0,"axis":"y","origin":[8,8,8]},"faces":{"north":{"uv":[4,11.66667,4.16667,13.33333],"texture":"#1"},"east":{"uv":[2.33333,10.66667,2.66667,12.33333],"texture":"#1"},"south":{"uv":[6.33333,11.66667,6.5,13.33333],"texture":"#1"},"west":{"uv":[2.66667,10.66667,3,12.33333],"texture":"#1"},"up":{"uv":[12.83333,5,12.66667,4.66667],"texture":"#1"},"down":{"uv":[5.16667,12.66667,5,13],"texture":"#1"}}},{"from":[7,1.80447,1.77217],"to":[9,3.80447,2.77217],"rotation":{"angle":0,"axis":"y","origin":[8,8,8]},"faces":{"north":{"uv":[3.66667,11,4.33333,11.66667],"texture":"#1"},"east":{"uv":[7.33333,12,7.66667,12.66667],"texture":"#1"},"south":{"uv":[11,3.66667,11.66667,4.33333],"texture":"#1"},"west":{"uv":[7.66667,12,8,12.66667],"texture":"#1"},"up":{"uv":[12.66667,8.66667,12,8.33333],"texture":"#1"},"down":{"uv":[12.66667,8.66667,12,9],"texture":"#1"}}},{"from":[6.75,1.55447,1.67217],"to":[7.25,3.55447,2.87217],"rotation":{"angle":0,"axis":"y","origin":[8,8,8]},"faces":{"north":{"uv":[4.33333,12.33333,4.5,13],"texture":"#1"},"east":{"uv":[12,9,12.33333,9.66667],"texture":"#1"},"south":{"uv":[4.66667,12.33333,4.83333,13],"texture":"#1"},"west":{"uv":[9.66667,12,10,12.66667],"texture":"#1"},"up":{"uv":[12.83333,5.33333,12.66667,5],"texture":"#1"},"down":{"uv":[5.5,12.66667,5.33333,13],"texture":"#1"}}},{"from":[5.75,1.55447,1.67217],"to":[6.75,2.05447,2.87217],"rotation":{"angle":0,"axis":"y","origin":[8,8,8]},"faces":{"north":{"uv":[5.66667,12.66667,6,12.83333],"texture":"#1"},"east":{"uv":[6,12.66667,6.33333,12.83333],"texture":"#1"},"south":{"uv":[12.66667,6,13,6.16667],"texture":"#1"},"west":{"uv":[12.66667,6.33333,13,6.5],"texture":"#1"},"up":{"uv":[12.66667,5,12.33333,4.66667],"texture":"#1"},"down":{"uv":[12.66667,5,12.33333,5.33333],"texture":"#1"}}},{"from":[9.25,1.55447,1.67217],"to":[10.25,2.05447,2.87217],"rotation":{"angle":0,"axis":"y","origin":[8,8,8]},"faces":{"north":{"uv":[12.66667,6.66667,13,6.83333],"texture":"#1"},"east":{"uv":[7,12.66667,7.33333,12.83333],"texture":"#1"},"south":{"uv":[12.66667,7,13,7.16667],"texture":"#1"},"west":{"uv":[7.33333,12.66667,7.66667,12.83333],"texture":"#1"},"up":{"uv":[12.66667,6.33333,12.33333,6],"texture":"#1"},"down":{"uv":[12.66667,6.33333,12.33333,6.66667],"texture":"#1"}}},{"from":[8.75,1.55447,1.67217],"to":[9.25,3.55447,2.87217],"rotation":{"angle":0,"axis":"y","origin":[8,8,8]},"faces":{"north":{"uv":[6.66667,12.33333,6.83333,13],"texture":"#1"},"east":{"uv":[10,12,10.33333,12.66667],"texture":"#1"},"south":{"uv":[12.33333,6.66667,12.5,7.33333],"texture":"#1"},"west":{"uv":[10.33333,12,10.66667,12.66667],"texture":"#1"},"up":{"uv":[12.83333,7.66667,12.66667,7.33333],"texture":"#1"},"down":{"uv":[7.83333,12.66667,7.66667,13],"texture":"#1"}}},{"from":[6.75,3.55447,1.67217],"to":[9.25,4.05447,2.87217],"rotation":{"angle":0,"axis":"y","origin":[8,8,8]},"faces":{"north":{"uv":[12,10.66667,12.83333,10.83333],"texture":"#1"},"east":{"uv":[12.66667,8.33333,13,8.5],"texture":"#1"},"south":{"uv":[12,11,12.83333,11.16667],"texture":"#1"},"west":{"uv":[12.66667,8.66667,13,8.83333],"texture":"#1"},"up":{"uv":[12.5,1.33333,11.66667,1],"texture":"#1"},"down":{"uv":[12.5,1.33333,11.66667,1.66667],"texture":"#1"}}}],"gui_light":"front","display":{"thirdperson_righthand":{"translation":[0,-1.75,3.5],"scale":[0.65,0.65,0.65]},"thirdperson_lefthand":{"translation":[0,-1.75,3.5],"scale":[0.65,0.65,0.65]},"firstperson_righthand":{"rotation":[0,0,-9],"translation":[5.75,2.5,-2.25],"scale":[0.63671,0.63671,0.63671]},"firstperson_lefthand":{"rotation":[0,0,-9],"translation":[5.75,2.5,-2.25],"scale":[0.63671,0.63671,0.63671]},"ground":{"rotation":[0,0,-80],"translation":[0,-1,-0.25],"scale":[0.555,0.55,0.55]},"gui":{"rotation":[-90,135,90],"translation":[-0.5,0.25,0],"scale":[0.4668,0.4668,0.4668]},"head":{"scale":[0,0,0]},"fixed":{"rotation":[-90,-90,-90],"translation":[-2.75,-0.5,-3],"scale":[1.4,1.4,1.4]}}}