{"credit":"112590 / 0898JJGU29","texture_size":[40,40],"textures":{"2":"infantryset:hammer","particle":"infantryset:hammer"},"elements":[{"from":[7,-4.69759,18.69759],"to":[9,-2.69759,20.69759],"rotation":{"angle":45,"axis":"x","origin":[8,8,8]},"faces":{"north":{"uv":[5.6,7.2,6.4,8],"texture":"#2"},"east":{"uv":[12.8,9.2,13.6,10],"texture":"#2"},"south":{"uv":[7.6,13.2,8.4,14],"texture":"#2"},"west":{"uv":[8.8,13.2,9.6,14],"texture":"#2"},"up":{"uv":[10.4,14,9.6,13.2],"texture":"#2"},"down":{"uv":[11.2,13.2,10.4,14],"texture":"#2"}}},{"from":[6.75,-4.19759,19.19759],"to":[9.25,-3.19759,20.19759],"rotation":{"angle":45,"axis":"x","origin":[8,8,8]},"faces":{"north":{"uv":[6,14.4,7,14.8],"texture":"#2"},"east":{"uv":[10.4,7.6,10.8,8],"texture":"#2"},"south":{"uv":[14.4,6.4,15.4,6.8],"texture":"#2"},"west":{"uv":[11.2,5.2,11.6,5.6],"texture":"#2"},"up":{"uv":[15.4,7.2,14.4,6.8],"texture":"#2"},"down":{"uv":[15.4,7.2,14.4,7.6],"texture":"#2"}}},{"from":[7.25,-8.54289,7.25],"to":[8.75,-5.54289,8.75],"rotation":{"angle":0,"axis":"y","origin":[8,8,8]},"faces":{"north":{"uv":[12.8,8,13.4,9.2],"texture":"#2"},"east":{"uv":[12.8,10.8,13.4,12],"texture":"#2"},"south":{"uv":[12.8,12,13.4,13.2],"texture":"#2"},"west":{"uv":[13.2,0,13.8,1.2],"texture":"#2"},"up":{"uv":[15,8.2,14.4,7.6],"texture":"#2"},"down":{"uv":[15,8.4,14.4,9],"texture":"#2"}}},{"from":[7.25,-4.54289,7.25],"to":[8.75,-1.54289,8.75],"rotation":{"angle":0,"axis":"y","origin":[8,8,8]},"faces":{"north":{"uv":[13.2,1.2,13.8,2.4],"texture":"#2"},"east":{"uv":[1.6,13.2,2.2,14.4],"texture":"#2"},"south":{"uv":[2.4,13.2,3,14.4],"texture":"#2"},"west":{"uv":[6.8,13.2,7.4,14.4],"texture":"#2"},"up":{"uv":[10.2,15,9.6,14.4],"texture":"#2"},"down":{"uv":[11,14.4,10.4,15],"texture":"#2"}}},{"from":[7.15,-6.29289,7.15],"to":[8.85,-5.79289,8.85],"rotation":{"angle":0,"axis":"y","origin":[8,8,8]},"faces":{"north":{"uv":[15.2,6,15.8,6.2],"texture":"#2"},"east":{"uv":[6.8,15.2,7.4,15.4],"texture":"#2"},"south":{"uv":[7.6,15.2,8.2,15.4],"texture":"#2"},"west":{"uv":[15.2,7.6,15.8,7.8],"texture":"#2"},"up":{"uv":[15,11.4,14.4,10.8],"texture":"#2"},"down":{"uv":[15,11.6,14.4,12.2],"texture":"#2"}}},{"from":[7.15,11.70711,7.15],"to":[8.85,12.20711,8.85],"rotation":{"angle":0,"axis":"y","origin":[8,8,8]},"faces":{"north":{"uv":[15.2,8,15.8,8.2],"texture":"#2"},"east":{"uv":[8.4,15.2,9,15.4],"texture":"#2"},"south":{"uv":[15.2,8.4,15.8,8.6],"texture":"#2"},"west":{"uv":[15.2,8.8,15.8,9],"texture":"#2"},"up":{"uv":[15,13,14.4,12.4],"texture":"#2"},"down":{"uv":[15,13.2,14.4,13.8],"texture":"#2"}}},{"from":[7.35,-5.54289,7.35],"to":[8.65,12.45711,8.65],"rotation":{"angle":0,"axis":"y","origin":[8,8,8]},"faces":{"north":{"uv":[4,0,4.6,7.2],"texture":"#2"},"east":{"uv":[4.8,0,5.4,7.2],"texture":"#2"},"south":{"uv":[0,5.6,0.6,12.8],"texture":"#2"},"west":{"uv":[5.6,0,6.2,7.2],"texture":"#2"},"up":{"uv":[15,14.6,14.4,14],"texture":"#2"},"down":{"uv":[0.6,14.8,0,15.4],"texture":"#2"}}},{"from":[7.15,-8.54289,7.15],"to":[8.85,-7.04289,8.85],"rotation":{"angle":0,"axis":"y","origin":[8,8,8]},"faces":{"north":{"uv":[14.8,0,15.4,0.6],"texture":"#2"},"east":{"uv":[0.8,14.8,1.4,15.4],"texture":"#2"},"south":{"uv":[14.8,0.8,15.4,1.4],"texture":"#2"},"west":{"uv":[14.8,1.6,15.4,2.2],"texture":"#2"},"up":{"uv":[15.4,3,14.8,2.4],"texture":"#2"},"down":{"uv":[15.4,3.2,14.8,3.8],"texture":"#2"}}},{"from":[7.5,17.17031,6.25],"to":[8.5,18.67031,9.75],"rotation":{"angle":0,"axis":"y","origin":[8,21.67031,8]},"faces":{"north":{"uv":[5.2,9.6,5.6,10.2],"texture":"#2"},"east":{"uv":[12.8,6.4,14.2,7],"texture":"#2"},"south":{"uv":[2,11.2,2.4,11.8],"texture":"#2"},"west":{"uv":[12.8,7.2,14.2,7.8],"texture":"#2"},"up":{"uv":[4.8,15.8,4.4,14.4],"texture":"#2"},"down":{"uv":[5.2,14.4,4.8,15.8],"texture":"#2"}}},{"from":[7.25,12.17031,7.25],"to":[8.75,16.67031,8.75],"rotation":{"angle":0,"axis":"y","origin":[8,21.67031,8]},"faces":{"north":{"uv":[11.2,12,11.8,13.8],"texture":"#2"},"east":{"uv":[12,12,12.6,13.8],"texture":"#2"},"south":{"uv":[0,12.8,0.6,14.6],"texture":"#2"},"west":{"uv":[0.8,12.8,1.4,14.6],"texture":"#2"},"up":{"uv":[15.4,4.6,14.8,4],"texture":"#2"},"down":{"uv":[15.4,4.8,14.8,5.4],"texture":"#2"}}},{"from":[7,12.67031,7],"to":[9,14.67031,9],"rotation":{"angle":0,"axis":"y","origin":[8,21.67031,8]},"faces":{"north":{"uv":[12.8,13.2,13.6,14],"texture":"#2"},"east":{"uv":[3.2,13.6,4,14.4],"texture":"#2"},"south":{"uv":[4.4,13.6,5.2,14.4],"texture":"#2"},"west":{"uv":[5.2,13.6,6,14.4],"texture":"#2"},"up":{"uv":[6.8,14.4,6,13.6],"texture":"#2"},"down":{"uv":[14.4,8,13.6,8.8],"texture":"#2"}}},{"from":[7,16.67031,7],"to":[9,18.67031,9],"rotation":{"angle":0,"axis":"y","origin":[8,21.67031,8]},"faces":{"north":{"uv":[13.6,8.8,14.4,9.6],"texture":"#2"},"east":{"uv":[13.6,10.8,14.4,11.6],"texture":"#2"},"south":{"uv":[13.6,11.6,14.4,12.4],"texture":"#2"},"west":{"uv":[13.6,12.4,14.4,13.2],"texture":"#2"},"up":{"uv":[14.4,14,13.6,13.2],"texture":"#2"},"down":{"uv":[14.8,0,14,0.8],"texture":"#2"}}},{"from":[6.9,18.67031,6],"to":[9.1,21.67031,10],"rotation":{"angle":0,"axis":"y","origin":[8,21.67031,8]},"faces":{"north":{"uv":[2.4,8.4,3.2,9.6],"texture":"#2"},"east":{"uv":[0.8,10,2.4,11.2],"texture":"#2"},"south":{"uv":[12.4,1.2,13.2,2.4],"texture":"#2"},"west":{"uv":[10.4,0,12,1.2],"texture":"#2"},"up":{"uv":[4,7.2,3.2,5.6],"texture":"#2"},"down":{"uv":[7.6,8,6.8,9.6],"texture":"#2"}}},{"from":[6.75,14.78769,-5.78769],"to":[9.25,18.78769,-1.78769],"rotation":{"angle":45,"axis":"x","origin":[8,5,8]},"faces":{"north":{"uv":[11.6,5.2,12.6,6.8],"texture":"#2"},"east":{"uv":[0.8,8.4,2.4,10],"texture":"#2"},"south":{"uv":[11.6,6.8,12.6,8.4],"texture":"#2"},"west":{"uv":[8.8,0,10.4,1.6],"texture":"#2"},"up":{"uv":[12.6,10,11.6,8.4],"texture":"#2"},"down":{"uv":[11,11.6,10,13.2],"texture":"#2"}}},{"from":[6.5,15.78769,-4.78769],"to":[9.5,17.78769,-2.78769],"rotation":{"angle":45,"axis":"x","origin":[8,5,8]},"faces":{"north":{"uv":[12.8,2.4,14,3.2],"texture":"#2"},"east":{"uv":[14,0.8,14.8,1.6],"texture":"#2"},"south":{"uv":[12.8,3.2,14,4],"texture":"#2"},"west":{"uv":[14,1.6,14.8,2.4],"texture":"#2"},"up":{"uv":[14,4.8,12.8,4],"texture":"#2"},"down":{"uv":[14,4.8,12.8,5.6],"texture":"#2"}}},{"from":[6.5,18.5,3],"to":[9.5,24.5,6],"rotation":{"angle":0,"axis":"y","origin":[7.5,7.5,7.5]},"faces":{"north":{"uv":[6.4,5.6,7.6,8],"texture":"#2"},"east":{"uv":[3.2,7.2,4.4,9.6],"texture":"#2"},"south":{"uv":[4.4,7.2,5.6,9.6],"texture":"#2"},"west":{"uv":[7.6,0,8.8,2.4],"texture":"#2"},"up":{"uv":[12.8,12,11.6,10.8],"texture":"#2"},"down":{"uv":[13.2,0,12,1.2],"texture":"#2"}}},{"from":[7,12.5,4],"to":[9,18.5,6],"rotation":{"angle":0,"axis":"y","origin":[7.5,7.5,7.5]},"faces":{"north":{"uv":[4.4,9.6,5.2,12],"texture":"#2"},"east":{"uv":[10.4,1.2,11.2,3.6],"texture":"#2"},"south":{"uv":[10.4,3.6,11.2,6],"texture":"#2"},"west":{"uv":[5.2,10.4,6,12.8],"texture":"#2"},"up":{"uv":[14.8,3.2,14,2.4],"texture":"#2"},"down":{"uv":[14.8,3.2,14,4],"texture":"#2"}}},{"from":[6,14.5,1],"to":[10,18.5,4],"rotation":{"angle":0,"axis":"y","origin":[7.5,7.5,7.5]},"faces":{"north":{"uv":[8.8,1.6,10.4,3.2],"texture":"#2"},"east":{"uv":[10.4,6,11.6,7.6],"texture":"#2"},"south":{"uv":[8.8,3.2,10.4,4.8],"texture":"#2"},"west":{"uv":[8.8,10.4,10,12],"texture":"#2"},"up":{"uv":[11.6,11.6,10,10.4],"texture":"#2"},"down":{"uv":[4,10.8,2.4,12],"texture":"#2"}}},{"from":[6.9,17,4],"to":[9.1,18,6.1],"rotation":{"angle":0,"axis":"y","origin":[7.5,7.5,7.5]},"faces":{"north":{"uv":[14.4,9.2,15.2,9.6],"texture":"#2"},"east":{"uv":[6,14.8,6.8,15.2],"texture":"#2"},"south":{"uv":[6.8,14.8,7.6,15.2],"texture":"#2"},"west":{"uv":[7.6,14.8,8.4,15.2],"texture":"#2"},"up":{"uv":[14.8,4.8,14,4],"texture":"#2"},"down":{"uv":[14.8,4.8,14,5.6],"texture":"#2"}}},{"from":[6.9,15,4],"to":[9.1,16,6.1],"rotation":{"angle":0,"axis":"y","origin":[7.5,7.5,7.5]},"faces":{"north":{"uv":[8.4,14.8,9.2,15.2],"texture":"#2"},"east":{"uv":[14.8,10,15.6,10.4],"texture":"#2"},"south":{"uv":[12,14.8,12.8,15.2],"texture":"#2"},"west":{"uv":[12.8,14.8,13.6,15.2],"texture":"#2"},"up":{"uv":[8.4,14.8,7.6,14],"texture":"#2"},"down":{"uv":[9.6,14,8.8,14.8],"texture":"#2"}}},{"from":[7.5,13,6],"to":[8.5,14,10],"rotation":{"angle":0,"axis":"y","origin":[7.5,7.5,7.5]},"faces":{"north":{"uv":[11.2,5.6,11.6,6],"texture":"#2"},"east":{"uv":[13.6,9.6,15.2,10],"texture":"#2"},"south":{"uv":[11.2,11.6,11.6,12],"texture":"#2"},"west":{"uv":[9.6,14,11.2,14.4],"texture":"#2"},"up":{"uv":[11.6,15.6,11.2,14],"texture":"#2"},"down":{"uv":[12,14,11.6,15.6],"texture":"#2"}}},{"from":[7,22.5,6],"to":[9,24,10],"rotation":{"angle":0,"axis":"y","origin":[7.5,7.5,7.5]},"faces":{"north":{"uv":[5.2,14.4,6,15],"texture":"#2"},"east":{"uv":[5.2,12.8,6.8,13.4],"texture":"#2"},"south":{"uv":[14.4,5.6,15.2,6.2],"texture":"#2"},"west":{"uv":[12.8,5.6,14.4,6.2],"texture":"#2"},"up":{"uv":[4,13.6,3.2,12],"texture":"#2"},"down":{"uv":[5.2,12,4.4,13.6],"texture":"#2"}}},{"from":[7.5,24,3],"to":[8.5,25,13],"rotation":{"angle":0,"axis":"y","origin":[7.5,7.5,7.5]},"faces":{"north":{"uv":[12.4,2.4,12.8,2.8],"texture":"#2"},"east":{"uv":[10.8,10,14.8,10.4],"texture":"#2"},"south":{"uv":[1.6,12.8,2,13.2],"texture":"#2"},"west":{"uv":[11.6,10.4,15.6,10.8],"texture":"#2"},"up":{"uv":[4.4,14.8,4,10.8],"texture":"#2"},"down":{"uv":[8.8,10.8,8.4,14.8],"texture":"#2"}}},{"from":[5.5,18.5,0],"to":[10.5,25.5,3],"rotation":{"angle":0,"axis":"y","origin":[7.5,7.5,7.5]},"faces":{"north":{"uv":[0,0,2,2.8],"texture":"#2"},"east":{"uv":[0.8,5.6,2,8.4],"texture":"#2"},"south":{"uv":[2,0,4,2.8],"texture":"#2"},"west":{"uv":[2,5.6,3.2,8.4],"texture":"#2"},"up":{"uv":[10.8,9.2,8.8,8],"texture":"#2"},"down":{"uv":[10.8,9.2,8.8,10.4],"texture":"#2"}}},{"from":[6.9,15,9.9],"to":[9.1,16,12],"rotation":{"angle":0,"axis":"y","origin":[7.5,7.5,8.5]},"faces":{"north":{"uv":[13.6,14.8,14.4,15.2],"texture":"#2"},"east":{"uv":[14.4,14.8,15.2,15.2],"texture":"#2"},"south":{"uv":[1.6,15.2,2.4,15.6],"texture":"#2"},"west":{"uv":[2.4,15.2,3.2,15.6],"texture":"#2"},"up":{"uv":[12.8,14.8,12,14],"texture":"#2"},"down":{"uv":[13.6,14,12.8,14.8],"texture":"#2"}}},{"from":[7,12.5,10],"to":[9,18.5,12],"rotation":{"angle":0,"axis":"y","origin":[7.5,7.5,8.5]},"faces":{"north":{"uv":[6,10.4,6.8,12.8],"texture":"#2"},"east":{"uv":[6.8,10.8,7.6,13.2],"texture":"#2"},"south":{"uv":[7.6,10.8,8.4,13.2],"texture":"#2"},"west":{"uv":[10.8,7.6,11.6,10],"texture":"#2"},"up":{"uv":[14.4,14.8,13.6,14],"texture":"#2"},"down":{"uv":[2.4,14.4,1.6,15.2],"texture":"#2"}}},{"from":[6.9,17,9.9],"to":[9.1,18,12],"rotation":{"angle":0,"axis":"y","origin":[7.5,7.5,8.5]},"faces":{"north":{"uv":[3.2,15.2,4,15.6],"texture":"#2"},"east":{"uv":[5.2,15.2,6,15.6],"texture":"#2"},"south":{"uv":[15.2,5.6,16,6],"texture":"#2"},"west":{"uv":[6,15.2,6.8,15.6],"texture":"#2"},"up":{"uv":[3.2,15.2,2.4,14.4],"texture":"#2"},"down":{"uv":[4,14.4,3.2,15.2],"texture":"#2"}}},{"from":[6.5,18.5,10],"to":[9.5,24.5,13],"rotation":{"angle":0,"axis":"y","origin":[7.5,7.5,8.5]},"faces":{"north":{"uv":[7.6,2.4,8.8,4.8],"texture":"#2"},"east":{"uv":[7.6,4.8,8.8,7.2],"texture":"#2"},"south":{"uv":[7.6,7.2,8.8,9.6],"texture":"#2"},"west":{"uv":[5.6,8,6.8,10.4],"texture":"#2"},"up":{"uv":[3.2,13.2,2,12],"texture":"#2"},"down":{"uv":[10,12,8.8,13.2],"texture":"#2"}}},{"from":[6,14.5,12],"to":[10,18.5,15],"rotation":{"angle":0,"axis":"y","origin":[7.5,7.5,8.5]},"faces":{"north":{"uv":[8.8,4.8,10.4,6.4],"texture":"#2"},"east":{"uv":[0.8,11.2,2,12.8],"texture":"#2"},"south":{"uv":[8.8,6.4,10.4,8],"texture":"#2"},"west":{"uv":[11.2,1.2,12.4,2.8],"texture":"#2"},"up":{"uv":[12.8,4,11.2,2.8],"texture":"#2"},"down":{"uv":[12.8,4,11.2,5.2],"texture":"#2"}}},{"from":[5.5,18.5,13],"to":[10.5,25.5,16],"rotation":{"angle":0,"axis":"y","origin":[7.5,7.5,8.5]},"faces":{"north":{"uv":[0,2.8,2,5.6],"texture":"#2"},"east":{"uv":[6.4,0,7.6,2.8],"texture":"#2"},"south":{"uv":[2,2.8,4,5.6],"texture":"#2"},"west":{"uv":[6.4,2.8,7.6,5.6],"texture":"#2"},"up":{"uv":[4.4,10.8,2.4,9.6],"texture":"#2"},"down":{"uv":[8.8,9.6,6.8,10.8],"texture":"#2"}}}],"gui_light":"front","display":{"thirdperson_righthand":{"translation":[0,5,1.25],"scale":[0.75,0.75,0.75]},"thirdperson_lefthand":{"translation":[0,5,1.25],"scale":[0.75,0.75,0.75]},"firstperson_righthand":{"rotation":[-10,9,6.37],"translation":[9.25,-1.75,-8.25],"scale":[0.98789,0.98789,0.98789]},"firstperson_lefthand":{"rotation":[-10,9,6.37],"translation":[9.25,-1.75,-8.25],"scale":[0.98789,0.98789,0.98789]},"ground":{"rotation":[0,0,-90],"translation":[-1.25,2.25,0],"scale":[0.65,0.65,0.65]},"gui":{"rotation":[90,-45,90],"translation":[1,-1,-2],"scale":[0.44141,0.44141,0.44141]},"head":{"scale":[0,0,0]},"fixed":{"rotation":[-90,-90,-90],"translation":[-0.25,1.25,-2.5],"scale":[1.455,1.455,1.455]}}}