{"credit":"MadewithBlockbench","texture_size":[56,56],"textures":{"2":"infantryset:shield"},"elements":[{"from":[5,15,5.95],"to":[6,18,8.3],"rotation":{"angle":0,"axis":"y","origin":[8,8,8]},"faces":{"north":{"uv":[14,2.85714,14.28571,3.71429],"texture":"#2"},"east":{"uv":[12.85714,10.85714,13.57143,11.71429],"texture":"#2"},"south":{"uv":[8,14,8.28571,14.85714],"texture":"#2"},"west":{"uv":[12.85714,11.71429,13.57143,12.57143],"texture":"#2"},"up":{"uv":[14.28571,14.71429,14,14],"texture":"#2"},"down":{"uv":[0.28571,14.28571,0,15],"texture":"#2"}}},{"from":[10,15,5.95],"to":[11,18,8.3],"rotation":{"angle":0,"axis":"y","origin":[8,8,8]},"faces":{"north":{"uv":[9.71429,14,10,14.85714],"texture":"#2"},"east":{"uv":[12.85714,12.57143,13.57143,13.42857],"texture":"#2"},"south":{"uv":[10,14,10.28571,14.85714],"texture":"#2"},"west":{"uv":[13.14286,2.85714,13.85714,3.71429],"texture":"#2"},"up":{"uv":[0.57143,15,0.28571,14.28571],"texture":"#2"},"down":{"uv":[0.85714,14.28571,0.57143,15],"texture":"#2"}}},{"from":[8.7153,8.16761,5.2],"to":[10.2153,13.91761,6.05],"rotation":{"angle":-22.5,"axis":"z","origin":[8.2153,11.91761,5.375]},"faces":{"north":{"uv":[5.14286,12,5.57143,13.71429],"texture":"#2"},"east":{"uv":[4.57143,13.42857,4.85714,15.14286],"texture":"#2"},"south":{"uv":[7.42857,12,7.85714,13.71429],"texture":"#2"},"west":{"uv":[4.85714,13.42857,5.14286,15.14286],"texture":"#2"},"up":{"uv":[15,2.85714,14.57143,2.57143],"texture":"#2"},"down":{"uv":[4.42857,14.57143,4,14.85714],"texture":"#2"}}},{"from":[5.7847,8.16761,5.2],"to":[7.2847,13.91761,6.05],"rotation":{"angle":22.5,"axis":"z","origin":[7.7847,11.91761,5.375]},"faces":{"north":{"uv":[12.28571,5.14286,12.71429,6.85714],"texture":"#2"},"east":{"uv":[13.42857,6.85714,13.71429,8.57143],"texture":"#2"},"south":{"uv":[9.71429,12.28571,10.14286,14],"texture":"#2"},"west":{"uv":[13.42857,8.57143,13.71429,10.28571],"texture":"#2"},"up":{"uv":[15,4.57143,14.57143,4.28571],"texture":"#2"},"down":{"uv":[15,4.57143,14.57143,4.85714],"texture":"#2"}}},{"from":[6,11,4.7],"to":[10,15,6.05],"rotation":{"angle":45,"axis":"z","origin":[8,13,5.375]},"faces":{"north":{"uv":[6.28571,3.42857,7.42857,4.57143],"texture":"#2"},"east":{"uv":[12.85714,13.42857,13.28571,14.57143],"texture":"#2"},"south":{"uv":[11.14286,5.14286,12.28571,6.28571],"texture":"#2"},"west":{"uv":[13.42857,13.42857,13.85714,14.57143],"texture":"#2"},"up":{"uv":[14.57143,2.71429,13.42857,2.28571],"texture":"#2"},"down":{"uv":[14.57143,4.28571,13.42857,4.71429],"texture":"#2"}}},{"from":[4,9,5.05],"to":[12,17,5.05],"rotation":{"angle":45,"axis":"z","origin":[8,13,5.375]},"faces":{"north":{"uv":[2.85714,4.85714,5.14286,7.14286],"texture":"#2"},"east":{"uv":[0,0,0,2.28571],"texture":"#2"},"south":{"uv":[5.14286,4.85714,7.42857,7.14286],"texture":"#2"},"west":{"uv":[0,0,0,2.28571],"texture":"#2"},"up":{"uv":[2.28571,0,0,0],"texture":"#2"},"down":{"uv":[2.28571,0,0,0],"texture":"#2"}}},{"from":[8,13,5.55],"to":[14,19,5.55],"rotation":{"angle":45,"axis":"z","origin":[8,13,5.375]},"faces":{"north":{"uv":[6.28571,0,8,1.71429],"texture":"#2"},"east":{"uv":[0,0,0,1.71429],"texture":"#2"},"south":{"uv":[6.28571,1.71429,8,3.42857],"texture":"#2"},"west":{"uv":[0,0,0,1.71429],"texture":"#2"},"up":{"uv":[1.71429,0,0,0],"texture":"#2"},"down":{"uv":[1.71429,0,0,0],"texture":"#2"}}},{"from":[-2.5,2.5,5.55],"to":[3,8,5.55],"rotation":{"angle":45,"axis":"z","origin":[8,13,5.375]},"faces":{"north":{"uv":[7.42857,3.42857,9,5],"texture":"#2"},"east":{"uv":[0,0,0,1.57143],"texture":"#2"},"south":{"uv":[7.42857,5.14286,9,6.71429],"texture":"#2"},"west":{"uv":[0,0,0,1.57143],"texture":"#2"},"up":{"uv":[1.57143,0,0,0],"texture":"#2"},"down":{"uv":[1.57143,0,0,0],"texture":"#2"}}},{"from":[3,8,5.55],"to":[5,10,6.05],"rotation":{"angle":45,"axis":"z","origin":[8,13,5.375]},"faces":{"north":{"uv":[11.14286,7.42857,11.71429,8],"texture":"#2"},"east":{"uv":[14.57143,6,14.71429,6.57143],"texture":"#2"},"south":{"uv":[12.28571,13.71429,12.85714,14.28571],"texture":"#2"},"west":{"uv":[14.57143,6.57143,14.71429,7.14286],"texture":"#2"},"up":{"uv":[15.14286,7.28571,14.57143,7.14286],"texture":"#2"},"down":{"uv":[8,14.57143,7.42857,14.71429],"texture":"#2"}}},{"from":[6,15,5.95],"to":[10,16,8.3],"rotation":{"angle":0,"axis":"y","origin":[8,8,8]},"faces":{"north":{"uv":[6.28571,4.57143,7.42857,4.85714],"texture":"#2"},"east":{"uv":[2.85714,14.28571,3.57143,14.57143],"texture":"#2"},"south":{"uv":[13.71429,13.14286,14.85714,13.42857],"texture":"#2"},"west":{"uv":[14.28571,2.85714,15,3.14286],"texture":"#2"},"up":{"uv":[10.85714,12.14286,9.71429,11.42857],"texture":"#2"},"down":{"uv":[7.42857,11.71429,6.28571,12.42857],"texture":"#2"}}},{"from":[9.98281,16,4.93897],"to":[14.08281,18,7.28897],"rotation":{"angle":-22.5,"axis":"y","origin":[8,8,8]},"faces":{"north":{"uv":[12.28571,6.85714,13.42857,7.42857],"texture":"#2"},"east":{"uv":[13.71429,8.57143,14.42857,9.14286],"texture":"#2"},"south":{"uv":[12.57143,0,13.71429,0.57143],"texture":"#2"},"west":{"uv":[13.71429,9.14286,14.42857,9.71429],"texture":"#2"},"up":{"uv":[12.85714,11,11.71429,10.28571],"texture":"#2"},"down":{"uv":[12.85714,11.14286,11.71429,11.85714],"texture":"#2"}}},{"from":[10.98281,4,4.93897],"to":[13.08281,5,7.28897],"rotation":{"angle":-22.5,"axis":"y","origin":[8,8,8]},"faces":{"north":{"uv":[2.85714,4.57143,3.42857,4.85714],"texture":"#2"},"east":{"uv":[14.28571,3.14286,15,3.42857],"texture":"#2"},"south":{"uv":[14.28571,11.42857,14.85714,11.71429],"texture":"#2"},"west":{"uv":[14.28571,3.42857,15,3.71429],"texture":"#2"},"up":{"uv":[5.71429,14.42857,5.14286,13.71429],"texture":"#2"},"down":{"uv":[8,13.71429,7.42857,14.42857],"texture":"#2"}}},{"from":[5,-2,5.95],"to":[11,-1,8.3],"rotation":{"angle":0,"axis":"y","origin":[8,8,8]},"faces":{"north":{"uv":[13.42857,4.85714,15.14286,5.14286],"texture":"#2"},"east":{"uv":[3.71429,14.28571,4.42857,14.57143],"texture":"#2"},"south":{"uv":[13.71429,0,15.42857,0.28571],"texture":"#2"},"west":{"uv":[14.28571,5.14286,15,5.42857],"texture":"#2"},"up":{"uv":[13.42857,1.85714,11.71429,1.14286],"texture":"#2"},"down":{"uv":[13.42857,2,11.71429,2.71429],"texture":"#2"}}},{"from":[5,-6,7.2],"to":[11,-2,7.2],"rotation":{"angle":0,"axis":"y","origin":[8,8,8]},"faces":{"north":{"uv":[1.14286,9.42857,2.85714,10.57143],"texture":"#2"},"east":{"uv":[0,0,0,1.14286],"texture":"#2"},"south":{"uv":[9.71429,0,11.42857,1.14286],"texture":"#2"},"west":{"uv":[0,0,0,1.14286],"texture":"#2"},"up":{"uv":[1.71429,0,0,0],"texture":"#2"},"down":{"uv":[1.71429,0,0,0],"texture":"#2"}}},{"from":[9.98281,-2,4.93897],"to":[11.08281,5,7.28897],"rotation":{"angle":-22.5,"axis":"y","origin":[8,8,8]},"faces":{"north":{"uv":[5.71429,12,6,14],"texture":"#2"},"east":{"uv":[10.85714,1.14286,11.57143,3.14286],"texture":"#2"},"south":{"uv":[8,12,8.28571,14],"texture":"#2"},"west":{"uv":[10.85714,8,11.57143,10],"texture":"#2"},"up":{"uv":[1.14286,15,0.85714,14.28571],"texture":"#2"},"down":{"uv":[14.57143,5.42857,14.28571,6.14286],"texture":"#2"}}},{"from":[13.08281,4,4.93897],"to":[14.08281,16,7.28897],"rotation":{"angle":-22.5,"axis":"y","origin":[8,8,8]},"faces":{"north":{"uv":[6,10.28571,6.28571,13.71429],"texture":"#2"},"east":{"uv":[7.42857,6.85714,8.14286,10.28571],"texture":"#2"},"south":{"uv":[8.85714,10.28571,9.14286,13.71429],"texture":"#2"},"west":{"uv":[8,0,8.71429,3.42857],"texture":"#2"},"up":{"uv":[6.57143,15,6.28571,14.28571],"texture":"#2"},"down":{"uv":[6.85714,14.28571,6.57143,15],"texture":"#2"}}},{"from":[4.91719,-2,4.93897],"to":[6.01719,5,7.28897],"rotation":{"angle":22.5,"axis":"y","origin":[8,8,8]},"faces":{"north":{"uv":[9.14286,13.14286,9.42857,15.14286],"texture":"#2"},"east":{"uv":[10.85714,10,11.57143,12],"texture":"#2"},"south":{"uv":[9.42857,13.14286,9.71429,15.14286],"texture":"#2"},"west":{"uv":[11.14286,3.14286,11.85714,5.14286],"texture":"#2"},"up":{"uv":[7.14286,15,6.85714,14.28571],"texture":"#2"},"down":{"uv":[7.42857,14.28571,7.14286,15],"texture":"#2"}}},{"from":[5,-2,5.95],"to":[11,-1,8.3],"rotation":{"angle":0,"axis":"y","origin":[8,8,8]},"faces":{"north":{"uv":[13.71429,0.28571,15.42857,0.57143],"texture":"#2"},"east":{"uv":[8.28571,14.28571,9,14.57143],"texture":"#2"},"south":{"uv":[13.71429,0.57143,15.42857,0.85714],"texture":"#2"},"west":{"uv":[14.28571,10.85714,15,11.14286],"texture":"#2"},"up":{"uv":[13.42857,8.14286,11.71429,7.42857],"texture":"#2"},"down":{"uv":[13.42857,8.28571,11.71429,9],"texture":"#2"}}},{"from":[2.91719,4,4.93897],"to":[5.01719,5,7.28897],"rotation":{"angle":22.5,"axis":"y","origin":[8,8,8]},"faces":{"north":{"uv":[14.28571,14,14.85714,14.28571],"texture":"#2"},"east":{"uv":[14.28571,11.14286,15,11.42857],"texture":"#2"},"south":{"uv":[14.28571,14.28571,14.85714,14.57143],"texture":"#2"},"west":{"uv":[11.42857,14.28571,12.14286,14.57143],"texture":"#2"},"up":{"uv":[11.42857,14.42857,10.85714,13.71429],"texture":"#2"},"down":{"uv":[14.28571,10.85714,13.71429,11.57143],"texture":"#2"}}},{"from":[1.91719,4,4.93897],"to":[2.91719,16,7.28897],"rotation":{"angle":22.5,"axis":"y","origin":[8,8,8]},"faces":{"north":{"uv":[2.28571,10.57143,2.57143,14],"texture":"#2"},"east":{"uv":[8.28571,6.85714,9,10.28571],"texture":"#2"},"south":{"uv":[2.57143,10.57143,2.85714,14],"texture":"#2"},"west":{"uv":[8.85714,0,9.57143,3.42857],"texture":"#2"},"up":{"uv":[12.57143,15,12.28571,14.28571],"texture":"#2"},"down":{"uv":[12.85714,14.28571,12.57143,15],"texture":"#2"}}},{"from":[1.91719,16,4.93897],"to":[6.01719,18,7.28897],"rotation":{"angle":22.5,"axis":"y","origin":[8,8,8]},"faces":{"north":{"uv":[12.57143,0.57143,13.71429,1.14286],"texture":"#2"},"east":{"uv":[13.71429,9.71429,14.42857,10.28571],"texture":"#2"},"south":{"uv":[10.85714,12.57143,12,13.14286],"texture":"#2"},"west":{"uv":[11.42857,13.71429,12.14286,14.28571],"texture":"#2"},"up":{"uv":[13.14286,3.57143,12,2.85714],"texture":"#2"},"down":{"uv":[13.14286,3.71429,12,4.42857],"texture":"#2"}}},{"from":[10.08281,-4,5.43897],"to":[13.08281,2,6.78897],"rotation":{"angle":-22.5,"axis":"y","origin":[8,8,8]},"faces":{"north":{"uv":[10.28571,4.57143,11.14286,6.28571],"texture":"#2"},"east":{"uv":[10.28571,12.28571,10.71429,14],"texture":"#2"},"south":{"uv":[5.14286,10.28571,6,12],"texture":"#2"},"west":{"uv":[12.28571,12,12.71429,13.71429],"texture":"#2"},"up":{"uv":[14.57143,12.42857,13.71429,12],"texture":"#2"},"down":{"uv":[14.57143,12.57143,13.71429,13],"texture":"#2"}}},{"from":[2.91719,-4,5.43897],"to":[5.91719,2,6.78897],"rotation":{"angle":22.5,"axis":"y","origin":[8,8,8]},"faces":{"north":{"uv":[10.28571,6.28571,11.14286,8],"texture":"#2"},"east":{"uv":[6.28571,12.57143,6.71429,14.28571],"texture":"#2"},"south":{"uv":[7.42857,10.28571,8.28571,12],"texture":"#2"},"west":{"uv":[6.85714,12.57143,7.28571,14.28571],"texture":"#2"},"up":{"uv":[2,14.42857,1.14286,14],"texture":"#2"},"down":{"uv":[2.85714,14,2,14.42857],"texture":"#2"}}},{"from":[11.08281,2,5.43897],"to":[16.08281,19,6.78897],"rotation":{"angle":-22.5,"axis":"y","origin":[8,8,8]},"faces":{"north":{"uv":[3.42857,0,4.85714,4.85714],"texture":"#2"},"east":{"uv":[9.14286,3.42857,9.57143,8.28571],"texture":"#2"},"south":{"uv":[0,4.57143,1.42857,9.42857],"texture":"#2"},"west":{"uv":[9.14286,8.28571,9.57143,13.14286],"texture":"#2"},"up":{"uv":[14.57143,4.14286,13.14286,3.71429],"texture":"#2"},"down":{"uv":[12.28571,13.14286,10.85714,13.57143],"texture":"#2"}}},{"from":[-0.08281,2,5.43897],"to":[4.91719,19,6.78897],"rotation":{"angle":22.5,"axis":"y","origin":[8,8,8]},"faces":{"north":{"uv":[1.42857,4.57143,2.85714,9.42857],"texture":"#2"},"east":{"uv":[0,9.42857,0.42857,14.28571],"texture":"#2"},"south":{"uv":[4.85714,0,6.28571,4.85714],"texture":"#2"},"west":{"uv":[0.57143,9.42857,1,14.28571],"texture":"#2"},"up":{"uv":[14.85714,1.57143,13.42857,1.14286],"texture":"#2"},"down":{"uv":[14.85714,1.71429,13.42857,2.14286],"texture":"#2"}}},{"from":[-0.18281,5,5.33897],"to":[1.91719,17,6.88897],"rotation":{"angle":22.5,"axis":"y","origin":[8,8,8]},"faces":{"north":{"uv":[9.71429,1.14286,10.28571,4.57143],"texture":"#2"},"east":{"uv":[10.28571,8,10.71429,11.42857],"texture":"#2"},"south":{"uv":[9.71429,4.57143,10.28571,8],"texture":"#2"},"west":{"uv":[8.28571,10.28571,8.71429,13.71429],"texture":"#2"},"up":{"uv":[14.57143,6.71429,14,6.28571],"texture":"#2"},"down":{"uv":[10.85714,14,10.28571,14.42857],"texture":"#2"}}},{"from":[14.08281,5,5.33897],"to":[16.18281,17,6.88897],"rotation":{"angle":-22.5,"axis":"y","origin":[8,8,8]},"faces":{"north":{"uv":[9.71429,8,10.28571,11.42857],"texture":"#2"},"east":{"uv":[1.14286,10.57143,1.57143,14],"texture":"#2"},"south":{"uv":[10.28571,1.14286,10.85714,4.57143],"texture":"#2"},"west":{"uv":[1.71429,10.57143,2.14286,14],"texture":"#2"},"up":{"uv":[14.57143,10.71429,14,10.28571],"texture":"#2"},"down":{"uv":[14.57143,13.42857,14,13.85714],"texture":"#2"}}},{"from":[10.08281,5,5.18897],"to":[13.08281,16,7.18897],"rotation":{"angle":-22.5,"axis":"y","origin":[8,8,8]},"faces":{"north":{"uv":[2.85714,7.14286,3.71429,10.28571],"texture":"#2"},"east":{"uv":[2.85714,10.28571,3.42857,13.42857],"texture":"#2"},"south":{"uv":[3.71429,7.14286,4.57143,10.28571],"texture":"#2"},"west":{"uv":[3.42857,10.28571,4,13.42857],"texture":"#2"},"up":{"uv":[14.57143,7.42857,13.71429,6.85714],"texture":"#2"},"down":{"uv":[14.57143,7.42857,13.71429,8],"texture":"#2"}}},{"from":[2.91719,5,5.18897],"to":[5.91719,16,7.18897],"rotation":{"angle":22.5,"axis":"y","origin":[8,8,8]},"faces":{"north":{"uv":[4.57143,7.14286,5.42857,10.28571],"texture":"#2"},"east":{"uv":[4,10.28571,4.57143,13.42857],"texture":"#2"},"south":{"uv":[5.42857,7.14286,6.28571,10.28571],"texture":"#2"},"west":{"uv":[4.57143,10.28571,5.14286,13.42857],"texture":"#2"},"up":{"uv":[14.57143,8.57143,13.71429,8],"texture":"#2"},"down":{"uv":[9.14286,13.71429,8.28571,14.28571],"texture":"#2"}}},{"from":[6,0,5.95],"to":[10,4,6.2],"rotation":{"angle":0,"axis":"y","origin":[8,8,8]},"faces":{"north":{"uv":[11.14286,6.28571,12.28571,7.42857],"texture":"#2"},"east":{"uv":[1.14286,14.57143,1.28571,15.71429],"texture":"#2"},"south":{"uv":[11.42857,0,12.57143,1.14286],"texture":"#2"},"west":{"uv":[1.42857,14.57143,1.57143,15.71429],"texture":"#2"},"up":{"uv":[2.85714,14.71429,1.71429,14.57143],"texture":"#2"},"down":{"uv":[15.71429,2.28571,14.57143,2.42857],"texture":"#2"}}},{"from":[6.75,0.75,5.45],"to":[9.25,3.25,5.95],"rotation":{"angle":45,"axis":"z","origin":[8,2,5.7]},"faces":{"north":{"uv":[2.85714,13.42857,3.57143,14.14286],"texture":"#2"},"east":{"uv":[5.14286,14.57143,5.28571,15.28571],"texture":"#2"},"south":{"uv":[3.71429,13.42857,4.42857,14.14286],"texture":"#2"},"west":{"uv":[5.42857,14.57143,5.57143,15.28571],"texture":"#2"},"up":{"uv":[15.28571,5.57143,14.57143,5.42857],"texture":"#2"},"down":{"uv":[15.28571,5.71429,14.57143,5.85714],"texture":"#2"}}},{"from":[5,-1,6.2],"to":[11,15,8.2],"rotation":{"angle":0,"axis":"y","origin":[8,8,8]},"faces":{"north":{"uv":[0,0,1.71429,4.57143],"texture":"#2"},"east":{"uv":[6.28571,7.14286,6.85714,11.71429],"texture":"#2"},"south":{"uv":[1.71429,0,3.42857,4.57143],"texture":"#2"},"west":{"uv":[6.85714,7.14286,7.42857,11.71429],"texture":"#2"},"up":{"uv":[13.42857,9.71429,11.71429,9.14286],"texture":"#2"},"down":{"uv":[13.42857,9.71429,11.71429,10.28571],"texture":"#2"}}},{"from":[5.5,9.5,10.7],"to":[10.5,11.5,11.7],"rotation":{"angle":0,"axis":"y","origin":[8,8,8]},"faces":{"north":{"uv":[12,4.57143,13.42857,5.14286],"texture":"#2"},"east":{"uv":[12,12.57143,12.28571,13.14286],"texture":"#2"},"south":{"uv":[10.85714,12,12.28571,12.57143],"texture":"#2"},"west":{"uv":[2.85714,14.57143,3.14286,15.14286],"texture":"#2"},"up":{"uv":[15.14286,1.14286,13.71429,0.85714],"texture":"#2"},"down":{"uv":[15.14286,11.71429,13.71429,12],"texture":"#2"}}},{"from":[5.5,9.5,6.7],"to":[6.5,11.5,10.7],"rotation":{"angle":0,"axis":"y","origin":[8,8,8]},"faces":{"north":{"uv":[3.14286,14.57143,3.42857,15.14286],"texture":"#2"},"east":{"uv":[12.85714,5.14286,14,5.71429],"texture":"#2"},"south":{"uv":[3.42857,14.57143,3.71429,15.14286],"texture":"#2"},"west":{"uv":[12.85714,5.71429,14,6.28571],"texture":"#2"},"up":{"uv":[11.14286,4.28571,10.85714,3.14286],"texture":"#2"},"down":{"uv":[6.28571,13.71429,6,14.85714],"texture":"#2"}}},{"from":[9.5,9.5,6.7],"to":[10.5,11.5,10.7],"rotation":{"angle":0,"axis":"y","origin":[8,8,8]},"faces":{"north":{"uv":[3.71429,14.57143,4,15.14286],"texture":"#2"},"east":{"uv":[12.85714,6.28571,14,6.85714],"texture":"#2"},"south":{"uv":[14.57143,3.71429,14.85714,4.28571],"texture":"#2"},"west":{"uv":[12.85714,10.28571,14,10.85714],"texture":"#2"},"up":{"uv":[14.28571,6.28571,14,5.14286],"texture":"#2"},"down":{"uv":[6,14,5.71429,15.14286],"texture":"#2"}}}],"gui_light":"front","display":{"thirdperson_righthand":{"rotation":[0,-90,0],"translation":[4.25,-0.75,1.75]},"thirdperson_lefthand":{"rotation":[0,-90,0],"translation":[4.25,-0.75,1.75]},"firstperson_righthand":{"rotation":[0,10,0],"translation":[-2.75,-1,2.75],"scale":[0.63086,0.63086,0.63086]},"firstperson_lefthand":{"rotation":[0,10,0],"translation":[-2.75,-1,2.75],"scale":[0.63086,0.63086,0.63086]},"ground":{"rotation":[90,0,0],"translation":[0,-1.25,0],"scale":[0.86,0.86,0.86]},"gui":{"rotation":[0,-180,0],"translation":[0,-0.25,0],"scale":[0.5,0.5,0.5]},"head":{"rotation":[-180,0,-24.5],"translation":[-1.25,-14.5,5.25],"scale":[1.5,1.5,1.5]},"fixed":{"translation":[0,-0.25,-3.25],"scale":[1.51367,1.51367,1.51367]}}}