{"credit":"MadewithBlockbench","texture_size":[40,40],"textures":{"2":"infantryset:shovel"},"elements":[{"from":[7,-4.69759,18.69759],"to":[9,-2.69759,20.69759],"rotation":{"angle":45,"axis":"x","origin":[8,8,8]},"faces":{"north":{"uv":[10.4,8.8,11.2,9.6],"texture":"#2"},"east":{"uv":[11.2,6.4,12,7.2],"texture":"#2"},"south":{"uv":[11.2,7.2,12,8],"texture":"#2"},"west":{"uv":[11.2,8,12,8.8],"texture":"#2"},"up":{"uv":[12,9.6,11.2,8.8],"texture":"#2"},"down":{"uv":[12,9.6,11.2,10.4],"texture":"#2"}}},{"from":[6.75,-4.19759,19.19759],"to":[9.25,-3.19759,20.19759],"rotation":{"angle":45,"axis":"x","origin":[8,8,8]},"faces":{"north":{"uv":[12,10,13,10.4],"texture":"#2"},"east":{"uv":[9.2,4.4,9.6,4.8],"texture":"#2"},"south":{"uv":[12.4,8.8,13.4,9.2],"texture":"#2"},"west":{"uv":[8,9.6,8.4,10],"texture":"#2"},"up":{"uv":[13.4,9.6,12.4,9.2],"texture":"#2"},"down":{"uv":[10.6,12.4,9.6,12.8],"texture":"#2"}}},{"from":[7.25,-8.54289,7.25],"to":[8.75,-5.54289,8.75],"rotation":{"angle":0,"axis":"y","origin":[8,8,8]},"faces":{"north":{"uv":[3.2,10,3.8,11.2],"texture":"#2"},"east":{"uv":[10.4,2.8,11,4],"texture":"#2"},"south":{"uv":[4,10.4,4.6,11.6],"texture":"#2"},"west":{"uv":[10.4,4,11,5.2],"texture":"#2"},"up":{"uv":[13,11,12.4,10.4],"texture":"#2"},"down":{"uv":[11.4,12.4,10.8,13],"texture":"#2"}}},{"from":[7.25,-4.54289,7.25],"to":[8.75,-1.54289,8.75],"rotation":{"angle":0,"axis":"y","origin":[8,8,8]},"faces":{"north":{"uv":[10.4,5.2,11,6.4],"texture":"#2"},"east":{"uv":[10.4,6.4,11,7.6],"texture":"#2"},"south":{"uv":[10.4,7.6,11,8.8],"texture":"#2"},"west":{"uv":[10,10.4,10.6,11.6],"texture":"#2"},"up":{"uv":[13,11.8,12.4,11.2],"texture":"#2"},"down":{"uv":[12.2,12.4,11.6,13],"texture":"#2"}}},{"from":[7.15,-6.29289,7.15],"to":[8.85,-5.79289,8.85],"rotation":{"angle":0,"axis":"y","origin":[8,8,8]},"faces":{"north":{"uv":[12.4,9.6,13,9.8],"texture":"#2"},"east":{"uv":[4.8,13.6,5.4,13.8],"texture":"#2"},"south":{"uv":[5.6,13.6,6.2,13.8],"texture":"#2"},"west":{"uv":[13.6,5.6,14.2,5.8],"texture":"#2"},"up":{"uv":[13,12.6,12.4,12],"texture":"#2"},"down":{"uv":[13.4,0.8,12.8,1.4],"texture":"#2"}}},{"from":[7.15,11.70711,7.15],"to":[8.85,12.20711,8.85],"rotation":{"angle":0,"axis":"y","origin":[8,8,8]},"faces":{"north":{"uv":[13.6,6,14.2,6.2],"texture":"#2"},"east":{"uv":[6.4,13.6,7,13.8],"texture":"#2"},"south":{"uv":[13.6,6.4,14.2,6.6],"texture":"#2"},"west":{"uv":[13.6,6.8,14.2,7],"texture":"#2"},"up":{"uv":[13.4,2.2,12.8,1.6],"texture":"#2"},"down":{"uv":[13.4,2.4,12.8,3],"texture":"#2"}}},{"from":[7.35,-5.54289,7.35],"to":[8.65,12.45711,8.65],"rotation":{"angle":0,"axis":"y","origin":[8,8,8]},"faces":{"north":{"uv":[0,4.4,0.6,11.6],"texture":"#2"},"east":{"uv":[0.8,4.4,1.4,11.6],"texture":"#2"},"south":{"uv":[1.6,4.4,2.2,11.6],"texture":"#2"},"west":{"uv":[2.4,4.4,3,11.6],"texture":"#2"},"up":{"uv":[13.4,3.8,12.8,3.2],"texture":"#2"},"down":{"uv":[13.4,4,12.8,4.6],"texture":"#2"}}},{"from":[7.15,-8.54289,7.15],"to":[8.85,-7.04289,8.85],"rotation":{"angle":0,"axis":"y","origin":[8,8,8]},"faces":{"north":{"uv":[4.8,12.8,5.4,13.4],"texture":"#2"},"east":{"uv":[12.8,5.6,13.4,6.2],"texture":"#2"},"south":{"uv":[12.8,6.4,13.4,7],"texture":"#2"},"west":{"uv":[7.2,12.8,7.8,13.4],"texture":"#2"},"up":{"uv":[13.4,7.8,12.8,7.2],"texture":"#2"},"down":{"uv":[8.6,12.8,8,13.4],"texture":"#2"}}},{"from":[7.5,17.17031,6.25],"to":[8.5,18.67031,9.75],"rotation":{"angle":0,"axis":"y","origin":[8,21.67031,8]},"faces":{"north":{"uv":[13.2,4.8,13.6,5.4],"texture":"#2"},"east":{"uv":[10.4,1.2,11.8,1.8],"texture":"#2"},"south":{"uv":[11.2,13.2,11.6,13.8],"texture":"#2"},"west":{"uv":[10.4,2,11.8,2.6],"texture":"#2"},"up":{"uv":[12.4,7.8,12,6.4],"texture":"#2"},"down":{"uv":[7.2,12,6.8,13.4],"texture":"#2"}}},{"from":[7.25,12.17031,7.25],"to":[8.75,16.67031,8.75],"rotation":{"angle":0,"axis":"y","origin":[8,21.67031,8]},"faces":{"north":{"uv":[4,8.4,4.6,10.2],"texture":"#2"},"east":{"uv":[8.4,8,9,9.8],"texture":"#2"},"south":{"uv":[4.8,8.8,5.4,10.6],"texture":"#2"},"west":{"uv":[8.8,4.8,9.4,6.6],"texture":"#2"},"up":{"uv":[13.4,8.6,12.8,8],"texture":"#2"},"down":{"uv":[9.4,12.8,8.8,13.4],"texture":"#2"}}},{"from":[7,23.17031,7],"to":[9,24.67031,9],"rotation":{"angle":0,"axis":"y","origin":[8,21.67031,8]},"faces":{"north":{"uv":[7.2,12,8,12.6],"texture":"#2"},"east":{"uv":[8,12,8.8,12.6],"texture":"#2"},"south":{"uv":[12,8,12.8,8.6],"texture":"#2"},"west":{"uv":[8.8,12,9.6,12.6],"texture":"#2"},"up":{"uv":[0.8,12.4,0,11.6],"texture":"#2"},"down":{"uv":[12.4,0,11.6,0.8],"texture":"#2"}}},{"from":[7.2625,24.64,7.25],"to":[8.7625,26.14,8.75],"rotation":{"angle":0,"axis":"y","origin":[8.0125,21.64,8]},"faces":{"north":{"uv":[9.6,12.8,10.2,13.4],"texture":"#2"},"east":{"uv":[12.4,12.8,13,13.4],"texture":"#2"},"south":{"uv":[0,13.2,0.6,13.8],"texture":"#2"},"west":{"uv":[13.2,0,13.8,0.6],"texture":"#2"},"up":{"uv":[1.4,13.8,0.8,13.2],"texture":"#2"},"down":{"uv":[2.2,13.2,1.6,13.8],"texture":"#2"}}},{"from":[7,12.67031,7],"to":[9,14.67031,9],"rotation":{"angle":0,"axis":"y","origin":[8,21.67031,8]},"faces":{"north":{"uv":[0.8,11.6,1.6,12.4],"texture":"#2"},"east":{"uv":[1.6,11.6,2.4,12.4],"texture":"#2"},"south":{"uv":[2.4,11.6,3.2,12.4],"texture":"#2"},"west":{"uv":[4,11.6,4.8,12.4],"texture":"#2"},"up":{"uv":[10.4,12.4,9.6,11.6],"texture":"#2"},"down":{"uv":[11.2,11.6,10.4,12.4],"texture":"#2"}}},{"from":[7,16.67031,7],"to":[9,18.67031,9],"rotation":{"angle":0,"axis":"y","origin":[8,21.67031,8]},"faces":{"north":{"uv":[11.6,10.4,12.4,11.2],"texture":"#2"},"east":{"uv":[11.2,11.6,12,12.4],"texture":"#2"},"south":{"uv":[12,0.8,12.8,1.6],"texture":"#2"},"west":{"uv":[12,1.6,12.8,2.4],"texture":"#2"},"up":{"uv":[12.8,3.2,12,2.4],"texture":"#2"},"down":{"uv":[12.8,3.2,12,4],"texture":"#2"}}},{"from":[6.9,18.67031,6],"to":[9.1,21.67031,10],"rotation":{"angle":0,"axis":"y","origin":[8,21.67031,8]},"faces":{"north":{"uv":[8.8,6.8,9.6,8],"texture":"#2"},"east":{"uv":[3.2,6,4.8,7.2],"texture":"#2"},"south":{"uv":[9.2,0,10,1.2],"texture":"#2"},"west":{"uv":[4.8,6,6.4,7.2],"texture":"#2"},"up":{"uv":[8.8,6.4,8,4.8],"texture":"#2"},"down":{"uv":[6.8,8,6,9.6],"texture":"#2"}}},{"from":[8,20.67031,3],"to":[8,31.67031,13],"rotation":{"angle":0,"axis":"y","origin":[8,21.67031,8]},"faces":{"north":{"uv":[0,0,0,4.4],"texture":"#2"},"east":{"uv":[0,0,4,4.4],"texture":"#2"},"south":{"uv":[0,0,0,4.4],"texture":"#2"},"west":{"uv":[4,0,8,4.4],"texture":"#2"},"up":{"uv":[0,4,0,0],"texture":"#2"},"down":{"uv":[0,0,0,4],"texture":"#2"}}},{"from":[6.75,14.78769,-5.78769],"to":[9.25,18.78769,-1.78769],"rotation":{"angle":45,"axis":"x","origin":[8,5,8]},"faces":{"north":{"uv":[4.8,7.2,5.8,8.8],"texture":"#2"},"east":{"uv":[3.2,4.4,4.8,6],"texture":"#2"},"south":{"uv":[8,0,9,1.6],"texture":"#2"},"west":{"uv":[4.8,4.4,6.4,6],"texture":"#2"},"up":{"uv":[9,3.2,8,1.6],"texture":"#2"},"down":{"uv":[9,3.2,8,4.8],"texture":"#2"}}},{"from":[6.5,15.78769,-4.78769],"to":[9.5,17.78769,-2.78769],"rotation":{"angle":45,"axis":"x","origin":[8,5,8]},"faces":{"north":{"uv":[9.2,1.2,10.4,2],"texture":"#2"},"east":{"uv":[12,4,12.8,4.8],"texture":"#2"},"south":{"uv":[9.2,2,10.4,2.8],"texture":"#2"},"west":{"uv":[4.8,12,5.6,12.8],"texture":"#2"},"up":{"uv":[10.4,3.6,9.2,2.8],"texture":"#2"},"down":{"uv":[10.4,3.6,9.2,4.4],"texture":"#2"}}},{"from":[7.5,19.70076,11.70463],"to":[8.5,21.70076,14.70463],"rotation":{"angle":-22.5,"axis":"x","origin":[8,4.70076,3.95463]},"faces":{"north":{"uv":[6,7.2,6.4,8],"texture":"#2"},"east":{"uv":[9.2,8,10.4,8.8],"texture":"#2"},"south":{"uv":[5.6,8.8,6,9.6],"texture":"#2"},"west":{"uv":[9.2,8.8,10.4,9.6],"texture":"#2"},"up":{"uv":[12.4,10,12,8.8],"texture":"#2"},"down":{"uv":[12.4,11.2,12,12.4],"texture":"#2"}}},{"from":[7.75,18.5171,9.66997],"to":[8.25,21.5171,12.91997],"rotation":{"angle":-22.5,"axis":"x","origin":[8,6.5171,4.41997]},"faces":{"north":{"uv":[13.2,11.2,13.4,12.4],"texture":"#2"},"east":{"uv":[6.4,4.4,7.8,5.6],"texture":"#2"},"south":{"uv":[11.6,13.2,11.8,14.4],"texture":"#2"},"west":{"uv":[6.4,5.6,7.8,6.8],"texture":"#2"},"up":{"uv":[4.2,14.6,4,13.2],"texture":"#2"},"down":{"uv":[4.6,13.2,4.4,14.6],"texture":"#2"}}},{"from":[7.1625,18.64,5],"to":[8.8625,21.64,7],"rotation":{"angle":-22.5,"axis":"x","origin":[8.0125,20.14,8]},"faces":{"north":{"uv":[10.8,0,11.4,1.2],"texture":"#2"},"east":{"uv":[9.6,4.4,10.4,5.6],"texture":"#2"},"south":{"uv":[4.8,10.8,5.4,12],"texture":"#2"},"west":{"uv":[5.6,9.6,6.4,10.8],"texture":"#2"},"up":{"uv":[0.6,13.2,0,12.4],"texture":"#2"},"down":{"uv":[13,0,12.4,0.8],"texture":"#2"}}},{"from":[7.225,15.25804,20.9052],"to":[8.775,18.25804,22.9052],"rotation":{"angle":-45,"axis":"x","origin":[7.75,-2.64196,11.0052]},"faces":{"north":{"uv":[5.6,10.8,6.2,12],"texture":"#2"},"east":{"uv":[9.6,5.6,10.4,6.8],"texture":"#2"},"south":{"uv":[6.4,10.8,7,12],"texture":"#2"},"west":{"uv":[6.4,9.6,7.2,10.8],"texture":"#2"},"up":{"uv":[1.4,13.2,0.8,12.4],"texture":"#2"},"down":{"uv":[2.2,12.4,1.6,13.2],"texture":"#2"}}},{"from":[7.225,15.25804,-6.9052],"to":[8.775,18.25804,-4.9052],"rotation":{"angle":45,"axis":"x","origin":[7.75,-2.64196,4.9948]},"faces":{"north":{"uv":[7.2,10.8,7.8,12],"texture":"#2"},"east":{"uv":[9.6,6.8,10.4,8],"texture":"#2"},"south":{"uv":[8,10.8,8.6,12],"texture":"#2"},"west":{"uv":[7.2,9.6,8,10.8],"texture":"#2"},"up":{"uv":[3,13.2,2.4,12.4],"texture":"#2"},"down":{"uv":[3.8,12.4,3.2,13.2],"texture":"#2"}}},{"from":[7.1625,18.64,9],"to":[8.8625,21.64,11],"rotation":{"angle":22.5,"axis":"x","origin":[8.0125,20.14,8]},"faces":{"north":{"uv":[8.8,10.8,9.4,12],"texture":"#2"},"east":{"uv":[9.2,9.6,10,10.8],"texture":"#2"},"south":{"uv":[10.8,10.4,11.4,11.6],"texture":"#2"},"west":{"uv":[10,0,10.8,1.2],"texture":"#2"},"up":{"uv":[4.6,13.2,4,12.4],"texture":"#2"},"down":{"uv":[13,4.8,12.4,5.6],"texture":"#2"}}},{"from":[7.625,20.28157,8.0378],"to":[8.375,24.28157,9.7878],"rotation":{"angle":-22.5,"axis":"x","origin":[8.375,7.68157,8.5378]},"faces":{"north":{"uv":[12,4.8,12.4,6.4],"texture":"#2"},"east":{"uv":[8,6.4,8.8,8],"texture":"#2"},"south":{"uv":[5.6,12,6,13.6],"texture":"#2"},"west":{"uv":[6.8,8,7.6,9.6],"texture":"#2"},"up":{"uv":[10,11.6,9.6,10.8],"texture":"#2"},"down":{"uv":[10.8,12.8,10.4,13.6],"texture":"#2"}}},{"from":[7.725,22.82663,1.97331],"to":[8.275,25.82663,3.22331],"rotation":{"angle":0,"axis":"y","origin":[8,24.82663,2.59831]},"faces":{"north":{"uv":[12,13.2,12.2,14.4],"texture":"#2"},"east":{"uv":[11.2,2.8,11.8,4],"texture":"#2"},"south":{"uv":[13.2,12.4,13.4,13.6],"texture":"#2"},"west":{"uv":[3.2,11.2,3.8,12.4],"texture":"#2"},"up":{"uv":[7.4,14.2,7.2,13.6],"texture":"#2"},"down":{"uv":[13.8,7.2,13.6,7.8],"texture":"#2"}}},{"from":[7.625,20.28157,6.2122],"to":[8.375,24.28157,7.9622],"rotation":{"angle":22.5,"axis":"x","origin":[8.375,7.68157,7.4622]},"faces":{"north":{"uv":[6,12,6.4,13.6],"texture":"#2"},"east":{"uv":[7.6,8,8.4,9.6],"texture":"#2"},"south":{"uv":[6.4,12,6.8,13.6],"texture":"#2"},"west":{"uv":[3.2,8.4,4,10],"texture":"#2"},"up":{"uv":[2.8,14,2.4,13.2],"texture":"#2"},"down":{"uv":[3.2,13.2,2.8,14],"texture":"#2"}}},{"from":[7.75,18.5171,3.08003],"to":[8.25,21.5171,6.33003],"rotation":{"angle":22.5,"axis":"x","origin":[8,6.5171,11.58003]},"faces":{"north":{"uv":[13.6,0.8,13.8,2],"texture":"#2"},"east":{"uv":[6.4,6.8,7.8,8],"texture":"#2"},"south":{"uv":[13.6,2,13.8,3.2],"texture":"#2"},"west":{"uv":[3.2,7.2,4.6,8.4],"texture":"#2"},"up":{"uv":[13.4,11,13.2,9.6],"texture":"#2"},"down":{"uv":[11,13.2,10.8,14.6],"texture":"#2"}}},{"from":[7.5,19.70076,1.29537],"to":[8.5,21.70076,4.29537],"rotation":{"angle":22.5,"axis":"x","origin":[8,4.70076,12.04537]},"faces":{"north":{"uv":[3.2,13.2,3.6,14],"texture":"#2"},"east":{"uv":[8,10,9.2,10.8],"texture":"#2"},"south":{"uv":[3.6,13.2,4,14],"texture":"#2"},"west":{"uv":[10,9.6,11.2,10.4],"texture":"#2"},"up":{"uv":[12.8,6.8,12.4,5.6],"texture":"#2"},"down":{"uv":[12.8,6.8,12.4,8],"texture":"#2"}}},{"from":[7.725,22.82663,12.77669],"to":[8.275,25.82663,14.02669],"rotation":{"angle":0,"axis":"y","origin":[8,24.82663,13.40169]},"faces":{"north":{"uv":[13.6,3.2,13.8,4.4],"texture":"#2"},"east":{"uv":[11.2,4,11.8,5.2],"texture":"#2"},"south":{"uv":[13.6,4.4,13.8,5.6],"texture":"#2"},"west":{"uv":[11.2,5.2,11.8,6.4],"texture":"#2"},"up":{"uv":[7.8,14.2,7.6,13.6],"texture":"#2"},"down":{"uv":[8.2,13.6,8,14.2],"texture":"#2"}}}],"gui_light":"front","display":{"thirdperson_righthand":{"translation":[0,0,0.5],"scale":[0.55,0.55,0.55]},"thirdperson_lefthand":{"translation":[0,0,0.5],"scale":[0.55,0.55,0.55]},"firstperson_righthand":{"rotation":[-10,9,6.37],"translation":[12.75,-9,-9.5],"scale":[1.06407,1.06407,1.06407]},"firstperson_lefthand":{"rotation":[-10,9,6.37],"translation":[12.75,-9,-9.5],"scale":[1.06407,1.06407,1.06407]},"ground":{"rotation":[0,0,-90],"translation":[2.25,2.25,0],"scale":[0.55,0.55,0.55]},"gui":{"rotation":[90,-45,90],"translation":[1.25,-1.25,-2],"scale":[0.38867,0.38867,0.38867]},"head":{"scale":[0,0,0]},"fixed":{"rotation":[-90,-90,-90],"translation":[-0.25,-3.25,-2.5],"scale":[1.38,1.38,1.38]}}}