{"credit":"MadewithBlockbench","texture_size":[48,48],"textures":{"1":"infantryset:sword"},"elements":[{"from":[7,-4.69759,18.69759],"to":[9,-2.69759,20.69759],"rotation":{"angle":45,"axis":"x","origin":[8,8,8]},"faces":{"north":{"uv":[10.33333,3.66667,11,4.33333],"texture":"#1"},"east":{"uv":[10.33333,7.33333,11,8],"texture":"#1"},"south":{"uv":[9,10.33333,9.66667,11],"texture":"#1"},"west":{"uv":[10.66667,0,11.33333,0.66667],"texture":"#1"},"up":{"uv":[11.33333,1.33333,10.66667,0.66667],"texture":"#1"},"down":{"uv":[11.33333,1.33333,10.66667,2],"texture":"#1"}}},{"from":[6.75,-4.19759,19.19759],"to":[9.25,-3.19759,20.19759],"rotation":{"angle":45,"axis":"x","origin":[8,8,8]},"faces":{"north":{"uv":[11.66667,4,12.5,4.33333],"texture":"#1"},"east":{"uv":[8,6.33333,8.33333,6.66667],"texture":"#1"},"south":{"uv":[11.66667,9,12.5,9.33333],"texture":"#1"},"west":{"uv":[9.66667,8,10,8.33333],"texture":"#1"},"up":{"uv":[12.5,9.66667,11.66667,9.33333],"texture":"#1"},"down":{"uv":[12.5,9.66667,11.66667,10],"texture":"#1"}}},{"from":[7.25,-8.54289,7.25],"to":[8.75,-5.54289,8.75],"rotation":{"angle":0,"axis":"y","origin":[8,8,8]},"faces":{"north":{"uv":[2.33333,10,2.83333,11],"texture":"#1"},"east":{"uv":[3,10.33333,3.5,11.33333],"texture":"#1"},"south":{"uv":[10.33333,5.33333,10.83333,6.33333],"texture":"#1"},"west":{"uv":[10.33333,6.33333,10.83333,7.33333],"texture":"#1"},"up":{"uv":[9.16667,12.16667,8.66667,11.66667],"texture":"#1"},"down":{"uv":[12.5,0.66667,12,1.16667],"texture":"#1"}}},{"from":[7.25,-0.04289,7.25],"to":[8.75,1.45711,8.75],"rotation":{"angle":0,"axis":"y","origin":[8,8,8]},"faces":{"north":{"uv":[1,12,1.5,12.5],"texture":"#1"},"east":{"uv":[12,1.33333,12.5,1.83333],"texture":"#1"},"south":{"uv":[1.66667,12,2.16667,12.5],"texture":"#1"},"west":{"uv":[12,2.33333,12.5,2.83333],"texture":"#1"},"up":{"uv":[3.5,12.5,3,12],"texture":"#1"},"down":{"uv":[12.5,3,12,3.5],"texture":"#1"}}},{"from":[7,1.45711,7],"to":[9,3.45711,9],"rotation":{"angle":0,"axis":"y","origin":[8,8,8]},"faces":{"north":{"uv":[10.66667,4.33333,11.33333,5],"texture":"#1"},"east":{"uv":[8,10.66667,8.66667,11.33333],"texture":"#1"},"south":{"uv":[9.66667,10.66667,10.33333,11.33333],"texture":"#1"},"west":{"uv":[10.33333,10.66667,11,11.33333],"texture":"#1"},"up":{"uv":[3,11.66667,2.33333,11],"texture":"#1"},"down":{"uv":[4.33333,11,3.66667,11.66667],"texture":"#1"}}},{"from":[7.25,2.45711,5.5],"to":[8.75,4.45711,10.5],"rotation":{"angle":0,"axis":"y","origin":[8,8,8]},"faces":{"north":{"uv":[8.66667,11,9.16667,11.66667],"texture":"#1"},"east":{"uv":[3,8.66667,4.66667,9.33333],"texture":"#1"},"south":{"uv":[11,9,11.5,9.66667],"texture":"#1"},"west":{"uv":[8.66667,3.66667,10.33333,4.33333],"texture":"#1"},"up":{"uv":[8.5,10.66667,8,9],"texture":"#1"},"down":{"uv":[4.5,9.33333,4,11],"texture":"#1"}}},{"from":[7.25,1.58084,4.58103],"to":[8.75,3.58084,6.58103],"rotation":{"angle":22.5,"axis":"x","origin":[8,8,8]},"faces":{"north":{"uv":[11,9.66667,11.5,10.33333],"texture":"#1"},"east":{"uv":[11,3.66667,11.66667,4.33333],"texture":"#1"},"south":{"uv":[11,10.33333,11.5,11],"texture":"#1"},"west":{"uv":[11,5,11.66667,5.66667],"texture":"#1"},"up":{"uv":[11.5,11.66667,11,11],"texture":"#1"},"down":{"uv":[11.83333,0,11.33333,0.66667],"texture":"#1"}}},{"from":[7.35,5.87854,1.04339],"to":[8.65,7.87854,2.54339],"rotation":{"angle":-22.5,"axis":"x","origin":[8,8,8]},"faces":{"north":{"uv":[11.33333,0.66667,11.83333,1.33333],"texture":"#1"},"east":{"uv":[1,11.33333,1.5,12],"texture":"#1"},"south":{"uv":[11.33333,1.33333,11.83333,2],"texture":"#1"},"west":{"uv":[1.66667,11.33333,2.16667,12],"texture":"#1"},"up":{"uv":[12.5,4.83333,12,4.33333],"texture":"#1"},"down":{"uv":[12.5,5,12,5.5],"texture":"#1"}}},{"from":[7.45,5.97854,0.04339],"to":[8.55,7.77854,1.04339],"rotation":{"angle":-22.5,"axis":"x","origin":[8,8,8]},"faces":{"north":{"uv":[12.33333,12.33333,12.66667,13],"texture":"#1"},"east":{"uv":[12.66667,0.66667,13,1.33333],"texture":"#1"},"south":{"uv":[1,12.66667,1.33333,13.33333],"texture":"#1"},"west":{"uv":[1.33333,12.66667,1.66667,13.33333],"texture":"#1"},"up":{"uv":[9.66667,11.33333,9.33333,11],"texture":"#1"},"down":{"uv":[12.33333,11.66667,12,12],"texture":"#1"}}},{"from":[7.25,1.58084,9.41897],"to":[8.75,3.58084,11.41897],"rotation":{"angle":-22.5,"axis":"x","origin":[8,8,8]},"faces":{"north":{"uv":[11.5,10.33333,11,11],"texture":"#1"},"east":{"uv":[11.66667,3.66667,11,4.33333],"texture":"#1"},"south":{"uv":[11.5,9.66667,11,10.33333],"texture":"#1"},"west":{"uv":[11.66667,5,11,5.66667],"texture":"#1"},"up":{"uv":[11.5,11,11,11.66667],"texture":"#1"},"down":{"uv":[11.83333,0.66667,11.33333,0],"texture":"#1"}}},{"from":[7.35,5.87854,13.45661],"to":[8.65,7.87854,14.95661],"rotation":{"angle":22.5,"axis":"x","origin":[8,8,8]},"faces":{"north":{"uv":[11.83333,1.33333,11.33333,2],"texture":"#1"},"east":{"uv":[1.5,11.33333,1,12],"texture":"#1"},"south":{"uv":[11.83333,0.66667,11.33333,1.33333],"texture":"#1"},"west":{"uv":[2.16667,11.33333,1.66667,12],"texture":"#1"},"up":{"uv":[12.5,4.33333,12,4.83333],"texture":"#1"},"down":{"uv":[12.5,5.5,12,5],"texture":"#1"}}},{"from":[7.45,5.97854,14.95661],"to":[8.55,7.77854,15.95661],"rotation":{"angle":22.5,"axis":"x","origin":[8,8,8]},"faces":{"north":{"uv":[1.33333,12.66667,1,13.33333],"texture":"#1"},"east":{"uv":[13,0.66667,12.66667,1.33333],"texture":"#1"},"south":{"uv":[12.66667,12.33333,12.33333,13],"texture":"#1"},"west":{"uv":[1.66667,12.66667,1.33333,13.33333],"texture":"#1"},"up":{"uv":[9.66667,11,9.33333,11.33333],"texture":"#1"},"down":{"uv":[12.33333,12,12,11.66667],"texture":"#1"}}},{"from":[7.5,2.70711,4.25],"to":[8.5,4.20711,11.75],"rotation":{"angle":0,"axis":"y","origin":[8,8,8]},"faces":{"north":{"uv":[4,12.66667,4.33333,13.16667],"texture":"#1"},"east":{"uv":[8.66667,2.33333,11.16667,2.83333],"texture":"#1"},"south":{"uv":[12.66667,4.33333,13,4.83333],"texture":"#1"},"west":{"uv":[8.66667,3,11.16667,3.5],"texture":"#1"},"up":{"uv":[8.33333,4.83333,8,2.33333],"texture":"#1"},"down":{"uv":[5.33333,8.66667,5,11.16667],"texture":"#1"}}},{"from":[7.35,1.70711,6],"to":[8.65,2.45711,10],"rotation":{"angle":0,"axis":"y","origin":[8,8,8]},"faces":{"north":{"uv":[12.66667,5,13.16667,5.33333],"texture":"#1"},"east":{"uv":[9,2,10.33333,2.33333],"texture":"#1"},"south":{"uv":[12.66667,5.33333,13.16667,5.66667],"texture":"#1"},"west":{"uv":[10.33333,2,11.66667,2.33333],"texture":"#1"},"up":{"uv":[1.5,11.33333,1,10],"texture":"#1"},"down":{"uv":[2.16667,10,1.66667,11.33333],"texture":"#1"}}},{"from":[7.6,0.95711,6.5],"to":[8.4,1.70711,9.5],"rotation":{"angle":0,"axis":"y","origin":[8,8,8]},"faces":{"north":{"uv":[12.66667,7.66667,13,8],"texture":"#1"},"east":{"uv":[11.66667,2,12.66667,2.33333],"texture":"#1"},"south":{"uv":[8,12.66667,8.33333,13],"texture":"#1"},"west":{"uv":[11.66667,3.66667,12.66667,4],"texture":"#1"},"up":{"uv":[5.33333,12.33333,5,11.33333],"texture":"#1"},"down":{"uv":[11,11.33333,10.66667,12.33333],"texture":"#1"}}},{"from":[6.75,3.78769,10.21231],"to":[9.25,5.78769,12.21231],"rotation":{"angle":45,"axis":"x","origin":[8,8,8]},"faces":{"north":{"uv":[10,8,10.83333,8.66667],"texture":"#1"},"east":{"uv":[11,7,11.66667,7.66667],"texture":"#1"},"south":{"uv":[10,8.66667,10.83333,9.33333],"texture":"#1"},"west":{"uv":[7.33333,11,8,11.66667],"texture":"#1"},"up":{"uv":[10.83333,10,10,9.33333],"texture":"#1"},"down":{"uv":[10.83333,10,10,10.66667],"texture":"#1"}}},{"from":[6.75,6.28769,8.71231],"to":[9.25,7.28769,9.71231],"rotation":{"angle":45,"axis":"x","origin":[8,8,8]},"faces":{"north":{"uv":[11.66667,10,12.5,10.33333],"texture":"#1"},"east":{"uv":[12.66667,8,13,8.33333],"texture":"#1"},"south":{"uv":[11.66667,10.33333,12.5,10.66667],"texture":"#1"},"west":{"uv":[8.33333,12.66667,8.66667,13],"texture":"#1"},"up":{"uv":[12.5,11,11.66667,10.66667],"texture":"#1"},"down":{"uv":[11.83333,11.66667,11,12],"texture":"#1"}}},{"from":[7,5.44975,7.5],"to":[9,8.69975,8.5],"rotation":{"angle":0,"axis":"y","origin":[8,8,8]},"faces":{"north":{"uv":[9.66667,5.33333,10.33333,6.5],"texture":"#1"},"east":{"uv":[8,5,8.33333,6.16667],"texture":"#1"},"south":{"uv":[9.66667,6.66667,10.33333,7.83333],"texture":"#1"},"west":{"uv":[4.33333,11,4.66667,12.16667],"texture":"#1"},"up":{"uv":[13.33333,1.66667,12.66667,1.33333],"texture":"#1"},"down":{"uv":[2.33333,12.66667,1.66667,13],"texture":"#1"}}},{"from":[7.15,8.69975,7.65],"to":[8.75,8.69975,8.25],"rotation":{"angle":0,"axis":"y","origin":[8,8,8]},"faces":{"north":{"uv":[0,0,0.5,0],"texture":"#1"},"east":{"uv":[0,0,0.16667,0],"texture":"#1"},"south":{"uv":[0,0,0.5,0],"texture":"#1"},"west":{"uv":[0,0,0.16667,0],"texture":"#1"},"up":{"uv":[13.16667,8.5,12.66667,8.33333],"texture":"#1"},"down":{"uv":[13.16667,8.66667,12.66667,8.83333],"texture":"#1"}}},{"from":[6.85,3.26172,8.43193],"to":[9.15,6.01172,9.28193],"rotation":{"angle":22.5,"axis":"x","origin":[8,8,8]},"faces":{"north":{"uv":[9,9.33333,9.83333,10.33333],"texture":"#1"},"east":{"uv":[3.66667,11.66667,4,12.66667],"texture":"#1"},"south":{"uv":[9.66667,0,10.5,1],"texture":"#1"},"west":{"uv":[4,11.66667,4.33333,12.66667],"texture":"#1"},"up":{"uv":[12.5,11.33333,11.66667,11],"texture":"#1"},"down":{"uv":[12.5,11.33333,11.66667,11.66667],"texture":"#1"}}},{"from":[6.85,3.26172,6.71807],"to":[9.15,6.01172,7.56807],"rotation":{"angle":-22.5,"axis":"x","origin":[8,8,8]},"faces":{"north":{"uv":[9.66667,1,10.5,2],"texture":"#1"},"east":{"uv":[11.66667,5,12,6],"texture":"#1"},"south":{"uv":[9.66667,4.33333,10.5,5.33333],"texture":"#1"},"west":{"uv":[11.66667,6,12,7],"texture":"#1"},"up":{"uv":[12.83333,0.33333,12,0],"texture":"#1"},"down":{"uv":[12.83333,0.33333,12,0.66667],"texture":"#1"}}},{"from":[7.15,-6.29289,7.15],"to":[8.85,-5.79289,8.85],"rotation":{"angle":0,"axis":"y","origin":[8,8,8]},"faces":{"north":{"uv":[12.66667,9,13.16667,9.16667],"texture":"#1"},"east":{"uv":[9.33333,12.66667,9.83333,12.83333],"texture":"#1"},"south":{"uv":[12.66667,9.33333,13.16667,9.5],"texture":"#1"},"west":{"uv":[12.66667,9.66667,13.16667,9.83333],"texture":"#1"},"up":{"uv":[12.5,7.5,12,7],"texture":"#1"},"down":{"uv":[12.5,7.66667,12,8.16667],"texture":"#1"}}},{"from":[7.15,0.20711,7.15],"to":[8.85,0.70711,8.85],"rotation":{"angle":0,"axis":"y","origin":[8,8,8]},"faces":{"north":{"uv":[10,12.66667,10.5,12.83333],"texture":"#1"},"east":{"uv":[12.66667,10,13.16667,10.16667],"texture":"#1"},"south":{"uv":[12.66667,10.33333,13.16667,10.5],"texture":"#1"},"west":{"uv":[12.66667,10.66667,13.16667,10.83333],"texture":"#1"},"up":{"uv":[8.5,12.5,8,12],"texture":"#1"},"down":{"uv":[12.5,8.33333,12,8.83333],"texture":"#1"}}},{"from":[7.35,-5.54289,7.35],"to":[8.65,0.45711,8.65],"rotation":{"angle":0,"axis":"y","origin":[8,8,8]},"faces":{"north":{"uv":[9,0,9.5,2],"texture":"#1"},"east":{"uv":[9,4.33333,9.5,6.33333],"texture":"#1"},"south":{"uv":[9,6.33333,9.5,8.33333],"texture":"#1"},"west":{"uv":[7.33333,9,7.83333,11],"texture":"#1"},"up":{"uv":[9.83333,12.5,9.33333,12],"texture":"#1"},"down":{"uv":[10.5,12,10,12.5],"texture":"#1"}}},{"from":[7.15,-8.54289,7.15],"to":[8.85,-7.04289,8.85],"rotation":{"angle":0,"axis":"y","origin":[8,8,8]},"faces":{"north":{"uv":[11,12,11.5,12.5],"texture":"#1"},"east":{"uv":[11.66667,12,12.16667,12.5],"texture":"#1"},"south":{"uv":[0.33333,12.33333,0.83333,12.83333],"texture":"#1"},"west":{"uv":[2.33333,12.33333,2.83333,12.83333],"texture":"#1"},"up":{"uv":[9.16667,12.83333,8.66667,12.33333],"texture":"#1"},"down":{"uv":[12.83333,11.66667,12.33333,12.16667],"texture":"#1"}}},{"from":[7.5,4.45711,6.5],"to":[8.5,24.45711,9.5],"rotation":{"angle":0,"axis":"y","origin":[8,8,8]},"faces":{"north":{"uv":[8.33333,2.33333,8.66667,9],"texture":"#1"},"east":{"uv":[5.33333,6.66667,6.33333,13.33333],"texture":"#1"},"south":{"uv":[0,8.66667,0.33333,15.33333],"texture":"#1"},"west":{"uv":[6.33333,6.66667,7.33333,13.33333],"texture":"#1"},"up":{"uv":[12,8,11.66667,7],"texture":"#1"},"down":{"uv":[7.66667,11.66667,7.33333,12.66667],"texture":"#1"}}},{"from":[7.4,4.45711,6.4],"to":[8.6,11.45711,9.6],"rotation":{"angle":0,"axis":"y","origin":[8,8,8]},"faces":{"north":{"uv":[0.33333,10,0.66667,12.33333],"texture":"#1"},"east":{"uv":[7.33333,6.66667,8.33333,9],"texture":"#1"},"south":{"uv":[0.66667,10,1,12.33333],"texture":"#1"},"west":{"uv":[8,0,9,2.33333],"texture":"#1"},"up":{"uv":[8,12.66667,7.66667,11.66667],"texture":"#1"},"down":{"uv":[12,8,11.66667,9],"texture":"#1"}}},{"from":[7.75,4.45711,6],"to":[8.25,24.45711,10],"rotation":{"angle":0,"axis":"y","origin":[8,8,8]},"faces":{"north":{"uv":[8.66667,4.33333,8.83333,11],"texture":"#1"},"east":{"uv":[5.33333,0,6.66667,6.66667],"texture":"#1"},"south":{"uv":[4.66667,8.66667,4.83333,15.33333],"texture":"#1"},"west":{"uv":[6.66667,0,8,6.66667],"texture":"#1"},"up":{"uv":[12.83333,3,12.66667,1.66667],"texture":"#1"},"down":{"uv":[3.16667,12.66667,3,14],"texture":"#1"}}},{"from":[7.55,18.54759,-4.69759],"to":[8.45,20.69759,-2.54759],"rotation":{"angle":45,"axis":"x","origin":[8,8,8]},"faces":{"north":{"uv":[12.66667,3,13,3.66667],"texture":"#1"},"east":{"uv":[11,7.66667,11.66667,8.33333],"texture":"#1"},"south":{"uv":[3.33333,12.66667,3.66667,13.33333],"texture":"#1"},"west":{"uv":[11,8.33333,11.66667,9],"texture":"#1"},"up":{"uv":[4,13.33333,3.66667,12.66667],"texture":"#1"},"down":{"uv":[13,3.66667,12.66667,4.33333],"texture":"#1"}}},{"from":[7.8,18.19759,-5.19759],"to":[8.2,21.19759,-2.19759],"rotation":{"angle":45,"axis":"x","origin":[8,8,8]},"faces":{"north":{"uv":[12.66667,5.66667,12.83333,6.66667],"texture":"#1"},"east":{"uv":[9,8.33333,10,9.33333],"texture":"#1"},"south":{"uv":[12.66667,6.66667,12.83333,7.66667],"texture":"#1"},"west":{"uv":[3,9.33333,4,10.33333],"texture":"#1"},"up":{"uv":[7.5,13.66667,7.33333,12.66667],"texture":"#1"},"down":{"uv":[7.83333,12.66667,7.66667,13.66667],"texture":"#1"}}},{"from":[8,4.45711,4.25],"to":[8,30.45711,11.75],"rotation":{"angle":0,"axis":"y","origin":[8,8,8]},"faces":{"north":{"uv":[0,0,0,8.66667],"texture":"#1"},"east":{"uv":[0,0,2.5,8.66667],"texture":"#1"},"south":{"uv":[0,0,0,8.66667],"texture":"#1"},"west":{"uv":[2.66667,0,5.16667,8.66667],"texture":"#1"},"up":{"uv":[0,2.5,0,0],"texture":"#1"},"down":{"uv":[0,0,0,2.5],"texture":"#1"}}},{"from":[9.2,3.06802,9.43198],"to":[9.2,6.56802,12.93198],"rotation":{"angle":45,"axis":"x","origin":[8,8,8]},"faces":{"north":{"uv":[0,1.16667,0,0],"rotation":180,"texture":"#1"},"east":{"uv":[0.33333,8.66667,1.5,9.83333],"rotation":90,"texture":"#1"},"south":{"uv":[0,0,0,1.16667],"texture":"#1"},"west":{"uv":[0.33333,8.66667,1.5,9.83333],"rotation":270,"texture":"#1"},"up":{"uv":[0,0,0,1.16667],"texture":"#1"},"down":{"uv":[0,0,0,1.16667],"rotation":180,"texture":"#1"}}},{"from":[6.8,3.06802,3.06802],"to":[6.8,6.56802,6.56802],"rotation":{"angle":-45,"axis":"x","origin":[8,8,8]},"faces":{"north":{"uv":[0,0,0,1.16667],"texture":"#1"},"east":{"uv":[1.5,8.66667,0.33333,9.83333],"texture":"#1"},"south":{"uv":[0,0,0,1.16667],"texture":"#1"},"west":{"uv":[1.5,8.66667,0.33333,9.83333],"texture":"#1"},"up":{"uv":[0,1.16667,0,0],"texture":"#1"},"down":{"uv":[0,0,0,1.16667],"texture":"#1"}}}],"gui_light":"front","display":{"thirdperson_righthand":{"translation":[0,5.75,1.25],"scale":[0.75,0.75,0.75]},"thirdperson_lefthand":{"translation":[0,5.75,1.25],"scale":[0.75,0.75,0.75]},"firstperson_righthand":{"rotation":[-10,9,6.37],"translation":[6.5,0.75,-7],"scale":[0.82578,0.82578,0.82578]},"firstperson_lefthand":{"rotation":[-10,9,6.37],"translation":[6.5,0.75,-7],"scale":[0.82578,0.82578,0.82578]},"ground":{"rotation":[0,0,-90],"translation":[2.25,2.25,0],"scale":[0.55,0.55,0.55]},"gui":{"rotation":[90,-45,90],"translation":[0.5,-0.5,-2],"scale":[0.42969,0.42969,0.42969]},"head":{"scale":[0,0,0]},"fixed":{"rotation":[-90,-90,-90],"translation":[0.25,-1,-2.5],"scale":[1.42297,1.42297,1.42297]}}}