{
	"credit": "Made with Blockbench",
	"texture_size": [32, 32],
	"textures": {
		"0": "ec_elitewings:v1/tex3",
		"1": "ec_elitewings:v1/ani301",
		"2": "ec_elitewings:v1/ani302",
		"3": "ec_elitewings:v1/ani303",
		"4": "ec_elitewings:v1/ani304",
		"particle": "ec_elitewings:v1/tex3"
	},
	"elements": [
		{
			"from": [4.82119, -8.125, 13.63089],
			"to": [9.82119, 2.875, 13.63089],
			"rotation": {"angle": -45, "axis": "y", "origin": [8, -6.75, 16.54484]},
			"faces": {
				"north": {"uv": [2.5, 0, 0, 5.5], "texture": "#0"},
				"east": {"uv": [0, 0, 0, 5.5], "texture": "#0"},
				"south": {"uv": [0, 0, 2.5, 5.5], "texture": "#0"},
				"west": {"uv": [0, 0, 0, 5.5], "texture": "#0"},
				"up": {"uv": [0, 0, 6, 0], "texture": "#0"},
				"down": {"uv": [0, 0, 6, 0], "texture": "#0"}
			}
		},
		{
			"from": [6.17881, -8.125, 13.63089],
			"to": [11.17881, 2.875, 13.63089],
			"rotation": {"angle": 45, "axis": "y", "origin": [8, -6.75, 16.54484]},
			"faces": {
				"north": {"uv": [0, 0, 2.5, 5.5], "texture": "#0"},
				"east": {"uv": [0, 0, 0, 5.5], "texture": "#0"},
				"south": {"uv": [2.5, 0, 0, 5.5], "texture": "#0"},
				"west": {"uv": [0, 0, 0, 5.5], "texture": "#0"},
				"up": {"uv": [6, 0, 0, 0], "texture": "#0"},
				"down": {"uv": [6, 0, 0, 0], "texture": "#0"}
			}
		},
		{
			"from": [10.79941, -8.125, 14.54922],
			"to": [14.79941, 2.875, 14.54922],
			"rotation": {"angle": -22.5, "axis": "y", "origin": [8, -6.75, 16.54484]},
			"faces": {
				"north": {"uv": [8, 0, 4, 11], "texture": "#1"},
				"east": {"uv": [2.625, 0, 2.625, 5.5], "texture": "#1"},
				"south": {"uv": [4, 0, 8, 11], "texture": "#1"},
				"west": {"uv": [2.625, 0, 2.625, 5.5], "texture": "#1"},
				"up": {"uv": [3, 0, 6, 0], "texture": "#1"},
				"down": {"uv": [3, 0, 6, 0], "texture": "#1"}
			}
		},
		{
			"from": [15.35, -7.875, 15.77242],
			"to": [17.6, 3.375, 15.77242],
			"rotation": {"angle": 0, "axis": "y", "origin": [8, -6.75, 16.54484]},
			"faces": {
				"north": {"uv": [2.25, 0, 0, 11.25], "texture": "#2"},
				"east": {"uv": [2.625, 0, 2.625, 11.25], "texture": "#2"},
				"south": {"uv": [0, 0, 2.25, 11.25], "texture": "#2"},
				"west": {"uv": [2.625, 0, 2.625, 11.25], "texture": "#2"},
				"up": {"uv": [3, 0, 6, 0], "texture": "#2"},
				"down": {"uv": [3, 0, 6, 0], "texture": "#2"}
			}
		},
		{
			"from": [11.35, -8.125, 15.77242],
			"to": [15.35, 2.875, 15.77242],
			"rotation": {"angle": 0, "axis": "y", "origin": [8, -6.75, 16.54484]},
			"faces": {
				"north": {"uv": [4, 0, 0, 11], "texture": "#1"},
				"east": {"uv": [0, 0, 0, 11], "texture": "#1"},
				"south": {"uv": [0, 0, 4, 11], "texture": "#1"},
				"west": {"uv": [0, 0, 0, 11], "texture": "#1"},
				"up": {"uv": [0.375, 0, 4.375, 0], "texture": "#1"},
				"down": {"uv": [0.375, 0, 4.375, 0], "texture": "#1"}
			}
		},
		{
			"from": [12.95644, -7.625, 20.82883],
			"to": [12.95644, 3.375, 23.07883],
			"rotation": {"angle": 22.5, "axis": "y", "origin": [8, -6.75, 16.54484]},
			"faces": {
				"north": {"uv": [6.75, 0, 6.75, 11], "texture": "#2"},
				"east": {"uv": [9, 0, 6.75, 11], "texture": "#2"},
				"south": {"uv": [6.75, 0, 6.75, 11], "texture": "#2"},
				"west": {"uv": [6.75, 0, 9, 11], "texture": "#2"},
				"up": {"uv": [5.25, 0, 3, 0], "rotation": 270, "texture": "#0"},
				"down": {"uv": [5.25, 0, 3, 0], "rotation": 90, "texture": "#0"}
			}
		},
		{
			"from": [9.82263, -7.875, 13.62985],
			"to": [13.82263, 2.875, 13.62985],
			"rotation": {"angle": -45, "axis": "y", "origin": [8, -6.75, 16.54484]},
			"faces": {
				"north": {"uv": [12, 0, 8, 11], "texture": "#1"},
				"east": {"uv": [2.625, 0, 2.625, 11], "texture": "#1"},
				"south": {"uv": [8, 0, 12, 11], "texture": "#1"},
				"west": {"uv": [2.625, 0, 2.625, 11], "texture": "#1"},
				"up": {"uv": [3, 0, 6, 0], "texture": "#1"},
				"down": {"uv": [3, 0, 6, 0], "texture": "#1"}
			}
		},
		{
			"from": [11.39059, -8.125, 17.1132],
			"to": [15.39059, 2.875, 17.1132],
			"rotation": {"angle": 22.5, "axis": "y", "origin": [8, -6.75, 16.54484]},
			"faces": {
				"north": {"uv": [16, 0, 12, 11], "texture": "#1"},
				"east": {"uv": [2.625, 0, 2.625, 11], "texture": "#1"},
				"south": {"uv": [12, 0, 16, 11], "texture": "#1"},
				"west": {"uv": [2.625, 0, 2.625, 11], "texture": "#1"},
				"up": {"uv": [3, 0, 6, 0], "texture": "#1"},
				"down": {"uv": [3, 0, 6, 0], "texture": "#1"}
			}
		},
		{
			"from": [15.39535, -7.375, 17.08929],
			"to": [17.64535, 3.625, 17.08929],
			"rotation": {"angle": 22.5, "axis": "y", "origin": [8, -6.75, 16.54484]},
			"faces": {
				"north": {"uv": [11.25, 0, 9, 11], "texture": "#2"},
				"east": {"uv": [2.625, 0, 2.625, 5.5], "texture": "#2"},
				"south": {"uv": [9, 0, 11.25, 11], "texture": "#2"},
				"west": {"uv": [2.625, 0, 2.625, 5.5], "texture": "#2"},
				"up": {"uv": [3, 0, 6, 0], "texture": "#2"},
				"down": {"uv": [3, 0, 6, 0], "texture": "#2"}
			}
		},
		{
			"from": [14.5962, -7.375, 19.88123],
			"to": [16.8462, 3.625, 19.88123],
			"rotation": {"angle": 45, "axis": "y", "origin": [8, -6.75, 16.54484]},
			"faces": {
				"north": {"uv": [14, 0, 11.75, 11], "texture": "#2"},
				"east": {"uv": [2.625, 0, 2.625, 5.5], "texture": "#2"},
				"south": {"uv": [11.75, 0, 14, 11], "texture": "#2"},
				"west": {"uv": [2.625, 0, 2.625, 5.5], "texture": "#2"},
				"up": {"uv": [7.25, 0, 9.5, 0], "texture": "#2"},
				"down": {"uv": [7.25, 0, 9.5, 0], "texture": "#2"}
			}
		},
		{
			"from": [-0.84619, -7.375, 19.88123],
			"to": [1.40381, 3.625, 19.88123],
			"rotation": {"angle": -45, "axis": "y", "origin": [8, -6.75, 16.54484]},
			"faces": {
				"north": {"uv": [11.75, 0, 14, 11], "texture": "#2"},
				"east": {"uv": [2.625, 0, 2.625, 5.5], "texture": "#2"},
				"south": {"uv": [14, 0, 11.75, 11], "texture": "#2"},
				"west": {"uv": [2.625, 0, 2.625, 5.5], "texture": "#2"},
				"up": {"uv": [9.5, 0, 7.25, 0], "texture": "#2"},
				"down": {"uv": [9.5, 0, 7.25, 0], "texture": "#2"}
			}
		},
		{
			"from": [-1.64534, -7.375, 17.08929],
			"to": [0.60466, 3.625, 17.08929],
			"rotation": {"angle": -22.5, "axis": "y", "origin": [8, -6.75, 16.54484]},
			"faces": {
				"north": {"uv": [9, 0, 11.25, 11], "texture": "#2"},
				"east": {"uv": [2.625, 0, 2.625, 5.5], "texture": "#2"},
				"south": {"uv": [11.25, 0, 9, 11], "texture": "#2"},
				"west": {"uv": [2.625, 0, 2.625, 5.5], "texture": "#2"},
				"up": {"uv": [6, 0, 3, 0], "texture": "#2"},
				"down": {"uv": [6, 0, 3, 0], "texture": "#2"}
			}
		},
		{
			"from": [0.60941, -8.125, 17.1132],
			"to": [4.60941, 2.875, 17.1132],
			"rotation": {"angle": -22.5, "axis": "y", "origin": [8, -6.75, 16.54484]},
			"faces": {
				"north": {"uv": [12, 0, 16, 11], "texture": "#1"},
				"east": {"uv": [2.625, 0, 2.625, 11], "texture": "#1"},
				"south": {"uv": [16, 0, 12, 11], "texture": "#1"},
				"west": {"uv": [2.625, 0, 2.625, 11], "texture": "#1"},
				"up": {"uv": [6, 0, 3, 0], "texture": "#1"},
				"down": {"uv": [6, 0, 3, 0], "texture": "#1"}
			}
		},
		{
			"from": [-0.04093, -7.625, 13.61154],
			"to": [2.20907, 3.375, 13.67404],
			"rotation": {"angle": 45, "axis": "y", "origin": [8, -6.75, 16.54484]},
			"faces": {
				"north": {"uv": [4.5, 0, 6.75, 11], "texture": "#2"},
				"east": {"uv": [7.125, 0, 8.125, 1.125], "texture": "#0"},
				"south": {"uv": [6.75, 0, 4.5, 11], "texture": "#2"},
				"west": {"uv": [7.125, 0, 8.125, 1.125], "texture": "#0"},
				"up": {"uv": [7.125, 0, 8.125, 1.125], "texture": "#0"},
				"down": {"uv": [7.125, 0, 8.125, 1.125], "texture": "#0"}
			}
		},
		{
			"from": [13.79093, -7.625, 13.61154],
			"to": [16.04093, 3.375, 13.67404],
			"rotation": {"angle": -45, "axis": "y", "origin": [8, -6.75, 16.54484]},
			"faces": {
				"north": {"uv": [6.75, 0, 4.5, 11], "texture": "#2"},
				"east": {"uv": [8.125, 0, 7.125, 1.125], "texture": "#0"},
				"south": {"uv": [4.5, 0, 6.75, 11], "texture": "#2"},
				"west": {"uv": [8.125, 0, 7.125, 1.125], "texture": "#0"},
				"up": {"uv": [8.125, 0, 7.125, 1.125], "texture": "#0"},
				"down": {"uv": [8.125, 0, 7.125, 1.125], "texture": "#0"}
			}
		},
		{
			"from": [2.17737, -7.875, 13.62985],
			"to": [6.17738, 2.875, 13.62985],
			"rotation": {"angle": 45, "axis": "y", "origin": [8, -6.75, 16.54484]},
			"faces": {
				"north": {"uv": [8, 0, 12, 11], "texture": "#1"},
				"east": {"uv": [2.625, 0, 2.625, 11], "texture": "#1"},
				"south": {"uv": [12, 0, 8, 11], "texture": "#1"},
				"west": {"uv": [2.625, 0, 2.625, 11], "texture": "#1"},
				"up": {"uv": [6, 0, 3, 0], "texture": "#1"},
				"down": {"uv": [6, 0, 3, 0], "texture": "#1"}
			}
		},
		{
			"from": [3.04357, -7.625, 20.77883],
			"to": [3.09357, 3.375, 23.02883],
			"rotation": {"angle": -22.5, "axis": "y", "origin": [8, -6.75, 16.54484]},
			"faces": {
				"north": {"uv": [6.5, 0, 7, 11], "texture": "#3"},
				"east": {"uv": [9, 0, 6.75, 11], "texture": "#2"},
				"south": {"uv": [7.125, 0, 8.125, 1.125], "texture": "#0"},
				"west": {"uv": [6.75, 0, 9, 11], "texture": "#2"},
				"up": {"uv": [7.125, 0, 8.125, 1.125], "texture": "#0"},
				"down": {"uv": [7.125, 0, 8.125, 1.125], "texture": "#0"}
			}
		},
		{
			"from": [12.90644, -7.625, 20.77883],
			"to": [12.95644, 3.375, 23.02883],
			"rotation": {"angle": 22.5, "axis": "y", "origin": [8, -6.75, 16.54484]},
			"faces": {
				"north": {"uv": [7, 0, 6.5, 11], "texture": "#3"},
				"east": {"uv": [9, 0, 6.75, 11], "texture": "#2"},
				"south": {"uv": [8.125, 0, 7.125, 1.125], "texture": "#0"},
				"west": {"uv": [6.75, 0, 9, 11], "texture": "#2"},
				"up": {"uv": [8.125, 0, 7.125, 1.125], "texture": "#0"},
				"down": {"uv": [8.125, 0, 7.125, 1.125], "texture": "#0"}
			}
		},
		{
			"from": [0.65, -8.125, 15.77242],
			"to": [4.65, 2.875, 15.77242],
			"rotation": {"angle": 0, "axis": "y", "origin": [8, -6.75, 16.54484]},
			"faces": {
				"north": {"uv": [0, 0, 4, 11], "texture": "#1"},
				"east": {"uv": [0, 0, 0, 11], "texture": "#1"},
				"south": {"uv": [4, 0, 0, 11], "texture": "#1"},
				"west": {"uv": [0, 0, 0, 11], "texture": "#1"},
				"up": {"uv": [4.375, 0, 0.375, 0], "texture": "#1"},
				"down": {"uv": [4.375, 0, 0.375, 0], "texture": "#1"}
			}
		},
		{
			"from": [-1.6, -7.875, 15.77242],
			"to": [0.65, 3.375, 15.77242],
			"rotation": {"angle": 0, "axis": "y", "origin": [8, -6.75, 16.54484]},
			"faces": {
				"north": {"uv": [0, 0, 2.25, 11.25], "texture": "#2"},
				"east": {"uv": [2.625, 0, 2.625, 11.25], "texture": "#2"},
				"south": {"uv": [2.25, 0, 0, 11.25], "texture": "#2"},
				"west": {"uv": [2.625, 0, 2.625, 11.25], "texture": "#2"},
				"up": {"uv": [6, 0, 3, 0], "texture": "#2"},
				"down": {"uv": [6, 0, 3, 0], "texture": "#2"}
			}
		},
		{
			"from": [-1.05416, -7.625, 14.57314],
			"to": [1.19584, 3.375, 14.57314],
			"rotation": {"angle": 22.5, "axis": "y", "origin": [8, -6.75, 16.54484]},
			"faces": {
				"north": {"uv": [2.25, 0, 4.5, 11], "texture": "#2"},
				"east": {"uv": [4.875, 0, 4.875, 11], "texture": "#2"},
				"south": {"uv": [4.5, 0, 2.25, 11], "texture": "#2"},
				"west": {"uv": [4.875, 0, 4.875, 11], "texture": "#2"},
				"up": {"uv": [6, 0, 3, 0], "texture": "#0"},
				"down": {"uv": [6, 0, 3, 0], "texture": "#0"}
			}
		},
		{
			"from": [14.80416, -7.625, 14.57314],
			"to": [17.05416, 3.375, 14.57314],
			"rotation": {"angle": -22.5, "axis": "y", "origin": [8, -6.75, 16.54484]},
			"faces": {
				"north": {"uv": [4.5, 0, 2.25, 11], "texture": "#2"},
				"east": {"uv": [4.875, 0, 4.875, 11], "texture": "#2"},
				"south": {"uv": [2.25, 0, 4.5, 11], "texture": "#2"},
				"west": {"uv": [4.875, 0, 4.875, 11], "texture": "#2"},
				"up": {"uv": [3, 0, 6, 0], "texture": "#0"},
				"down": {"uv": [3, 0, 6, 0], "texture": "#0"}
			}
		},
		{
			"from": [1.20059, -8.125, 14.54922],
			"to": [5.2006, 2.875, 14.54922],
			"rotation": {"angle": 22.5, "axis": "y", "origin": [8, -6.75, 16.54484]},
			"faces": {
				"north": {"uv": [4, 0, 8, 11], "texture": "#1"},
				"east": {"uv": [2.625, 0, 2.625, 5.5], "texture": "#1"},
				"south": {"uv": [8, 0, 4, 11], "texture": "#1"},
				"west": {"uv": [2.625, 0, 2.625, 5.5], "texture": "#1"},
				"up": {"uv": [6, 0, 3, 0], "texture": "#1"},
				"down": {"uv": [6, 0, 3, 0], "texture": "#1"}
			}
		},
		{
			"from": [5.03196, -11.875, 13.68223],
			"to": [9.53196, -4.375, 13.68223],
			"rotation": {"angle": -45, "axis": "y", "origin": [8, -6.75, 16.54484]},
			"faces": {
				"north": {"uv": [3.375, 12, 1.125, 15.75], "texture": "#0"},
				"east": {"uv": [0, 0, 0, 5.5], "texture": "#0"},
				"south": {"uv": [1.125, 12, 3.375, 15.75], "texture": "#0"},
				"west": {"uv": [0, 0, 0, 5.5], "texture": "#0"},
				"up": {"uv": [0, 0, 5.75, 0], "texture": "#0"},
				"down": {"uv": [0, 0, 5.75, 0], "texture": "#0"}
			}
		},
		{
			"from": [10.85, -12.125, 15.57242],
			"to": [16.85, -6.625, 15.57242],
			"rotation": {"angle": 0, "axis": "y", "origin": [8, -6.75, 16.54484]},
			"faces": {
				"north": {"uv": [6, 0.75, 0, 6.25], "texture": "#3"},
				"east": {"uv": [0, 0, 0, 5.5], "texture": "#3"},
				"south": {"uv": [0, 0.75, 6, 6.25], "texture": "#3"},
				"west": {"uv": [0, 0, 0, 5.5], "texture": "#3"},
				"up": {"uv": [0, 0, 5.75, 0], "texture": "#3"},
				"down": {"uv": [0, 0, 5.75, 0], "texture": "#3"}
			}
		},
		{
			"from": [10.26093, -12.125, 14.55579],
			"to": [16.26093, -6.625, 14.55579],
			"rotation": {"angle": -22.5, "axis": "y", "origin": [8, -6.75, 16.54484]},
			"faces": {
				"north": {"uv": [14, 0.75, 8, 6.25], "texture": "#3"},
				"east": {"uv": [0, 0, 0, 5.5], "texture": "#3"},
				"south": {"uv": [8, 0.75, 14, 6.25], "texture": "#3"},
				"west": {"uv": [0, 0, 0, 5.5], "texture": "#3"},
				"up": {"uv": [0, 0, 5.75, 0], "texture": "#3"},
				"down": {"uv": [0, 0, 5.75, 0], "texture": "#3"}
			}
		},
		{
			"from": [9.32765, -12.125, 13.84198],
			"to": [15.32765, -6.625, 13.84198],
			"rotation": {"angle": -45, "axis": "y", "origin": [8, -6.75, 16.54484]},
			"faces": {
				"north": {"uv": [6, 8.75, 0, 14.25], "texture": "#3"},
				"east": {"uv": [0, 0, 0, 5.5], "texture": "#3"},
				"south": {"uv": [0, 8.75, 6, 14.25], "texture": "#3"},
				"west": {"uv": [0, 0, 0, 5.5], "texture": "#3"},
				"up": {"uv": [0, 0, 5.75, 0], "texture": "#3"},
				"down": {"uv": [0, 0, 5.75, 0], "texture": "#3"}
			}
		},
		{
			"from": [10.99562, -12.125, 16.76018],
			"to": [16.99562, -6.625, 16.76018],
			"rotation": {"angle": 22.5, "axis": "y", "origin": [8, -6.75, 16.54484]},
			"faces": {
				"north": {"uv": [14, 8.75, 8, 14.25], "texture": "#3"},
				"east": {"uv": [0, 0, 0, 5.5], "texture": "#3"},
				"south": {"uv": [8, 8.75, 14, 14.25], "texture": "#3"},
				"west": {"uv": [0, 0, 0, 5.5], "texture": "#3"},
				"up": {"uv": [0, 0, 5.75, 0], "texture": "#3"},
				"down": {"uv": [0, 0, 5.75, 0], "texture": "#3"}
			}
		},
		{
			"from": [5.03196, -11.875, 13.58223],
			"to": [9.53196, -4.375, 13.58223],
			"rotation": {"angle": -45, "axis": "y", "origin": [8, -6.75, 16.54484]},
			"faces": {
				"north": {"uv": [3.375, 12, 1.125, 15.75], "texture": "#0"},
				"east": {"uv": [0, 0, 0, 5.5], "texture": "#0"},
				"south": {"uv": [1.125, 12, 3.375, 15.75], "texture": "#0"},
				"west": {"uv": [0, 0, 0, 5.5], "texture": "#0"},
				"up": {"uv": [0, 0, 5.75, 0], "texture": "#0"},
				"down": {"uv": [0, 0, 5.75, 0], "texture": "#0"}
			}
		},
		{
			"from": [6.46805, -11.875, 13.58223],
			"to": [10.96805, -4.375, 13.58223],
			"rotation": {"angle": 45, "axis": "y", "origin": [8, -6.75, 16.54484]},
			"faces": {
				"north": {"uv": [1.125, 12, 3.375, 15.75], "texture": "#0"},
				"east": {"uv": [0, 0, 0, 5.5], "texture": "#0"},
				"south": {"uv": [3.375, 12, 1.125, 15.75], "texture": "#0"},
				"west": {"uv": [0, 0, 0, 5.5], "texture": "#0"},
				"up": {"uv": [5.75, 0, 0, 0], "texture": "#0"},
				"down": {"uv": [5.75, 0, 0, 0], "texture": "#0"}
			}
		},
		{
			"from": [6.46805, -11.875, 13.68223],
			"to": [10.96805, -4.375, 13.68223],
			"rotation": {"angle": 45, "axis": "y", "origin": [8, -6.75, 16.54484]},
			"faces": {
				"north": {"uv": [1.125, 12, 3.375, 15.75], "texture": "#0"},
				"east": {"uv": [0, 0, 0, 5.5], "texture": "#0"},
				"south": {"uv": [3.375, 12, 1.125, 15.75], "texture": "#0"},
				"west": {"uv": [0, 0, 0, 5.5], "texture": "#0"},
				"up": {"uv": [5.75, 0, 0, 0], "texture": "#0"},
				"down": {"uv": [5.75, 0, 0, 0], "texture": "#0"}
			}
		},
		{
			"from": [-0.99562, -12.125, 16.76018],
			"to": [5.00438, -6.625, 16.76018],
			"rotation": {"angle": -22.5, "axis": "y", "origin": [8, -6.75, 16.54484]},
			"faces": {
				"north": {"uv": [8, 8.75, 14, 14.25], "texture": "#3"},
				"east": {"uv": [0, 0, 0, 5.5], "texture": "#3"},
				"south": {"uv": [14, 8.75, 8, 14.25], "texture": "#3"},
				"west": {"uv": [0, 0, 0, 5.5], "texture": "#3"},
				"up": {"uv": [5.75, 0, 0, 0], "texture": "#3"},
				"down": {"uv": [5.75, 0, 0, 0], "texture": "#3"}
			}
		},
		{
			"from": [0.67235, -12.125, 13.84198],
			"to": [6.67235, -6.625, 13.84198],
			"rotation": {"angle": 45, "axis": "y", "origin": [8, -6.75, 16.54484]},
			"faces": {
				"north": {"uv": [0, 8.75, 6, 14.25], "texture": "#3"},
				"east": {"uv": [0, 0, 0, 5.5], "texture": "#3"},
				"south": {"uv": [6, 8.75, 0, 14.25], "texture": "#3"},
				"west": {"uv": [0, 0, 0, 5.5], "texture": "#3"},
				"up": {"uv": [5.75, 0, 0, 0], "texture": "#3"},
				"down": {"uv": [5.75, 0, 0, 0], "texture": "#3"}
			}
		},
		{
			"from": [-0.26093, -12.125, 14.55579],
			"to": [5.73907, -6.625, 14.55579],
			"rotation": {"angle": 22.5, "axis": "y", "origin": [8, -6.75, 16.54484]},
			"faces": {
				"north": {"uv": [8, 0.75, 14, 6.25], "texture": "#3"},
				"east": {"uv": [0, 0, 0, 5.5], "texture": "#3"},
				"south": {"uv": [14, 0.75, 8, 6.25], "texture": "#3"},
				"west": {"uv": [0, 0, 0, 5.5], "texture": "#3"},
				"up": {"uv": [5.75, 0, 0, 0], "texture": "#3"},
				"down": {"uv": [5.75, 0, 0, 0], "texture": "#3"}
			}
		},
		{
			"from": [-0.85, -12.125, 15.57242],
			"to": [5.15, -6.625, 15.57242],
			"rotation": {"angle": 0, "axis": "y", "origin": [8, -6.75, 16.54484]},
			"faces": {
				"north": {"uv": [0, 0.75, 6, 6.25], "texture": "#3"},
				"east": {"uv": [0, 0, 0, 5.5], "texture": "#3"},
				"south": {"uv": [6, 0.75, 0, 6.25], "texture": "#3"},
				"west": {"uv": [0, 0, 0, 5.5], "texture": "#3"},
				"up": {"uv": [5.75, 0, 0, 0], "texture": "#3"},
				"down": {"uv": [5.75, 0, 0, 0], "texture": "#3"}
			}
		},
		{
			"from": [-0.35, -15.375, 15.52242],
			"to": [5.15, -7.875, 15.52242],
			"rotation": {"angle": 0, "axis": "y", "origin": [8, -6.75, 16.54484]},
			"faces": {
				"north": {"uv": [0, 0.5, 11, 15.5], "texture": "#4"},
				"east": {"uv": [0, 0, 0, 2.5], "texture": "#4"},
				"south": {"uv": [11, 0.5, 0, 15.5], "texture": "#4"},
				"west": {"uv": [0, 0, 0, 2.5], "texture": "#4"},
				"up": {"uv": [2.75, 0, 0, 0], "texture": "#4"},
				"down": {"uv": [2.75, 0, 0, 0], "texture": "#4"}
			}
		},
		{
			"from": [10.85, -15.375, 15.52242],
			"to": [16.35, -7.875, 15.52242],
			"rotation": {"angle": 0, "axis": "y", "origin": [8, -6.75, 16.54484]},
			"faces": {
				"north": {"uv": [11, 0.5, 0, 15.5], "texture": "#4"},
				"east": {"uv": [0, 0, 0, 2.5], "texture": "#4"},
				"south": {"uv": [0, 0.5, 11, 15.5], "texture": "#4"},
				"west": {"uv": [0, 0, 0, 2.5], "texture": "#4"},
				"up": {"uv": [0, 0, 2.75, 0], "texture": "#4"},
				"down": {"uv": [0, 0, 2.75, 0], "texture": "#4"}
			}
		}
	],
	"gui_light": "front",
	"display": {
		"thirdperson_righthand": {
			"rotation": [67.5, 180, 0],
			"translation": [0, 0.75, 1.25],
			"scale": [0.32031, 0.32031, 0.32031]
		},
		"thirdperson_lefthand": {
			"rotation": [67.5, 0, 0],
			"translation": [-5.25, -6, 8.5]
		},
		"firstperson_righthand": {
			"translation": [-0.5, -0.25, 2.25],
			"scale": [0.5, 0.5, 0.5]
		},
		"firstperson_lefthand": {
			"rotation": [0, -92, 0],
			"translation": [0.5, 3, 2.25],
			"scale": [0, 0, 0]
		},
		"ground": {
			"rotation": [70, 0, 0],
			"translation": [0, 5, 0],
			"scale": [0.5, 0.5, 0.5]
		},
		"gui": {
			"rotation": [-22.5, 22.5, 0],
			"translation": [-1.25, -1.5, 0],
			"scale": [0.42938, 0.42938, 0.42938]
		},
		"head": {
			"rotation": [-2, 0, 0],
			"translation": [0, -71, -9.5],
			"scale": [3, 3, 3]
		},
		"fixed": {
			"rotation": [0, 180, 0],
			"translation": [0, 0, -1.25],
			"scale": [1.55, 1.55, 1.55]
		}
	},
	"groups": [
		{
			"name": "group",
			"origin": [18.2, 10, 8],
			"color": 0,
			"boneType": "",
			"children": [0, 1, 2, 3, 4, 5, 6, 7, 8, 9, 10, 11, 12, 13, 14, 15, 16, 17, 18, 19, 20, 21, 22, 23, 24, 25, 26, 27, 28, 29, 30, 31, 32, 33, 34, 35, 36]
		}
	]
}