{
	"credit": "Made with Blockbench",
	"textures": {
		"0": "ec_elitewings:v1/tex1",
		"1": "ec_elitewings:v1/ani1",
		"2": "ec_elitewings:v1/ani2",
		"3": "ec_elitewings:v1/ani3",
		"particle": "ec_elitewings:v1/tex1"
	},
	"elements": [
		{
			"from": [-1, -8.925, 8],
			"to": [3, -0.925, 8],
			"rotation": {"angle": -22.5, "axis": "y", "origin": [3, -4.925, 8]},
			"faces": {
				"north": {"uv": [8, 0, 12, 8], "texture": "#1"},
				"east": {"uv": [0, 0, 0, 8], "texture": "#1"},
				"south": {"uv": [12, 0, 8, 8], "texture": "#1"},
				"west": {"uv": [0, 0, 0, 8], "texture": "#1"},
				"up": {"uv": [5.5, 0, 0, 0], "texture": "#1"},
				"down": {"uv": [5.5, 0, 0, 0], "texture": "#1"}
			}
		},
		{
			"from": [-1, -8.925, 8],
			"to": [3, -0.925, 8],
			"rotation": {"angle": 0, "axis": "y", "origin": [3, -4.925, 8]},
			"faces": {
				"north": {"uv": [0, 0, 4, 8], "texture": "#1"},
				"east": {"uv": [0, 0, 0, 8], "texture": "#1"},
				"south": {"uv": [4, 0, 0, 8], "texture": "#1"},
				"west": {"uv": [0, 0, 0, 8], "texture": "#1"},
				"up": {"uv": [5.5, 0, 0, 0], "texture": "#1"},
				"down": {"uv": [5.5, 0, 0, 0], "texture": "#1"}
			}
		},
		{
			"from": [-4, -8.925, 8],
			"to": [-1, -0.925, 8],
			"rotation": {"angle": 0, "axis": "y", "origin": [3, -4.925, 8]},
			"faces": {
				"north": {"uv": [4, 0, 7, 8], "texture": "#1"},
				"east": {"uv": [0, 0, 0, 8], "texture": "#1"},
				"south": {"uv": [7, 0, 4, 8], "texture": "#1"},
				"west": {"uv": [0, 0, 0, 8], "texture": "#1"},
				"up": {"uv": [5.5, 0, 0, 0], "texture": "#1"},
				"down": {"uv": [5.5, 0, 0, 0], "texture": "#1"}
			}
		},
		{
			"from": [-4, -8.925, 8],
			"to": [-1, -0.925, 8],
			"rotation": {"angle": -22.5, "axis": "y", "origin": [3, -4.925, 8]},
			"faces": {
				"north": {"uv": [12, 0, 15, 8], "texture": "#1"},
				"east": {"uv": [0, 0, 0, 8], "texture": "#1"},
				"south": {"uv": [15, 0, 12, 8], "texture": "#1"},
				"west": {"uv": [0, 0, 0, 8], "texture": "#1"},
				"up": {"uv": [5.5, 0, 0, 0], "texture": "#1"},
				"down": {"uv": [5.5, 0, 0, 0], "texture": "#1"}
			}
		},
		{
			"from": [0.11092, -8.925, 2.1967],
			"to": [0.11092, -0.925, 5.1967],
			"rotation": {"angle": 22.5, "axis": "y", "origin": [0.11092, -4.925, 5.11092]},
			"faces": {
				"north": {"uv": [0, 0, 0, 8], "texture": "#1"},
				"east": {"uv": [12, 8, 15, 16], "texture": "#1"},
				"south": {"uv": [0, 0, 0, 8], "texture": "#1"},
				"west": {"uv": [15, 8, 12, 16], "texture": "#1"},
				"up": {"uv": [5.5, 0, 0, 0], "rotation": 90, "texture": "#1"},
				"down": {"uv": [5.5, 0, 0, 0], "rotation": 270, "texture": "#1"}
			}
		},
		{
			"from": [0.11092, -8.925, 2.1967],
			"to": [0.11092, -0.925, 5.1967],
			"rotation": {"angle": 45, "axis": "y", "origin": [0.11092, -4.925, 5.11092]},
			"faces": {
				"north": {"uv": [0, 0, 0, 8], "texture": "#1"},
				"east": {"uv": [4, 8, 7, 16], "texture": "#1"},
				"south": {"uv": [0, 0, 0, 8], "texture": "#1"},
				"west": {"uv": [7, 8, 4, 16], "texture": "#1"},
				"up": {"uv": [5.5, 0, 0, 0], "rotation": 90, "texture": "#1"},
				"down": {"uv": [5.5, 0, 0, 0], "rotation": 270, "texture": "#1"}
			}
		},
		{
			"from": [-1, -8.925, 8],
			"to": [3, -0.925, 8],
			"rotation": {"angle": -45, "axis": "y", "origin": [3, -4.925, 8]},
			"faces": {
				"north": {"uv": [0, 8, 4, 16], "texture": "#1"},
				"east": {"uv": [0, 0, 0, 8], "texture": "#1"},
				"south": {"uv": [4, 8, 0, 16], "texture": "#1"},
				"west": {"uv": [0, 0, 0, 8], "texture": "#1"},
				"up": {"uv": [5.5, 0, 0, 0], "texture": "#1"},
				"down": {"uv": [5.5, 0, 0, 0], "texture": "#1"}
			}
		},
		{
			"from": [-1, -8.925, 8],
			"to": [3, -0.925, 8],
			"rotation": {"angle": -45, "axis": "y", "origin": [3, -4.925, 8]},
			"faces": {
				"north": {"uv": [8, 8, 12, 16], "texture": "#1"},
				"east": {"uv": [0, 0, 0, 8], "texture": "#1"},
				"south": {"uv": [12, 8, 8, 16], "texture": "#1"},
				"west": {"uv": [0, 0, 0, 8], "texture": "#1"},
				"up": {"uv": [5.5, 0, 0, 0], "texture": "#1"},
				"down": {"uv": [5.5, 0, 0, 0], "texture": "#1"}
			}
		},
		{
			"from": [0.11092, -8.925, 10.8033],
			"to": [0.11092, -0.925, 13.8033],
			"rotation": {"angle": -22.5, "axis": "y", "origin": [0.11092, -4.925, 10.88909]},
			"faces": {
				"north": {"uv": [0, 0, 0, 8], "texture": "#2"},
				"east": {"uv": [15, 8, 12, 16], "texture": "#2"},
				"south": {"uv": [0, 0, 0, 8], "texture": "#2"},
				"west": {"uv": [12, 8, 15, 16], "texture": "#2"},
				"up": {"uv": [0, 0, 5.5, 0], "rotation": 90, "texture": "#2"},
				"down": {"uv": [0, 0, 5.5, 0], "rotation": 270, "texture": "#2"}
			}
		},
		{
			"from": [0.11092, -8.925, 10.8033],
			"to": [0.11092, -0.925, 13.8033],
			"rotation": {"angle": -45, "axis": "y", "origin": [0.11092, -4.925, 10.88909]},
			"faces": {
				"north": {"uv": [0, 0, 0, 8], "texture": "#2"},
				"east": {"uv": [7, 8, 4, 16], "texture": "#2"},
				"south": {"uv": [0, 0, 0, 8], "texture": "#2"},
				"west": {"uv": [4, 8, 7, 16], "texture": "#2"},
				"up": {"uv": [0, 0, 5.5, 0], "rotation": 90, "texture": "#2"},
				"down": {"uv": [0, 0, 5.5, 0], "rotation": 270, "texture": "#2"}
			}
		},
		{
			"from": [-1, -8.925, 8],
			"to": [3, -0.925, 8],
			"rotation": {"angle": 45, "axis": "y", "origin": [3, -4.925, 8]},
			"faces": {
				"north": {"uv": [0, 8, 4, 16], "texture": "#2"},
				"east": {"uv": [0, 0, 0, 5], "texture": "#2"},
				"south": {"uv": [4, 8, 0, 16], "texture": "#2"},
				"west": {"uv": [0, 0, 0, 5], "texture": "#2"},
				"up": {"uv": [5.5, 0, 0, 0], "texture": "#2"},
				"down": {"uv": [5.5, 0, 0, 0], "texture": "#2"}
			}
		},
		{
			"from": [-1, -8.925, 8],
			"to": [3, -0.925, 8],
			"rotation": {"angle": 45, "axis": "y", "origin": [3, -4.925, 8]},
			"faces": {
				"north": {"uv": [8, 8, 12, 16], "texture": "#2"},
				"east": {"uv": [0, 0, 0, 5], "texture": "#2"},
				"south": {"uv": [12, 8, 8, 16], "texture": "#2"},
				"west": {"uv": [0, 0, 0, 5], "texture": "#2"},
				"up": {"uv": [5.5, 0, 0, 0], "texture": "#2"},
				"down": {"uv": [5.5, 0, 0, 0], "texture": "#2"}
			}
		},
		{
			"from": [-4, -8.925, 8],
			"to": [-1, -0.925, 8],
			"rotation": {"angle": 22.5, "axis": "y", "origin": [3, -4.925, 8]},
			"faces": {
				"north": {"uv": [12, 0, 15, 8], "texture": "#2"},
				"east": {"uv": [0, 0, 0, 8], "texture": "#2"},
				"south": {"uv": [15, 0, 12, 8], "texture": "#2"},
				"west": {"uv": [0, 0, 0, 8], "texture": "#2"},
				"up": {"uv": [5.5, 0, 0, 0], "texture": "#2"},
				"down": {"uv": [5.5, 0, 0, 0], "texture": "#2"}
			}
		},
		{
			"from": [-1, -8.925, 8],
			"to": [3, -0.925, 8],
			"rotation": {"angle": 22.5, "axis": "y", "origin": [3, -4.925, 8]},
			"faces": {
				"north": {"uv": [8, 0, 12, 8], "texture": "#2"},
				"east": {"uv": [0, 0, 0, 8], "texture": "#2"},
				"south": {"uv": [12, 0, 8, 8], "texture": "#2"},
				"west": {"uv": [0, 0, 0, 8], "texture": "#2"},
				"up": {"uv": [5.5, 0, 0, 0], "texture": "#2"},
				"down": {"uv": [5.5, 0, 0, 0], "texture": "#2"}
			}
		},
		{
			"from": [3, -13.425, 8],
			"to": [8, -0.925, 8],
			"rotation": {"angle": 0, "axis": "y", "origin": [4, -9.925, 4]},
			"faces": {
				"north": {"uv": [0, 0, 2.5, 6.25], "texture": "#0"},
				"east": {"uv": [0, 0, 0, 5], "texture": "#0"},
				"south": {"uv": [2.5, 0, 0, 6.25], "texture": "#0"},
				"west": {"uv": [0, 0, 0, 5], "texture": "#0"},
				"up": {"uv": [5.5, 0, 0, 0], "texture": "#0"},
				"down": {"uv": [5.5, 0, 0, 0], "texture": "#0"}
			}
		},
		{
			"from": [13, -8.925, 8],
			"to": [17, -0.925, 8],
			"rotation": {"angle": 22.5, "axis": "y", "origin": [13, -4.925, 8]},
			"faces": {
				"north": {"uv": [12, 0, 8, 8], "texture": "#1"},
				"east": {"uv": [0, 0, 0, 8], "texture": "#1"},
				"south": {"uv": [8, 0, 12, 8], "texture": "#1"},
				"west": {"uv": [0, 0, 0, 8], "texture": "#1"},
				"up": {"uv": [0, 0, 5.5, 0], "texture": "#1"},
				"down": {"uv": [0, 0, 5.5, 0], "texture": "#1"}
			}
		},
		{
			"from": [8, -13.425, 8],
			"to": [13, -0.925, 8],
			"rotation": {"angle": 0, "axis": "y", "origin": [12, -9.925, 4]},
			"faces": {
				"north": {"uv": [2.5, 0, 0, 6.25], "texture": "#0"},
				"east": {"uv": [0, 0, 0, 5], "texture": "#0"},
				"south": {"uv": [0, 0, 2.5, 6.25], "texture": "#0"},
				"west": {"uv": [0, 0, 0, 5], "texture": "#0"},
				"up": {"uv": [0, 0, 5.5, 0], "texture": "#0"},
				"down": {"uv": [0, 0, 5.5, 0], "texture": "#0"}
			}
		},
		{
			"from": [12.5, -15.925, 8],
			"to": [18, -8.425, 8],
			"rotation": {"angle": 0, "axis": "y", "origin": [12, -9.925, 4]},
			"faces": {
				"north": {"uv": [11, 1, 0, 16], "texture": "#3"},
				"east": {"uv": [0, 0, 0, 5], "texture": "#3"},
				"south": {"uv": [0, 1, 11, 16], "texture": "#3"},
				"west": {"uv": [0, 0, 0, 5], "texture": "#3"},
				"up": {"uv": [0, 0, 5.5, 0], "texture": "#3"},
				"down": {"uv": [0, 0, 5.5, 0], "texture": "#3"}
			}
		},
		{
			"from": [-2, -15.925, 8],
			"to": [3.5, -8.425, 8],
			"rotation": {"angle": 0, "axis": "y", "origin": [4, -9.925, 4]},
			"faces": {
				"north": {"uv": [0, 1, 11, 16], "texture": "#3"},
				"east": {"uv": [0, 0, 0, 5], "texture": "#3"},
				"south": {"uv": [11, 1, 0, 16], "texture": "#3"},
				"west": {"uv": [0, 0, 0, 5], "texture": "#3"},
				"up": {"uv": [5.5, 0, 0, 0], "texture": "#3"},
				"down": {"uv": [5.5, 0, 0, 0], "texture": "#3"}
			}
		},
		{
			"from": [17, -8.925, 8],
			"to": [20, -0.925, 8],
			"rotation": {"angle": 0, "axis": "y", "origin": [13, -4.925, 8]},
			"faces": {
				"north": {"uv": [7, 0, 4, 8], "texture": "#1"},
				"east": {"uv": [0, 0, 0, 8], "texture": "#1"},
				"south": {"uv": [4, 0, 7, 8], "texture": "#1"},
				"west": {"uv": [0, 0, 0, 8], "texture": "#1"},
				"up": {"uv": [0, 0, 5.5, 0], "texture": "#1"},
				"down": {"uv": [0, 0, 5.5, 0], "texture": "#1"}
			}
		},
		{
			"from": [13, -8.925, 8],
			"to": [17, -0.925, 8],
			"rotation": {"angle": 0, "axis": "y", "origin": [13, -4.925, 8]},
			"faces": {
				"north": {"uv": [4, 0, 0, 8], "texture": "#1"},
				"east": {"uv": [0, 0, 0, 8], "texture": "#1"},
				"south": {"uv": [0, 0, 4, 8], "texture": "#1"},
				"west": {"uv": [0, 0, 0, 8], "texture": "#1"},
				"up": {"uv": [0, 0, 5.5, 0], "texture": "#1"},
				"down": {"uv": [0, 0, 5.5, 0], "texture": "#1"}
			}
		},
		{
			"from": [17, -8.925, 8],
			"to": [20, -0.925, 8],
			"rotation": {"angle": 22.5, "axis": "y", "origin": [13, -4.925, 8]},
			"faces": {
				"north": {"uv": [15, 0, 12, 8], "texture": "#1"},
				"east": {"uv": [0, 0, 0, 8], "texture": "#1"},
				"south": {"uv": [12, 0, 15, 8], "texture": "#1"},
				"west": {"uv": [0, 0, 0, 8], "texture": "#1"},
				"up": {"uv": [0, 0, 5.5, 0], "texture": "#1"},
				"down": {"uv": [0, 0, 5.5, 0], "texture": "#1"}
			}
		},
		{
			"from": [13, -8.925, 8],
			"to": [17, -0.925, 8],
			"rotation": {"angle": 45, "axis": "y", "origin": [13, -4.925, 8]},
			"faces": {
				"north": {"uv": [4, 8, 0, 16], "texture": "#1"},
				"east": {"uv": [0, 0, 0, 8], "texture": "#1"},
				"south": {"uv": [0, 8, 4, 16], "texture": "#1"},
				"west": {"uv": [0, 0, 0, 8], "texture": "#1"},
				"up": {"uv": [0, 0, 5.5, 0], "texture": "#1"},
				"down": {"uv": [0, 0, 5.5, 0], "texture": "#1"}
			}
		},
		{
			"from": [15.88909, -8.925, 2.1967],
			"to": [15.88909, -0.925, 5.1967],
			"rotation": {"angle": -22.5, "axis": "y", "origin": [15.88909, -4.925, 5.11092]},
			"faces": {
				"north": {"uv": [0, 0, 0, 8], "texture": "#1"},
				"east": {"uv": [12, 8, 15, 16], "texture": "#1"},
				"south": {"uv": [0, 0, 0, 8], "texture": "#1"},
				"west": {"uv": [15, 8, 12, 16], "texture": "#1"},
				"up": {"uv": [5.5, 0, 0, 0], "rotation": 90, "texture": "#1"},
				"down": {"uv": [5.5, 0, 0, 0], "rotation": 270, "texture": "#1"}
			}
		},
		{
			"from": [13, -8.925, 8],
			"to": [17, -0.925, 8],
			"rotation": {"angle": -22.5, "axis": "y", "origin": [13, -4.925, 8]},
			"faces": {
				"north": {"uv": [12, 0, 8, 8], "texture": "#2"},
				"east": {"uv": [0, 0, 0, 8], "texture": "#2"},
				"south": {"uv": [8, 0, 12, 8], "texture": "#2"},
				"west": {"uv": [0, 0, 0, 8], "texture": "#2"},
				"up": {"uv": [0, 0, 5.5, 0], "texture": "#2"},
				"down": {"uv": [0, 0, 5.5, 0], "texture": "#2"}
			}
		},
		{
			"from": [17, -8.925, 8],
			"to": [20, -0.925, 8],
			"rotation": {"angle": -22.5, "axis": "y", "origin": [13, -4.925, 8]},
			"faces": {
				"north": {"uv": [15, 0, 12, 8], "texture": "#2"},
				"east": {"uv": [0, 0, 0, 8], "texture": "#2"},
				"south": {"uv": [12, 0, 15, 8], "texture": "#2"},
				"west": {"uv": [0, 0, 0, 8], "texture": "#2"},
				"up": {"uv": [0, 0, 5.5, 0], "texture": "#2"},
				"down": {"uv": [0, 0, 5.5, 0], "texture": "#2"}
			}
		},
		{
			"from": [13, -8.925, 8],
			"to": [17, -0.925, 8],
			"rotation": {"angle": -45, "axis": "y", "origin": [13, -4.925, 8]},
			"faces": {
				"north": {"uv": [4, 8, 0, 16], "texture": "#2"},
				"east": {"uv": [0, 0, 0, 5], "texture": "#2"},
				"south": {"uv": [0, 8, 4, 16], "texture": "#2"},
				"west": {"uv": [0, 0, 0, 5], "texture": "#2"},
				"up": {"uv": [0, 0, 5.5, 0], "texture": "#2"},
				"down": {"uv": [0, 0, 5.5, 0], "texture": "#2"}
			}
		},
		{
			"from": [15.88909, -8.925, 10.8033],
			"to": [15.88909, -0.925, 13.8033],
			"rotation": {"angle": 22.5, "axis": "y", "origin": [15.88909, -4.925, 10.88909]},
			"faces": {
				"north": {"uv": [0, 0, 0, 8], "texture": "#2"},
				"east": {"uv": [15, 8, 12, 16], "texture": "#2"},
				"south": {"uv": [0, 0, 0, 8], "texture": "#2"},
				"west": {"uv": [12, 8, 15, 16], "texture": "#2"},
				"up": {"uv": [0, 0, 5.5, 0], "rotation": 90, "texture": "#2"},
				"down": {"uv": [0, 0, 5.5, 0], "rotation": 270, "texture": "#2"}
			}
		},
		{
			"from": [15.88909, -8.925, 2.1967],
			"to": [15.88909, -0.925, 5.1967],
			"rotation": {"angle": -45, "axis": "y", "origin": [15.88909, -4.925, 5.11092]},
			"faces": {
				"north": {"uv": [0, 0, 0, 8], "texture": "#1"},
				"east": {"uv": [4, 8, 7, 16], "texture": "#1"},
				"south": {"uv": [0, 0, 0, 8], "texture": "#1"},
				"west": {"uv": [7, 8, 4, 16], "texture": "#1"},
				"up": {"uv": [5.5, 0, 0, 0], "rotation": 90, "texture": "#1"},
				"down": {"uv": [5.5, 0, 0, 0], "rotation": 270, "texture": "#1"}
			}
		},
		{
			"from": [15.88909, -8.925, 10.8033],
			"to": [15.88909, -0.925, 13.8033],
			"rotation": {"angle": 45, "axis": "y", "origin": [15.88909, -4.925, 10.88909]},
			"faces": {
				"north": {"uv": [0, 0, 0, 8], "texture": "#2"},
				"east": {"uv": [7, 8, 4, 16], "texture": "#2"},
				"south": {"uv": [0, 0, 0, 8], "texture": "#2"},
				"west": {"uv": [4, 8, 7, 16], "texture": "#2"},
				"up": {"uv": [0, 0, 5.5, 0], "rotation": 90, "texture": "#2"},
				"down": {"uv": [0, 0, 5.5, 0], "rotation": 270, "texture": "#2"}
			}
		},
		{
			"from": [13, -8.925, 8],
			"to": [17, -0.925, 8],
			"rotation": {"angle": 45, "axis": "y", "origin": [13, -4.925, 8]},
			"faces": {
				"north": {"uv": [12, 8, 8, 16], "texture": "#1"},
				"east": {"uv": [0, 0, 0, 8], "texture": "#1"},
				"south": {"uv": [8, 8, 12, 16], "texture": "#1"},
				"west": {"uv": [0, 0, 0, 8], "texture": "#1"},
				"up": {"uv": [0, 0, 5.5, 0], "texture": "#1"},
				"down": {"uv": [0, 0, 5.5, 0], "texture": "#1"}
			}
		},
		{
			"from": [13, -8.925, 8],
			"to": [17, -0.925, 8],
			"rotation": {"angle": -45, "axis": "y", "origin": [13, -4.925, 8]},
			"faces": {
				"north": {"uv": [12, 8, 8, 16], "texture": "#2"},
				"east": {"uv": [0, 0, 0, 5], "texture": "#2"},
				"south": {"uv": [8, 8, 12, 16], "texture": "#2"},
				"west": {"uv": [0, 0, 0, 5], "texture": "#2"},
				"up": {"uv": [0, 0, 5.5, 0], "texture": "#2"},
				"down": {"uv": [0, 0, 5.5, 0], "texture": "#2"}
			}
		},
		{
			"from": [5.875, -10.7, 7.5],
			"to": [6.625, -8.2, 8.5],
			"rotation": {"angle": 45, "axis": "z", "origin": [6.5, -9.05, 8]},
			"faces": {
				"north": {"uv": [4.875, 14.75, 4.5, 16], "texture": "#0"},
				"east": {"uv": [4.875, 14.75, 5.375, 16], "texture": "#0"},
				"south": {"uv": [4.5, 14.75, 4.875, 16], "texture": "#0"},
				"west": {"uv": [5.375, 14.75, 5.875, 16], "texture": "#0"},
				"up": {"uv": [4.5, 14.25, 4.875, 14.75], "texture": "#0"},
				"down": {"uv": [4.875, 14.25, 5.25, 14.75], "texture": "#0"}
			}
		},
		{
			"from": [5.475, -8.9, 7.5125],
			"to": [6.475, -5.4, 8.4875],
			"rotation": {"angle": 0, "axis": "y", "origin": [6.5, -9.05, 8]},
			"faces": {
				"north": {"uv": [3.5, 14.25, 3, 16], "texture": "#0"},
				"east": {"uv": [4, 14.25, 4.5, 16], "texture": "#0"},
				"south": {"uv": [3, 14.25, 3.5, 16], "texture": "#0"},
				"west": {"uv": [3.5, 14.25, 4, 16], "texture": "#0"},
				"up": {"uv": [2.5, 14.5, 3, 15], "texture": "#0"},
				"down": {"uv": [2.5, 14.5, 3, 15], "texture": "#0"}
			}
		},
		{
			"from": [7.975, -9.275, 7.625],
			"to": [8.475, -7.525, 8.375],
			"rotation": {"angle": 45, "axis": "z", "origin": [6.5, -9.55, 8]},
			"faces": {
				"north": {"uv": [2.75, 13.625, 2.5, 14.5], "texture": "#0"},
				"east": {"uv": [2, 14.125, 2.375, 15], "texture": "#0"},
				"south": {"uv": [2.5, 13.625, 2.75, 14.5], "texture": "#0"},
				"west": {"uv": [2, 13.25, 2.375, 14.125], "texture": "#0"},
				"up": {"uv": [2.75, 14, 3, 14.375], "texture": "#0"},
				"down": {"uv": [2.75, 14, 3, 14.375], "texture": "#0"}
			}
		},
		{
			"from": [4.975, -5.525, 7.5],
			"to": [6.975, -3.525, 8.5],
			"rotation": {"angle": 45, "axis": "z", "origin": [5.975, -4.525, 8]},
			"faces": {
				"north": {"uv": [1, 15, 2, 16], "rotation": 270, "texture": "#0"},
				"east": {"uv": [0, 15, 0.5, 16], "texture": "#0"},
				"south": {"uv": [1, 15, 2, 16], "texture": "#0"},
				"west": {"uv": [0.5, 15, 1, 16], "texture": "#0"},
				"up": {"uv": [0, 15, 0.5, 16], "rotation": 90, "texture": "#0"},
				"down": {"uv": [0.5, 15, 1, 16], "rotation": 90, "texture": "#0"}
			}
		},
		{
			"from": [5.275, -3.975, 8],
			"to": [7.275, -1.975, 8],
			"rotation": {"angle": -22.5, "axis": "z", "origin": [5.975, -4.525, 8]},
			"faces": {
				"north": {"uv": [1, 13.25, 0, 14.25], "rotation": 90, "texture": "#0"},
				"east": {"uv": [0.5, 15, 0.5, 16], "texture": "#0"},
				"south": {"uv": [0, 13.25, 1, 14.25], "rotation": 270, "texture": "#0"},
				"west": {"uv": [0, 15, 0, 16], "texture": "#0"},
				"up": {"uv": [0, 15, 0, 16], "rotation": 270, "texture": "#0"},
				"down": {"uv": [0.5, 15, 0.5, 16], "rotation": 270, "texture": "#0"}
			}
		},
		{
			"from": [8.725, -3.975, 8],
			"to": [10.725, -1.975, 8],
			"rotation": {"angle": 22.5, "axis": "z", "origin": [10.025, -4.525, 8]},
			"faces": {
				"north": {"uv": [1, 14.25, 0, 13.25], "rotation": 90, "texture": "#0"},
				"east": {"uv": [0, 15, 0, 16], "texture": "#0"},
				"south": {"uv": [0, 14.25, 1, 13.25], "rotation": 270, "texture": "#0"},
				"west": {"uv": [0.5, 15, 0.5, 16], "texture": "#0"},
				"up": {"uv": [0, 16, 0, 15], "rotation": 270, "texture": "#0"},
				"down": {"uv": [0.5, 16, 0.5, 15], "rotation": 270, "texture": "#0"}
			}
		},
		{
			"from": [5.975, -3.525, 7.5],
			"to": [6.975, -2.025, 8.5],
			"rotation": {"angle": 45, "axis": "z", "origin": [5.975, -4.525, 8]},
			"faces": {
				"north": {"uv": [1.5, 14.25, 1, 15], "texture": "#0"},
				"east": {"uv": [0.5, 14.25, 1, 15], "texture": "#0"},
				"south": {"uv": [1, 14.25, 1.5, 15], "texture": "#0"},
				"west": {"uv": [1.5, 14.25, 2, 15], "texture": "#0"},
				"up": {"uv": [0, 14.25, 0.5, 14.75], "texture": "#0"},
				"down": {"uv": [0, 14.25, 0.5, 14.75], "texture": "#0"}
			}
		},
		{
			"from": [9.375, -10.7, 7.5],
			"to": [10.125, -8.2, 8.5],
			"rotation": {"angle": -45, "axis": "z", "origin": [9.5, -9.05, 8]},
			"faces": {
				"north": {"uv": [4.5, 14.75, 4.875, 16], "texture": "#0"},
				"east": {"uv": [5.875, 14.75, 5.375, 16], "texture": "#0"},
				"south": {"uv": [4.875, 14.75, 4.5, 16], "texture": "#0"},
				"west": {"uv": [5.375, 14.75, 4.875, 16], "texture": "#0"},
				"up": {"uv": [4.875, 14.25, 4.5, 14.75], "texture": "#0"},
				"down": {"uv": [5.25, 14.25, 4.875, 14.75], "texture": "#0"}
			}
		},
		{
			"from": [9.525, -8.9, 7.5125],
			"to": [10.525, -5.4, 8.4875],
			"rotation": {"angle": 0, "axis": "y", "origin": [9.5, -9.05, 8]},
			"faces": {
				"north": {"uv": [3, 14.25, 3.5, 16], "texture": "#0"},
				"east": {"uv": [4, 14.25, 3.5, 16], "texture": "#0"},
				"south": {"uv": [3.5, 14.25, 3, 16], "texture": "#0"},
				"west": {"uv": [4.5, 14.25, 4, 16], "texture": "#0"},
				"up": {"uv": [3, 14.5, 2.5, 15], "texture": "#0"},
				"down": {"uv": [3, 14.5, 2.5, 15], "texture": "#0"}
			}
		},
		{
			"from": [7.525, -9.275, 7.625],
			"to": [8.025, -7.525, 8.375],
			"rotation": {"angle": -45, "axis": "z", "origin": [9.5, -9.55, 8]},
			"faces": {
				"north": {"uv": [2.5, 13.625, 2.75, 14.5], "texture": "#0"},
				"east": {"uv": [2.375, 13.25, 2, 14.125], "texture": "#0"},
				"south": {"uv": [2.75, 13.625, 2.5, 14.5], "texture": "#0"},
				"west": {"uv": [2.375, 14.125, 2, 15], "texture": "#0"},
				"up": {"uv": [3, 14, 2.75, 14.375], "texture": "#0"},
				"down": {"uv": [3, 14, 2.75, 14.375], "texture": "#0"}
			}
		},
		{
			"from": [9.025, -3.525, 7.5],
			"to": [10.025, -2.025, 8.5],
			"rotation": {"angle": -45, "axis": "z", "origin": [10.025, -4.525, 8]},
			"faces": {
				"north": {"uv": [1, 14.25, 1.5, 15], "texture": "#0"},
				"east": {"uv": [2, 14.25, 1.5, 15], "texture": "#0"},
				"south": {"uv": [1.5, 14.25, 1, 15], "texture": "#0"},
				"west": {"uv": [1, 14.25, 0.5, 15], "texture": "#0"},
				"up": {"uv": [0.5, 14.25, 0, 14.75], "texture": "#0"},
				"down": {"uv": [0.5, 14.25, 0, 14.75], "texture": "#0"}
			}
		},
		{
			"from": [9.025, -5.525, 7.5],
			"to": [11.025, -3.525, 8.5],
			"rotation": {"angle": -45, "axis": "z", "origin": [10.025, -4.525, 8]},
			"faces": {
				"north": {"uv": [1, 16, 2, 15], "rotation": 270, "texture": "#0"},
				"east": {"uv": [1, 15, 0.5, 16], "texture": "#0"},
				"south": {"uv": [2, 15, 1, 16], "texture": "#0"},
				"west": {"uv": [0.5, 15, 0, 16], "texture": "#0"},
				"up": {"uv": [0, 16, 0.5, 15], "rotation": 90, "texture": "#0"},
				"down": {"uv": [0.5, 16, 1, 15], "rotation": 90, "texture": "#0"}
			}
		},
		{
			"from": [1.475, -3.525, 8],
			"to": [5.975, 0.475, 8],
			"rotation": {"angle": 0, "axis": "y", "origin": [5.975, -4.525, 8]},
			"faces": {
				"north": {"uv": [14, 0, 16, 2.25], "rotation": 90, "texture": "#0"},
				"east": {"uv": [0, 0, 2, 0], "rotation": 270, "texture": "#0"},
				"south": {"uv": [16, 0, 14, 2.25], "rotation": 270, "texture": "#0"},
				"west": {"uv": [0, 0, 2, 0], "rotation": 270, "texture": "#0"},
				"up": {"uv": [0, 0, 0, 2.25], "rotation": 270, "texture": "#0"},
				"down": {"uv": [0, 0, 0, 2.25], "rotation": 270, "texture": "#0"}
			}
		},
		{
			"from": [10.025, -3.525, 8],
			"to": [14.525, 0.475, 8],
			"rotation": {"angle": 0, "axis": "y", "origin": [10.025, -4.525, 8]},
			"faces": {
				"north": {"uv": [14, 2.25, 16, 0], "rotation": 90, "texture": "#0"},
				"east": {"uv": [0, 0, 2, 0], "rotation": 270, "texture": "#0"},
				"south": {"uv": [16, 2.25, 14, 0], "rotation": 270, "texture": "#0"},
				"west": {"uv": [0, 0, 2, 0], "rotation": 270, "texture": "#0"},
				"up": {"uv": [0, 2.25, 0, 0], "rotation": 270, "texture": "#0"},
				"down": {"uv": [0, 2.25, 0, 0], "rotation": 270, "texture": "#0"}
			}
		}
	],
	"gui_light": "front",
	"display": {
		"thirdperson_righthand": {
			"rotation": [67.5, 180, 0],
			"translation": [0, 0.75, 1.25],
			"scale": [0.32031, 0.32031, 0.32031]
		},
		"thirdperson_lefthand": {
			"rotation": [68, 0, 0],
			"translation": [-5.25, -3.5, 13.25],
			"scale": [1.15, 1.15, 1.15]
		},
		"firstperson_righthand": {
			"translation": [-0.5, -0.25, 2.25],
			"scale": [0.5, 0.5, 0.5]
		},
		"firstperson_lefthand": {
			"rotation": [0, -92, 0],
			"translation": [0.5, 3, 2.25],
			"scale": [0, 0, 0]
		},
		"ground": {
			"rotation": [70, 0, 0],
			"translation": [0, 5, 0],
			"scale": [0.5, 0.5, 0.5]
		},
		"gui": {
			"rotation": [-22.5, 22, 0],
			"scale": [0.42938, 0.42938, 0.42938]
		},
		"head": {
			"rotation": [-2, 0, 0],
			"translation": [0, -62.25, 5.5],
			"scale": [3, 3, 3]
		},
		"fixed": {
			"rotation": [0, 180, 0],
			"translation": [0, 4.75, -2.5],
			"scale": [1.18391, 1.18391, 1.18391]
		}
	}
}