{
	"credit": "Made with Blockbench",
	"texture_size": [32, 32],
	"textures": {
		"0": "ec_elitewings:v2/tex6",
		"1": "ec_elitewings:v2/ani601",
		"2": "ec_elitewings:v2/ani602",
		"4": "ec_elitewings:v2/ani604",
		"particle": "ec_elitewings:v2/tex6"
	},
	"elements": [
		{
			"from": [3, -11.4375, 8.40556],
			"to": [8, 1.5625, 8.40556],
			"rotation": {"angle": 0, "axis": "y", "origin": [13, -4.9375, 8.40556]},
			"faces": {
				"north": {"uv": [6, 0, 3.5, 6.5], "texture": "#0"},
				"east": {"uv": [0, 0, 0, 7.75], "texture": "#0"},
				"south": {"uv": [3.5, 0, 6, 6.5], "texture": "#0"},
				"west": {"uv": [0, 0, 0, 7.75], "texture": "#0"},
				"up": {"uv": [6, 0, 0, 0], "texture": "#0"},
				"down": {"uv": [6, 0, 0, 0], "texture": "#0"}
			}
		},
		{
			"from": [1.5, -14.4375, 8.40556],
			"to": [8, -6.9375, 8.40556],
			"rotation": {"angle": 0, "axis": "y", "origin": [8, -9.4375, 8.40556]},
			"faces": {
				"north": {"uv": [3.625, 12.125, 0.375, 15.875], "texture": "#0"},
				"east": {"uv": [0, 0, 0, 5.25], "texture": "#0"},
				"south": {"uv": [0.375, 12.125, 3.625, 15.875], "texture": "#0"},
				"west": {"uv": [0, 0, 0, 5.25], "texture": "#0"},
				"up": {"uv": [3.75, 0, 0, 0], "texture": "#0"},
				"down": {"uv": [3.75, 0, 0, 0], "texture": "#0"}
			}
		},
		{
			"from": [-4, -7.9375, 8.40556],
			"to": [-1, 0.5625, 8.40556],
			"rotation": {"angle": 22.5, "axis": "y", "origin": [3, -4.9375, 8.40556]},
			"faces": {
				"north": {"uv": [6, 0, 3, 8.5], "texture": "#2"},
				"east": {"uv": [0, 0, 0, 7.75], "texture": "#2"},
				"south": {"uv": [3, 0, 6, 8.5], "texture": "#2"},
				"west": {"uv": [0, 0, 0, 7.75], "texture": "#2"},
				"up": {"uv": [6, 0, 0, 0], "texture": "#2"},
				"down": {"uv": [6, 0, 0, 0], "texture": "#2"}
			}
		},
		{
			"from": [-1, -8.6875, 8.40556],
			"to": [3, -0.1875, 8.40556],
			"rotation": {"angle": 22.5, "axis": "y", "origin": [3, -4.9375, 8.40556]},
			"faces": {
				"north": {"uv": [8, 0, 4, 8.5], "texture": "#1"},
				"east": {"uv": [0, 0, 0, 7.75], "texture": "#1"},
				"south": {"uv": [4, 0, 8, 8.5], "texture": "#1"},
				"west": {"uv": [0, 0, 0, 7.75], "texture": "#1"},
				"up": {"uv": [6, 0, 0, 0], "texture": "#1"},
				"down": {"uv": [6, 0, 0, 0], "texture": "#1"}
			}
		},
		{
			"from": [-1, -8.6875, 8.40556],
			"to": [3, -0.1875, 8.40556],
			"rotation": {"angle": 0, "axis": "y", "origin": [3, -4.9375, 8.40556]},
			"faces": {
				"north": {"uv": [4, 0, 0, 8.5], "texture": "#1"},
				"east": {"uv": [0, 0, 0, 7.75], "texture": "#1"},
				"south": {"uv": [0, 0, 4, 8.5], "texture": "#1"},
				"west": {"uv": [0, 0, 0, 7.75], "texture": "#1"},
				"up": {"uv": [6, 0, 0, 0], "texture": "#1"},
				"down": {"uv": [6, 0, 0, 0], "texture": "#1"}
			}
		},
		{
			"from": [-4, -7.9375, 8.40556],
			"to": [-1, 0.5625, 8.40556],
			"rotation": {"angle": 0, "axis": "y", "origin": [13, -4.9375, 8.40556]},
			"faces": {
				"north": {"uv": [3, 0, 0, 8.5], "texture": "#2"},
				"east": {"uv": [0, 0, 0, 7.75], "texture": "#2"},
				"south": {"uv": [0, 0, 3, 8.5], "texture": "#2"},
				"west": {"uv": [0, 0, 0, 7.75], "texture": "#2"},
				"up": {"uv": [6, 0, 0, 0], "texture": "#2"},
				"down": {"uv": [6, 0, 0, 0], "texture": "#2"}
			}
		},
		{
			"from": [3, -11.4375, 8.40556],
			"to": [8, 1.5625, 8.40556],
			"rotation": {"angle": 0, "axis": "y", "origin": [13, -4.9375, 8.40556]},
			"faces": {
				"north": {"uv": [6, 0, 3.5, 6.5], "texture": "#0"},
				"east": {"uv": [0, 0, 0, 7.75], "texture": "#0"},
				"south": {"uv": [3.5, 0, 6, 6.5], "texture": "#0"},
				"west": {"uv": [0, 0, 0, 7.75], "texture": "#0"},
				"up": {"uv": [6, 0, 0, 0], "texture": "#0"},
				"down": {"uv": [6, 0, 0, 0], "texture": "#0"}
			}
		},
		{
			"from": [0.21339, -7.9375, 11.17809],
			"to": [0.21339, 0.5625, 14.17809],
			"rotation": {"angle": -22.5, "axis": "y", "origin": [0.125, -4.9375, 11.15556]},
			"faces": {
				"north": {"uv": [0, 0, 0, 7.75], "texture": "#2"},
				"east": {"uv": [9, 0, 12, 8.5], "texture": "#2"},
				"south": {"uv": [0, 0, 0, 7.75], "texture": "#2"},
				"west": {"uv": [12, 0, 9, 8.5], "texture": "#2"},
				"up": {"uv": [6, 0, 0, 0], "rotation": 270, "texture": "#2"},
				"down": {"uv": [6, 0, 0, 0], "rotation": 90, "texture": "#2"}
			}
		},
		{
			"from": [-2.96447, -7.9375, 10.90556],
			"to": [0.03553, 0.5625, 10.90556],
			"rotation": {"angle": 45, "axis": "y", "origin": [0.5, -4.9375, 10.90556]},
			"faces": {
				"north": {"uv": [9, 0, 6, 8.5], "texture": "#2"},
				"east": {"uv": [0, 0, 0, 7.75], "texture": "#2"},
				"south": {"uv": [6, 0, 9, 8.5], "texture": "#2"},
				"west": {"uv": [0, 0, 0, 7.75], "texture": "#2"},
				"up": {"uv": [6, 0, 0, 0], "texture": "#2"},
				"down": {"uv": [6, 0, 0, 0], "texture": "#2"}
			}
		},
		{
			"from": [-1, -8.6875, 8.40556],
			"to": [3, -0.1875, 8.40556],
			"rotation": {"angle": 45, "axis": "y", "origin": [3, -4.9375, 8.40556]},
			"faces": {
				"north": {"uv": [12, 0, 8, 8.5], "texture": "#1"},
				"east": {"uv": [0, 0, 0, 7.75], "texture": "#1"},
				"south": {"uv": [8, 0, 12, 8.5], "texture": "#1"},
				"west": {"uv": [0, 0, 0, 7.75], "texture": "#1"},
				"up": {"uv": [6, 0, 0, 0], "texture": "#1"},
				"down": {"uv": [6, 0, 0, 0], "texture": "#1"}
			}
		},
		{
			"from": [-3.90277, -7.4375, 6.89438],
			"to": [-0.90277, 0.5625, 6.89438],
			"rotation": {"angle": -22.5, "axis": "y", "origin": [-0.75, -4.9375, 7.40556]},
			"faces": {
				"north": {"uv": [15, 0, 12, 8], "texture": "#2"},
				"east": {"uv": [0, 0, 0, 7.75], "texture": "#2"},
				"south": {"uv": [12, 0, 15, 8], "texture": "#2"},
				"west": {"uv": [0, 0, 0, 7.75], "texture": "#2"},
				"up": {"uv": [6, 0, 0, 0], "texture": "#2"},
				"down": {"uv": [6, 0, 0, 0], "texture": "#2"}
			}
		},
		{
			"from": [-1, -8.6875, 8.40556],
			"to": [3, -0.1875, 8.40556],
			"rotation": {"angle": -22.5, "axis": "y", "origin": [3, -4.9375, 8.40556]},
			"faces": {
				"north": {"uv": [16, 0, 12, 8.5], "texture": "#1"},
				"east": {"uv": [0, 0, 0, 7.75], "texture": "#1"},
				"south": {"uv": [12, 0, 16, 8.5], "texture": "#1"},
				"west": {"uv": [0, 0, 0, 7.75], "texture": "#1"},
				"up": {"uv": [6, 0, 0, 0], "texture": "#1"},
				"down": {"uv": [6, 0, 0, 0], "texture": "#1"}
			}
		},
		{
			"from": [-3.71142, -7.6875, 6.85632],
			"to": [-0.71143, 0.3125, 6.85632],
			"rotation": {"angle": -45, "axis": "y", "origin": [-0.75, -4.9375, 6.90556]},
			"faces": {
				"north": {"uv": [15, 8, 12, 16], "texture": "#2"},
				"east": {"uv": [0, 0, 0, 7.75], "texture": "#2"},
				"south": {"uv": [12, 8, 15, 16], "texture": "#2"},
				"west": {"uv": [0, 0, 0, 7.75], "texture": "#2"},
				"up": {"uv": [6, 0, 0, 0], "texture": "#2"},
				"down": {"uv": [6, 0, 0, 0], "texture": "#2"}
			}
		},
		{
			"from": [16.71142, -7.6875, 6.85632],
			"to": [19.71142, 0.3125, 6.85632],
			"rotation": {"angle": 45, "axis": "y", "origin": [16.75, -4.9375, 6.90556]},
			"faces": {
				"north": {"uv": [12, 8, 15, 16], "texture": "#2"},
				"east": {"uv": [0, 0, 0, 7.75], "texture": "#2"},
				"south": {"uv": [15, 8, 12, 16], "texture": "#2"},
				"west": {"uv": [0, 0, 0, 7.75], "texture": "#2"},
				"up": {"uv": [0, 0, 6, 0], "texture": "#2"},
				"down": {"uv": [0, 0, 6, 0], "texture": "#2"}
			}
		},
		{
			"from": [13, -8.6875, 8.40556],
			"to": [17, -0.1875, 8.40556],
			"rotation": {"angle": 22.5, "axis": "y", "origin": [13, -4.9375, 8.40556]},
			"faces": {
				"north": {"uv": [12, 0, 16, 8.5], "texture": "#1"},
				"east": {"uv": [0, 0, 0, 7.75], "texture": "#1"},
				"south": {"uv": [16, 0, 12, 8.5], "texture": "#1"},
				"west": {"uv": [0, 0, 0, 7.75], "texture": "#1"},
				"up": {"uv": [0, 0, 6, 0], "texture": "#1"},
				"down": {"uv": [0, 0, 6, 0], "texture": "#1"}
			}
		},
		{
			"from": [16.90277, -7.4375, 6.89438],
			"to": [19.90277, 0.5625, 6.89438],
			"rotation": {"angle": 22.5, "axis": "y", "origin": [16.75, -4.9375, 7.40556]},
			"faces": {
				"north": {"uv": [12, 0, 15, 8], "texture": "#2"},
				"east": {"uv": [0, 0, 0, 7.75], "texture": "#2"},
				"south": {"uv": [15, 0, 12, 8], "texture": "#2"},
				"west": {"uv": [0, 0, 0, 7.75], "texture": "#2"},
				"up": {"uv": [0, 0, 6, 0], "texture": "#2"},
				"down": {"uv": [0, 0, 6, 0], "texture": "#2"}
			}
		},
		{
			"from": [13, -8.6875, 8.40556],
			"to": [17, -0.1875, 8.40556],
			"rotation": {"angle": -45, "axis": "y", "origin": [13, -4.9375, 8.40556]},
			"faces": {
				"north": {"uv": [8, 0, 12, 8.5], "texture": "#1"},
				"east": {"uv": [0, 0, 0, 7.75], "texture": "#1"},
				"south": {"uv": [12, 0, 8, 8.5], "texture": "#1"},
				"west": {"uv": [0, 0, 0, 7.75], "texture": "#1"},
				"up": {"uv": [0, 0, 6, 0], "texture": "#1"},
				"down": {"uv": [0, 0, 6, 0], "texture": "#1"}
			}
		},
		{
			"from": [15.96447, -7.9375, 10.90556],
			"to": [18.96447, 0.5625, 10.90556],
			"rotation": {"angle": -45, "axis": "y", "origin": [15.5, -4.9375, 10.90556]},
			"faces": {
				"north": {"uv": [6, 0, 9, 8.5], "texture": "#2"},
				"east": {"uv": [0, 0, 0, 7.75], "texture": "#2"},
				"south": {"uv": [9, 0, 6, 8.5], "texture": "#2"},
				"west": {"uv": [0, 0, 0, 7.75], "texture": "#2"},
				"up": {"uv": [0, 0, 6, 0], "texture": "#2"},
				"down": {"uv": [0, 0, 6, 0], "texture": "#2"}
			}
		},
		{
			"from": [15.78661, -7.9375, 11.17809],
			"to": [15.78661, 0.5625, 14.17809],
			"rotation": {"angle": 22.5, "axis": "y", "origin": [15.875, -4.9375, 11.15556]},
			"faces": {
				"north": {"uv": [0, 0, 0, 7.75], "texture": "#2"},
				"east": {"uv": [9, 0, 12, 8.5], "texture": "#2"},
				"south": {"uv": [0, 0, 0, 7.75], "texture": "#2"},
				"west": {"uv": [12, 0, 9, 8.5], "texture": "#2"},
				"up": {"uv": [6, 0, 0, 0], "rotation": 270, "texture": "#2"},
				"down": {"uv": [6, 0, 0, 0], "rotation": 90, "texture": "#2"}
			}
		},
		{
			"from": [8, -11.4375, 8.40556],
			"to": [13, 1.5625, 8.40556],
			"rotation": {"angle": 0, "axis": "y", "origin": [3, -4.9375, 8.40556]},
			"faces": {
				"north": {"uv": [3.5, 0, 6, 6.5], "texture": "#0"},
				"east": {"uv": [0, 0, 0, 7.75], "texture": "#0"},
				"south": {"uv": [6, 0, 3.5, 6.5], "texture": "#0"},
				"west": {"uv": [0, 0, 0, 7.75], "texture": "#0"},
				"up": {"uv": [0, 0, 6, 0], "texture": "#0"},
				"down": {"uv": [0, 0, 6, 0], "texture": "#0"}
			}
		},
		{
			"from": [17, -7.9375, 8.40556],
			"to": [20, 0.5625, 8.40556],
			"rotation": {"angle": 0, "axis": "y", "origin": [3, -4.9375, 8.40556]},
			"faces": {
				"north": {"uv": [0, 0, 3, 8.5], "texture": "#2"},
				"east": {"uv": [0, 0, 0, 7.75], "texture": "#2"},
				"south": {"uv": [3, 0, 0, 8.5], "texture": "#2"},
				"west": {"uv": [0, 0, 0, 7.75], "texture": "#2"},
				"up": {"uv": [0, 0, 6, 0], "texture": "#2"},
				"down": {"uv": [0, 0, 6, 0], "texture": "#2"}
			}
		},
		{
			"from": [13, -8.6875, 8.40556],
			"to": [17, -0.1875, 8.40556],
			"rotation": {"angle": 0, "axis": "y", "origin": [13, -4.9375, 8.40556]},
			"faces": {
				"north": {"uv": [0, 0, 4, 8.5], "texture": "#1"},
				"east": {"uv": [0, 0, 0, 7.75], "texture": "#1"},
				"south": {"uv": [4, 0, 0, 8.5], "texture": "#1"},
				"west": {"uv": [0, 0, 0, 7.75], "texture": "#1"},
				"up": {"uv": [0, 0, 6, 0], "texture": "#1"},
				"down": {"uv": [0, 0, 6, 0], "texture": "#1"}
			}
		},
		{
			"from": [13, -8.6875, 8.40556],
			"to": [17, -0.1875, 8.40556],
			"rotation": {"angle": -22.5, "axis": "y", "origin": [13, -4.9375, 8.40556]},
			"faces": {
				"north": {"uv": [4, 0, 8, 8.5], "texture": "#1"},
				"east": {"uv": [0, 0, 0, 7.75], "texture": "#1"},
				"south": {"uv": [8, 0, 4, 8.5], "texture": "#1"},
				"west": {"uv": [0, 0, 0, 7.75], "texture": "#1"},
				"up": {"uv": [0, 0, 6, 0], "texture": "#1"},
				"down": {"uv": [0, 0, 6, 0], "texture": "#1"}
			}
		},
		{
			"from": [17, -7.9375, 8.40556],
			"to": [20, 0.5625, 8.40556],
			"rotation": {"angle": -22.5, "axis": "y", "origin": [13, -4.9375, 8.40556]},
			"faces": {
				"north": {"uv": [3, 0, 6, 8.5], "texture": "#2"},
				"east": {"uv": [0, 0, 0, 7.75], "texture": "#2"},
				"south": {"uv": [6, 0, 3, 8.5], "texture": "#2"},
				"west": {"uv": [0, 0, 0, 7.75], "texture": "#2"},
				"up": {"uv": [0, 0, 6, 0], "texture": "#2"},
				"down": {"uv": [0, 0, 6, 0], "texture": "#2"}
			}
		},
		{
			"from": [8, -11.4375, 8.40556],
			"to": [13, 1.5625, 8.40556],
			"rotation": {"angle": 0, "axis": "y", "origin": [3, -4.9375, 8.40556]},
			"faces": {
				"north": {"uv": [3.5, 0, 6, 6.5], "texture": "#0"},
				"east": {"uv": [0, 0, 0, 7.75], "texture": "#0"},
				"south": {"uv": [6, 0, 3.5, 6.5], "texture": "#0"},
				"west": {"uv": [0, 0, 0, 7.75], "texture": "#0"},
				"up": {"uv": [0, 0, 6, 0], "texture": "#0"},
				"down": {"uv": [0, 0, 6, 0], "texture": "#0"}
			}
		},
		{
			"from": [8, -14.4375, 8.40556],
			"to": [14.5, -6.9375, 8.40556],
			"rotation": {"angle": 0, "axis": "y", "origin": [8, -9.4375, 8.40556]},
			"faces": {
				"north": {"uv": [0.375, 12.125, 3.625, 15.875], "texture": "#0"},
				"east": {"uv": [0, 0, 0, 5.25], "texture": "#0"},
				"south": {"uv": [3.625, 12.125, 0.375, 15.875], "texture": "#0"},
				"west": {"uv": [0, 0, 0, 5.25], "texture": "#0"},
				"up": {"uv": [0, 0, 3.75, 0], "texture": "#0"},
				"down": {"uv": [0, 0, 3.75, 0], "texture": "#0"}
			}
		},
		{
			"from": [-2, -15.9375, 8.40556],
			"to": [3.5, -8.4375, 8.40556],
			"rotation": {"angle": 0, "axis": "y", "origin": [4, -9.9375, 4.40556]},
			"faces": {
				"north": {"uv": [0, 0.5, 11, 15.5], "texture": "#4"},
				"east": {"uv": [0, 0, 0, 2.5], "texture": "#4"},
				"south": {"uv": [11, 0.5, 0, 15.5], "texture": "#4"},
				"west": {"uv": [0, 0, 0, 2.5], "texture": "#4"},
				"up": {"uv": [2.75, 0, 0, 0], "texture": "#4"},
				"down": {"uv": [2.75, 0, 0, 0], "texture": "#4"}
			}
		},
		{
			"from": [12.5, -15.9375, 8.40556],
			"to": [18, -8.4375, 8.40556],
			"rotation": {"angle": 0, "axis": "y", "origin": [12, -9.9375, 4.40556]},
			"faces": {
				"north": {"uv": [11, 0.5, 0, 15.5], "texture": "#4"},
				"east": {"uv": [0, 0, 0, 2.5], "texture": "#4"},
				"south": {"uv": [0, 0.5, 11, 15.5], "texture": "#4"},
				"west": {"uv": [0, 0, 0, 2.5], "texture": "#4"},
				"up": {"uv": [0, 0, 2.75, 0], "texture": "#4"},
				"down": {"uv": [0, 0, 2.75, 0], "texture": "#4"}
			}
		}
	],
	"gui_light": "front",
	"display": {
		"thirdperson_righthand": {
			"rotation": [67.5, 180, 0],
			"translation": [0, 0.75, 1.25],
			"scale": [0.32031, 0.32031, 0.32031]
		},
		"thirdperson_lefthand": {
			"rotation": [68.5, 0, 0],
			"translation": [-5.25, -5.75, 11.75],
			"scale": [1.15, 1.15, 1.15]
		},
		"firstperson_righthand": {
			"translation": [-0.5, -0.25, 2.25],
			"scale": [0.5, 0.5, 0.5]
		},
		"firstperson_lefthand": {
			"rotation": [0, -92, 0],
			"translation": [0.5, 3, 2.25],
			"scale": [0, 0, 0]
		},
		"ground": {
			"rotation": [70, 0, 0],
			"translation": [0, 5, 0],
			"scale": [0.5, 0.5, 0.5]
		},
		"gui": {
			"translation": [0, -0.25, 0],
			"scale": [0.37274, 0.37274, 0.37274]
		},
		"head": {
			"rotation": [5, 0, 0],
			"translation": [0, -58.5, 10.75],
			"scale": [3, 3, 3]
		},
		"fixed": {
			"rotation": [0, 180, 0],
			"translation": [0, 4.75, -1.75],
			"scale": [1.18391, 1.18391, 1.18391]
		}
	},
	"groups": [
		{
			"name": "group",
			"origin": [8, 1, 8],
			"color": 0,
			"boneType": "",
			"children": [0, 1, 2, 3, 4, 5, 6, 7, 8, 9, 10, 11, 12, 13, 14, 15, 16, 17, 18, 19, 20, 21, 22, 23, 24, 25]
		},
		26,
		27
	]
}