{"credit":"MadewithBlockbench","texture_size":[40,40],"textures":{"2":"infantryset:spear","particle":"infantryset:spear"},"elements":[{"from":[7,-4.69759,18.69759],"to":[9,-2.69759,20.69759],"rotation":{"angle":45,"axis":"x","origin":[8,8,8]},"faces":{"north":{"uv":[0.8,10.8,1.6,11.6],"texture":"#2"},"east":{"uv":[1.6,10.8,2.4,11.6],"texture":"#2"},"south":{"uv":[10.8,2.8,11.6,3.6],"texture":"#2"},"west":{"uv":[6,10.8,6.8,11.6],"texture":"#2"},"up":{"uv":[9.6,11.6,8.8,10.8],"texture":"#2"},"down":{"uv":[11.6,9.2,10.8,10],"texture":"#2"}}},{"from":[6.75,-4.19759,19.19759],"to":[9.25,-3.19759,20.19759],"rotation":{"angle":45,"axis":"x","origin":[8,8,8]},"faces":{"north":{"uv":[11.6,9.6,12.6,10],"texture":"#2"},"east":{"uv":[6.8,1.6,7.2,2],"texture":"#2"},"south":{"uv":[12,6,13,6.4],"texture":"#2"},"west":{"uv":[7.2,4.8,7.6,5.2],"texture":"#2"},"up":{"uv":[13,6.8,12,6.4],"texture":"#2"},"down":{"uv":[13.4,0,12.4,0.4],"texture":"#2"}}},{"from":[7.25,-8.54289,7.25],"to":[8.75,-5.54289,8.75],"rotation":{"angle":0,"axis":"y","origin":[8,8,8]},"faces":{"north":{"uv":[10.4,1.6,11,2.8],"texture":"#2"},"east":{"uv":[10.4,4.4,11,5.6],"texture":"#2"},"south":{"uv":[7.2,10.4,7.8,11.6],"texture":"#2"},"west":{"uv":[8,10.4,8.6,11.6],"texture":"#2"},"up":{"uv":[5.8,13,5.2,12.4],"texture":"#2"},"down":{"uv":[6.6,12.4,6,13],"texture":"#2"}}},{"from":[7.25,-4.54289,7.25],"to":[8.75,-1.54289,8.75],"rotation":{"angle":0,"axis":"y","origin":[8,8,8]},"faces":{"north":{"uv":[9.6,10.4,10.2,11.6],"texture":"#2"},"east":{"uv":[10.4,10.4,11,11.6],"texture":"#2"},"south":{"uv":[0,10.8,0.6,12],"texture":"#2"},"west":{"uv":[10.8,0,11.4,1.2],"texture":"#2"},"up":{"uv":[7.4,13,6.8,12.4],"texture":"#2"},"down":{"uv":[13,7.2,12.4,7.8],"texture":"#2"}}},{"from":[7.15,-6.29289,7.15],"to":[8.85,-5.79289,8.85],"rotation":{"angle":0,"axis":"y","origin":[8,8,8]},"faces":{"north":{"uv":[10,9.2,10.6,9.4],"texture":"#2"},"east":{"uv":[10.4,5.6,11,5.8],"texture":"#2"},"south":{"uv":[12.8,6.8,13.4,7],"texture":"#2"},"west":{"uv":[12.8,11.2,13.4,11.4],"texture":"#2"},"up":{"uv":[13,8.6,12.4,8],"texture":"#2"},"down":{"uv":[13,8.8,12.4,9.4],"texture":"#2"}}},{"from":[7.15,11.70711,7.15],"to":[8.85,12.20711,8.85],"rotation":{"angle":0,"axis":"y","origin":[8,8,8]},"faces":{"north":{"uv":[13.2,6,13.8,6.2],"texture":"#2"},"east":{"uv":[13.2,6.4,13.8,6.6],"texture":"#2"},"south":{"uv":[6.8,13.2,7.4,13.4],"texture":"#2"},"west":{"uv":[13.2,7.2,13.8,7.4],"texture":"#2"},"up":{"uv":[13,12.2,12.4,11.6],"texture":"#2"},"down":{"uv":[13,12.4,12.4,13],"texture":"#2"}}},{"from":[7.35,-5.54289,7.35],"to":[8.65,12.45711,8.65],"rotation":{"angle":0,"axis":"y","origin":[8,8,8]},"faces":{"north":{"uv":[2.8,5.2,3.4,12.4],"texture":"#2"},"east":{"uv":[3.6,5.2,4.2,12.4],"texture":"#2"},"south":{"uv":[4.4,5.2,5,12.4],"texture":"#2"},"west":{"uv":[5.2,5.2,5.8,12.4],"texture":"#2"},"up":{"uv":[13.4,1,12.8,0.4],"texture":"#2"},"down":{"uv":[13.4,1.2,12.8,1.8],"texture":"#2"}}},{"from":[7.15,-8.54289,7.15],"to":[8.85,-7.04289,8.85],"rotation":{"angle":0,"axis":"y","origin":[8,8,8]},"faces":{"north":{"uv":[12.8,2,13.4,2.6],"texture":"#2"},"east":{"uv":[12.8,2.8,13.4,3.4],"texture":"#2"},"south":{"uv":[12.8,3.6,13.4,4.2],"texture":"#2"},"west":{"uv":[12.8,4.4,13.4,5],"texture":"#2"},"up":{"uv":[13.4,5.8,12.8,5.2],"texture":"#2"},"down":{"uv":[8.2,12.8,7.6,13.4],"texture":"#2"}}},{"from":[7.5,17.17031,6.25],"to":[8.5,18.67031,9.75],"rotation":{"angle":0,"axis":"y","origin":[8,21.67031,8]},"faces":{"north":{"uv":[6.8,10.8,7.2,11.4],"texture":"#2"},"east":{"uv":[10,7.6,11.4,8.2],"texture":"#2"},"south":{"uv":[12,2,12.4,2.6],"texture":"#2"},"west":{"uv":[10,8.4,11.4,9],"texture":"#2"},"up":{"uv":[2.8,13.4,2.4,12],"texture":"#2"},"down":{"uv":[12,12,11.6,13.4],"texture":"#2"}}},{"from":[7.25,12.17031,7.25],"to":[8.75,16.67031,8.75],"rotation":{"angle":0,"axis":"y","origin":[8,21.67031,8]},"faces":{"north":{"uv":[0,8.8,0.6,10.6],"texture":"#2"},"east":{"uv":[0.8,8.8,1.4,10.6],"texture":"#2"},"south":{"uv":[1.6,8.8,2.2,10.6],"texture":"#2"},"west":{"uv":[8.8,1.6,9.4,3.4],"texture":"#2"},"up":{"uv":[9,13.4,8.4,12.8],"texture":"#2"},"down":{"uv":[9.8,12.8,9.2,13.4],"texture":"#2"}}},{"from":[7,12.67031,7],"to":[9,14.67031,9],"rotation":{"angle":0,"axis":"y","origin":[8,21.67031,8]},"faces":{"north":{"uv":[11.2,1.2,12,2],"texture":"#2"},"east":{"uv":[11.2,2,12,2.8],"texture":"#2"},"south":{"uv":[11.2,3.6,12,4.4],"texture":"#2"},"west":{"uv":[11.2,4.4,12,5.2],"texture":"#2"},"up":{"uv":[12,6,11.2,5.2],"texture":"#2"},"down":{"uv":[12,6,11.2,6.8],"texture":"#2"}}},{"from":[7.5,13.17031,6],"to":[8.5,14.17031,10],"rotation":{"angle":0,"axis":"y","origin":[8,21.67031,8]},"faces":{"north":{"uv":[10,4.4,10.4,4.8],"texture":"#2"},"east":{"uv":[10.8,10,12.4,10.4],"texture":"#2"},"south":{"uv":[7.2,10,7.6,10.4],"texture":"#2"},"west":{"uv":[11.2,6.8,12.8,7.2],"texture":"#2"},"up":{"uv":[2.8,10.4,2.4,8.8],"texture":"#2"},"down":{"uv":[2.8,10.4,2.4,12],"texture":"#2"}}},{"from":[8,12.67031,9],"to":[8,14.67031,12],"rotation":{"angle":0,"axis":"y","origin":[8,21.67031,8]},"faces":{"north":{"uv":[0,0,0,0.8],"texture":"#2"},"east":{"uv":[9.6,0,10.8,0.8],"texture":"#2"},"south":{"uv":[0,0,0,0.8],"texture":"#2"},"west":{"uv":[9.6,0.8,10.8,1.6],"texture":"#2"},"up":{"uv":[0,1.2,0,0],"texture":"#2"},"down":{"uv":[0,0,0,1.2],"texture":"#2"}}},{"from":[7,16.67031,7],"to":[9,18.67031,9],"rotation":{"angle":0,"axis":"y","origin":[8,21.67031,8]},"faces":{"north":{"uv":[11.2,10.4,12,11.2],"texture":"#2"},"east":{"uv":[11.2,11.2,12,12],"texture":"#2"},"south":{"uv":[11.6,0,12.4,0.8],"texture":"#2"},"west":{"uv":[0.8,11.6,1.6,12.4],"texture":"#2"},"up":{"uv":[2.4,12.4,1.6,11.6],"texture":"#2"},"down":{"uv":[12.4,2.8,11.6,3.6],"texture":"#2"}}},{"from":[6.9,18.67031,6],"to":[9.1,21.67031,10],"rotation":{"angle":0,"axis":"y","origin":[8,21.67031,8]},"faces":{"north":{"uv":[9.6,1.6,10.4,2.8],"texture":"#2"},"east":{"uv":[4,2,5.6,3.2],"texture":"#2"},"south":{"uv":[8.8,9.6,9.6,10.8],"texture":"#2"},"west":{"uv":[7.6,4.8,9.2,6],"texture":"#2"},"up":{"uv":[6.8,10,6,8.4],"texture":"#2"},"down":{"uv":[7.6,8.4,6.8,10],"texture":"#2"}}},{"from":[6.75,14.78769,-5.78769],"to":[9.25,18.78769,-1.78769],"rotation":{"angle":45,"axis":"x","origin":[8,5,8]},"faces":{"north":{"uv":[1.6,7.2,2.6,8.8],"texture":"#2"},"east":{"uv":[5.6,2,7.2,3.6],"texture":"#2"},"south":{"uv":[7.6,6,8.6,7.6],"texture":"#2"},"west":{"uv":[5.6,3.6,7.2,5.2],"texture":"#2"},"up":{"uv":[8.6,9.2,7.6,7.6],"texture":"#2"},"down":{"uv":[9.4,0,8.4,1.6],"texture":"#2"}}},{"from":[7.5,16.28769,-6.78769],"to":[8.5,19.78769,-3.28769],"rotation":{"angle":45,"axis":"x","origin":[8,5,8]},"faces":{"north":{"uv":[12,11.6,12.4,13],"texture":"#2"},"east":{"uv":[6,5.2,7.4,6.6],"texture":"#2"},"south":{"uv":[0.8,12.4,1.2,13.8],"texture":"#2"},"west":{"uv":[6.8,0,8.2,1.4],"texture":"#2"},"up":{"uv":[1.6,13.8,1.2,12.4],"texture":"#2"},"down":{"uv":[2,12.4,1.6,13.8],"texture":"#2"}}},{"from":[8,23.43808,5.5],"to":[8,31.43808,10.5],"rotation":{"angle":0,"axis":"y","origin":[8,23.43808,8]},"faces":{"north":{"uv":[0,0,0,3.2],"texture":"#2"},"east":{"uv":[0,0,2,3.2],"texture":"#2"},"south":{"uv":[0,0,0,3.2],"texture":"#2"},"west":{"uv":[2,0,4,3.2],"texture":"#2"},"up":{"uv":[0,2,0,0],"texture":"#2"},"down":{"uv":[0,0,0,2],"texture":"#2"}}},{"from":[7.25,12.28769,19.28769],"to":[8.75,14.78769,21.78769],"rotation":{"angle":-45,"axis":"x","origin":[8,5,8]},"faces":{"north":{"uv":[11.6,7.2,12.2,8.2],"texture":"#2"},"east":{"uv":[8.8,3.6,9.8,4.6],"texture":"#2"},"south":{"uv":[7.6,11.6,8.2,12.6],"texture":"#2"},"west":{"uv":[8.8,6,9.8,7],"texture":"#2"},"up":{"uv":[9,12.6,8.4,11.6],"texture":"#2"},"down":{"uv":[12.2,8.4,11.6,9.4],"texture":"#2"}}},{"from":[7.75,11.28769,21.28769],"to":[8.25,12.78769,22.78769],"rotation":{"angle":-45,"axis":"x","origin":[8,5,8]},"faces":{"north":{"uv":[13.2,7.6,13.4,8.2],"texture":"#2"},"east":{"uv":[12.8,9.6,13.4,10.2],"texture":"#2"},"south":{"uv":[13.2,8.4,13.4,9],"texture":"#2"},"west":{"uv":[10,12.8,10.6,13.4],"texture":"#2"},"up":{"uv":[11,13.8,10.8,13.2],"texture":"#2"},"down":{"uv":[11.4,13.2,11.2,13.8],"texture":"#2"}}},{"from":[7.5,11.78769,18.78769],"to":[8.5,15.28769,22.28769],"rotation":{"angle":-45,"axis":"x","origin":[8,5,8]},"faces":{"north":{"uv":[2,12.4,2.4,13.8],"texture":"#2"},"east":{"uv":[6,6.8,7.4,8.2],"texture":"#2"},"south":{"uv":[12.4,2,12.8,3.4],"texture":"#2"},"west":{"uv":[0,7.2,1.4,8.6],"texture":"#2"},"up":{"uv":[3.2,13.8,2.8,12.4],"texture":"#2"},"down":{"uv":[3.6,12.4,3.2,13.8],"texture":"#2"}}},{"from":[8,17.40254,10.82843],"to":[8,22.40254,17.82843],"rotation":{"angle":0,"axis":"y","origin":[8,19.90254,10.82843]},"faces":{"north":{"uv":[0,0,0,2],"texture":"#2"},"east":{"uv":[0,3.2,2.8,5.2],"texture":"#2"},"south":{"uv":[0,0,0,2],"texture":"#2"},"west":{"uv":[2.8,3.2,5.6,5.2],"texture":"#2"},"up":{"uv":[0,2.8,0,0],"texture":"#2"},"down":{"uv":[0,0,0,2.8],"texture":"#2"}}},{"from":[8,12.67031,4],"to":[8,14.67031,7],"rotation":{"angle":0,"axis":"y","origin":[8,21.67031,8]},"faces":{"north":{"uv":[0,0,0,0.8],"texture":"#2"},"east":{"uv":[9.6,2.8,10.8,3.6],"texture":"#2"},"south":{"uv":[0,0,0,0.8],"texture":"#2"},"west":{"uv":[9.6,9.6,10.8,10.4],"texture":"#2"},"up":{"uv":[0,1.2,0,0],"texture":"#2"},"down":{"uv":[0,0,0,1.2],"texture":"#2"}}},{"from":[8,17.40254,-1.82843],"to":[8,22.40254,5.17157],"rotation":{"angle":0,"axis":"y","origin":[8,19.90254,5.17157]},"faces":{"north":{"uv":[0,0,0,2],"texture":"#2"},"east":{"uv":[4,0,6.8,2],"texture":"#2"},"south":{"uv":[0,0,0,2],"texture":"#2"},"west":{"uv":[0,5.2,2.8,7.2],"texture":"#2"},"up":{"uv":[0,2.8,0,0],"texture":"#2"},"down":{"uv":[0,0,0,2.8],"texture":"#2"}}},{"from":[7.75,11.28769,-6.78769],"to":[8.25,12.78769,-5.28769],"rotation":{"angle":45,"axis":"x","origin":[8,5,8]},"faces":{"north":{"uv":[13.2,11.6,13.4,12.2],"texture":"#2"},"east":{"uv":[12.8,10.4,13.4,11],"texture":"#2"},"south":{"uv":[12,13.2,12.2,13.8],"texture":"#2"},"west":{"uv":[0,13.2,0.6,13.8],"texture":"#2"},"up":{"uv":[12.6,13.8,12.4,13.2],"texture":"#2"},"down":{"uv":[13.4,12.4,13.2,13],"texture":"#2"}}},{"from":[7.5,11.78769,-6.28769],"to":[8.5,15.28769,-2.78769],"rotation":{"angle":45,"axis":"x","origin":[8,5,8]},"faces":{"north":{"uv":[3.6,12.4,4,13.8],"texture":"#2"},"east":{"uv":[7.2,1.6,8.6,3],"texture":"#2"},"south":{"uv":[4,12.4,4.4,13.8],"texture":"#2"},"west":{"uv":[7.2,3.2,8.6,4.6],"texture":"#2"},"up":{"uv":[4.8,13.8,4.4,12.4],"texture":"#2"},"down":{"uv":[5.2,12.4,4.8,13.8],"texture":"#2"}}},{"from":[7.25,12.28769,-5.78769],"to":[8.75,14.78769,-3.28769],"rotation":{"angle":45,"axis":"x","origin":[8,5,8]},"faces":{"north":{"uv":[9.2,11.6,9.8,12.6],"texture":"#2"},"east":{"uv":[8.8,7.2,9.8,8.2],"texture":"#2"},"south":{"uv":[10,11.6,10.6,12.6],"texture":"#2"},"west":{"uv":[8.8,8.4,9.8,9.4],"texture":"#2"},"up":{"uv":[0.6,13,0,12],"texture":"#2"},"down":{"uv":[12.6,0.8,12,1.8],"texture":"#2"}}},{"from":[7.25,16.78769,-6.28769],"to":[8.75,19.28769,-3.78769],"rotation":{"angle":45,"axis":"x","origin":[8,5,8]},"faces":{"north":{"uv":[12,3.6,12.6,4.6],"texture":"#2"},"east":{"uv":[9.2,4.8,10.2,5.8],"texture":"#2"},"south":{"uv":[12,4.8,12.6,5.8],"texture":"#2"},"west":{"uv":[7.6,9.2,8.6,10.2],"texture":"#2"},"up":{"uv":[12.6,11.4,12,10.4],"texture":"#2"},"down":{"uv":[11.4,12,10.8,13],"texture":"#2"}}},{"from":[7.75,18.78769,-7.28769],"to":[8.25,20.28769,-5.78769],"rotation":{"angle":45,"axis":"x","origin":[8,5,8]},"faces":{"north":{"uv":[12.8,13.2,13,13.8],"texture":"#2"},"east":{"uv":[5.2,13.2,5.8,13.8],"texture":"#2"},"south":{"uv":[13.2,13.2,13.4,13.8],"texture":"#2"},"west":{"uv":[6,13.2,6.6,13.8],"texture":"#2"},"up":{"uv":[13.8,0.6,13.6,0],"texture":"#2"},"down":{"uv":[13.8,0.8,13.6,1.4],"texture":"#2"}}},{"from":[6.5,15.78769,-4.78769],"to":[9.5,17.78769,-2.78769],"rotation":{"angle":45,"axis":"x","origin":[8,5,8]},"faces":{"north":{"uv":[10,3.6,11.2,4.4],"texture":"#2"},"east":{"uv":[6,11.6,6.8,12.4],"texture":"#2"},"south":{"uv":[6,10,7.2,10.8],"texture":"#2"},"west":{"uv":[6.8,11.6,7.6,12.4],"texture":"#2"},"up":{"uv":[11.2,6.8,10,6],"texture":"#2"},"down":{"uv":[11.2,6.8,10,7.6],"texture":"#2"}}}],"gui_light":"front","display":{"thirdperson_righthand":{"translation":[0,4.75,0.75],"scale":[0.9,0.9,0.9]},"thirdperson_lefthand":{"translation":[0,4.75,0.75],"scale":[0.9,0.9,0.9]},"firstperson_righthand":{"rotation":[-27,0,7],"translation":[8.25,-1.25,-3.75],"scale":[0.9043,0.9043,0.9043]},"firstperson_lefthand":{"rotation":[-27,0,7],"translation":[8.25,-1.25,-3.75],"scale":[0.9043,0.9043,0.9043]},"ground":{"rotation":[0,0,-90],"translation":[2.25,2.25,0],"scale":[0.55,0.55,0.55]},"gui":{"rotation":[-90,45,90],"translation":[0.75,-1,0],"scale":[0.44141,0.44141,0.44141]},"head":{"scale":[0,0,0]},"fixed":{"rotation":[-90,-90,-90],"translation":[-0.25,-3.25,-2.5],"scale":[1.56164,1.56164,1.56164]}}}