{"textures":{"0":"modelengine:entity/ecnpcs-dryad_mage"},"elements":[{"from":[7.085,1.6050014,5.705],"to":[10.584999,8.105001,9.705],"faces":{"east":{"uv":[2.75,7.75,3.25,8.625],"tintindex":0,"rotation":0,"texture":"#0"},"south":{"uv":[6.375,8.375,6.75,9.25],"tintindex":0,"rotation":0,"texture":"#0"},"north":{"uv":[3.625,8.375,4.0,9.25],"tintindex":0,"rotation":0,"texture":"#0"},"west":{"uv":[7.75,4.375,8.25,5.25],"tintindex":0,"rotation":0,"texture":"#0"},"up":{"uv":[9.375,2.75,9.0,2.25],"tintindex":0,"rotation":0,"texture":"#0"},"down":{"uv":[9.375,3.5,9.0,4.0],"tintindex":0,"rotation":0,"texture":"#0"}}},{"from":[8.985,1.6050014,9.705],"to":[8.985,7.6050014,15.705],"faces":{"east":{"uv":[5.875,4.125,6.625,4.875],"tintindex":0,"rotation":0,"texture":"#0"},"west":{"uv":[5.125,5.875,5.875,6.625],"tintindex":0,"rotation":0,"texture":"#0"}}},{"from":[7.2599998,2.08,5.7799997],"to":[10.219999,9.480001,9.48],"faces":{"east":{"uv":[5.375,7.625,5.875,8.5],"tintindex":0,"rotation":0,"texture":"#0"},"south":{"uv":[4.625,8.25,5.0,9.125],"tintindex":0,"rotation":0,"texture":"#0"},"north":{"uv":[3.25,7.75,3.625,8.625],"tintindex":0,"rotation":0,"texture":"#0"},"west":{"uv":[5.875,7.625,6.375,8.5],"tintindex":0,"rotation":0,"texture":"#0"},"up":{"uv":[4.0,3.0,3.625,2.5],"tintindex":0,"rotation":0,"texture":"#0"},"down":{"uv":[5.375,8.875,5.0,9.375],"tintindex":0,"rotation":0,"texture":"#0"}}}],"display":{"gui":{"rotation":[30,225,0]}}}