{"textures":{"0":"modelengine:entity/ecnpcs-dryad_mage"},"elements":[{"from":[7.0,5.81765,6.7586],"to":[9.0,8.81765,10.2586],"faces":{"east":{"uv":[6.75,3.75,7.25,4.125],"tintindex":0,"rotation":0,"texture":"#0"},"south":{"uv":[7.25,3.75,7.5,4.125],"tintindex":0,"rotation":0,"texture":"#0"},"north":{"uv":[5.625,6.625,5.875,7.0],"tintindex":0,"rotation":0,"texture":"#0"},"west":{"uv":[0.0,7.25,0.5,7.625],"tintindex":0,"rotation":0,"texture":"#0"},"up":{"uv":[4.25,8.875,4.0,8.375],"tintindex":0,"rotation":0,"texture":"#0"},"down":{"uv":[9.5,4.75,9.25,5.25],"tintindex":0,"rotation":0,"texture":"#0"}}},{"from":[6.505,4.3,3.2999997],"to":[9.505,6.8,10.3],"faces":{"east":{"uv":[8.375,0.5,9.25,0.875],"tintindex":0,"rotation":0,"texture":"#0"},"south":{"uv":[3.5,9.25,3.875,9.625],"tintindex":0,"rotation":0,"texture":"#0"},"north":{"uv":[2.25,9.25,2.625,9.625],"tintindex":0,"rotation":0,"texture":"#0"},"west":{"uv":[8.375,0.875,9.25,1.25],"tintindex":0,"rotation":0,"texture":"#0"},"up":{"uv":[8.875,9.125,8.5,8.25],"tintindex":0,"rotation":0,"texture":"#0"},"down":{"uv":[3.125,8.625,2.75,9.5],"tintindex":0,"rotation":0,"texture":"#0"}}},{"from":[6.8900003,4.744,5.854],"to":[9.11,8.666,8.592],"faces":{"east":{"uv":[9.125,2.75,9.5,3.25],"tintindex":0,"rotation":0,"texture":"#0"},"south":{"uv":[3.625,7.125,3.875,7.625],"tintindex":0,"rotation":0,"texture":"#0"},"north":{"uv":[2.875,6.5,3.125,7.0],"tintindex":0,"rotation":0,"texture":"#0"},"west":{"uv":[3.125,9.125,3.5,9.625],"tintindex":0,"rotation":0,"texture":"#0"},"up":{"uv":[2.25,5.625,2.0,5.25],"tintindex":0,"rotation":0,"texture":"#0"},"down":{"uv":[6.75,1.875,6.5,2.25],"tintindex":0,"rotation":0,"texture":"#0"}},"rotation":{"origin":[8.0,6.1499996,8.592],"angle":22.5,"axis":"x"}}],"display":{"gui":{"rotation":[30,225,0]}}}