{"credit":"MadewithBlockbench","texture_size":[48,48],"textures":{"2":"infantryset:axe","particle":"infantryset:axe"},"elements":[{"from":[7,-4.69759,18.69759],"to":[9,-2.69759,20.69759],"rotation":{"angle":45,"axis":"x","origin":[8,8,8]},"faces":{"north":{"uv":[10.33333,11.66667,11,12.33333],"texture":"#2"},"east":{"uv":[11,11.66667,11.66667,12.33333],"texture":"#2"},"south":{"uv":[11.66667,11,12.33333,11.66667],"texture":"#2"},"west":{"uv":[11.66667,11.66667,12.33333,12.33333],"texture":"#2"},"up":{"uv":[12.66667,3,12,2.33333],"texture":"#2"},"down":{"uv":[12.66667,3,12,3.66667],"texture":"#2"}}},{"from":[6.75,-4.19759,19.19759],"to":[9.25,-3.19759,20.19759],"rotation":{"angle":45,"axis":"x","origin":[8,8,8]},"faces":{"north":{"uv":[6.33333,9,7.16667,9.33333],"texture":"#2"},"east":{"uv":[9.66667,8.33333,10,8.66667],"texture":"#2"},"south":{"uv":[12.66667,4.33333,13.5,4.66667],"texture":"#2"},"west":{"uv":[10,9.33333,10.33333,9.66667],"texture":"#2"},"up":{"uv":[5.5,13,4.66667,12.66667],"texture":"#2"},"down":{"uv":[13.5,4.66667,12.66667,5],"texture":"#2"}}},{"from":[7.25,-8.54289,7.25],"to":[8.75,-5.54289,8.75],"rotation":{"angle":0,"axis":"y","origin":[8,8,8]},"faces":{"north":{"uv":[8.33333,11,8.83333,12],"texture":"#2"},"east":{"uv":[11.33333,2.33333,11.83333,3.33333],"texture":"#2"},"south":{"uv":[11.33333,3.33333,11.83333,4.33333],"texture":"#2"},"west":{"uv":[3.66667,11.33333,4.16667,12.33333],"texture":"#2"},"up":{"uv":[6.5,13.16667,6,12.66667],"texture":"#2"},"down":{"uv":[7.16667,12.66667,6.66667,13.16667],"texture":"#2"}}},{"from":[7.25,-4.54289,7.25],"to":[8.75,-1.54289,8.75],"rotation":{"angle":0,"axis":"y","origin":[8,8,8]},"faces":{"north":{"uv":[11.33333,4.33333,11.83333,5.33333],"texture":"#2"},"east":{"uv":[11.33333,5.33333,11.83333,6.33333],"texture":"#2"},"south":{"uv":[11.33333,6.33333,11.83333,7.33333],"texture":"#2"},"west":{"uv":[11.33333,7.33333,11.83333,8.33333],"texture":"#2"},"up":{"uv":[13.16667,7.16667,12.66667,6.66667],"texture":"#2"},"down":{"uv":[7.83333,12.66667,7.33333,13.16667],"texture":"#2"}}},{"from":[7.15,-6.29289,7.15],"to":[8.85,-5.79289,8.85],"rotation":{"angle":0,"axis":"y","origin":[8,8,8]},"faces":{"north":{"uv":[13,4,13.5,4.16667],"texture":"#2"},"east":{"uv":[13,6.33333,13.5,6.5],"texture":"#2"},"south":{"uv":[6,13.33333,6.5,13.5],"texture":"#2"},"west":{"uv":[6.66667,13.33333,7.16667,13.5],"texture":"#2"},"up":{"uv":[13.16667,7.83333,12.66667,7.33333],"texture":"#2"},"down":{"uv":[8.5,12.66667,8,13.16667],"texture":"#2"}}},{"from":[7.15,11.70711,7.15],"to":[8.85,12.20711,8.85],"rotation":{"angle":0,"axis":"y","origin":[8,8,8]},"faces":{"north":{"uv":[13.33333,6.66667,13.83333,6.83333],"texture":"#2"},"east":{"uv":[13.33333,7,13.83333,7.16667],"texture":"#2"},"south":{"uv":[7.33333,13.33333,7.83333,13.5],"texture":"#2"},"west":{"uv":[13.33333,7.33333,13.83333,7.5],"texture":"#2"},"up":{"uv":[13.16667,8.5,12.66667,8],"texture":"#2"},"down":{"uv":[13.16667,8.66667,12.66667,9.16667],"texture":"#2"}}},{"from":[7.35,-5.54289,7.35],"to":[8.65,12.45711,8.65],"rotation":{"angle":0,"axis":"y","origin":[8,8,8]},"faces":{"north":{"uv":[0,6.66667,0.5,12.66667],"texture":"#2"},"east":{"uv":[6.66667,0,7.16667,6],"texture":"#2"},"south":{"uv":[0.66667,6.66667,1.16667,12.66667],"texture":"#2"},"west":{"uv":[1.33333,6.66667,1.83333,12.66667],"texture":"#2"},"up":{"uv":[13.16667,9.83333,12.66667,9.33333],"texture":"#2"},"down":{"uv":[13.16667,10,12.66667,10.5],"texture":"#2"}}},{"from":[7.15,-8.54289,7.15],"to":[8.85,-7.04289,8.85],"rotation":{"angle":0,"axis":"y","origin":[8,8,8]},"faces":{"north":{"uv":[12.66667,10.66667,13.16667,11.16667],"texture":"#2"},"east":{"uv":[13,0,13.5,0.5],"texture":"#2"},"south":{"uv":[13,1.33333,13.5,1.83333],"texture":"#2"},"west":{"uv":[13,2,13.5,2.5],"texture":"#2"},"up":{"uv":[13.5,3.16667,13,2.66667],"texture":"#2"},"down":{"uv":[13.5,3.33333,13,3.83333],"texture":"#2"}}},{"from":[7.5,17.17031,6.25],"to":[8.5,18.67031,9.75],"rotation":{"angle":0,"axis":"y","origin":[8,21.67031,8]},"faces":{"north":{"uv":[13,5.66667,13.33333,6.16667],"texture":"#2"},"east":{"uv":[10.33333,11,11.5,11.5],"texture":"#2"},"south":{"uv":[11.66667,13,12,13.5],"texture":"#2"},"west":{"uv":[11,10.33333,12.16667,10.83333],"texture":"#2"},"up":{"uv":[4.33333,13.5,4,12.33333],"texture":"#2"},"down":{"uv":[10.66667,12.33333,10.33333,13.5],"texture":"#2"}}},{"from":[7.6,18.18808,3.79289],"to":[8.4,19.68808,7.29289],"rotation":{"angle":45,"axis":"x","origin":[8,18.93808,5.54289]},"faces":{"north":{"uv":[12,13,12.33333,13.5],"texture":"#2"},"east":{"uv":[11.33333,1,12.5,1.5],"texture":"#2"},"south":{"uv":[12.33333,13,12.66667,13.5],"texture":"#2"},"west":{"uv":[11.33333,1.66667,12.5,2.16667],"texture":"#2"},"up":{"uv":[12.66667,11.5,12.33333,10.33333],"texture":"#2"},"down":{"uv":[11,12.33333,10.66667,13.5],"texture":"#2"}}},{"from":[7.25,12.17031,7.25],"to":[8.75,16.67031,8.75],"rotation":{"angle":0,"axis":"y","origin":[8,21.67031,8]},"faces":{"north":{"uv":[7,10.33333,7.5,11.83333],"texture":"#2"},"east":{"uv":[10.33333,9.33333,10.83333,10.83333],"texture":"#2"},"south":{"uv":[10.66667,1,11.16667,2.5],"texture":"#2"},"west":{"uv":[10.66667,2.66667,11.16667,4.16667],"texture":"#2"},"up":{"uv":[5.16667,13.5,4.66667,13],"texture":"#2"},"down":{"uv":[13.5,5,13,5.5],"texture":"#2"}}},{"from":[7,23.17031,7],"to":[9,24.67031,9],"rotation":{"angle":0,"axis":"y","origin":[8,21.67031,8]},"faces":{"north":{"uv":[11.66667,12.33333,12.33333,12.83333],"texture":"#2"},"east":{"uv":[12.33333,11.66667,13,12.16667],"texture":"#2"},"south":{"uv":[12.33333,12.33333,13,12.83333],"texture":"#2"},"west":{"uv":[0,12.66667,0.66667,13.16667],"texture":"#2"},"up":{"uv":[12.66667,4.33333,12,3.66667],"texture":"#2"},"down":{"uv":[5,12,4.33333,12.66667],"texture":"#2"}}},{"from":[7.75,24.67031,7.75],"to":[8.25,27.17031,8.25],"rotation":{"angle":0,"axis":"y","origin":[8,21.67031,8]},"faces":{"north":{"uv":[0,13.33333,0.16667,14.16667],"texture":"#2"},"east":{"uv":[0.33333,13.33333,0.5,14.16667],"texture":"#2"},"south":{"uv":[0.66667,13.33333,0.83333,14.16667],"texture":"#2"},"west":{"uv":[1,13.33333,1.16667,14.16667],"texture":"#2"},"up":{"uv":[12.5,0.83333,12.33333,0.66667],"texture":"#2"},"down":{"uv":[12.83333,11.33333,12.66667,11.5],"texture":"#2"}}},{"from":[8,24.67031,6.75],"to":[8,29.67031,9.25],"rotation":{"angle":0,"axis":"y","origin":[8,21.67031,8]},"faces":{"north":{"uv":[0,0,0,1.66667],"texture":"#2"},"east":{"uv":[4.33333,9,5.16667,10.66667],"texture":"#2"},"south":{"uv":[0,0,0,1.66667],"texture":"#2"},"west":{"uv":[5.33333,9,6.16667,10.66667],"texture":"#2"},"up":{"uv":[0,0.83333,0,0],"texture":"#2"},"down":{"uv":[0,0,0,0.83333],"texture":"#2"}}},{"from":[6.75,24.67031,8],"to":[9.25,29.67031,8],"rotation":{"angle":0,"axis":"y","origin":[8,27.17031,8]},"faces":{"north":{"uv":[4.33333,9,5.16667,10.66667],"texture":"#2"},"east":{"uv":[0,0,0,1.66667],"texture":"#2"},"south":{"uv":[5.33333,9,6.16667,10.66667],"texture":"#2"},"west":{"uv":[0,0,0,1.66667],"texture":"#2"},"up":{"uv":[0,0.83333,0,0],"rotation":270,"texture":"#2"},"down":{"uv":[0,0,0,0.83333],"rotation":90,"texture":"#2"}}},{"from":[7.75,12.92031,5],"to":[8.25,14.42031,7],"rotation":{"angle":0,"axis":"y","origin":[8,21.67031,8]},"faces":{"north":{"uv":[13.33333,7.66667,13.5,8.16667],"texture":"#2"},"east":{"uv":[0.66667,12.66667,1.33333,13.16667],"texture":"#2"},"south":{"uv":[8,13.33333,8.16667,13.83333],"texture":"#2"},"west":{"uv":[12.66667,0.66667,13.33333,1.16667],"texture":"#2"},"up":{"uv":[13.5,1.33333,13.33333,0.66667],"texture":"#2"},"down":{"uv":[3.5,13.33333,3.33333,14],"texture":"#2"}}},{"from":[7,12.67031,7],"to":[9,14.67031,9],"rotation":{"angle":0,"axis":"y","origin":[8,21.67031,8]},"faces":{"north":{"uv":[12,4.33333,12.66667,5],"texture":"#2"},"east":{"uv":[5,12,5.66667,12.66667],"texture":"#2"},"south":{"uv":[12,5,12.66667,5.66667],"texture":"#2"},"west":{"uv":[5.66667,12,6.33333,12.66667],"texture":"#2"},"up":{"uv":[12.66667,6.33333,12,5.66667],"texture":"#2"},"down":{"uv":[12.66667,6.33333,12,7],"texture":"#2"}}},{"from":[7,16.67031,7],"to":[9,18.67031,9],"rotation":{"angle":0,"axis":"y","origin":[8,21.67031,8]},"faces":{"north":{"uv":[7,12,7.66667,12.66667],"texture":"#2"},"east":{"uv":[12,7,12.66667,7.66667],"texture":"#2"},"south":{"uv":[12,7.66667,12.66667,8.33333],"texture":"#2"},"west":{"uv":[8.33333,12,9,12.66667],"texture":"#2"},"up":{"uv":[12.66667,9,12,8.33333],"texture":"#2"},"down":{"uv":[12.66667,9,12,9.66667],"texture":"#2"}}},{"from":[7.5,11.54882,2.41655],"to":[8.5,18.54882,5.41655],"rotation":{"angle":-22.5,"axis":"x","origin":[8,14.54882,3.91655]},"faces":{"north":{"uv":[3,10,3.33333,12.33333],"texture":"#2"},"east":{"uv":[2,6.66667,3,9],"texture":"#2"},"south":{"uv":[3.33333,10,3.66667,12.33333],"texture":"#2"},"west":{"uv":[3,6.66667,4,9],"texture":"#2"},"up":{"uv":[1.66667,13.66667,1.33333,12.66667],"texture":"#2"},"down":{"uv":[13,1.33333,12.66667,2.33333],"texture":"#2"}}},{"from":[7.5,21.9883,2.48338],"to":[8.5,24.9883,5.48338],"rotation":{"angle":22.5,"axis":"x","origin":[8,27.05803,8.48338]},"faces":{"north":{"uv":[1.66667,12.66667,2,13.66667],"texture":"#2"},"east":{"uv":[9.66667,6.33333,10.66667,7.33333],"texture":"#2"},"south":{"uv":[2,12.66667,2.33333,13.66667],"texture":"#2"},"west":{"uv":[9.66667,7.33333,10.66667,8.33333],"texture":"#2"},"up":{"uv":[2.66667,13.66667,2.33333,12.66667],"texture":"#2"},"down":{"uv":[13,2.33333,12.66667,3.33333],"texture":"#2"}}},{"from":[7.65,9.45652,-0.3043],"to":[8.35,18.20652,3.6957],"rotation":{"angle":-22.5,"axis":"x","origin":[8,16.18966,0.6957]},"faces":{"north":{"uv":[9,11.33333,9.16667,14.33333],"texture":"#2"},"east":{"uv":[4.66667,6,6,9],"texture":"#2"},"south":{"uv":[9.33333,11.33333,9.5,14.33333],"texture":"#2"},"west":{"uv":[6,6,7.33333,9],"texture":"#2"},"up":{"uv":[8.83333,14,8.66667,12.66667],"texture":"#2"},"down":{"uv":[2.83333,13,2.66667,14.33333],"texture":"#2"}}},{"from":[7.65,23.98443,0.44816],"to":[8.35,28.98443,4.44816],"rotation":{"angle":22.5,"axis":"x","origin":[8,27.96757,1.44816]},"faces":{"north":{"uv":[12.66667,5,12.83333,6.66667],"texture":"#2"},"east":{"uv":[8.33333,0,9.66667,1.66667],"texture":"#2"},"south":{"uv":[5.66667,12.66667,5.83333,14.33333],"texture":"#2"},"west":{"uv":[8.33333,1.66667,9.66667,3.33333],"texture":"#2"},"up":{"uv":[5.5,14.33333,5.33333,13],"texture":"#2"},"down":{"uv":[13.16667,11.33333,13,12.66667],"texture":"#2"}}},{"from":[8,23.73732,-2.30957],"to":[8,31.73732,4.19043],"rotation":{"angle":22.5,"axis":"x","origin":[8,28.45301,-0.80957]},"faces":{"north":{"uv":[0,0,0,2.66667],"texture":"#2"},"east":{"uv":[4.5,4,2.33333,6.66667],"texture":"#2"},"south":{"uv":[0,0,0,2.66667],"texture":"#2"},"west":{"uv":[2.33333,4,4.5,6.66667],"texture":"#2"},"up":{"uv":[0,2.16667,0,0],"texture":"#2"},"down":{"uv":[0,0,0,2.16667],"texture":"#2"}}},{"from":[8,6.51076,-2.77479],"to":[8,18.51076,3.72521],"rotation":{"angle":-22.5,"axis":"x","origin":[8,15.01076,-1.27479]},"faces":{"north":{"uv":[0,0,0,4],"texture":"#2"},"east":{"uv":[4.5,0,2.33333,4],"texture":"#2"},"south":{"uv":[0,0,0,4],"texture":"#2"},"west":{"uv":[2.33333,0,4.5,4],"texture":"#2"},"up":{"uv":[0,2.16667,0,0],"texture":"#2"},"down":{"uv":[0,0,0,2.16667],"texture":"#2"}}},{"from":[8,17.67031,-4],"to":[8,24.67031,-1],"rotation":{"angle":0,"axis":"y","origin":[8,21.67031,7]},"faces":{"north":{"uv":[0,0,0,2.33333],"texture":"#2"},"east":{"uv":[7.33333,0,8.33333,2.33333],"texture":"#2"},"south":{"uv":[0,0,0,2.33333],"texture":"#2"},"west":{"uv":[7.33333,2.33333,8.33333,4.66667],"texture":"#2"},"up":{"uv":[0,1,0,0],"texture":"#2"},"down":{"uv":[0,0,0,1],"texture":"#2"}}},{"from":[7.65,17.67031,-1],"to":[8.35,24.67031,1],"rotation":{"angle":0,"axis":"y","origin":[8,21.67031,7]},"faces":{"north":{"uv":[11,12.33333,11.16667,14.66667],"texture":"#2"},"east":{"uv":[4,6.66667,4.66667,9],"texture":"#2"},"south":{"uv":[11.33333,12.33333,11.5,14.66667],"texture":"#2"},"west":{"uv":[3.66667,9,4.33333,11.33333],"texture":"#2"},"up":{"uv":[3.83333,14,3.66667,13.33333],"texture":"#2"},"down":{"uv":[13.5,5.66667,13.33333,6.33333],"texture":"#2"}}},{"from":[7.4,17.67031,1],"to":[8.6,24.67031,4],"rotation":{"angle":0,"axis":"y","origin":[8,21.67031,7]},"faces":{"north":{"uv":[6.33333,10.33333,6.66667,12.66667],"texture":"#2"},"east":{"uv":[7.33333,4.66667,8.33333,7],"texture":"#2"},"south":{"uv":[6.66667,10.33333,7,12.66667],"texture":"#2"},"west":{"uv":[7.33333,7,8.33333,9.33333],"texture":"#2"},"up":{"uv":[13,4.33333,12.66667,3.33333],"texture":"#2"},"down":{"uv":[4.66667,12.66667,4.33333,13.66667],"texture":"#2"}}},{"from":[7.25,19.67031,4],"to":[8.75,23.67031,8],"rotation":{"angle":0,"axis":"y","origin":[8,21.67031,8]},"faces":{"north":{"uv":[4.33333,10.66667,4.83333,12],"texture":"#2"},"east":{"uv":[8.33333,3.33333,9.66667,4.66667],"texture":"#2"},"south":{"uv":[10.66667,4.33333,11.16667,5.66667],"texture":"#2"},"west":{"uv":[8.33333,4.66667,9.66667,6],"texture":"#2"},"up":{"uv":[5.5,12,5,10.66667],"texture":"#2"},"down":{"uv":[6.16667,10.66667,5.66667,12],"texture":"#2"}}},{"from":[7.25,20.17031,8],"to":[8.75,23.17031,13],"rotation":{"angle":-22.5,"axis":"x","origin":[8,21.17031,10]},"faces":{"north":{"uv":[9.66667,11.33333,10.16667,12.33333],"texture":"#2"},"east":{"uv":[8.33333,8.66667,10,9.66667],"texture":"#2"},"south":{"uv":[11.66667,0,12.16667,1],"texture":"#2"},"west":{"uv":[2,9,3.66667,10],"texture":"#2"},"up":{"uv":[9.5,11.33333,9,9.66667],"texture":"#2"},"down":{"uv":[10.16667,9.66667,9.66667,11.33333],"texture":"#2"}}},{"from":[7.35,21.07359,11.24195],"to":[8.65,23.32359,14.24195],"rotation":{"angle":22.5,"axis":"x","origin":[8,21.82359,13.74195]},"faces":{"north":{"uv":[3.33333,12.33333,3.83333,13.16667],"texture":"#2"},"east":{"uv":[2,10,3,10.83333],"texture":"#2"},"south":{"uv":[9.66667,12.33333,10.16667,13.16667],"texture":"#2"},"west":{"uv":[10,8.33333,11,9.16667],"texture":"#2"},"up":{"uv":[2.5,12.66667,2,11.66667],"texture":"#2"},"down":{"uv":[8.16667,11.66667,7.66667,12.66667],"texture":"#2"}}},{"from":[8,17.20628,10.06807],"to":[8,25.70628,15.31807],"rotation":{"angle":-45,"axis":"x","origin":[8,22.20628,12.81807]},"faces":{"north":{"uv":[0,0,0,2.83333],"texture":"#2"},"east":{"uv":[4.66667,0,6.5,2.83333],"texture":"#2"},"south":{"uv":[0,0,0,2.83333],"texture":"#2"},"west":{"uv":[4.66667,3,6.5,5.83333],"texture":"#2"},"up":{"uv":[0,1.83333,0,0],"texture":"#2"},"down":{"uv":[0,0,0,1.83333],"texture":"#2"}}},{"from":[7.6,18.79583,13.63833],"to":[8.4,22.79583,14.88833],"rotation":{"angle":0,"axis":"y","origin":[8,20.79583,14.26333]},"faces":{"north":{"uv":[2.66667,11.66667,3,13],"texture":"#2"},"east":{"uv":[10.66667,5.66667,11.16667,7],"texture":"#2"},"south":{"uv":[3,12.33333,3.33333,13.66667],"texture":"#2"},"west":{"uv":[10.66667,7,11.16667,8.33333],"texture":"#2"},"up":{"uv":[13,13.5,12.66667,13],"texture":"#2"},"down":{"uv":[13.33333,12.66667,13,13.16667],"texture":"#2"}}},{"from":[6.9,18.67031,6],"to":[9.1,21.67031,10],"rotation":{"angle":0,"axis":"y","origin":[8,21.67031,8]},"faces":{"north":{"uv":[7.66667,10.66667,8.33333,11.66667],"texture":"#2"},"east":{"uv":[6.33333,9.33333,7.66667,10.33333],"texture":"#2"},"south":{"uv":[11,0,11.66667,1],"texture":"#2"},"west":{"uv":[9.66667,0,11,1],"texture":"#2"},"up":{"uv":[8.33333,10.66667,7.66667,9.33333],"texture":"#2"},"down":{"uv":[9,9.66667,8.33333,11],"texture":"#2"}}},{"from":[6.75,14.78769,-5.78769],"to":[9.25,18.78769,-1.78769],"rotation":{"angle":45,"axis":"x","origin":[8,5,8]},"faces":{"north":{"uv":[9.66667,1,10.5,2.33333],"texture":"#2"},"east":{"uv":[8.33333,6,9.66667,7.33333],"texture":"#2"},"south":{"uv":[9.66667,2.33333,10.5,3.66667],"texture":"#2"},"west":{"uv":[8.33333,7.33333,9.66667,8.66667],"texture":"#2"},"up":{"uv":[10.5,5,9.66667,3.66667],"texture":"#2"},"down":{"uv":[10.5,5,9.66667,6.33333],"texture":"#2"}}},{"from":[6.5,15.78769,-4.78769],"to":[9.5,17.78769,-2.78769],"rotation":{"angle":45,"axis":"x","origin":[8,5,8]},"faces":{"north":{"uv":[2,11,3,11.66667],"texture":"#2"},"east":{"uv":[12,9.66667,12.66667,10.33333],"texture":"#2"},"south":{"uv":[11,8.33333,12,9],"texture":"#2"},"west":{"uv":[12.33333,0,13,0.66667],"texture":"#2"},"up":{"uv":[12,9.66667,11,9],"texture":"#2"},"down":{"uv":[12,9.66667,11,10.33333],"texture":"#2"}}}],"gui_light":"front","display":{"thirdperson_righthand":{"translation":[0,3,1.25],"scale":[0.55,0.55,0.55]},"thirdperson_lefthand":{"translation":[0,3,1.25],"scale":[0.55,0.55,0.55]},"firstperson_righthand":{"rotation":[-10,9,6.37],"translation":[9.25,-4,-7],"scale":[0.82578,0.82578,0.82578]},"firstperson_lefthand":{"rotation":[-10,9,6.37],"translation":[9.25,-4,-7],"scale":[0.82578,0.82578,0.82578]},"ground":{"rotation":[0,0,-90],"translation":[2.25,2.25,0],"scale":[0.55,0.55,0.55]},"gui":{"rotation":[90,-45,90],"translation":[0.5,-2.25,-2],"scale":[0.38477,0.38477,0.38477]},"head":{"scale":[0,0,0]},"fixed":{"rotation":[-90,-90,-90],"translation":[-0.25,-3.75,-2.5],"scale":[1.255,1.255,1.255]}}}