{"credit":"MadebyPolygonMC","texture_size":[12,12],"textures":{"1":"malikaset:axe","2":"malikaset:animations_2","particle":"malikaset:animations_2"},"elements":[{"from":[7.5,0,7.5],"to":[8.5,1,8.5],"rotation":{"angle":0,"axis":"y","origin":[7.5,0,7.5]},"faces":{"north":{"uv":[8,2.4,8.8,3.2],"texture":"#1"},"east":{"uv":[9.6,1.6,10.4,2.4],"texture":"#1"},"south":{"uv":[2.4,12,3.2,12.8],"texture":"#1"},"west":{"uv":[3.2,12,4,12.8],"texture":"#1"},"up":{"uv":[12.8,4,12,3.2],"texture":"#1"},"down":{"uv":[4.8,12,4,12.8],"texture":"#1"}}},{"from":[7.5,4.5,7.5],"to":[8.5,5.5,8.5],"rotation":{"angle":0,"axis":"y","origin":[7.5,4.5,7.5]},"faces":{"north":{"uv":[12,4,12.8,4.8],"texture":"#1"},"east":{"uv":[12,4.8,12.8,5.6],"texture":"#1"},"south":{"uv":[12,5.6,12.8,6.4],"texture":"#1"},"west":{"uv":[12,6.4,12.8,7.2],"texture":"#1"},"up":{"uv":[12.8,8,12,7.2],"texture":"#1"},"down":{"uv":[12.8,8,12,8.8],"texture":"#1"}}},{"from":[7.5,2.225,7.5],"to":[8.5,3.225,8.5],"rotation":{"angle":-45,"axis":"x","origin":[8,2.725,8]},"faces":{"north":{"uv":[8.8,12,9.6,12.8],"texture":"#1"},"east":{"uv":[12,8.8,12.8,9.6],"texture":"#1"},"south":{"uv":[9.6,12,10.4,12.8],"texture":"#1"},"west":{"uv":[12,9.6,12.8,10.4],"texture":"#1"},"up":{"uv":[12.8,11.2,12,10.4],"texture":"#1"},"down":{"uv":[12,12,11.2,12.8],"texture":"#1"}}},{"from":[7.4,13.225,7],"to":[8.6,15.225,9],"rotation":{"angle":-45,"axis":"x","origin":[8,14.225,8]},"faces":{"north":{"uv":[9.6,0,10.6,1.6],"texture":"#1"},"east":{"uv":[6.4,0,8,1.6],"texture":"#1"},"south":{"uv":[5.6,9.6,6.6,11.2],"texture":"#1"},"west":{"uv":[6.4,1.6,8,3.2],"texture":"#1"},"up":{"uv":[10.6,8.8,9.6,7.2],"texture":"#1"},"down":{"uv":[10.6,8.8,9.6,10.4],"texture":"#1"}}},{"from":[7.15,13.475,7.25],"to":[8.85,14.975,8.75],"rotation":{"angle":-45,"axis":"x","origin":[8,14.225,8]},"faces":{"north":{"uv":[0,8.8,1.4,10],"texture":"#1"},"east":{"uv":[0,10.4,1.2,11.6],"texture":"#1"},"south":{"uv":[1.6,8.8,3,10],"texture":"#1"},"west":{"uv":[1.6,10.4,2.8,11.6],"texture":"#1"},"up":{"uv":[10.2,3.6,8.8,2.4],"texture":"#1"},"down":{"uv":[4.6,8.8,3.2,10],"texture":"#1"}}},{"from":[7.5,-1.275,7.5],"to":[8.5,-0.275,8.5],"rotation":{"angle":-45,"axis":"x","origin":[8,-0.775,8]},"faces":{"north":{"uv":[12,11.2,12.8,12],"texture":"#1"},"east":{"uv":[12,12,12.8,12.8],"texture":"#1"},"south":{"uv":[12.8,0,13.6,0.8],"texture":"#1"},"west":{"uv":[12.8,0.8,13.6,1.6],"texture":"#1"},"up":{"uv":[13.6,2.4,12.8,1.6],"texture":"#1"},"down":{"uv":[3.2,12.8,2.4,13.6],"texture":"#1"}}},{"from":[7.6,1,7.6],"to":[8.4,4.5,8.4],"rotation":{"angle":0,"axis":"y","origin":[7.5,1,7.5]},"faces":{"north":{"uv":[8.8,4,9.4,6.8],"texture":"#1"},"east":{"uv":[8.8,7.2,9.4,10],"texture":"#1"},"south":{"uv":[9.6,4,10.2,6.8],"texture":"#1"},"west":{"uv":[4.8,9.6,5.4,12.4],"texture":"#1"}}},{"from":[7.6,5.5,7.6],"to":[8.4,9.5,8.4],"rotation":{"angle":-45,"axis":"y","origin":[8,7.5,8]},"faces":{"north":{"uv":[6.4,6.4,7,9.6],"texture":"#1"},"east":{"uv":[6.4,6.4,7,9.6],"texture":"#1"},"south":{"uv":[6.4,6.4,7,9.6],"texture":"#1"},"west":{"uv":[6.4,6.4,7,9.6],"texture":"#1"},"up":{"uv":[0.6,14.2,0,13.6],"texture":"#1"},"down":{"uv":[14.2,0,13.6,0.6],"texture":"#1"}}},{"from":[7.25,-0.5,7.25],"to":[8.75,0,8.75],"rotation":{"angle":0,"axis":"y","origin":[7.5,-1,7.5]},"faces":{"north":{"uv":[4,12.8,5.2,13.2],"texture":"#1"},"east":{"uv":[12.8,4,14,4.4],"texture":"#1"},"south":{"uv":[12.8,4.8,14,5.2],"texture":"#1"},"west":{"uv":[12.8,5.6,14,6],"texture":"#1"},"up":{"uv":[11.6,2.8,10.4,1.6],"texture":"#1"},"down":{"uv":[4.4,10.4,3.2,11.6],"texture":"#1"}}},{"from":[7.5,13.75,5.25],"to":[8.5,14.75,7.25],"rotation":{"angle":22.5,"axis":"x","origin":[8,14.25,6.25]},"faces":{"east":{"uv":[10.4,6.4,12,7.2],"texture":"#1"},"south":{"uv":[12.8,2.4,13.6,3.2],"texture":"#1"},"west":{"uv":[7.2,10.4,8.8,11.2],"texture":"#1"},"up":{"uv":[9.6,12,8.8,10.4],"texture":"#1"},"down":{"uv":[10.4,10.4,9.6,12],"texture":"#1"}}},{"from":[7.43,13.33581,4.77438],"to":[8.57,15.61581,5.91438],"rotation":{"angle":-45,"axis":"x","origin":[8,14.47581,5.34438]},"faces":{"north":{"uv":[7.2,3.2,8.2,5],"texture":"#1"},"east":{"uv":[7.2,5.6,8.2,7.4],"texture":"#1"},"south":{"uv":[8,0,9,1.8],"texture":"#1"},"west":{"uv":[7.2,8,8.2,9.8],"texture":"#1"},"up":{"uv":[12.2,1,11.2,0],"texture":"#1"},"down":{"uv":[7.4,11.2,6.4,12.2],"texture":"#1"}}},{"from":[7.5554,12.9149,6.08448],"to":[8.4446,14.1233,6.97368],"rotation":{"angle":-22.5,"axis":"x","origin":[8,12.8636,6.95658]},"faces":{"north":{"uv":[11.2,7.2,12,8.2],"texture":"#1"},"east":{"uv":[8,11.2,8.8,12.2],"texture":"#1"},"south":{"uv":[11.2,8.8,12,9.8],"texture":"#1"},"west":{"uv":[11.2,10.4,12,11.4],"texture":"#1"},"down":{"uv":[4,12.8,3.2,13.6],"texture":"#1"}}},{"from":[7.671,12.03724,6.20764],"to":[8.329,12.93145,6.86565],"rotation":{"angle":0,"axis":"x","origin":[8,12.31334,6.50815]},"faces":{"north":{"uv":[6.4,12.8,7,13.6],"texture":"#1"},"east":{"uv":[12.8,6.4,13.4,7.2],"texture":"#1"},"south":{"uv":[7.2,12.8,7.8,13.6],"texture":"#1"},"west":{"uv":[12.8,7.2,13.4,8],"texture":"#1"},"down":{"uv":[12.6,12.8,12,13.4],"texture":"#1"}}},{"from":[7.5554,14.99773,3.78772],"to":[8.4446,16.20613,4.67692],"rotation":{"angle":-22.5,"axis":"x","origin":[8,16.02998,4.27196]},"faces":{"north":{"uv":[0,12,0.8,13],"texture":"#1"},"east":{"uv":[0.8,12,1.6,13],"texture":"#1"},"south":{"uv":[1.6,12,2.4,13],"texture":"#1"},"west":{"uv":[12,1.6,12.8,2.6],"texture":"#1"},"up":{"uv":[13.6,4,12.8,3.2],"texture":"#1"}}},{"from":[7.671,15.9935,3.84427],"to":[8.329,16.88772,4.50228],"rotation":{"angle":0,"axis":"x","origin":[8,16.02998,4.27196]},"faces":{"north":{"uv":[8,12.8,8.6,13.6],"texture":"#1"},"east":{"uv":[12.8,8,13.4,8.8],"texture":"#1"},"south":{"uv":[8.8,12.8,9.4,13.6],"texture":"#1"},"west":{"uv":[12.8,8.8,13.4,9.6],"texture":"#1"},"up":{"uv":[13.4,13.4,12.8,12.8],"texture":"#1"}}},{"from":[7.75,9.85,7],"to":[8.25,13.85,9],"rotation":{"angle":0,"axis":"y","origin":[8.25,12.95,8]},"faces":{"north":{"uv":[10.4,10.4,10.8,13.6],"texture":"#1"},"east":{"uv":[4.8,0,6.4,3.2],"texture":"#1"},"south":{"uv":[5.6,11.2,6,14.4],"texture":"#1"},"west":{"uv":[4.8,3.2,6.4,6.4],"texture":"#1"}}},{"from":[7.7375,9.01841,7],"to":[8.2625,10.44341,8.425],"rotation":{"angle":45,"axis":"x","origin":[7.9875,9.44341,8]},"faces":{"north":{"uv":[9.6,12.8,10,14],"texture":"#1"},"east":{"uv":[10.4,3.2,11.6,4.4],"texture":"#1"},"south":{"uv":[12.8,9.6,13.2,10.8],"texture":"#1"},"west":{"uv":[10.4,4.8,11.6,6],"texture":"#1"},"up":{"uv":[11.6,14,11.2,12.8],"texture":"#1"},"down":{"uv":[13.2,11.2,12.8,12.4],"texture":"#1"}}},{"from":[8,6.275,1.175],"to":[8,17.275,7.175],"rotation":{"angle":0,"axis":"y","origin":[8,9.275,0.175]},"faces":{"north":{"uv":[0,0,0,8.8],"texture":"#1"},"east":{"uv":[4.8,0,0,8.8],"texture":"#1"},"south":{"uv":[0,0,0,8.8],"texture":"#1"},"west":{"uv":[0,0,4.8,8.8],"texture":"#1"},"up":{"uv":[0,4.8,0,0],"texture":"#1"},"down":{"uv":[0,0,0,4.8],"texture":"#1"}}},{"from":[7.5,13.75,8.75],"to":[8.5,14.75,10.75],"rotation":{"angle":-22.5,"axis":"x","origin":[8,14.25,9.75]},"faces":{"north":{"uv":[13.6,2.4,12.8,3.2],"texture":"#1"},"east":{"uv":[12,6.4,10.4,7.2],"texture":"#1"},"west":{"uv":[8.8,10.4,7.2,11.2],"texture":"#1"},"up":{"uv":[9.6,10.4,8.8,12],"texture":"#1"},"down":{"uv":[10.4,12,9.6,10.4],"texture":"#1"}}},{"from":[7.43,13.33581,10.08562],"to":[8.57,15.61581,11.22562],"rotation":{"angle":45,"axis":"x","origin":[8,14.47581,10.65562]},"faces":{"north":{"uv":[9,0,8,1.8],"texture":"#1"},"east":{"uv":[8.2,5.6,7.2,7.4],"texture":"#1"},"south":{"uv":[8.2,3.2,7.2,5],"texture":"#1"},"west":{"uv":[8.2,8,7.2,9.8],"texture":"#1"},"up":{"uv":[12.2,0,11.2,1],"texture":"#1"},"down":{"uv":[7.4,12.2,6.4,11.2],"texture":"#1"}}},{"from":[7.5554,12.9149,9.02632],"to":[8.4446,14.1233,9.91552],"rotation":{"angle":22.5,"axis":"x","origin":[8,12.8636,9.04342]},"faces":{"north":{"uv":[12,8.8,11.2,9.8],"texture":"#1"},"east":{"uv":[8.8,11.2,8,12.2],"texture":"#1"},"south":{"uv":[12,7.2,11.2,8.2],"texture":"#1"},"west":{"uv":[12,10.4,11.2,11.4],"texture":"#1"},"down":{"uv":[4,13.6,3.2,12.8],"texture":"#1"}}},{"from":[7.671,12.03724,9.13435],"to":[8.329,12.93145,9.79236],"rotation":{"angle":0,"axis":"x","origin":[8,12.31334,9.49185]},"faces":{"north":{"uv":[7.8,12.8,7.2,13.6],"texture":"#1"},"east":{"uv":[13.4,6.4,12.8,7.2],"texture":"#1"},"south":{"uv":[7,12.8,6.4,13.6],"texture":"#1"},"west":{"uv":[13.4,7.2,12.8,8],"texture":"#1"},"down":{"uv":[12.6,13.4,12,12.8],"texture":"#1"}}},{"from":[7.5554,14.99773,11.32308],"to":[8.4446,16.20613,12.21228],"rotation":{"angle":22.5,"axis":"x","origin":[8,16.02998,11.72804]},"faces":{"north":{"uv":[2.4,12,1.6,13],"texture":"#1"},"east":{"uv":[1.6,12,0.8,13],"texture":"#1"},"south":{"uv":[0.8,12,0,13],"texture":"#1"},"west":{"uv":[12.8,1.6,12,2.6],"texture":"#1"},"up":{"uv":[13.6,3.2,12.8,4],"texture":"#1"}}},{"from":[7.671,15.9935,11.49772],"to":[8.329,16.88772,12.15573],"rotation":{"angle":0,"axis":"x","origin":[8,16.02998,11.72804]},"faces":{"north":{"uv":[9.4,12.8,8.8,13.6],"texture":"#1"},"east":{"uv":[13.4,8,12.8,8.8],"texture":"#1"},"south":{"uv":[8.6,12.8,8,13.6],"texture":"#1"},"west":{"uv":[13.4,8.8,12.8,9.6],"texture":"#1"},"up":{"uv":[13.4,12.8,12.8,13.4],"texture":"#1"}}},{"from":[8,6.275,8.825],"to":[8,17.275,14.825],"rotation":{"angle":0,"axis":"y","origin":[8,9.275,15.825]},"faces":{"north":{"uv":[0,0,0,8.8],"texture":"#1"},"east":{"uv":[0,0,4.8,8.8],"texture":"#1"},"south":{"uv":[0,0,0,8.8],"texture":"#1"},"west":{"uv":[4.8,0,0,8.8],"texture":"#1"},"up":{"uv":[0,0,0,4.8],"texture":"#1"},"down":{"uv":[0,4.8,0,0],"texture":"#1"}}},{"from":[7.75,6.25,1.525],"to":[7.75,17.25,4.525],"rotation":{"angle":0,"axis":"x","origin":[7.75,11.75,2.525]},"faces":{"north":{"uv":[0,0,0,14.66667],"texture":"#2"},"south":{"uv":[0,0,0,14.66667],"texture":"#2"},"west":{"uv":[0,0,4,14.66667],"texture":"#2"},"up":{"uv":[0,4,0,0],"texture":"#2"},"down":{"uv":[0,0,0,4],"texture":"#2"}}},{"from":[7.75,6.25,11.475],"to":[7.75,17.25,14.475],"rotation":{"angle":0,"axis":"y","origin":[0,0,16]},"faces":{"north":{"uv":[0,0,0,14.66667],"texture":"#2"},"south":{"uv":[0,0,0,14.66667],"texture":"#2"},"west":{"uv":[4,0,0,14.66667],"texture":"#2"},"up":{"uv":[0,0,0,4],"texture":"#2"},"down":{"uv":[0,4,0,0],"texture":"#2"}}},{"from":[8.25,6.25,11.475],"to":[8.25,17.25,14.475],"rotation":{"angle":0,"axis":"y","origin":[16,0,16]},"faces":{"north":{"uv":[0,0,0,14.66667],"texture":"#2"},"east":{"uv":[0,0,4,14.66667],"texture":"#2"},"south":{"uv":[0,0,0,14.66667],"texture":"#2"},"up":{"uv":[0,0,0,4],"texture":"#2"},"down":{"uv":[0,4,0,0],"texture":"#2"}}},{"from":[8.25,6.25,1.525],"to":[8.25,17.25,4.525],"rotation":{"angle":0,"axis":"x","origin":[8.25,11.75,2.525]},"faces":{"north":{"uv":[0,0,0,14.66667],"texture":"#2"},"east":{"uv":[4,0,0,14.66667],"texture":"#2"},"south":{"uv":[0,0,0,14.66667],"texture":"#2"},"up":{"uv":[0,4,0,0],"texture":"#2"},"down":{"uv":[0,0,0,4],"texture":"#2"}}}],"gui_light":"front","display":{"thirdperson_righthand":{"translation":[0,2.75,1]},"thirdperson_lefthand":{"translation":[0,2.75,1]},"firstperson_righthand":{"rotation":[-10,0,0],"translation":[-1.75,4.25,0.75]},"firstperson_lefthand":{"rotation":[-10,0,0],"translation":[-1.75,4.25,0.75]},"ground":{"translation":[0,9.25,0]},"gui":{"rotation":[90,-45,90],"translation":[1.25,-1.25,0],"scale":[0.9961,0.9961,0.9961]},"head":{"scale":[0,0,0]},"fixed":{"rotation":[0,90,0],"translation":[0,-0.5,-2],"scale":[2.50781,2.50781,2.50781]}}}