{"credit":"112264 / 093WKAIDI3ND0XO40RJSRYJ4EYW6","texture_size":[24,24],"textures":{"1":"malikaset:hoe","2":"malikaset:animations_2","particle":"malikaset:animations_2"},"elements":[{"from":[7.5,0,7.5],"to":[8.5,1,8.5],"rotation":{"angle":0,"axis":"y","origin":[7.5,0,7.5]},"faces":{"north":{"uv":[7.33333,3.33333,8,4],"texture":"#1"},"east":{"uv":[11.33333,6,12,6.66667],"texture":"#1"},"south":{"uv":[12,2.66667,12.66667,3.33333],"texture":"#1"},"west":{"uv":[12,3.33333,12.66667,4],"texture":"#1"},"up":{"uv":[4.66667,12.66667,4,12],"texture":"#1"},"down":{"uv":[12.66667,4,12,4.66667],"texture":"#1"}}},{"from":[7.5,4.5,7.5],"to":[8.5,5.5,8.5],"rotation":{"angle":0,"axis":"y","origin":[7.5,4.5,7.5]},"faces":{"north":{"uv":[4.66667,12,5.33333,12.66667],"texture":"#1"},"east":{"uv":[12,4.66667,12.66667,5.33333],"texture":"#1"},"south":{"uv":[12,5.33333,12.66667,6],"texture":"#1"},"west":{"uv":[12,6,12.66667,6.66667],"texture":"#1"},"up":{"uv":[7.33333,12.66667,6.66667,12],"texture":"#1"},"down":{"uv":[12.66667,6.66667,12,7.33333],"texture":"#1"}}},{"from":[7.5,2.225,7.5],"to":[8.5,3.225,8.5],"rotation":{"angle":-45,"axis":"x","origin":[8,2.725,8]},"faces":{"north":{"uv":[12,7.33333,12.66667,8],"texture":"#1"},"east":{"uv":[8,12,8.66667,12.66667],"texture":"#1"},"south":{"uv":[12,8,12.66667,8.66667],"texture":"#1"},"west":{"uv":[12,8.66667,12.66667,9.33333],"texture":"#1"},"up":{"uv":[10,12.66667,9.33333,12],"texture":"#1"},"down":{"uv":[12.66667,9.33333,12,10],"texture":"#1"}}},{"from":[7.4,13.225,7],"to":[8.6,15.225,9],"rotation":{"angle":-45,"axis":"x","origin":[8,14.225,8]},"faces":{"north":{"uv":[7.33333,8,8.16667,9.33333],"texture":"#1"},"east":{"uv":[0,5.33333,1.33333,6.66667],"texture":"#1"},"south":{"uv":[0,8.66667,0.83333,10],"texture":"#1"},"west":{"uv":[1.33333,5.33333,2.66667,6.66667],"texture":"#1"},"up":{"uv":[9.5,1.33333,8.66667,0],"texture":"#1"},"down":{"uv":[2.16667,8.66667,1.33333,10],"texture":"#1"}}},{"from":[7.15,13.475,7.25],"to":[8.85,14.975,8.75],"rotation":{"angle":-45,"axis":"x","origin":[8,14.225,8]},"faces":{"north":{"uv":[7.33333,2,8.5,3],"texture":"#1"},"east":{"uv":[8.66667,1.33333,9.66667,2.33333],"texture":"#1"},"south":{"uv":[5.33333,7.33333,6.5,8.33333],"texture":"#1"},"west":{"uv":[8.66667,4.66667,9.66667,5.66667],"texture":"#1"},"up":{"uv":[3.83333,9,2.66667,8],"texture":"#1"},"down":{"uv":[9.16667,3.33333,8,4.33333],"texture":"#1"}}},{"from":[7.5,-1.275,7.5],"to":[8.5,-0.275,8.5],"rotation":{"angle":-45,"axis":"x","origin":[8,-0.775,8]},"faces":{"north":{"uv":[10,12,10.66667,12.66667],"texture":"#1"},"east":{"uv":[12,10,12.66667,10.66667],"texture":"#1"},"south":{"uv":[10.66667,12,11.33333,12.66667],"texture":"#1"},"west":{"uv":[12,10.66667,12.66667,11.33333],"texture":"#1"},"up":{"uv":[12,12.66667,11.33333,12],"texture":"#1"},"down":{"uv":[12.66667,11.33333,12,12],"texture":"#1"}}},{"from":[7.6,1,7.6],"to":[8.4,4.5,8.4],"rotation":{"angle":0,"axis":"y","origin":[7.5,1,7.5]},"faces":{"north":{"uv":[4,8,4.5,10.33333],"texture":"#1"},"east":{"uv":[4.66667,8,5.16667,10.33333],"texture":"#1"},"south":{"uv":[8,4.66667,8.5,7],"texture":"#1"},"west":{"uv":[6.66667,8,7.16667,10.33333],"texture":"#1"}}},{"from":[7.6,5.5,7.6],"to":[8.4,9.5,8.4],"rotation":{"angle":-45,"axis":"y","origin":[8,7.5,8]},"faces":{"north":{"uv":[2.66667,5.33333,3.16667,8],"texture":"#1"},"east":{"uv":[3.33333,5.33333,3.83333,8],"texture":"#1"},"south":{"uv":[4,5.33333,4.5,8],"texture":"#1"},"west":{"uv":[4.66667,5.33333,5.16667,8],"texture":"#1"},"up":{"uv":[13.16667,12.5,12.66667,12],"texture":"#1"},"down":{"uv":[13.16667,12.66667,12.66667,13.16667],"texture":"#1"}}},{"from":[7.25,-0.5,7.25],"to":[8.75,0,8.75],"rotation":{"angle":0,"axis":"y","origin":[7.5,-1,7.5]},"faces":{"north":{"uv":[12.66667,3.33333,13.66667,3.66667],"texture":"#1"},"east":{"uv":[4,12.66667,5,13],"texture":"#1"},"south":{"uv":[12.66667,4,13.66667,4.33333],"texture":"#1"},"west":{"uv":[12.66667,4.66667,13.66667,5],"texture":"#1"},"up":{"uv":[6.33333,9.66667,5.33333,8.66667],"texture":"#1"},"down":{"uv":[9.66667,6,8.66667,7],"texture":"#1"}}},{"from":[7.5,13.75,5.25],"to":[8.5,14.75,7.25],"rotation":{"angle":22.5,"axis":"x","origin":[8,14.25,6.25]},"faces":{"east":{"uv":[0,10,1.33333,10.66667],"texture":"#1"},"south":{"uv":[12,12,12.66667,12.66667],"texture":"#1"},"west":{"uv":[10,0,11.33333,0.66667],"texture":"#1"},"up":{"uv":[6.66667,5.33333,6,4],"texture":"#1"},"down":{"uv":[8.66667,9.33333,8,10.66667],"texture":"#1"}}},{"from":[7.43,13.33581,4.77438],"to":[8.57,15.61581,5.91438],"rotation":{"angle":-45,"axis":"x","origin":[8,14.47581,5.34438]},"faces":{"north":{"uv":[5.33333,5.33333,6.16667,6.83333],"texture":"#1"},"east":{"uv":[6,0,6.83333,1.5],"texture":"#1"},"south":{"uv":[6,2,6.83333,3.5],"texture":"#1"},"west":{"uv":[0,6.66667,0.83333,8.16667],"texture":"#1"},"up":{"uv":[11.5,5.5,10.66667,4.66667],"texture":"#1"},"down":{"uv":[11.5,6.66667,10.66667,7.5],"texture":"#1"}}},{"from":[7.4528,13.00361,3.44998],"to":[8.5472,14.09801,5.63878],"rotation":{"angle":-22.5,"axis":"x","origin":[8,12.30041,3.03845]},"faces":{"north":{"uv":[0,12.66667,0.66667,13.33333],"texture":"#1"},"east":{"uv":[8,7.33333,9.5,8],"texture":"#1"},"south":{"uv":[12.66667,0,13.33333,0.66667],"texture":"#1"},"west":{"uv":[8.66667,2.66667,10.16667,3.33333],"texture":"#1"},"up":{"uv":[9.33333,9.5,8.66667,8],"texture":"#1"},"down":{"uv":[3.33333,9.33333,2.66667,10.83333],"texture":"#1"}}},{"from":[7.54035,12.83531,2.26693],"to":[8.45965,13.75461,4.10553],"rotation":{"angle":-45,"axis":"x","origin":[8,12.30041,3.03845]},"faces":{"north":{"uv":[0.66667,12.66667,1.33333,13.33333],"texture":"#1"},"east":{"uv":[10,2,11.16667,2.66667],"texture":"#1"},"west":{"uv":[10,6,11.16667,6.66667],"texture":"#1"},"up":{"uv":[6.66667,11.16667,6,10],"texture":"#1"},"down":{"uv":[10.66667,6.66667,10,7.83333],"texture":"#1"}}},{"from":[7.62309,10.621,1.45743],"to":[8.37691,12.12864,2.21125],"rotation":{"angle":22.5,"axis":"x","origin":[8,12.30041,3.03845]},"faces":{"north":{"uv":[11.33333,9.33333,11.83333,10.33333],"texture":"#1"},"east":{"uv":[11.33333,10.66667,11.83333,11.66667],"texture":"#1"},"south":{"uv":[12,0,12.5,1],"texture":"#1"},"west":{"uv":[12,1.33333,12.5,2.33333],"texture":"#1"},"down":{"uv":[0.5,13.33333,0,13.83333],"texture":"#1"}}},{"from":[7.4528,13.67861,10.63622],"to":[8.5472,14.77301,12.82502],"rotation":{"angle":0,"axis":"x","origin":[8,14.22581,11.73062]},"faces":{"north":{"uv":[12.66667,0.66667,13.33333,1.33333],"texture":"#1"},"east":{"uv":[9.33333,3.33333,10.83333,4],"texture":"#1"},"south":{"uv":[1.33333,12.66667,2,13.33333],"texture":"#1"},"west":{"uv":[9.33333,4,10.83333,4.66667],"texture":"#1"},"up":{"uv":[4,10.83333,3.33333,9.33333],"texture":"#1"},"down":{"uv":[8,9.33333,7.33333,10.83333],"texture":"#1"}}},{"from":[7.54035,14.01616,12.71132],"to":[8.45965,14.93546,14.54992],"rotation":{"angle":-22.5,"axis":"x","origin":[8,13.95081,13.48062]},"faces":{"east":{"uv":[0,10.66667,1.16667,11.33333],"texture":"#1"},"south":{"uv":[12.66667,1.33333,13.33333,2],"texture":"#1"},"west":{"uv":[10.66667,2.66667,11.83333,3.33333],"texture":"#1"},"up":{"uv":[9.33333,11.16667,8.66667,10],"texture":"#1"},"down":{"uv":[4.66667,10.66667,4,11.83333],"texture":"#1"}}},{"from":[7.5554,12.9149,6.08448],"to":[8.4446,14.1233,6.97368],"rotation":{"angle":-22.5,"axis":"x","origin":[8,12.8636,6.95658]},"faces":{"north":{"uv":[4.66667,10.66667,5.33333,11.5],"texture":"#1"},"east":{"uv":[6.66667,10.66667,7.33333,11.5],"texture":"#1"},"south":{"uv":[8,10.66667,8.66667,11.5],"texture":"#1"},"west":{"uv":[10.66667,9.33333,11.33333,10.16667],"texture":"#1"},"down":{"uv":[2.66667,12.66667,2,13.33333],"texture":"#1"}}},{"from":[7.671,12.03724,6.20764],"to":[8.329,12.93145,6.86565],"rotation":{"angle":0,"axis":"x","origin":[8,12.31334,6.50815]},"faces":{"north":{"uv":[5.33333,12.66667,5.83333,13.33333],"texture":"#1"},"east":{"uv":[12.66667,5.33333,13.16667,6],"texture":"#1"},"south":{"uv":[6,12.66667,6.5,13.33333],"texture":"#1"},"west":{"uv":[12.66667,6,13.16667,6.66667],"texture":"#1"},"down":{"uv":[13.83333,0,13.33333,0.5],"texture":"#1"}}},{"from":[7.5554,14.99773,3.78772],"to":[8.4446,16.20613,4.67692],"rotation":{"angle":-22.5,"axis":"x","origin":[8,16.02998,4.27196]},"faces":{"north":{"uv":[10.66667,10.66667,11.33333,11.5],"texture":"#1"},"east":{"uv":[0,11.33333,0.66667,12.16667],"texture":"#1"},"south":{"uv":[11.33333,0,12,0.83333],"texture":"#1"},"west":{"uv":[0.66667,11.33333,1.33333,12.16667],"texture":"#1"},"up":{"uv":[13.33333,2.66667,12.66667,2],"texture":"#1"}}},{"from":[7.671,15.9935,3.84427],"to":[8.329,16.88772,4.50228],"rotation":{"angle":0,"axis":"x","origin":[8,16.02998,4.27196]},"faces":{"north":{"uv":[6.66667,12.66667,7.16667,13.33333],"texture":"#1"},"east":{"uv":[12.66667,6.66667,13.16667,7.33333],"texture":"#1"},"south":{"uv":[7.33333,12.66667,7.83333,13.33333],"texture":"#1"},"west":{"uv":[12.66667,7.33333,13.16667,8],"texture":"#1"},"up":{"uv":[1.16667,13.83333,0.66667,13.33333],"texture":"#1"}}},{"from":[7.75,9.85,7],"to":[8.25,13.85,9],"rotation":{"angle":0,"axis":"y","origin":[8.25,12.95,8]},"faces":{"north":{"uv":[1.33333,10,1.66667,12.66667],"texture":"#1"},"east":{"uv":[4.66667,0,6,2.66667],"texture":"#1"},"south":{"uv":[2,10,2.33333,12.66667],"texture":"#1"},"west":{"uv":[4.66667,2.66667,6,5.33333],"texture":"#1"}}},{"from":[7.7375,9.01841,7],"to":[8.2625,10.44341,8.425],"rotation":{"angle":45,"axis":"x","origin":[7.9875,9.44341,8]},"faces":{"north":{"uv":[8,12.66667,8.33333,13.66667],"texture":"#1"},"east":{"uv":[9.33333,8,10.33333,9],"texture":"#1"},"south":{"uv":[12.66667,8,13,9],"texture":"#1"},"west":{"uv":[9.33333,9.33333,10.33333,10.33333],"texture":"#1"},"up":{"uv":[9,13.66667,8.66667,12.66667],"texture":"#1"},"down":{"uv":[9.66667,12.66667,9.33333,13.66667],"texture":"#1"}}},{"from":[8,9.05,-0.475],"to":[8,13.05,6.525],"rotation":{"angle":-22.5,"axis":"x","origin":[8,12.30041,3.03845]},"faces":{"north":{"uv":[0,0,0,2.66667],"texture":"#1"},"east":{"uv":[4.66667,0,0,2.66667],"texture":"#1"},"south":{"uv":[0,0,0,2.66667],"texture":"#1"},"west":{"uv":[0,0,4.66667,2.66667],"texture":"#1"},"up":{"uv":[0,4.66667,0,0],"texture":"#1"},"down":{"uv":[0,0,0,4.66667],"texture":"#1"}}},{"from":[8,11.725,9.25],"to":[8,15.725,16.25],"rotation":{"angle":0,"axis":"y","origin":[8,0,0]},"faces":{"north":{"uv":[0,0,0,2.66667],"texture":"#1"},"east":{"uv":[4.66667,2.66667,0,5.33333],"texture":"#1"},"south":{"uv":[0,0,0,2.66667],"texture":"#1"},"west":{"uv":[0,2.66667,4.66667,5.33333],"texture":"#1"},"up":{"uv":[0,4.66667,0,0],"texture":"#1"},"down":{"uv":[0,0,0,4.66667],"texture":"#1"}}},{"from":[7.5,13.75,8.75],"to":[8.5,14.75,10.75],"rotation":{"angle":-22.5,"axis":"x","origin":[8,14.25,9.75]},"faces":{"north":{"uv":[2.66667,12.66667,3.33333,13.33333],"texture":"#1"},"east":{"uv":[10,0.66667,11.33333,1.33333],"texture":"#1"},"west":{"uv":[10,1.33333,11.33333,2],"texture":"#1"},"up":{"uv":[10.66667,6,10,4.66667],"texture":"#1"},"down":{"uv":[6,10,5.33333,11.33333],"texture":"#1"}}},{"from":[7.43,13.33581,10.08562],"to":[8.57,15.61581,11.22562],"rotation":{"angle":45,"axis":"x","origin":[8,14.47581,10.65562]},"faces":{"north":{"uv":[1.33333,6.66667,2.16667,8.16667],"texture":"#1"},"east":{"uv":[6.66667,4,7.5,5.5],"texture":"#1"},"south":{"uv":[6.66667,6,7.5,7.5],"texture":"#1"},"west":{"uv":[7.33333,0,8.16667,1.5],"texture":"#1"},"up":{"uv":[11.5,8.83333,10.66667,8],"texture":"#1"},"down":{"uv":[10.16667,10.66667,9.33333,11.5],"texture":"#1"}}},{"from":[7.5554,12.9149,9.02632],"to":[8.4446,14.1233,9.91552],"rotation":{"angle":22.5,"axis":"x","origin":[8,12.8636,9.04342]},"faces":{"north":{"uv":[11.33333,1.33333,12,2.16667],"texture":"#1"},"east":{"uv":[2.66667,11.33333,3.33333,12.16667],"texture":"#1"},"south":{"uv":[3.33333,11.33333,4,12.16667],"texture":"#1"},"west":{"uv":[11.33333,3.33333,12,4.16667],"texture":"#1"},"down":{"uv":[13.33333,2.66667,12.66667,3.33333],"texture":"#1"}}},{"from":[7.671,12.03724,9.13435],"to":[8.329,12.93145,9.79236],"rotation":{"angle":0,"axis":"x","origin":[8,12.31334,9.49185]},"faces":{"north":{"uv":[12.66667,9.33333,13.16667,10],"texture":"#1"},"east":{"uv":[10,12.66667,10.5,13.33333],"texture":"#1"},"south":{"uv":[12.66667,10,13.16667,10.66667],"texture":"#1"},"west":{"uv":[10.66667,12.66667,11.16667,13.33333],"texture":"#1"},"down":{"uv":[13.83333,0.66667,13.33333,1.16667],"texture":"#1"}}},{"from":[7.5554,14.99773,11.32308],"to":[8.4446,16.20613,12.21228],"rotation":{"angle":22.5,"axis":"x","origin":[8,16.02998,11.72804]},"faces":{"north":{"uv":[5.33333,11.33333,6,12.16667],"texture":"#1"},"east":{"uv":[6,11.33333,6.66667,12.16667],"texture":"#1"},"south":{"uv":[7.33333,11.33333,8,12.16667],"texture":"#1"},"west":{"uv":[8.66667,11.33333,9.33333,12.16667],"texture":"#1"},"up":{"uv":[4,13.33333,3.33333,12.66667],"texture":"#1"}}},{"from":[7.671,15.9935,11.49772],"to":[8.329,16.88772,12.15573],"rotation":{"angle":0,"axis":"x","origin":[8,16.02998,11.72804]},"faces":{"north":{"uv":[12.66667,10.66667,13.16667,11.33333],"texture":"#1"},"east":{"uv":[11.33333,12.66667,11.83333,13.33333],"texture":"#1"},"south":{"uv":[12.66667,11.33333,13.16667,12],"texture":"#1"},"west":{"uv":[12,12.66667,12.5,13.33333],"texture":"#1"},"up":{"uv":[1.83333,13.83333,1.33333,13.33333],"texture":"#1"}}},{"from":[7.3,11,-0.475],"to":[7.3,14,10.525],"rotation":{"angle":-22.5,"axis":"x","origin":[7.3,13,5.025]},"faces":{"north":{"uv":[0,0,0,2],"rotation":180,"texture":"#2"},"south":{"uv":[0,2,0,0],"texture":"#2"},"west":{"uv":[0,0,4,14.66667],"rotation":90,"texture":"#2"},"up":{"uv":[0,0,0,7.33333],"rotation":180,"texture":"#2"},"down":{"uv":[0,0,0,7.33333],"texture":"#2"}}},{"from":[8.7,11,-0.475],"to":[8.7,14,10.525],"rotation":{"angle":-22.5,"axis":"x","origin":[8.7,13,5.025]},"faces":{"north":{"uv":[0,0,0,2],"rotation":180,"texture":"#2"},"east":{"uv":[0,14.66667,4,0],"rotation":90,"texture":"#2"},"south":{"uv":[0,2,0,0],"texture":"#2"},"up":{"uv":[0,0,0,7.33333],"rotation":180,"texture":"#2"},"down":{"uv":[0,0,0,7.33333],"texture":"#2"}}}],"gui_light":"front","display":{"thirdperson_righthand":{"translation":[0,2.75,1]},"thirdperson_lefthand":{"translation":[0,2.75,1]},"firstperson_righthand":{"rotation":[-10,0,0],"translation":[-1.75,4.25,0.75]},"firstperson_lefthand":{"rotation":[-10,0,0],"translation":[-1.75,4.25,0.75]},"ground":{"translation":[0,9.25,0]},"gui":{"rotation":[-90,45,90],"translation":[1.25,-1.25,0],"scale":[0.9961,0.9961,0.9961]},"head":{"scale":[0,0,0]},"fixed":{"rotation":[0,-90,0],"translation":[0,-0.5,-2],"scale":[2.50781,2.50781,2.50781]}}}