{"overrides":[{"predicate":{"custom_model_data":1},"model":"modelengine:ecnpcs-elf_empire-archer/rightthigh"},{"predicate":{"custom_model_data":2},"model":"modelengine:ecnpcs-elf_empire-archer/leftthigh"},{"predicate":{"custom_model_data":3},"model":"modelengine:ecnpcs-elf_empire-archer/bone"},{"predicate":{"custom_model_data":4},"model":"modelengine:ecnpcs-elf_empire-archer/arrow2"},{"predicate":{"custom_model_data":5},"model":"modelengine:ecnpcs-elf_empire-archer/rightleg"},{"predicate":{"custom_model_data":6},"model":"modelengine:ecnpcs-elf_empire-archer/leftleg"},{"predicate":{"custom_model_data":7},"model":"modelengine:ecnpcs-elf_empire-archer/head"},{"predicate":{"custom_model_data":8},"model":"modelengine:ecnpcs-elf_empire-archer/veil"},{"predicate":{"custom_model_data":9},"model":"modelengine:ecnpcs-elf_empire-archer/bone2"},{"predicate":{"custom_model_data":10},"model":"modelengine:ecnpcs-elf_empire-archer/bone6"},{"predicate":{"custom_model_data":11},"model":"modelengine:ecnpcs-elf_empire-archer/bone4"},{"predicate":{"custom_model_data":12},"model":"modelengine:ecnpcs-elf_empire-archer/rightfoot"},{"predicate":{"custom_model_data":13},"model":"modelengine:ecnpcs-elf_empire-archer/leftfoot"},{"predicate":{"custom_model_data":14},"model":"modelengine:ecnpcs-elf_empire-archer/hair3"},{"predicate":{"custom_model_data":15},"model":"modelengine:ecnpcs-elf_empire-archer/bone9"},{"predicate":{"custom_model_data":16},"model":"modelengine:ecnpcs-elf_empire-archer/leftforarm"},{"predicate":{"custom_model_data":17},"model":"modelengine:ecnpcs-elf_empire-archer/rightforarm"},{"predicate":{"custom_model_data":18},"model":"modelengine:ecnpcs-elf_empire-archer/hair2"},{"predicate":{"custom_model_data":19},"model":"modelengine:ecnpcs-elf_empire-archer/hand"},{"predicate":{"custom_model_data":20},"model":"modelengine:ecnpcs-elf_empire-archer/hand2"},{"predicate":{"custom_model_data":21},"model":"modelengine:ecnpcs-elf_empire-archer/arrow"},{"predicate":{"custom_model_data":22},"model":"modelengine:ecnpcs-elf_empire-archer/roop"},{"predicate":{"custom_model_data":23},"model":"modelengine:ecnpcs-elf_empire-archer/roop2"},{"predicate":{"custom_model_data":24},"model":"modelengine:ecnpcs-elf_empire-guard/rightthigh"},{"predicate":{"custom_model_data":25},"model":"modelengine:ecnpcs-elf_empire-guard/leftthigh"},{"predicate":{"custom_model_data":26},"model":"modelengine:ecnpcs-elf_empire-guard/bone"},{"predicate":{"custom_model_data":27},"model":"modelengine:ecnpcs-elf_empire-guard/rightleg"},{"predicate":{"custom_model_data":28},"model":"modelengine:ecnpcs-elf_empire-guard/leftleg"},{"predicate":{"custom_model_data":29},"model":"modelengine:ecnpcs-elf_empire-guard/head"},{"predicate":{"custom_model_data":30},"model":"modelengine:ecnpcs-elf_empire-guard/veil"},{"predicate":{"custom_model_data":31},"model":"modelengine:ecnpcs-elf_empire-guard/bone10"},{"predicate":{"custom_model_data":32},"model":"modelengine:ecnpcs-elf_empire-guard/bone8"},{"predicate":{"custom_model_data":33},"model":"modelengine:ecnpcs-elf_empire-guard/rightfoot"},{"predicate":{"custom_model_data":34},"model":"modelengine:ecnpcs-elf_empire-guard/leftfoot"},{"predicate":{"custom_model_data":35},"model":"modelengine:ecnpcs-elf_empire-guard/eyesbrown"},{"predicate":{"custom_model_data":36},"model":"modelengine:ecnpcs-elf_empire-guard/leftforarm"},{"predicate":{"custom_model_data":37},"model":"modelengine:ecnpcs-elf_empire-guard/rightforarm2"},{"predicate":{"custom_model_data":38},"model":"modelengine:ecnpcs-elf_empire-guard/hand4"},{"predicate":{"custom_model_data":39},"model":"modelengine:ecnpcs-elf_empire-guard/hand3"},{"predicate":{"custom_model_data":40},"model":"modelengine:ecnpcs-elf_empire-guard/shields"},{"predicate":{"custom_model_data":41},"model":"modelengine:ecnpcs-elf_empire-guard/bone9"},{"predicate":{"custom_model_data":42},"model":"modelengine:ecnpcs-elf_empire-guard/slashfx"},{"predicate":{"custom_model_data":43},"model":"modelengine:ecnpcs-elf_empire-mage/fx2"},{"predicate":{"custom_model_data":44},"model":"modelengine:ecnpcs-elf_empire-mage/rightthigh"},{"predicate":{"custom_model_data":45},"model":"modelengine:ecnpcs-elf_empire-mage/leftthigh"},{"predicate":{"custom_model_data":46},"model":"modelengine:ecnpcs-elf_empire-mage/bone"},{"predicate":{"custom_model_data":47},"model":"modelengine:ecnpcs-elf_empire-mage/rightleg"},{"predicate":{"custom_model_data":48},"model":"modelengine:ecnpcs-elf_empire-mage/leftleg"},{"predicate":{"custom_model_data":49},"model":"modelengine:ecnpcs-elf_empire-mage/head"},{"predicate":{"custom_model_data":50},"model":"modelengine:ecnpcs-elf_empire-mage/bone2"},{"predicate":{"custom_model_data":51},"model":"modelengine:ecnpcs-elf_empire-mage/bone6"},{"predicate":{"custom_model_data":52},"model":"modelengine:ecnpcs-elf_empire-mage/rightfoot"},{"predicate":{"custom_model_data":53},"model":"modelengine:ecnpcs-elf_empire-mage/leftfoot"},{"predicate":{"custom_model_data":54},"model":"modelengine:ecnpcs-elf_empire-mage/hair"},{"predicate":{"custom_model_data":55},"model":"modelengine:ecnpcs-elf_empire-mage/broweyes"},{"predicate":{"custom_model_data":56},"model":"modelengine:ecnpcs-elf_empire-mage/broweyes2"},{"predicate":{"custom_model_data":57},"model":"modelengine:ecnpcs-elf_empire-mage/rightforarm"},{"predicate":{"custom_model_data":58},"model":"modelengine:ecnpcs-elf_empire-mage/leftforarm"},{"predicate":{"custom_model_data":59},"model":"modelengine:ecnpcs-elf_empire-mage/bone4"},{"predicate":{"custom_model_data":60},"model":"modelengine:ecnpcs-elf_empire-mage/hand"},{"predicate":{"custom_model_data":61},"model":"modelengine:ecnpcs-elf_empire-mage/hand2"},{"predicate":{"custom_model_data":62},"model":"modelengine:ecnpcs-elf_empire-mage/bone5"},{"predicate":{"custom_model_data":63},"model":"modelengine:ecnpcs-elf_empire-mage/wand"},{"predicate":{"custom_model_data":64},"model":"modelengine:ecnpcs-elf_empire-mage/vfx"},{"predicate":{"custom_model_data":65},"model":"modelengine:ecnpcs-elf_empire-mage/bone8"},{"predicate":{"custom_model_data":66},"model":"modelengine:ecnpcs-elf_empire-merchant/rightthigh"},{"predicate":{"custom_model_data":67},"model":"modelengine:ecnpcs-elf_empire-merchant/leftthigh"},{"predicate":{"custom_model_data":68},"model":"modelengine:ecnpcs-elf_empire-merchant/bone"},{"predicate":{"custom_model_data":69},"model":"modelengine:ecnpcs-elf_empire-merchant/rightleg"},{"predicate":{"custom_model_data":70},"model":"modelengine:ecnpcs-elf_empire-merchant/leftleg"},{"predicate":{"custom_model_data":71},"model":"modelengine:ecnpcs-elf_empire-merchant/head"},{"predicate":{"custom_model_data":72},"model":"modelengine:ecnpcs-elf_empire-merchant/asset2"},{"predicate":{"custom_model_data":73},"model":"modelengine:ecnpcs-elf_empire-merchant/paper"},{"predicate":{"custom_model_data":74},"model":"modelengine:ecnpcs-elf_empire-merchant/veil"},{"predicate":{"custom_model_data":75},"model":"modelengine:ecnpcs-elf_empire-merchant/bone2"},{"predicate":{"custom_model_data":76},"model":"modelengine:ecnpcs-elf_empire-merchant/asset"},{"predicate":{"custom_model_data":77},"model":"modelengine:ecnpcs-elf_empire-merchant/bone8"},{"predicate":{"custom_model_data":78},"model":"modelengine:ecnpcs-elf_empire-merchant/rightfoot"},{"predicate":{"custom_model_data":79},"model":"modelengine:ecnpcs-elf_empire-merchant/leftfoot"},{"predicate":{"custom_model_data":80},"model":"modelengine:ecnpcs-elf_empire-merchant/bone6"},{"predicate":{"custom_model_data":81},"model":"modelengine:ecnpcs-elf_empire-merchant/leftforarm2"},{"predicate":{"custom_model_data":82},"model":"modelengine:ecnpcs-elf_empire-merchant/rightforarm2"},{"predicate":{"custom_model_data":83},"model":"modelengine:ecnpcs-elf_empire-merchant/hand2"},{"predicate":{"custom_model_data":84},"model":"modelengine:ecnpcs-elf_empire-merchant/hand3"},{"predicate":{"custom_model_data":85},"model":"modelengine:ecnpcs-elf_empire-merchant/bone9"},{"predicate":{"custom_model_data":86},"model":"modelengine:ecnpcs-fx-holly_buff/bone4"},{"predicate":{"custom_model_data":87},"model":"modelengine:ecnpcs-fx-holly_buff/bone3"},{"predicate":{"custom_model_data":88},"model":"modelengine:ecnpcs-fx-holy_cutter/group"},{"predicate":{"custom_model_data":89},"model":"modelengine:ecnpcs-fx-light_arrow/arrow"},{"predicate":{"custom_model_data":90},"model":"modelengine:ecnpcs-dryad_forest-archer/rightthigh"},{"predicate":{"custom_model_data":91},"model":"modelengine:ecnpcs-dryad_forest-archer/leftthigh"},{"predicate":{"custom_model_data":92},"model":"modelengine:ecnpcs-dryad_forest-archer/bone"},{"predicate":{"custom_model_data":93},"model":"modelengine:ecnpcs-dryad_forest-archer/rightleg"},{"predicate":{"custom_model_data":94},"model":"modelengine:ecnpcs-dryad_forest-archer/leftleg"},{"predicate":{"custom_model_data":95},"model":"modelengine:ecnpcs-dryad_forest-archer/head"},{"predicate":{"custom_model_data":96},"model":"modelengine:ecnpcs-dryad_forest-archer/bone2"},{"predicate":{"custom_model_data":97},"model":"modelengine:ecnpcs-dryad_forest-archer/bone6"},{"predicate":{"custom_model_data":98},"model":"modelengine:ecnpcs-dryad_forest-archer/bone8"},{"predicate":{"custom_model_data":99},"model":"modelengine:ecnpcs-dryad_forest-archer/rightfoot"},{"predicate":{"custom_model_data":100},"model":"modelengine:ecnpcs-dryad_forest-archer/leftfoot"},{"predicate":{"custom_model_data":101},"model":"modelengine:ecnpcs-dryad_forest-archer/leftforarm2"},{"predicate":{"custom_model_data":102},"model":"modelengine:ecnpcs-dryad_forest-archer/rightforarm2"},{"predicate":{"custom_model_data":103},"model":"modelengine:ecnpcs-dryad_forest-archer/hand2"},{"predicate":{"custom_model_data":104},"model":"modelengine:ecnpcs-dryad_forest-archer/hand3"},{"predicate":{"custom_model_data":105},"model":"modelengine:ecnpcs-dryad_forest-archer/bone9"},{"predicate":{"custom_model_data":106},"model":"modelengine:ecnpcs-dryad_forest-guard/rightthigh"},{"predicate":{"custom_model_data":107},"model":"modelengine:ecnpcs-dryad_forest-guard/leftthigh"},{"predicate":{"custom_model_data":108},"model":"modelengine:ecnpcs-dryad_forest-guard/bone"},{"predicate":{"custom_model_data":109},"model":"modelengine:ecnpcs-dryad_forest-guard/rightleg"},{"predicate":{"custom_model_data":110},"model":"modelengine:ecnpcs-dryad_forest-guard/leftleg"},{"predicate":{"custom_model_data":111},"model":"modelengine:ecnpcs-dryad_forest-guard/head"},{"predicate":{"custom_model_data":112},"model":"modelengine:ecnpcs-dryad_forest-guard/veil"},{"predicate":{"custom_model_data":113},"model":"modelengine:ecnpcs-dryad_forest-guard/rightarm"},{"predicate":{"custom_model_data":114},"model":"modelengine:ecnpcs-dryad_forest-guard/leftarm"},{"predicate":{"custom_model_data":115},"model":"modelengine:ecnpcs-dryad_forest-guard/rightfoot"},{"predicate":{"custom_model_data":116},"model":"modelengine:ecnpcs-dryad_forest-guard/leftfoot"},{"predicate":{"custom_model_data":117},"model":"modelengine:ecnpcs-dryad_forest-guard/rightforarm2"},{"predicate":{"custom_model_data":118},"model":"modelengine:ecnpcs-dryad_forest-guard/leftforarm2"},{"predicate":{"custom_model_data":119},"model":"modelengine:ecnpcs-dryad_forest-guard/hand3"},{"predicate":{"custom_model_data":120},"model":"modelengine:ecnpcs-dryad_forest-guard/hand2"},{"predicate":{"custom_model_data":121},"model":"modelengine:ecnpcs-dryad_forest-guard/fx"},{"predicate":{"custom_model_data":122},"model":"modelengine:ecnpcs-dryad_forest-mage/rightthigh"},{"predicate":{"custom_model_data":123},"model":"modelengine:ecnpcs-dryad_forest-mage/leftthigh"},{"predicate":{"custom_model_data":124},"model":"modelengine:ecnpcs-dryad_forest-mage/bone"},{"predicate":{"custom_model_data":125},"model":"modelengine:ecnpcs-dryad_forest-mage/rightleg"},{"predicate":{"custom_model_data":126},"model":"modelengine:ecnpcs-dryad_forest-mage/leftleg"},{"predicate":{"custom_model_data":127},"model":"modelengine:ecnpcs-dryad_forest-mage/head"},{"predicate":{"custom_model_data":128},"model":"modelengine:ecnpcs-dryad_forest-mage/bone2"},{"predicate":{"custom_model_data":129},"model":"modelengine:ecnpcs-dryad_forest-mage/bone8"},{"predicate":{"custom_model_data":130},"model":"modelengine:ecnpcs-dryad_forest-mage/rightfoot"},{"predicate":{"custom_model_data":131},"model":"modelengine:ecnpcs-dryad_forest-mage/leftfoot"},{"predicate":{"custom_model_data":132},"model":"modelengine:ecnpcs-dryad_forest-mage/leftforarm2"},{"predicate":{"custom_model_data":133},"model":"modelengine:ecnpcs-dryad_forest-mage/rightforarm2"},{"predicate":{"custom_model_data":134},"model":"modelengine:ecnpcs-dryad_forest-mage/hand2"},{"predicate":{"custom_model_data":135},"model":"modelengine:ecnpcs-dryad_forest-mage/hand3"},{"predicate":{"custom_model_data":136},"model":"modelengine:ecnpcs-dryad_forest-mage/beam"},{"predicate":{"custom_model_data":137},"model":"modelengine:ecnpcs-dryad_forest-merchant/rightthigh"},{"predicate":{"custom_model_data":138},"model":"modelengine:ecnpcs-dryad_forest-merchant/leftthigh"},{"predicate":{"custom_model_data":139},"model":"modelengine:ecnpcs-dryad_forest-merchant/bone"},{"predicate":{"custom_model_data":140},"model":"modelengine:ecnpcs-dryad_forest-merchant/rightleg"},{"predicate":{"custom_model_data":141},"model":"modelengine:ecnpcs-dryad_forest-merchant/leftleg"},{"predicate":{"custom_model_data":142},"model":"modelengine:ecnpcs-dryad_forest-merchant/head"},{"predicate":{"custom_model_data":143},"model":"modelengine:ecnpcs-dryad_forest-merchant/rightarm"},{"predicate":{"custom_model_data":144},"model":"modelengine:ecnpcs-dryad_forest-merchant/leftarm"},{"predicate":{"custom_model_data":145},"model":"modelengine:ecnpcs-dryad_forest-merchant/rightfoot"},{"predicate":{"custom_model_data":146},"model":"modelengine:ecnpcs-dryad_forest-merchant/leftfoot"},{"predicate":{"custom_model_data":147},"model":"modelengine:ecnpcs-dryad_forest-merchant/rightforarm2"},{"predicate":{"custom_model_data":148},"model":"modelengine:ecnpcs-dryad_forest-merchant/leftforarm2"},{"predicate":{"custom_model_data":149},"model":"modelengine:ecnpcs-dryad_forest-merchant/hand3"},{"predicate":{"custom_model_data":150},"model":"modelengine:ecnpcs-dryad_forest-merchant/hand2"},{"predicate":{"custom_model_data":151},"model":"modelengine:ecnpcs-fx-chomper/chomper"},{"predicate":{"custom_model_data":152},"model":"modelengine:ecnpcs-fx-chomper/left"},{"predicate":{"custom_model_data":153},"model":"modelengine:ecnpcs-fx-chomper/right"},{"predicate":{"custom_model_data":154},"model":"modelengine:ecnpcs-fx-vines_arrow/arrow"}],"parent":"minecraft:item/generated","textures":{"layer0":"minecraft:item/leather_horse_armor"}}