{"parent":"minecraft:item/handheld","textures":{"layer0":"minecraft:item/netherite_hoe"},"overrides":[{"predicate":{"custom_model_data":10000},"model":"cosmo_pack:hoe"},{"predicate":{"custom_model_data":10001},"model":"elitecreatures:azgad_weapon/hoe"},{"predicate":{"custom_model_data":10002},"model":"starlight:hoe"},{"predicate":{"custom_model_data":10003},"model":"malikaset:hoe"},{"predicate":{"custom_model_data":10004},"model":"radiance_collection:hoe"},{"predicate":{"custom_model_data":10005},"model":"frighten_set:frighten_set/hoe"},{"predicate":{"custom_model_data":10006},"model":"azureset:hoe"},{"predicate":{"custom_model_data":10007},"model":"item/netherite_hoe"}]}