{"textures":{"0":"modelengine:entity/ecnpcs-dryad_guard"},"elements":[{"from":[7.15,0.9300003,5.7799997],"to":[10.85,9.07,10.22],"faces":{"east":{"uv":[8.125,8.0,8.625,9.0],"tintindex":0,"rotation":0,"texture":"#0"},"south":{"uv":[4.0,8.375,4.5,9.375],"tintindex":0,"rotation":0,"texture":"#0"},"north":{"uv":[3.5,8.125,4.0,9.125],"tintindex":0,"rotation":0,"texture":"#0"},"west":{"uv":[4.5,8.375,5.0,9.375],"tintindex":0,"rotation":0,"texture":"#0"},"up":{"uv":[6.75,11.0,6.25,10.5],"tintindex":0,"rotation":0,"texture":"#0"},"down":{"uv":[11.0,6.5,10.5,7.0],"tintindex":0,"rotation":0,"texture":"#0"}}}],"display":{"gui":{"rotation":[30,225,0]}}}