{"textures":{"0":"modelengine:entity/ecnpcs-dryad_guard"},"elements":[{"from":[7.0,5.81765,5.5085998],"to":[9.0,8.31765,10.0086],"faces":{"east":{"uv":[8.375,7.25,9.0,7.625],"tintindex":0,"rotation":0,"texture":"#0"},"south":{"uv":[5.0,10.875,5.25,11.25],"tintindex":0,"rotation":0,"texture":"#0"},"north":{"uv":[10.875,1.25,11.125,1.625],"tintindex":0,"rotation":0,"texture":"#0"},"west":{"uv":[8.625,4.375,9.25,4.75],"tintindex":0,"rotation":0,"texture":"#0"},"up":{"uv":[7.75,9.75,7.5,9.125],"tintindex":0,"rotation":0,"texture":"#0"},"down":{"uv":[3.5,10.625,3.25,11.25],"tintindex":0,"rotation":0,"texture":"#0"}},"rotation":{"origin":[8.0,7.31765,8.5086],"angle":-45.0,"axis":"x"}},{"from":[6.8900003,4.744,5.854],"to":[9.11,8.666,7.592],"faces":{"east":{"uv":[3.875,10.875,4.125,11.375],"tintindex":0,"rotation":0,"texture":"#0"},"south":{"uv":[4.125,10.875,4.375,11.375],"tintindex":0,"rotation":0,"texture":"#0"},"north":{"uv":[2.5,10.875,2.75,11.375],"tintindex":0,"rotation":0,"texture":"#0"},"west":{"uv":[4.375,10.875,4.625,11.375],"tintindex":0,"rotation":0,"texture":"#0"},"up":{"uv":[9.75,9.0,9.5,8.75],"tintindex":0,"rotation":0,"texture":"#0"},"down":{"uv":[9.875,2.0,9.625,2.25],"tintindex":0,"rotation":0,"texture":"#0"}},"rotation":{"origin":[8.0,6.1499996,8.592],"angle":22.5,"axis":"x"}},{"from":[6.505,4.3,5.3],"to":[9.505,6.8,7.3],"faces":{"east":{"uv":[10.875,8.75,11.125,9.125],"tintindex":0,"rotation":0,"texture":"#0"},"south":{"uv":[10.75,10.25,11.125,10.625],"tintindex":0,"rotation":0,"texture":"#0"},"north":{"uv":[7.125,10.75,7.5,11.125],"tintindex":0,"rotation":0,"texture":"#0"},"west":{"uv":[10.25,10.875,10.5,11.25],"tintindex":0,"rotation":0,"texture":"#0"},"up":{"uv":[2.875,7.25,2.5,7.0],"tintindex":0,"rotation":0,"texture":"#0"},"down":{"uv":[1.5,8.375,1.125,8.625],"tintindex":0,"rotation":0,"texture":"#0"}}}],"display":{"gui":{"rotation":[30,225,0]}}}