{"textures":{"0":"modelengine:entity/ecnpcs-chomper"},"elements":[{"from":[13.3125,8.3621435,0.9375],"to":[18.3125,8.3621435,15.6875],"faces":{"up":{"uv":[8.75,8.5,7.5,4.75],"tintindex":0,"rotation":0,"texture":"#0"},"down":{"uv":[8.75,4.75,7.5,8.5],"tintindex":0,"rotation":0,"texture":"#0"}}},{"from":[0.3125,9.318929,-11.741215],"to":[15.0625,9.318929,-6.741214],"faces":{"up":{"uv":[2.5,11.75,3.75,8.0],"tintindex":0,"rotation":90,"texture":"#0"},"down":{"uv":[2.5,8.0,3.75,11.75],"tintindex":0,"rotation":270,"texture":"#0"}},"rotation":{"origin":[7.3125,9.318929,-9.241215],"angle":-22.5,"axis":"x"}},{"from":[-11.116215,9.318929,0.9375],"to":[-6.116214,9.318929,15.6875],"faces":{"up":{"uv":[2.5,11.75,3.75,8.0],"tintindex":0,"rotation":0,"texture":"#0"},"down":{"uv":[2.5,8.0,3.75,11.75],"tintindex":0,"rotation":0,"texture":"#0"}},"rotation":{"origin":[-8.616215,9.318929,8.6875],"angle":22.5,"axis":"z"}},{"from":[22.741215,9.318929,0.9375],"to":[27.741215,9.318929,15.6875],"faces":{"up":{"uv":[3.75,11.75,2.5,8.0],"tintindex":0,"rotation":0,"texture":"#0"},"down":{"uv":[3.75,8.0,2.5,11.75],"tintindex":0,"rotation":0,"texture":"#0"}},"rotation":{"origin":[25.241215,9.318929,8.6875],"angle":-22.5,"axis":"z"}},{"from":[-1.6875,8.3621435,0.9375],"to":[3.3125,8.3621435,15.6875],"faces":{"up":{"uv":[7.5,8.5,8.75,4.75],"tintindex":0,"rotation":0,"texture":"#0"},"down":{"uv":[7.5,4.75,8.75,8.5],"tintindex":0,"rotation":0,"texture":"#0"}}},{"from":[0.3125,9.318929,17.497581],"to":[15.0625,9.318929,22.497581],"faces":{"up":{"uv":[9.25,3.75,8.0,0.0],"tintindex":0,"rotation":90,"texture":"#0"},"down":{"uv":[9.25,0.0,8.0,3.75],"tintindex":0,"rotation":270,"texture":"#0"}},"rotation":{"origin":[7.3125,9.318929,19.997581],"angle":-22.5,"axis":"x"}},{"from":[0.3125,9.318929,22.116215],"to":[15.0625,9.318929,27.116215],"faces":{"up":{"uv":[3.75,11.75,2.5,8.0],"tintindex":0,"rotation":90,"texture":"#0"},"down":{"uv":[3.75,8.0,2.5,11.75],"tintindex":0,"rotation":270,"texture":"#0"}},"rotation":{"origin":[7.3125,9.318929,24.616215],"angle":22.5,"axis":"x"}},{"from":[0.3125,8.3621435,-2.3125],"to":[15.0625,8.3621435,2.6875],"faces":{"up":{"uv":[7.5,8.5,8.75,4.75],"tintindex":0,"rotation":90,"texture":"#0"},"down":{"uv":[7.5,4.75,8.75,8.5],"tintindex":0,"rotation":270,"texture":"#0"}}},{"from":[0.3125,9.318929,-7.1225815],"to":[15.0625,9.318929,-2.1225815],"faces":{"up":{"uv":[8.0,3.75,9.25,0.0],"tintindex":0,"rotation":90,"texture":"#0"},"down":{"uv":[8.0,0.0,9.25,3.75],"tintindex":0,"rotation":270,"texture":"#0"}},"rotation":{"origin":[7.3125,9.318929,-4.6225815],"angle":22.5,"axis":"x"}},{"from":[3.3125,7.612143,5.6875],"to":[11.3125,9.6121435,10.6875],"faces":{"east":{"uv":[4.5,0.0,4.0,0.25],"tintindex":0,"rotation":0,"texture":"#0"},"south":{"uv":[4.5,0.0,4.0,0.25],"tintindex":0,"rotation":0,"texture":"#0"},"north":{"uv":[4.5,0.0,4.0,0.25],"tintindex":0,"rotation":0,"texture":"#0"},"west":{"uv":[4.5,0.0,4.0,0.25],"tintindex":0,"rotation":0,"texture":"#0"},"up":{"uv":[4.5,0.0,4.0,0.25],"tintindex":0,"rotation":0,"texture":"#0"},"down":{"uv":[4.25,1.75,3.75,2.0],"tintindex":0,"rotation":0,"texture":"#0"}}},{"from":[18.122581,9.318929,0.9375],"to":[23.122581,9.318929,15.6875],"faces":{"up":{"uv":[9.25,3.75,8.0,0.0],"tintindex":0,"rotation":0,"texture":"#0"},"down":{"uv":[9.25,0.0,8.0,3.75],"tintindex":0,"rotation":0,"texture":"#0"}},"rotation":{"origin":[20.622581,9.318929,8.6875],"angle":22.5,"axis":"z"}},{"from":[0.3125,8.3621435,12.6875],"to":[15.0625,8.3621435,17.6875],"faces":{"up":{"uv":[8.75,8.5,7.5,4.75],"tintindex":0,"rotation":90,"texture":"#0"},"down":{"uv":[8.75,4.75,7.5,8.5],"tintindex":0,"rotation":270,"texture":"#0"}}},{"from":[-6.4975815,9.318929,0.9375],"to":[-1.4975815,9.318929,15.6875],"faces":{"up":{"uv":[8.0,3.75,9.25,0.0],"tintindex":0,"rotation":0,"texture":"#0"},"down":{"uv":[8.0,0.0,9.25,3.75],"tintindex":0,"rotation":0,"texture":"#0"}},"rotation":{"origin":[-3.9975815,9.318929,8.6875],"angle":-22.5,"axis":"z"}}],"display":{"gui":{"rotation":[30,225,0]}}}