{
	"credit": "Made with Blockbench",
	"texture_size": [20, 20],
	"textures": {
		"1": "frighten_set:frighten_set/animation_4",
		"2": "frighten_set:frighten_set/fishing_rod_cast",
		"particle": "frighten_set:frighten_set/fishing_rod_cast"
	},
	"elements": [
		{
			"from": [7.39, -0.11, 7.39],
			"to": [8.61, 1.11, 8.61],
			"rotation": {"angle": 45, "axis": "x", "origin": [8, 0.5, 8]},
			"faces": {
				"north": {"uv": [8, 8, 9, 9], "texture": "#2"},
				"east": {"uv": [1.6, 8.8, 2.6, 9.8], "texture": "#2"},
				"south": {"uv": [8.8, 1.6, 9.8, 2.6], "texture": "#2"},
				"west": {"uv": [8.8, 3.2, 9.8, 4.2], "texture": "#2"},
				"up": {"uv": [9.8, 5.8, 8.8, 4.8], "texture": "#2"},
				"down": {"uv": [1, 9.6, 0, 10.6], "texture": "#2"}
			}
		},
		{
			"from": [7.5, 0, 6.4],
			"to": [8.5, 1, 7.9],
			"rotation": {"angle": 22.5, "axis": "x", "origin": [8, 0.5, 7.15]},
			"faces": {
				"north": {"uv": [10.4, 1.6, 11.2, 2.4], "texture": "#2"},
				"east": {"uv": [9.6, 0, 10.8, 0.8], "texture": "#2"},
				"south": {"uv": [2.4, 10.4, 3.2, 11.2], "texture": "#2"},
				"west": {"uv": [9.6, 0.8, 10.8, 1.6], "texture": "#2"},
				"up": {"uv": [4, 10.8, 3.2, 9.6], "texture": "#2"},
				"down": {"uv": [4.8, 9.6, 4, 10.8], "texture": "#2"}
			}
		},
		{
			"from": [7.5, 0, 8.1],
			"to": [8.5, 1, 9.6],
			"rotation": {"angle": -22.5, "axis": "x", "origin": [8, 0.5, 8.85]},
			"faces": {
				"north": {"uv": [10.4, 2.4, 11.2, 3.2], "texture": "#2"},
				"east": {"uv": [4.8, 9.6, 6, 10.4], "texture": "#2"},
				"south": {"uv": [10.4, 3.2, 11.2, 4], "texture": "#2"},
				"west": {"uv": [6.4, 9.6, 7.6, 10.4], "texture": "#2"},
				"up": {"uv": [10.4, 7.6, 9.6, 6.4], "texture": "#2"},
				"down": {"uv": [8.8, 9.6, 8, 10.8], "texture": "#2"}
			}
		},
		{
			"from": [7.45, 0.75, 7.45],
			"to": [8.55, 1.85, 8.55],
			"rotation": {"angle": 0, "axis": "y", "origin": [7.45, 0.75, 7.45]},
			"faces": {
				"north": {"uv": [10.4, 4, 11.2, 4.8], "texture": "#2"},
				"east": {"uv": [4.8, 10.4, 5.6, 11.2], "texture": "#2"},
				"south": {"uv": [10.4, 4.8, 11.2, 5.6], "texture": "#2"},
				"west": {"uv": [5.6, 10.4, 6.4, 11.2], "texture": "#2"},
				"up": {"uv": [11.2, 6.4, 10.4, 5.6], "texture": "#2"},
				"down": {"uv": [7.2, 10.4, 6.4, 11.2], "texture": "#2"}
			}
		},
		{
			"from": [7.45, 4.85, 7.45],
			"to": [8.55, 5.95, 8.55],
			"rotation": {"angle": 0, "axis": "y", "origin": [7.45, 4.85, 7.45]},
			"faces": {
				"north": {"uv": [10.4, 6.4, 11.2, 7.2], "texture": "#2"},
				"east": {"uv": [7.2, 10.4, 8, 11.2], "texture": "#2"},
				"south": {"uv": [10.4, 7.2, 11.2, 8], "texture": "#2"},
				"west": {"uv": [10.4, 8, 11.2, 8.8], "texture": "#2"},
				"up": {"uv": [11.2, 9.6, 10.4, 8.8], "texture": "#2"},
				"down": {"uv": [11.2, 9.6, 10.4, 10.4], "texture": "#2"}
			}
		},
		{
			"from": [7.5, 1.85, 7.5],
			"to": [8.5, 4.85, 8.5],
			"rotation": {"angle": 0, "axis": "y", "origin": [6.95, -4.3, 6.95]},
			"faces": {
				"north": {"uv": [1.6, 6.4, 2.4, 8.8], "texture": "#2"},
				"east": {"uv": [6.4, 1.6, 7.2, 4], "texture": "#2"},
				"south": {"uv": [2.4, 6.4, 3.2, 8.8], "texture": "#2"},
				"west": {"uv": [6.4, 4, 7.2, 6.4], "texture": "#2"},
				"up": {"uv": [11.2, 11.2, 10.4, 10.4], "texture": "#2"},
				"down": {"uv": [0.8, 11.2, 0, 12], "texture": "#2"}
			}
		},
		{
			"from": [7.4, 5.7, 7],
			"to": [8.6, 7.7, 9],
			"rotation": {"angle": -45, "axis": "x", "origin": [8, 6.7, 8]},
			"faces": {
				"north": {"uv": [6.4, 6.4, 7.4, 8], "texture": "#2"},
				"east": {"uv": [0, 6.4, 1.6, 8], "texture": "#2"},
				"south": {"uv": [7.2, 1.6, 8.2, 3.2], "texture": "#2"},
				"west": {"uv": [6.4, 0, 8, 1.6], "texture": "#2"},
				"up": {"uv": [8.2, 4.8, 7.2, 3.2], "texture": "#2"},
				"down": {"uv": [8.2, 4.8, 7.2, 6.4], "texture": "#2"}
			}
		},
		{
			"from": [7.2, 5.9, 7.2],
			"to": [8.8, 7.5, 8.8],
			"rotation": {"angle": -45, "axis": "x", "origin": [8, 6.7, 8]},
			"faces": {
				"north": {"uv": [0, 8, 1.2, 9.2], "texture": "#2"},
				"east": {"uv": [8, 0, 9.2, 1.2], "texture": "#2"},
				"south": {"uv": [3.2, 8, 4.4, 9.2], "texture": "#2"},
				"west": {"uv": [4.8, 8, 6, 9.2], "texture": "#2"},
				"up": {"uv": [7.6, 9.2, 6.4, 8], "texture": "#2"},
				"down": {"uv": [9.2, 6.4, 8, 7.6], "texture": "#2"}
			}
		},
		{
			"from": [7.5, 6, 8.7],
			"to": [8.5, 7, 9.7],
			"rotation": {"angle": 0, "axis": "y", "origin": [7.5, 5, 9.7]},
			"faces": {
				"north": {"uv": [12, 0.8, 11.2, 1.6], "texture": "#2"},
				"east": {"uv": [1.6, 11.2, 0.8, 12], "texture": "#2"},
				"south": {"uv": [12, 0, 11.2, 0.8], "texture": "#2"},
				"west": {"uv": [12, 1.6, 11.2, 2.4], "texture": "#2"},
				"up": {"uv": [3.2, 11.2, 2.4, 12], "texture": "#2"},
				"down": {"uv": [12, 3.2, 11.2, 2.4], "texture": "#2"}
			}
		},
		{
			"from": [7.5, 5, 8.7],
			"to": [8.5, 6, 9.2],
			"rotation": {"angle": 0, "axis": "y", "origin": [7.5, 4, 9.7]},
			"faces": {
				"north": {"uv": [12, 3.2, 11.2, 4], "texture": "#2"},
				"east": {"uv": [12.4, 8.8, 12, 9.6], "texture": "#2"},
				"south": {"uv": [4, 11.2, 3.2, 12], "texture": "#2"},
				"west": {"uv": [10, 12, 9.6, 12.8], "texture": "#2"},
				"up": {"uv": [12.8, 9.6, 12, 10], "texture": "#2"},
				"down": {"uv": [11.2, 12.4, 10.4, 12], "texture": "#2"}
			}
		},
		{
			"from": [7.5, 8.30776, 10.07012],
			"to": [8.5, 9.30776, 10.57012],
			"rotation": {"angle": 45, "axis": "x", "origin": [8, 8.80776, 10.32012]},
			"faces": {
				"north": {"uv": [12, 4, 11.2, 4.8], "texture": "#2"},
				"east": {"uv": [12.4, 10.4, 12, 11.2], "texture": "#2"},
				"south": {"uv": [4.8, 11.2, 4, 12], "texture": "#2"},
				"west": {"uv": [12.4, 11.2, 12, 12], "texture": "#2"},
				"up": {"uv": [12.8, 12, 12, 12.4], "texture": "#2"},
				"down": {"uv": [13.6, 0.4, 12.8, 0], "texture": "#2"}
			}
		},
		{
			"from": [7.495, 6.61732, 8.62388],
			"to": [8.505, 7.61732, 9.62388],
			"rotation": {"angle": 22.5, "axis": "x", "origin": [7.52, 6.61732, 9.62388]},
			"faces": {
				"north": {"uv": [6.4, 11.2, 5.6, 12], "texture": "#2"},
				"east": {"uv": [12, 4.8, 11.2, 5.6], "texture": "#2"},
				"south": {"uv": [5.6, 11.2, 4.8, 12], "texture": "#2"},
				"west": {"uv": [12, 5.6, 11.2, 6.4], "texture": "#2"},
				"up": {"uv": [7.2, 11.2, 6.4, 12], "texture": "#2"},
				"down": {"uv": [12, 7.2, 11.2, 6.4], "texture": "#2"}
			}
		},
		{
			"from": [7.5, 7.21677, 8.78979],
			"to": [8.5, 8.21677, 9.78979],
			"rotation": {"angle": 45, "axis": "x", "origin": [7.5, 7.21677, 9.78979]},
			"faces": {
				"north": {"uv": [8.8, 11.2, 8, 12], "texture": "#2"},
				"east": {"uv": [12, 7.2, 11.2, 8], "texture": "#2"},
				"south": {"uv": [8, 11.2, 7.2, 12], "texture": "#2"},
				"west": {"uv": [12, 8, 11.2, 8.8], "texture": "#2"},
				"up": {"uv": [9.6, 11.2, 8.8, 12], "texture": "#2"},
				"down": {"uv": [12, 9.6, 11.2, 8.8], "texture": "#2"}
			}
		},
		{
			"from": [7.4, 5.7, 9.05],
			"to": [8.6, 6.2, 9.55],
			"rotation": {"angle": 45, "axis": "x", "origin": [8, 5.95, 9.3]},
			"faces": {
				"north": {"uv": [13, 1.6, 12, 2], "texture": "#2"},
				"east": {"uv": [13.2, 0.8, 12.8, 1.2], "texture": "#2"},
				"south": {"uv": [2.6, 12, 1.6, 12.4], "texture": "#2"},
				"west": {"uv": [2, 12.8, 1.6, 13.2], "texture": "#2"},
				"up": {"uv": [13, 2.4, 12, 2.8], "texture": "#2"},
				"down": {"uv": [4.2, 12.4, 3.2, 12], "texture": "#2"}
			}
		},
		{
			"from": [7.4, 8, 10.05],
			"to": [8.6, 8.5, 10.55],
			"rotation": {"angle": 45, "axis": "x", "origin": [8, 8.25, 10.3]},
			"faces": {
				"north": {"uv": [13, 4, 12, 4.4], "texture": "#2"},
				"east": {"uv": [2.8, 12.8, 2.4, 13.2], "texture": "#2"},
				"south": {"uv": [13, 3.2, 12, 3.6], "texture": "#2"},
				"west": {"uv": [3.6, 12.8, 3.2, 13.2], "texture": "#2"},
				"up": {"uv": [5.8, 12, 4.8, 12.4], "texture": "#2"},
				"down": {"uv": [13, 5.2, 12, 4.8], "texture": "#2"}
			}
		},
		{
			"from": [8, 3.725, 8.4],
			"to": [8, 8.725, 10.4],
			"rotation": {"angle": 22.5, "axis": "x", "origin": [8, 3.725, 11.4]},
			"faces": {
				"north": {"uv": [0, 0, 0, 4], "texture": "#2"},
				"east": {"uv": [4.8, 0, 3.2, 4], "texture": "#2"},
				"south": {"uv": [0, 0, 0, 4], "texture": "#2"},
				"west": {"uv": [4.8, 4, 3.2, 8], "texture": "#2"},
				"up": {"uv": [0, 0, 0, 1.6], "texture": "#2"},
				"down": {"uv": [0, 1.6, 0, 0], "texture": "#2"}
			}
		},
		{
			"from": [7.5, 9.125, 6.75],
			"to": [8.5, 9.125, 7.75],
			"rotation": {"angle": 0, "axis": "y", "origin": [7.5, 9.125, 6.75]},
			"faces": {
				"north": {"uv": [0, 0, 0.8, 0], "texture": "#2"},
				"east": {"uv": [0, 0, 0.8, 0], "texture": "#2"},
				"south": {"uv": [0, 0, 0.8, 0], "texture": "#2"},
				"west": {"uv": [0, 0, 0.8, 0], "texture": "#2"},
				"up": {"uv": [11.2, 12, 10.4, 11.2], "texture": "#2"},
				"down": {"uv": [11.2, 11.2, 10.4, 12], "texture": "#2"}
			}
		},
		{
			"from": [7.5, 11.125, 6.75],
			"to": [8.5, 11.125, 7.75],
			"rotation": {"angle": 0, "axis": "y", "origin": [7.5, 11.125, 6.75]},
			"faces": {
				"north": {"uv": [0, 0, 0.8, 0], "texture": "#2"},
				"east": {"uv": [0, 0, 0.8, 0], "texture": "#2"},
				"south": {"uv": [0, 0, 0.8, 0], "texture": "#2"},
				"west": {"uv": [0, 0, 0.8, 0], "texture": "#2"},
				"up": {"uv": [11.2, 12, 10.4, 11.2], "texture": "#2"},
				"down": {"uv": [11.2, 11.2, 10.4, 12], "texture": "#2"}
			}
		},
		{
			"from": [7.5, 12.15, 6.275],
			"to": [8.5, 12.15, 7.275],
			"rotation": {"angle": -22.5, "axis": "x", "origin": [7.5, 12.15, 6.275]},
			"faces": {
				"north": {"uv": [0, 0, 0.8, 0], "texture": "#2"},
				"east": {"uv": [0, 0, 0.8, 0], "texture": "#2"},
				"south": {"uv": [0, 0, 0.8, 0], "texture": "#2"},
				"west": {"uv": [0, 0, 0.8, 0], "texture": "#2"},
				"up": {"uv": [11.2, 12, 10.4, 11.2], "texture": "#2"},
				"down": {"uv": [11.2, 11.2, 10.4, 12], "texture": "#2"}
			}
		},
		{
			"from": [7.5, 12.825, 5.825],
			"to": [8.5, 12.825, 6.825],
			"rotation": {"angle": -45, "axis": "x", "origin": [7.5, 12.825, 5.825]},
			"faces": {
				"north": {"uv": [0, 0, 0.8, 0], "texture": "#2"},
				"east": {"uv": [0, 0, 0.8, 0], "texture": "#2"},
				"south": {"uv": [0, 0, 0.8, 0], "texture": "#2"},
				"west": {"uv": [0, 0, 0.8, 0], "texture": "#2"},
				"up": {"uv": [11.2, 12, 10.4, 11.2], "texture": "#2"},
				"down": {"uv": [11.2, 11.2, 10.4, 12], "texture": "#2"}
			}
		},
		{
			"from": [8, 6, 4],
			"to": [8, 14, 8],
			"rotation": {"angle": 0, "axis": "y", "origin": [8, 6, 4]},
			"faces": {
				"north": {"uv": [0, 0, 0, 6.4], "texture": "#2"},
				"east": {"uv": [3.2, 0, 0, 6.4], "texture": "#2"},
				"south": {"uv": [0, 0, 0, 6.4], "texture": "#2"},
				"west": {"uv": [0, 0, 3.2, 6.4], "texture": "#2"},
				"up": {"uv": [0, 3.2, 0, 0], "texture": "#2"},
				"down": {"uv": [0, 0, 0, 3.2], "texture": "#2"}
			}
		},
		{
			"from": [7.7, 12.87276, 6.25963],
			"to": [8.3, 14.37276, 6.85963],
			"rotation": {"angle": -45, "axis": "x", "origin": [8, 13.97276, 6.93463]},
			"faces": {
				"north": {"uv": [11.2, 11.2, 11.6, 12.4], "texture": "#2"},
				"east": {"uv": [0, 12, 0.4, 13.2], "texture": "#2"},
				"south": {"uv": [12, 0, 12.4, 1.2], "texture": "#2"},
				"west": {"uv": [0.8, 12, 1.2, 13.2], "texture": "#2"},
				"up": {"uv": [4.4, 13.2, 4, 12.8], "texture": "#2"},
				"down": {"uv": [5.2, 12.8, 4.8, 13.2], "texture": "#2"}
			}
		},
		{
			"from": [7.6, 11.125, 7.3],
			"to": [8.4, 13.125, 8.1],
			"rotation": {"angle": -22.5, "axis": "x", "origin": [8, 12.125, 7.7]},
			"faces": {
				"north": {"uv": [9.6, 8, 10.2, 9.6], "texture": "#2"},
				"east": {"uv": [8.8, 9.6, 9.4, 11.2], "texture": "#2"},
				"south": {"uv": [9.6, 9.6, 10.2, 11.2], "texture": "#2"},
				"west": {"uv": [1.6, 10.4, 2.2, 12], "texture": "#2"},
				"up": {"uv": [12.6, 6.2, 12, 5.6], "texture": "#2"},
				"down": {"uv": [7, 12, 6.4, 12.6], "texture": "#2"}
			}
		},
		{
			"from": [7.525, 6.3, 7.525],
			"to": [8.475, 11.4, 8.475],
			"rotation": {"angle": 0, "axis": "y", "origin": [8, 8.9, 3]},
			"faces": {
				"north": {"uv": [4.8, 0, 5.6, 4], "texture": "#2"},
				"east": {"uv": [4.8, 4, 5.6, 8], "texture": "#2"},
				"south": {"uv": [5.6, 0, 6.4, 4], "texture": "#2"},
				"west": {"uv": [5.6, 4, 6.4, 8], "texture": "#2"},
				"up": {"uv": [10.4, 12, 9.6, 11.2], "texture": "#2"},
				"down": {"uv": [12, 9.6, 11.2, 10.4], "texture": "#2"}
			}
		},
		{
			"from": [7.475, 6.1, 5.5],
			"to": [7.475, 14.1, 9.5],
			"faces": {
				"north": {"uv": [0, 0, 0, 6.4], "texture": "#1"},
				"east": {"uv": [0, 0, 0, 0], "texture": "#1"},
				"south": {"uv": [0, 0, 0, 6.4], "texture": "#1"},
				"west": {"uv": [0, 0, 7.7, 16], "texture": "#1"},
				"up": {"uv": [0, 3.2, 0, 0], "texture": "#1"},
				"down": {"uv": [0, 0, 0, 3.2], "texture": "#1"}
			}
		},
		{
			"from": [8.525, 6.1, 5.5],
			"to": [8.525, 14.1, 9.5],
			"rotation": {"angle": 0, "axis": "y", "origin": [16, 0, 0]},
			"faces": {
				"north": {"uv": [0, 0, 0, 6.4], "texture": "#1"},
				"east": {"uv": [7.7, 0, 0, 16], "texture": "#1"},
				"south": {"uv": [0, 0, 0, 6.4], "texture": "#1"},
				"west": {"uv": [0, 0, 0, 0], "texture": "#1"},
				"up": {"uv": [0, 3.2, 0, 0], "texture": "#1"},
				"down": {"uv": [0, 0, 0, 3.2], "texture": "#1"}
			}
		}
	],
	"gui_light": "front",
	"display": {
		"thirdperson_righthand": {
			"rotation": [15.75, 0, 0],
			"translation": [0, 3.25, 2],
			"scale": [1.5, 1.5, 1.5]
		},
		"thirdperson_lefthand": {
			"rotation": [15.75, 0, 0],
			"translation": [0, 3.25, 2],
			"scale": [1.5, 1.5, 1.5]
		},
		"firstperson_righthand": {
			"rotation": [-51.99, 9.54, -12.05],
			"translation": [-2.25, 5, 4.5]
		},
		"firstperson_lefthand": {
			"rotation": [-51.99, 9.54, -12.05],
			"translation": [-2.25, 5, 4.5]
		},
		"ground": {
			"rotation": [2.15, -1.8, -78.97],
			"translation": [1.75, 2.75, 0],
			"scale": [1.07227, 1.07227, 1.07227]
		},
		"gui": {
			"rotation": [90, -135, 90],
			"translation": [0.5, 1.25, 0]
		},
		"head": {
			"scale": [0, 0, 0]
		},
		"fixed": {
			"rotation": [0, -90, 0],
			"translation": [0, 4, -1.75],
			"scale": [3, 3, 3]
		}
	}
}