{"textures":{"0":"modelengine:entity/ecnpcs-dryad_archer"},"elements":[{"from":[4.5,0.8499999,4.75],"to":[5.5,1.8500004,10.75],"faces":{"east":{"uv":[10.875,5.375,9.375,5.625],"tintindex":0,"rotation":0,"texture":"#0"},"south":{"uv":[10.5,0.5,10.25,0.75],"tintindex":0,"rotation":0,"texture":"#0"},"north":{"uv":[9.375,4.375,9.125,4.625],"tintindex":0,"rotation":0,"texture":"#0"},"west":{"uv":[10.875,5.125,9.375,5.375],"tintindex":0,"rotation":0,"texture":"#0"},"up":{"uv":[5.875,10.875,6.125,9.375],"tintindex":0,"rotation":0,"texture":"#0"},"down":{"uv":[6.125,9.375,6.375,10.875],"tintindex":0,"rotation":0,"texture":"#0"}}},{"from":[5.0,-2.004015,-5.8981895],"to":[5.0,7.495985,-1.8981895],"faces":{"east":{"uv":[4.75,0.0,3.75,2.375],"tintindex":0,"rotation":0,"texture":"#0"},"west":{"uv":[3.75,2.0,2.75,4.375],"tintindex":0,"rotation":0,"texture":"#0"}},"rotation":{"origin":[5.0,2.3459854,-4.1481895],"angle":45.0,"axis":"x"}},{"from":[3.6999998,-1.7635002,10.50348],"to":[3.6999998,0.73650026,13.00348],"faces":{"east":{"uv":[9.25,7.75,9.875,7.125],"tintindex":0,"rotation":0,"texture":"#0"},"west":{"uv":[9.25,7.125,9.875,6.5],"tintindex":0,"rotation":0,"texture":"#0"}},"rotation":{"origin":[3.6999998,-0.2635002,10.00348],"angle":45.0,"axis":"x"}},{"from":[5.0,-2.004015,17.15167],"to":[5.0,7.495985,21.15167],"faces":{"east":{"uv":[3.75,0.0,4.75,2.375],"tintindex":0,"rotation":0,"texture":"#0"},"west":{"uv":[2.75,2.0,3.75,4.375],"tintindex":0,"rotation":0,"texture":"#0"}},"rotation":{"origin":[5.0,2.3459854,19.40167],"angle":-45.0,"axis":"x"}},{"from":[4.125,2.495985,17.15167],"to":[5.875,3.995985,21.65167],"faces":{"east":{"uv":[9.0,3.375,10.125,3.75],"tintindex":0,"rotation":0,"texture":"#0"},"south":{"uv":[6.75,11.125,7.125,11.5],"tintindex":0,"rotation":0,"texture":"#0"},"north":{"uv":[11.125,6.75,11.5,7.125],"tintindex":0,"rotation":0,"texture":"#0"},"west":{"uv":[1.5,4.0,2.625,4.375],"tintindex":0,"rotation":0,"texture":"#0"},"up":{"uv":[4.25,9.0,4.625,10.125],"tintindex":0,"rotation":0,"texture":"#0"},"down":{"uv":[9.0,5.75,9.375,4.625],"tintindex":0,"rotation":0,"texture":"#0"}},"rotation":{"origin":[5.0,2.3459854,19.40167],"angle":-45.0,"axis":"x"}},{"from":[3.1999998,-0.14999962,6.25],"to":[4.2,2.8500004,9.25],"faces":{"east":{"uv":[8.875,7.0,8.125,7.75],"tintindex":0,"rotation":0,"texture":"#0"},"south":{"uv":[8.375,10.75,8.125,11.5],"tintindex":0,"rotation":0,"texture":"#0"},"north":{"uv":[6.75,8.375,6.5,9.125],"tintindex":0,"rotation":0,"texture":"#0"},"west":{"uv":[6.0,8.125,5.25,8.875],"tintindex":0,"rotation":0,"texture":"#0"},"up":{"uv":[9.625,11.625,9.875,10.875],"tintindex":0,"rotation":0,"texture":"#0"},"down":{"uv":[11.0,0.5,11.25,1.25],"tintindex":0,"rotation":0,"texture":"#0"}},"rotation":{"origin":[3.6999998,1.3499999,7.75],"angle":45.0,"axis":"x"}},{"from":[3.6999998,1.8500004,5.25],"to":[3.6999998,4.3500004,7.75],"faces":{"east":{"uv":[7.75,9.125,7.125,9.75],"tintindex":0,"rotation":0,"texture":"#0"},"west":{"uv":[7.125,9.125,6.5,9.75],"tintindex":0,"rotation":0,"texture":"#0"}},"rotation":{"origin":[3.6999998,3.3500004,6.25],"angle":45.0,"axis":"x"}},{"from":[4.25,-0.14999962,0.75],"to":[5.75,1.3499999,4.75],"faces":{"east":{"uv":[2.625,9.5,1.625,9.875],"tintindex":0,"rotation":0,"texture":"#0"},"south":{"uv":[11.5,6.0,11.125,6.375],"tintindex":0,"rotation":0,"texture":"#0"},"north":{"uv":[11.5,5.625,11.125,6.0],"tintindex":0,"rotation":0,"texture":"#0"},"west":{"uv":[10.125,9.375,9.125,9.75],"tintindex":0,"rotation":0,"texture":"#0"},"up":{"uv":[2.625,10.5,3.0,9.5],"tintindex":0,"rotation":0,"texture":"#0"},"down":{"uv":[3.0,9.5,3.375,10.5],"tintindex":0,"rotation":0,"texture":"#0"}},"rotation":{"origin":[5.0,1.3499999,2.75],"angle":-22.5,"axis":"x"}},{"from":[3.6999998,-1.7635002,8.00348],"to":[3.6999998,0.73650026,10.50348],"faces":{"east":{"uv":[7.125,9.75,7.75,9.125],"tintindex":0,"rotation":0,"texture":"#0"},"west":{"uv":[6.5,9.75,7.125,9.125],"tintindex":0,"rotation":0,"texture":"#0"}},"rotation":{"origin":[3.6999998,-0.2635002,10.00348],"angle":45.0,"axis":"x"}},{"from":[3.6999998,2.3500004,10.50348],"to":[3.6999998,4.8500004,13.00348],"faces":{"east":{"uv":[9.25,7.125,9.875,7.75],"tintindex":0,"rotation":0,"texture":"#0"},"west":{"uv":[9.25,6.5,9.875,7.125],"tintindex":0,"rotation":0,"texture":"#0"}},"rotation":{"origin":[3.6999998,3.3500004,10.00348],"angle":-45.0,"axis":"x"}},{"from":[3.6999998,1.8500004,2.75],"to":[3.6999998,4.3500004,5.25],"faces":{"east":{"uv":[9.875,7.125,9.25,7.75],"tintindex":0,"rotation":0,"texture":"#0"},"west":{"uv":[9.875,6.5,9.25,7.125],"tintindex":0,"rotation":0,"texture":"#0"}},"rotation":{"origin":[3.6999998,3.3500004,6.25],"angle":45.0,"axis":"x"}},{"from":[4.625,3.6143599,-9.143776],"to":[5.375,5.11436,-4.643775],"faces":{"east":{"uv":[10.125,6.125,9.0,6.5],"tintindex":0,"rotation":0,"texture":"#0"},"south":{"uv":[5.375,6.625,5.25,7.0],"tintindex":0,"rotation":0,"texture":"#0"},"north":{"uv":[2.75,4.0,2.625,4.375],"tintindex":0,"rotation":0,"texture":"#0"},"west":{"uv":[10.125,5.75,9.0,6.125],"tintindex":0,"rotation":0,"texture":"#0"},"up":{"uv":[0.375,12.25,0.5,11.125],"tintindex":0,"rotation":0,"texture":"#0"},"down":{"uv":[1.625,11.125,1.75,12.25],"tintindex":0,"rotation":0,"texture":"#0"}}},{"from":[4.25,-0.14999962,10.50348],"to":[5.75,1.3499999,14.50348],"faces":{"east":{"uv":[1.625,9.5,2.625,9.875],"tintindex":0,"rotation":0,"texture":"#0"},"south":{"uv":[11.125,5.625,11.5,6.0],"tintindex":0,"rotation":0,"texture":"#0"},"north":{"uv":[11.125,6.0,11.5,6.375],"tintindex":0,"rotation":0,"texture":"#0"},"west":{"uv":[9.125,9.375,10.125,9.75],"tintindex":0,"rotation":0,"texture":"#0"},"up":{"uv":[2.625,9.5,3.0,10.5],"tintindex":0,"rotation":0,"texture":"#0"},"down":{"uv":[3.0,10.5,3.375,9.5],"tintindex":0,"rotation":0,"texture":"#0"}},"rotation":{"origin":[5.0,1.3499999,12.50348],"angle":22.5,"axis":"x"}},{"from":[5.0,-4.4162397,13.54921],"to":[5.0,0.58376026,16.54921],"faces":{"east":{"uv":[5.875,2.25,6.625,3.5],"tintindex":0,"rotation":0,"texture":"#0"},"west":{"uv":[5.375,5.75,6.125,7.0],"tintindex":0,"rotation":0,"texture":"#0"}}},{"from":[4.375,0.07635498,-2.558504],"to":[5.625,1.576355,1.441495],"faces":{"east":{"uv":[10.5,2.875,9.5,3.25],"tintindex":0,"rotation":0,"texture":"#0"},"south":{"uv":[11.5,6.375,11.125,6.75],"tintindex":0,"rotation":0,"texture":"#0"},"north":{"uv":[6.75,11.125,6.375,11.5],"tintindex":0,"rotation":0,"texture":"#0"},"west":{"uv":[10.5,2.5,9.5,2.875],"tintindex":0,"rotation":0,"texture":"#0"},"up":{"uv":[3.375,10.5,3.75,9.5],"tintindex":0,"rotation":0,"texture":"#0"},"down":{"uv":[5.25,9.625,5.625,10.625],"tintindex":0,"rotation":0,"texture":"#0"}},"rotation":{"origin":[5.0,-0.07364464,-0.6585045],"angle":22.5,"axis":"x"}},{"from":[4.125,2.495985,-6.3981895],"to":[5.875,3.995985,-1.8981895],"faces":{"east":{"uv":[10.125,3.375,9.0,3.75],"tintindex":0,"rotation":0,"texture":"#0"},"south":{"uv":[11.5,6.75,11.125,7.125],"tintindex":0,"rotation":0,"texture":"#0"},"north":{"uv":[7.125,11.125,6.75,11.5],"tintindex":0,"rotation":0,"texture":"#0"},"west":{"uv":[2.625,4.0,1.5,4.375],"tintindex":0,"rotation":0,"texture":"#0"},"up":{"uv":[4.25,10.125,4.625,9.0],"tintindex":0,"rotation":0,"texture":"#0"},"down":{"uv":[9.0,4.625,9.375,5.75],"tintindex":0,"rotation":0,"texture":"#0"}},"rotation":{"origin":[5.0,2.3459854,-4.1481895],"angle":45.0,"axis":"x"}},{"from":[5.7,-0.14999962,6.25],"to":[6.7,2.8500004,9.25],"faces":{"east":{"uv":[8.875,7.0,8.125,7.75],"tintindex":0,"rotation":0,"texture":"#0"},"south":{"uv":[8.375,10.75,8.125,11.5],"tintindex":0,"rotation":0,"texture":"#0"},"north":{"uv":[6.75,8.375,6.5,9.125],"tintindex":0,"rotation":0,"texture":"#0"},"west":{"uv":[6.0,8.125,5.25,8.875],"tintindex":0,"rotation":0,"texture":"#0"},"up":{"uv":[9.625,11.625,9.875,10.875],"tintindex":0,"rotation":0,"texture":"#0"},"down":{"uv":[11.0,0.5,11.25,1.25],"tintindex":0,"rotation":0,"texture":"#0"}},"rotation":{"origin":[3.6999998,1.3499999,7.75],"angle":45.0,"axis":"x"}},{"from":[3.6999998,2.3500004,8.00348],"to":[3.6999998,4.8500004,10.50348],"faces":{"east":{"uv":[7.125,9.125,7.75,9.75],"tintindex":0,"rotation":0,"texture":"#0"},"west":{"uv":[6.5,9.125,7.125,9.75],"tintindex":0,"rotation":0,"texture":"#0"}},"rotation":{"origin":[3.6999998,3.3500004,10.00348],"angle":-45.0,"axis":"x"}},{"from":[4.375,0.07635498,13.811985],"to":[5.625,1.576355,17.811985],"faces":{"east":{"uv":[9.5,2.875,10.5,3.25],"tintindex":0,"rotation":0,"texture":"#0"},"south":{"uv":[6.375,11.125,6.75,11.5],"tintindex":0,"rotation":0,"texture":"#0"},"north":{"uv":[11.125,6.375,11.5,6.75],"tintindex":0,"rotation":0,"texture":"#0"},"west":{"uv":[9.5,2.5,10.5,2.875],"tintindex":0,"rotation":0,"texture":"#0"},"up":{"uv":[3.375,9.5,3.75,10.5],"tintindex":0,"rotation":0,"texture":"#0"},"down":{"uv":[5.25,10.625,5.625,9.625],"tintindex":0,"rotation":0,"texture":"#0"}},"rotation":{"origin":[5.0,-0.07364464,15.911985],"angle":-22.5,"axis":"x"}},{"from":[3.6999998,-1.2635002,5.25],"to":[3.6999998,1.2365003,7.75],"faces":{"east":{"uv":[7.75,9.75,7.125,9.125],"tintindex":0,"rotation":0,"texture":"#0"},"west":{"uv":[7.125,9.75,6.5,9.125],"tintindex":0,"rotation":0,"texture":"#0"}},"rotation":{"origin":[3.6999998,-0.2635002,6.25],"angle":-45.0,"axis":"x"}},{"from":[5.0,-4.4162397,-1.2957296],"to":[5.0,0.58376026,1.7042699],"faces":{"east":{"uv":[6.625,2.25,5.875,3.5],"tintindex":0,"rotation":0,"texture":"#0"},"west":{"uv":[6.125,5.75,5.375,7.0],"tintindex":0,"rotation":0,"texture":"#0"}}},{"from":[4.625,3.6143599,19.897255],"to":[5.375,5.11436,24.397255],"faces":{"east":{"uv":[9.0,6.125,10.125,6.5],"tintindex":0,"rotation":0,"texture":"#0"},"south":{"uv":[2.625,4.0,2.75,4.375],"tintindex":0,"rotation":0,"texture":"#0"},"north":{"uv":[5.25,6.625,5.375,7.0],"tintindex":0,"rotation":0,"texture":"#0"},"west":{"uv":[9.0,5.75,10.125,6.125],"tintindex":0,"rotation":0,"texture":"#0"},"up":{"uv":[0.375,11.125,0.5,12.25],"tintindex":0,"rotation":0,"texture":"#0"},"down":{"uv":[1.625,12.25,1.75,11.125],"tintindex":0,"rotation":0,"texture":"#0"}}},{"from":[3.6999998,-1.2635002,2.75],"to":[3.6999998,1.2365003,5.25],"faces":{"east":{"uv":[9.875,7.75,9.25,7.125],"tintindex":0,"rotation":0,"texture":"#0"},"west":{"uv":[9.875,7.125,9.25,6.5],"tintindex":0,"rotation":0,"texture":"#0"}},"rotation":{"origin":[3.6999998,-0.2635002,6.25],"angle":-45.0,"axis":"x"}}],"display":{"gui":{"rotation":[30,225,0]}}}