{"textures":{"0":"modelengine:entity/ecnpcs-dryad_archer"},"elements":[{"from":[7.2599998,2.08,5.7799997],"to":[10.219999,9.480001,9.48],"faces":{"east":{"uv":[0.0,9.0,0.5,9.875],"tintindex":0,"rotation":0,"texture":"#0"},"south":{"uv":[9.875,6.5,10.25,7.375],"tintindex":0,"rotation":0,"texture":"#0"},"north":{"uv":[2.0,9.875,2.375,10.75],"tintindex":0,"rotation":0,"texture":"#0"},"west":{"uv":[9.0,2.5,9.5,3.375],"tintindex":0,"rotation":0,"texture":"#0"},"up":{"uv":[6.0,11.375,5.625,10.875],"tintindex":0,"rotation":0,"texture":"#0"},"down":{"uv":[6.375,10.875,6.0,11.375],"tintindex":0,"rotation":0,"texture":"#0"}}},{"from":[8.985,2.3550014,9.455],"to":[8.985,8.355001,15.455],"faces":{"east":{"uv":[7.625,1.5,8.375,2.25],"tintindex":0,"rotation":0,"texture":"#0"},"west":{"uv":[7.75,4.0,8.5,4.75],"tintindex":0,"rotation":0,"texture":"#0"}}},{"from":[7.085,5.6050014,5.6549997],"to":[10.585,7.1050014,9.655],"faces":{"east":{"uv":[10.375,4.875,10.875,5.125],"tintindex":0,"rotation":0,"texture":"#0"},"south":{"uv":[1.0,8.125,1.375,8.375],"tintindex":0,"rotation":0,"texture":"#0"},"north":{"uv":[7.75,7.0,8.125,7.25],"tintindex":0,"rotation":0,"texture":"#0"},"west":{"uv":[11.125,3.875,11.625,4.125],"tintindex":0,"rotation":0,"texture":"#0"},"up":{"uv":[9.625,11.375,9.25,10.875],"tintindex":0,"rotation":0,"texture":"#0"},"down":{"uv":[11.25,9.5,10.875,10.0],"tintindex":0,"rotation":0,"texture":"#0"}}}],"display":{"gui":{"rotation":[30,225,0]}}}