{
	"credit": "Made with Blockbench",
	"texture_size": [32, 32],
	"textures": {
		"0": "ec_elitewings:v2/tex7",
		"1": "ec_elitewings:v2/ani701",
		"3": "ec_elitewings:v2/ani702",
		"4": "ec_elitewings:v2/ani703",
		"particle": "ec_elitewings:v2/tex7"
	},
	"elements": [
		{
			"from": [8, -13, 10.00582],
			"to": [12.5, 2.5, 10.00582],
			"rotation": {"angle": 0, "axis": "y", "origin": [3, -4.5, 10.05582]},
			"faces": {
				"north": {"uv": [3.625, 0, 5.875, 7.75], "texture": "#0"},
				"east": {"uv": [0, 0, 0, 7.75], "texture": "#0"},
				"south": {"uv": [5.875, 0, 3.625, 7.75], "texture": "#0"},
				"west": {"uv": [0, 0, 0, 7.75], "texture": "#0"},
				"up": {"uv": [0, 0, 6, 0], "texture": "#0"},
				"down": {"uv": [0, 0, 6, 0], "texture": "#0"}
			}
		},
		{
			"from": [7.75, -13.5, 10.05582],
			"to": [14.25, -7, 10.05582],
			"rotation": {"angle": 0, "axis": "y", "origin": [12, -9.5, 14.05582]},
			"faces": {
				"north": {"uv": [3.625, 12.75, 0.375, 16], "texture": "#0"},
				"east": {"uv": [0, 0, 0, 3.5], "texture": "#0"},
				"south": {"uv": [0.375, 12.75, 3.625, 16], "texture": "#0"},
				"west": {"uv": [0, 0, 0, 3.5], "texture": "#0"},
				"up": {"uv": [3.5, 0, 0, 0], "texture": "#0"},
				"down": {"uv": [3.5, 0, 0, 0], "texture": "#0"}
			}
		},
		{
			"from": [12.5, -9.5, 10.00582],
			"to": [16.5, 1, 10.00582],
			"rotation": {"angle": 0, "axis": "y", "origin": [12.5, -4.25, 10.00582]},
			"faces": {
				"north": {"uv": [0, 0, 4, 10.5], "texture": "#1"},
				"east": {"uv": [0, 0, 0, 7.75], "texture": "#1"},
				"south": {"uv": [4, 0, 0, 10.5], "texture": "#1"},
				"west": {"uv": [0, 0, 0, 7.75], "texture": "#1"},
				"up": {"uv": [0, 0, 6, 0], "texture": "#1"},
				"down": {"uv": [0, 0, 6, 0], "texture": "#1"}
			}
		},
		{
			"from": [16.5, -13.25, 10.00582],
			"to": [19.25, 2.25, 10.00582],
			"rotation": {"angle": 0, "axis": "y", "origin": [12.375, -5.5, 10.00582]},
			"faces": {
				"north": {"uv": [0, 0, 2.75, 15.5], "texture": "#3"},
				"east": {"uv": [0, 0, 0, 7.75], "texture": "#3"},
				"south": {"uv": [2.75, 0, 0, 15.5], "texture": "#3"},
				"west": {"uv": [0, 0, 0, 7.75], "texture": "#3"},
				"up": {"uv": [0, 0, 6, 0], "texture": "#3"},
				"down": {"uv": [0, 0, 6, 0], "texture": "#3"}
			}
		},
		{
			"from": [12.5, -9.5, 10.00582],
			"to": [16.5, 1, 10.00582],
			"rotation": {"angle": -22.5, "axis": "y", "origin": [12.5, -4.25, 10.00582]},
			"faces": {
				"north": {"uv": [4, 0, 8, 10.5], "texture": "#1"},
				"east": {"uv": [0, 0, 0, 7.75], "texture": "#1"},
				"south": {"uv": [8, 0, 4, 10.5], "texture": "#1"},
				"west": {"uv": [0, 0, 0, 7.75], "texture": "#1"},
				"up": {"uv": [0, 0, 6, 0], "texture": "#1"},
				"down": {"uv": [0, 0, 6, 0], "texture": "#1"}
			}
		},
		{
			"from": [16.45, -13.25, 10.00582],
			"to": [19.2, 2.25, 10.00582],
			"rotation": {"angle": -22.5, "axis": "y", "origin": [12.375, -5.5, 10.00582]},
			"faces": {
				"north": {"uv": [3.25, 0, 6, 15.5], "texture": "#3"},
				"east": {"uv": [0, 0, 0, 7.75], "texture": "#3"},
				"south": {"uv": [6, 0, 3.25, 15.5], "texture": "#3"},
				"west": {"uv": [0, 0, 0, 7.75], "texture": "#3"},
				"up": {"uv": [0, 0, 6, 0], "texture": "#3"},
				"down": {"uv": [0, 0, 6, 0], "texture": "#3"}
			}
		},
		{
			"from": [16.45, -13.25, 9.95582],
			"to": [19.2, 2.25, 9.95582],
			"rotation": {"angle": -45, "axis": "y", "origin": [12.325, -5.5, 9.95582]},
			"faces": {
				"north": {"uv": [6.5, 0, 9.25, 15.5], "texture": "#3"},
				"east": {"uv": [0, 0, 0, 7.75], "texture": "#3"},
				"south": {"uv": [9.25, 0, 6.5, 15.5], "texture": "#3"},
				"west": {"uv": [0, 0, 0, 7.75], "texture": "#3"},
				"up": {"uv": [0, 0, 6, 0], "texture": "#3"},
				"down": {"uv": [0, 0, 6, 0], "texture": "#3"}
			}
		},
		{
			"from": [12.5, -9.5, 10.00582],
			"to": [16.5, 1, 10.00582],
			"rotation": {"angle": -45, "axis": "y", "origin": [12.5, -4.25, 10.00582]},
			"faces": {
				"north": {"uv": [8, 0, 12, 10.5], "texture": "#1"},
				"east": {"uv": [0, 0, 0, 7.75], "texture": "#1"},
				"south": {"uv": [12, 0, 8, 10.5], "texture": "#1"},
				"west": {"uv": [0, 0, 0, 7.75], "texture": "#1"},
				"up": {"uv": [0, 0, 6, 0], "texture": "#1"},
				"down": {"uv": [0, 0, 6, 0], "texture": "#1"}
			}
		},
		{
			"from": [15.325, -13.25, 12.83818],
			"to": [15.325, 2.25, 15.58818],
			"rotation": {"angle": 22.5, "axis": "y", "origin": [15.325, -5.5, 12.95582]},
			"faces": {
				"north": {"uv": [0, 0, 0, 7.75], "texture": "#3"},
				"east": {"uv": [9.75, 0, 12.5, 15.5], "texture": "#3"},
				"south": {"uv": [0, 0, 0, 7.75], "texture": "#3"},
				"west": {"uv": [12.5, 0, 9.75, 15.5], "texture": "#3"},
				"up": {"uv": [6, 0, 0, 0], "rotation": 270, "texture": "#3"},
				"down": {"uv": [6, 0, 0, 0], "rotation": 90, "texture": "#3"}
			}
		},
		{
			"from": [15.325, -13.25, 12.93818],
			"to": [15.325, 2.25, 15.68818],
			"rotation": {"angle": 22.5, "axis": "y", "origin": [15.325, -5.5, 13.05582]},
			"faces": {
				"north": {"uv": [0, 0, 0, 7.75], "texture": "#3"},
				"east": {"uv": [9.75, 0, 12.5, 15.5], "texture": "#3"},
				"south": {"uv": [0, 0, 0, 7.75], "texture": "#3"},
				"west": {"uv": [12.5, 0, 9.75, 15.5], "texture": "#3"},
				"up": {"uv": [6, 0, 0, 0], "rotation": 270, "texture": "#3"},
				"down": {"uv": [6, 0, 0, 0], "rotation": 90, "texture": "#3"}
			}
		},
		{
			"from": [12.5, -9.5, 10.10582],
			"to": [16.5, 1, 10.10582],
			"rotation": {"angle": -45, "axis": "y", "origin": [12.5, -4.25, 10.10582]},
			"faces": {
				"north": {"uv": [8, 0, 12, 10.5], "texture": "#1"},
				"east": {"uv": [0, 0, 0, 7.75], "texture": "#1"},
				"south": {"uv": [12, 0, 8, 10.5], "texture": "#1"},
				"west": {"uv": [0, 0, 0, 7.75], "texture": "#1"},
				"up": {"uv": [0, 0, 6, 0], "texture": "#1"},
				"down": {"uv": [0, 0, 6, 0], "texture": "#1"}
			}
		},
		{
			"from": [16.45, -13.25, 10.05582],
			"to": [19.2, 2.25, 10.05582],
			"rotation": {"angle": -45, "axis": "y", "origin": [12.325, -5.5, 10.05582]},
			"faces": {
				"north": {"uv": [6.5, 0, 9.25, 15.5], "texture": "#3"},
				"east": {"uv": [0, 0, 0, 7.75], "texture": "#3"},
				"south": {"uv": [9.25, 0, 6.5, 15.5], "texture": "#3"},
				"west": {"uv": [0, 0, 0, 7.75], "texture": "#3"},
				"up": {"uv": [0, 0, 6, 0], "texture": "#3"},
				"down": {"uv": [0, 0, 6, 0], "texture": "#3"}
			}
		},
		{
			"from": [16.45, -13.25, 10.10582],
			"to": [19.2, 2.25, 10.10582],
			"rotation": {"angle": -22.5, "axis": "y", "origin": [12.375, -5.5, 10.10582]},
			"faces": {
				"north": {"uv": [3.25, 0, 6, 15.5], "texture": "#3"},
				"east": {"uv": [0, 0, 0, 7.75], "texture": "#3"},
				"south": {"uv": [6, 0, 3.25, 15.5], "texture": "#3"},
				"west": {"uv": [0, 0, 0, 7.75], "texture": "#3"},
				"up": {"uv": [0, 0, 6, 0], "texture": "#3"},
				"down": {"uv": [0, 0, 6, 0], "texture": "#3"}
			}
		},
		{
			"from": [12.5, -9.5, 10.10582],
			"to": [16.5, 1, 10.10582],
			"rotation": {"angle": -22.5, "axis": "y", "origin": [12.5, -4.25, 10.10582]},
			"faces": {
				"north": {"uv": [4, 0, 8, 10.5], "texture": "#1"},
				"east": {"uv": [0, 0, 0, 7.75], "texture": "#1"},
				"south": {"uv": [8, 0, 4, 10.5], "texture": "#1"},
				"west": {"uv": [0, 0, 0, 7.75], "texture": "#1"},
				"up": {"uv": [0, 0, 6, 0], "texture": "#1"},
				"down": {"uv": [0, 0, 6, 0], "texture": "#1"}
			}
		},
		{
			"from": [16.5, -13.25, 10.10582],
			"to": [19.25, 2.25, 10.10582],
			"rotation": {"angle": 0, "axis": "y", "origin": [12.375, -5.5, 10.10582]},
			"faces": {
				"north": {"uv": [0, 0, 2.75, 15.5], "texture": "#3"},
				"east": {"uv": [0, 0, 0, 7.75], "texture": "#3"},
				"south": {"uv": [2.75, 0, 0, 15.5], "texture": "#3"},
				"west": {"uv": [0, 0, 0, 7.75], "texture": "#3"},
				"up": {"uv": [0, 0, 6, 0], "texture": "#3"},
				"down": {"uv": [0, 0, 6, 0], "texture": "#3"}
			}
		},
		{
			"from": [12.5, -9.5, 10.10582],
			"to": [16.5, 1, 10.10582],
			"rotation": {"angle": 0, "axis": "y", "origin": [12.5, -4.25, 10.10582]},
			"faces": {
				"north": {"uv": [0, 0, 4, 10.5], "texture": "#1"},
				"east": {"uv": [0, 0, 0, 7.75], "texture": "#1"},
				"south": {"uv": [4, 0, 0, 10.5], "texture": "#1"},
				"west": {"uv": [0, 0, 0, 7.75], "texture": "#1"},
				"up": {"uv": [0, 0, 6, 0], "texture": "#1"},
				"down": {"uv": [0, 0, 6, 0], "texture": "#1"}
			}
		},
		{
			"from": [8, -13, 10.10582],
			"to": [12.5, 2.5, 10.10582],
			"rotation": {"angle": 0, "axis": "y", "origin": [3, -4.5, 10.15582]},
			"faces": {
				"north": {"uv": [3.625, 0, 5.875, 7.75], "texture": "#0"},
				"east": {"uv": [0, 0, 0, 7.75], "texture": "#0"},
				"south": {"uv": [5.875, 0, 3.625, 7.75], "texture": "#0"},
				"west": {"uv": [0, 0, 0, 7.75], "texture": "#0"},
				"up": {"uv": [0, 0, 6, 0], "texture": "#0"},
				"down": {"uv": [0, 0, 6, 0], "texture": "#0"}
			}
		},
		{
			"from": [3.5, -13, 10.10582],
			"to": [8, 2.5, 10.10582],
			"rotation": {"angle": 0, "axis": "y", "origin": [13, -4.5, 10.15582]},
			"faces": {
				"north": {"uv": [5.875, 0, 3.625, 7.75], "texture": "#0"},
				"east": {"uv": [0, 0, 0, 7.75], "texture": "#0"},
				"south": {"uv": [3.625, 0, 5.875, 7.75], "texture": "#0"},
				"west": {"uv": [0, 0, 0, 7.75], "texture": "#0"},
				"up": {"uv": [6, 0, 0, 0], "texture": "#0"},
				"down": {"uv": [6, 0, 0, 0], "texture": "#0"}
			}
		},
		{
			"from": [-0.5, -9.5, 10.10582],
			"to": [3.5, 1, 10.10582],
			"rotation": {"angle": 0, "axis": "y", "origin": [3.5, -4.25, 10.10582]},
			"faces": {
				"north": {"uv": [4, 0, 0, 10.5], "texture": "#1"},
				"east": {"uv": [0, 0, 0, 7.75], "texture": "#1"},
				"south": {"uv": [0, 0, 4, 10.5], "texture": "#1"},
				"west": {"uv": [0, 0, 0, 7.75], "texture": "#1"},
				"up": {"uv": [6, 0, 0, 0], "texture": "#1"},
				"down": {"uv": [6, 0, 0, 0], "texture": "#1"}
			}
		},
		{
			"from": [-3.25, -13.25, 10.10582],
			"to": [-0.5, 2.25, 10.10582],
			"rotation": {"angle": 0, "axis": "y", "origin": [3.625, -5.5, 10.10582]},
			"faces": {
				"north": {"uv": [2.75, 0, 0, 15.5], "texture": "#3"},
				"east": {"uv": [0, 0, 0, 7.75], "texture": "#3"},
				"south": {"uv": [0, 0, 2.75, 15.5], "texture": "#3"},
				"west": {"uv": [0, 0, 0, 7.75], "texture": "#3"},
				"up": {"uv": [6, 0, 0, 0], "texture": "#3"},
				"down": {"uv": [6, 0, 0, 0], "texture": "#3"}
			}
		},
		{
			"from": [-0.5, -9.5, 10.10582],
			"to": [3.5, 1, 10.10582],
			"rotation": {"angle": 22.5, "axis": "y", "origin": [3.5, -4.25, 10.10582]},
			"faces": {
				"north": {"uv": [8, 0, 4, 10.5], "texture": "#1"},
				"east": {"uv": [0, 0, 0, 7.75], "texture": "#1"},
				"south": {"uv": [4, 0, 8, 10.5], "texture": "#1"},
				"west": {"uv": [0, 0, 0, 7.75], "texture": "#1"},
				"up": {"uv": [6, 0, 0, 0], "texture": "#1"},
				"down": {"uv": [6, 0, 0, 0], "texture": "#1"}
			}
		},
		{
			"from": [-3.2, -13.25, 10.10582],
			"to": [-0.45, 2.25, 10.10582],
			"rotation": {"angle": 22.5, "axis": "y", "origin": [3.625, -5.5, 10.10582]},
			"faces": {
				"north": {"uv": [6, 0, 3.25, 15.5], "texture": "#3"},
				"east": {"uv": [0, 0, 0, 7.75], "texture": "#3"},
				"south": {"uv": [3.25, 0, 6, 15.5], "texture": "#3"},
				"west": {"uv": [0, 0, 0, 7.75], "texture": "#3"},
				"up": {"uv": [6, 0, 0, 0], "texture": "#3"},
				"down": {"uv": [6, 0, 0, 0], "texture": "#3"}
			}
		},
		{
			"from": [-3.2, -13.25, 10.05582],
			"to": [-0.45, 2.25, 10.05582],
			"rotation": {"angle": 45, "axis": "y", "origin": [3.675, -5.5, 10.05582]},
			"faces": {
				"north": {"uv": [9.25, 0, 6.5, 15.5], "texture": "#3"},
				"east": {"uv": [0, 0, 0, 7.75], "texture": "#3"},
				"south": {"uv": [6.5, 0, 9.25, 15.5], "texture": "#3"},
				"west": {"uv": [0, 0, 0, 7.75], "texture": "#3"},
				"up": {"uv": [6, 0, 0, 0], "texture": "#3"},
				"down": {"uv": [6, 0, 0, 0], "texture": "#3"}
			}
		},
		{
			"from": [-0.5, -9.5, 10.10582],
			"to": [3.5, 1, 10.10582],
			"rotation": {"angle": 45, "axis": "y", "origin": [3.5, -4.25, 10.10582]},
			"faces": {
				"north": {"uv": [12, 0, 8, 10.5], "texture": "#1"},
				"east": {"uv": [0, 0, 0, 7.75], "texture": "#1"},
				"south": {"uv": [8, 0, 12, 10.5], "texture": "#1"},
				"west": {"uv": [0, 0, 0, 7.75], "texture": "#1"},
				"up": {"uv": [6, 0, 0, 0], "texture": "#1"},
				"down": {"uv": [6, 0, 0, 0], "texture": "#1"}
			}
		},
		{
			"from": [0.675, -13.25, 12.93818],
			"to": [0.675, 2.25, 15.68818],
			"rotation": {"angle": -22.5, "axis": "y", "origin": [0.675, -5.5, 13.05582]},
			"faces": {
				"north": {"uv": [0, 0, 0, 7.75], "texture": "#3"},
				"east": {"uv": [9.75, 0, 12.5, 15.5], "texture": "#3"},
				"south": {"uv": [0, 0, 0, 7.75], "texture": "#3"},
				"west": {"uv": [12.5, 0, 9.75, 15.5], "texture": "#3"},
				"up": {"uv": [6, 0, 0, 0], "rotation": 270, "texture": "#3"},
				"down": {"uv": [6, 0, 0, 0], "rotation": 90, "texture": "#3"}
			}
		},
		{
			"from": [0.675, -13.25, 12.83818],
			"to": [0.675, 2.25, 15.58818],
			"rotation": {"angle": -22.5, "axis": "y", "origin": [0.675, -5.5, 12.95582]},
			"faces": {
				"north": {"uv": [0, 0, 0, 7.75], "texture": "#3"},
				"east": {"uv": [9.75, 0, 12.5, 15.5], "texture": "#3"},
				"south": {"uv": [0, 0, 0, 7.75], "texture": "#3"},
				"west": {"uv": [12.5, 0, 9.75, 15.5], "texture": "#3"},
				"up": {"uv": [6, 0, 0, 0], "rotation": 270, "texture": "#3"},
				"down": {"uv": [6, 0, 0, 0], "rotation": 90, "texture": "#3"}
			}
		},
		{
			"from": [-0.5, -9.5, 10.00582],
			"to": [3.5, 1, 10.00582],
			"rotation": {"angle": 45, "axis": "y", "origin": [3.5, -4.25, 10.00582]},
			"faces": {
				"north": {"uv": [12, 0, 8, 10.5], "texture": "#1"},
				"east": {"uv": [0, 0, 0, 7.75], "texture": "#1"},
				"south": {"uv": [8, 0, 12, 10.5], "texture": "#1"},
				"west": {"uv": [0, 0, 0, 7.75], "texture": "#1"},
				"up": {"uv": [6, 0, 0, 0], "texture": "#1"},
				"down": {"uv": [6, 0, 0, 0], "texture": "#1"}
			}
		},
		{
			"from": [-3.2, -13.25, 9.95582],
			"to": [-0.45, 2.25, 9.95582],
			"rotation": {"angle": 45, "axis": "y", "origin": [3.675, -5.5, 9.95582]},
			"faces": {
				"north": {"uv": [9.25, 0, 6.5, 15.5], "texture": "#3"},
				"east": {"uv": [0, 0, 0, 7.75], "texture": "#3"},
				"south": {"uv": [6.5, 0, 9.25, 15.5], "texture": "#3"},
				"west": {"uv": [0, 0, 0, 7.75], "texture": "#3"},
				"up": {"uv": [6, 0, 0, 0], "texture": "#3"},
				"down": {"uv": [6, 0, 0, 0], "texture": "#3"}
			}
		},
		{
			"from": [-3.2, -13.25, 10.00582],
			"to": [-0.45, 2.25, 10.00582],
			"rotation": {"angle": 22.5, "axis": "y", "origin": [3.625, -5.5, 10.00582]},
			"faces": {
				"north": {"uv": [6, 0, 3.25, 15.5], "texture": "#3"},
				"east": {"uv": [0, 0, 0, 7.75], "texture": "#3"},
				"south": {"uv": [3.25, 0, 6, 15.5], "texture": "#3"},
				"west": {"uv": [0, 0, 0, 7.75], "texture": "#3"},
				"up": {"uv": [6, 0, 0, 0], "texture": "#3"},
				"down": {"uv": [6, 0, 0, 0], "texture": "#3"}
			}
		},
		{
			"from": [-0.5, -9.5, 10.00582],
			"to": [3.5, 1, 10.00582],
			"rotation": {"angle": 22.5, "axis": "y", "origin": [3.5, -4.25, 10.00582]},
			"faces": {
				"north": {"uv": [8, 0, 4, 10.5], "texture": "#1"},
				"east": {"uv": [0, 0, 0, 7.75], "texture": "#1"},
				"south": {"uv": [4, 0, 8, 10.5], "texture": "#1"},
				"west": {"uv": [0, 0, 0, 7.75], "texture": "#1"},
				"up": {"uv": [6, 0, 0, 0], "texture": "#1"},
				"down": {"uv": [6, 0, 0, 0], "texture": "#1"}
			}
		},
		{
			"from": [-3.25, -13.25, 10.00582],
			"to": [-0.5, 2.25, 10.00582],
			"rotation": {"angle": 0, "axis": "y", "origin": [3.625, -5.5, 10.00582]},
			"faces": {
				"north": {"uv": [2.75, 0, 0, 15.5], "texture": "#3"},
				"east": {"uv": [0, 0, 0, 7.75], "texture": "#3"},
				"south": {"uv": [0, 0, 2.75, 15.5], "texture": "#3"},
				"west": {"uv": [0, 0, 0, 7.75], "texture": "#3"},
				"up": {"uv": [6, 0, 0, 0], "texture": "#3"},
				"down": {"uv": [6, 0, 0, 0], "texture": "#3"}
			}
		},
		{
			"from": [-0.5, -9.5, 10.00582],
			"to": [3.5, 1, 10.00582],
			"rotation": {"angle": 0, "axis": "y", "origin": [3.5, -4.25, 10.00582]},
			"faces": {
				"north": {"uv": [4, 0, 0, 10.5], "texture": "#1"},
				"east": {"uv": [0, 0, 0, 7.75], "texture": "#1"},
				"south": {"uv": [0, 0, 4, 10.5], "texture": "#1"},
				"west": {"uv": [0, 0, 0, 7.75], "texture": "#1"},
				"up": {"uv": [6, 0, 0, 0], "texture": "#1"},
				"down": {"uv": [6, 0, 0, 0], "texture": "#1"}
			}
		},
		{
			"from": [12.5, -15.5, 10.05582],
			"to": [18, -8, 10.05582],
			"rotation": {"angle": 0, "axis": "y", "origin": [12, -9.5, 6.05582]},
			"faces": {
				"north": {"uv": [11, 0.5, 0, 15.5], "texture": "#4"},
				"east": {"uv": [0, 0, 0, 2.5], "texture": "#4"},
				"south": {"uv": [0, 0.5, 11, 15.5], "texture": "#4"},
				"west": {"uv": [0, 0, 0, 2.5], "texture": "#4"},
				"up": {"uv": [0, 0, 2.75, 0], "texture": "#4"},
				"down": {"uv": [0, 0, 2.75, 0], "texture": "#4"}
			}
		},
		{
			"from": [-2, -15.5, 10.05582],
			"to": [3.5, -8, 10.05582],
			"rotation": {"angle": 0, "axis": "y", "origin": [4, -9.5, 6.05582]},
			"faces": {
				"north": {"uv": [0, 0.5, 11, 15.5], "texture": "#4"},
				"east": {"uv": [0, 0, 0, 2.5], "texture": "#4"},
				"south": {"uv": [11, 0.5, 0, 15.5], "texture": "#4"},
				"west": {"uv": [0, 0, 0, 2.5], "texture": "#4"},
				"up": {"uv": [2.75, 0, 0, 0], "texture": "#4"},
				"down": {"uv": [2.75, 0, 0, 0], "texture": "#4"}
			}
		},
		{
			"from": [1.75, -13.5, 10.05582],
			"to": [8.25, -7, 10.05582],
			"rotation": {"angle": 0, "axis": "y", "origin": [4, -9.5, 14.05582]},
			"faces": {
				"north": {"uv": [0.375, 12.75, 3.625, 16], "texture": "#0"},
				"east": {"uv": [0, 0, 0, 3.5], "texture": "#0"},
				"south": {"uv": [3.625, 12.75, 0.375, 16], "texture": "#0"},
				"west": {"uv": [0, 0, 0, 3.5], "texture": "#0"},
				"up": {"uv": [0, 0, 3.5, 0], "texture": "#0"},
				"down": {"uv": [0, 0, 3.5, 0], "texture": "#0"}
			}
		},
		{
			"from": [3.5, -13, 10.00582],
			"to": [8, 2.5, 10.00582],
			"rotation": {"angle": 0, "axis": "y", "origin": [13, -4.5, 10.05582]},
			"faces": {
				"north": {"uv": [5.875, 0, 3.625, 7.75], "texture": "#0"},
				"east": {"uv": [0, 0, 0, 7.75], "texture": "#0"},
				"south": {"uv": [3.625, 0, 5.875, 7.75], "texture": "#0"},
				"west": {"uv": [0, 0, 0, 7.75], "texture": "#0"},
				"up": {"uv": [6, 0, 0, 0], "texture": "#0"},
				"down": {"uv": [6, 0, 0, 0], "texture": "#0"}
			}
		}
	],
	"gui_light": "front",
	"display": {
		"thirdperson_righthand": {
			"rotation": [67.5, 180, 0],
			"translation": [0, 0.75, 1.25],
			"scale": [0.32031, 0.32031, 0.32031]
		},
		"thirdperson_lefthand": {
			"rotation": [68, 0, 0],
			"translation": [-5.25, -5.75, 13.25],
			"scale": [1.15, 1.15, 1.15]
		},
		"firstperson_righthand": {
			"translation": [0.25, 0.75, -2.25],
			"scale": [0.5, 0.5, 0.5]
		},
		"firstperson_lefthand": {
			"rotation": [0, -92, 0],
			"translation": [0.5, 3, 2.25],
			"scale": [0, 0, 0]
		},
		"ground": {
			"rotation": [70, 0, 0],
			"translation": [0, 5, 0],
			"scale": [0.5, 0.5, 0.5]
		},
		"gui": {
			"scale": [0.38836, 0.38836, 0.38836]
		},
		"head": {
			"rotation": [7, 0, 0],
			"translation": [0, -58.75, 7],
			"scale": [3, 3, 3]
		},
		"fixed": {
			"rotation": [0, 180, 0],
			"translation": [0, 4.75, -1.75],
			"scale": [1.18391, 1.18391, 1.18391]
		}
	},
	"groups": [
		{
			"name": "group",
			"origin": [18, 10, 8],
			"color": 0,
			"boneType": "",
			"children": [0, 1, 2, 3, 4, 5, 6, 7, 8, 9, 10, 11, 12, 13, 14, 15, 16, 17, 18, 19, 20, 21, 22, 23, 24, 25, 26, 27, 28, 29, 30, 31, 32, 33, 34, 35]
		}
	]
}