{"credit":"Made with Blockbench","texture_size":[20,20],"textures":{"1":"frighten_set:frighten_set/bow","2":"frighten_set:frighten_set/animation_2","particle":"frighten_set:frighten_set/bow"},"elements":[{"from":[7.45,9.5,9.95],"to":[8.55,10.6,11.05],"rotation":{"angle":0,"axis":"y","origin":[7.45,9.5,9.75]},"faces":{"north":{"uv":[12,1.6,12.8,2.4],"texture":"#1"},"east":{"uv":[2.4,12,3.2,12.8],"texture":"#1"},"south":{"uv":[12,2.4,12.8,3.2],"texture":"#1"},"west":{"uv":[3.2,12,4,12.8],"texture":"#1"},"up":{"uv":[12.8,4,12,3.2],"texture":"#1"},"down":{"uv":[12.8,4,12,4.8],"texture":"#1"}}},{"from":[7.5,6.5,10],"to":[8.5,9.5,11],"rotation":{"angle":0,"axis":"y","origin":[6.95,0.35,9.25]},"faces":{"north":{"uv":[6.4,4.8,7.2,7.2],"texture":"#1"},"east":{"uv":[7.2,4.8,8,7.2],"texture":"#1"},"south":{"uv":[6.4,7.2,7.2,9.6],"texture":"#1"},"west":{"uv":[7.2,7.2,8,9.6],"texture":"#1"},"up":{"uv":[5.6,12.8,4.8,12],"texture":"#1"},"down":{"uv":[12.8,4.8,12,5.6],"texture":"#1"}}},{"from":[7.4,6.67906,6.67906],"to":[8.6,8.67906,8.67906],"rotation":{"angle":45,"axis":"x","origin":[8,8,8]},"faces":{"north":{"uv":[8,3.2,9,4.8],"texture":"#1"},"east":{"uv":[4.8,3.2,6.4,4.8],"texture":"#1"},"south":{"uv":[4.8,8,5.8,9.6],"texture":"#1"},"west":{"uv":[4.8,4.8,6.4,6.4],"texture":"#1"},"up":{"uv":[9,6.4,8,4.8],"texture":"#1"},"down":{"uv":[9,6.4,8,8],"texture":"#1"}}},{"from":[7.2,7.2,6.74612],"to":[8.8,8.8,8.34612],"rotation":{"angle":-45,"axis":"x","origin":[8,8,7.54612]},"faces":{"north":{"uv":[8,8,9.2,9.2],"texture":"#1"},"east":{"uv":[8.8,1.6,10,2.8],"texture":"#1"},"south":{"uv":[0,9.6,1.2,10.8],"texture":"#1"},"west":{"uv":[9.6,0,10.8,1.2],"texture":"#1"},"up":{"uv":[2.8,10.8,1.6,9.6],"texture":"#1"},"down":{"uv":[4.4,9.6,3.2,10.8],"texture":"#1"}}},{"from":[7.624,11.72376,7.44766],"to":[8.376,13.23576,8.95966],"rotation":{"angle":45,"axis":"x","origin":[8,11.41023,8.57213]},"faces":{"north":{"uv":[11.2,9.6,11.8,10.8],"texture":"#1"},"east":{"uv":[6.4,9.6,7.6,10.8],"texture":"#1"},"south":{"uv":[11.2,11.2,11.8,12.4],"texture":"#1"},"west":{"uv":[8,9.6,9.2,10.8],"texture":"#1"},"up":{"uv":[12.6,1.2,12,0],"texture":"#1"},"down":{"uv":[2.2,12,1.6,13.2],"texture":"#1"}}},{"from":[7.524,11.92376,7.64766],"to":[8.476,13.03576,8.75966],"rotation":{"angle":45,"axis":"x","origin":[8,11.41023,8.57213]},"faces":{"north":{"uv":[12.8,5.6,13.6,6.4],"texture":"#1"},"east":{"uv":[12.8,6.4,13.6,7.2],"texture":"#1"},"south":{"uv":[7.2,12.8,8,13.6],"texture":"#1"},"west":{"uv":[12.8,7.2,13.6,8],"texture":"#1"},"up":{"uv":[8.8,13.6,8,12.8],"texture":"#1"},"down":{"uv":[13.6,8,12.8,8.8],"texture":"#1"}}},{"from":[7.624,13.52376,10.94766],"to":[8.376,14.83576,12.25966],"rotation":{"angle":45,"axis":"x","origin":[8,13.21023,12.07213]},"faces":{"north":{"uv":[11.2,12.8,11.8,13.8],"texture":"#1"},"east":{"uv":[10.4,4,11.4,5],"texture":"#1"},"south":{"uv":[12.8,11.2,13.4,12.2],"texture":"#1"},"west":{"uv":[10.4,5.6,11.4,6.6],"texture":"#1"},"up":{"uv":[12.6,13.8,12,12.8],"texture":"#1"},"down":{"uv":[13.4,12.8,12.8,13.8],"texture":"#1"}}},{"from":[7.524,13.72376,11.14766],"to":[8.476,14.63576,12.05966],"rotation":{"angle":45,"axis":"x","origin":[8,13.21023,12.07213]},"faces":{"north":{"uv":[8.8,12.8,9.6,13.6],"texture":"#1"},"east":{"uv":[12.8,8.8,13.6,9.6],"texture":"#1"},"south":{"uv":[9.6,12.8,10.4,13.6],"texture":"#1"},"west":{"uv":[12.8,9.6,13.6,10.4],"texture":"#1"},"up":{"uv":[11.2,13.6,10.4,12.8],"texture":"#1"},"down":{"uv":[13.6,10.4,12.8,11.2],"texture":"#1"}}},{"from":[7.58,7.47545,7.47545],"to":[8.42,9.15545,9.15545],"rotation":{"angle":45,"axis":"x","origin":[8,8,8]},"faces":{"north":{"uv":[11.2,2.4,11.8,3.8],"texture":"#1"},"east":{"uv":[6.4,3.2,7.8,4.6],"texture":"#1"},"south":{"uv":[7.2,11.2,7.8,12.6],"texture":"#1"},"west":{"uv":[4.8,6.4,6.2,7.8],"texture":"#1"},"up":{"uv":[8.6,12.6,8,11.2],"texture":"#1"},"down":{"uv":[9.4,11.2,8.8,12.6],"texture":"#1"}}},{"from":[7.5,8.7,6.84612],"to":[8.5,9.7,7.84612],"rotation":{"angle":0,"axis":"x","origin":[8,8,8]},"faces":{"north":{"uv":[5.6,12,6.4,12.8],"texture":"#1"},"east":{"uv":[12,5.6,12.8,6.4],"texture":"#1"},"south":{"uv":[12,6.4,12.8,7.2],"texture":"#1"},"west":{"uv":[12,8,12.8,8.8],"texture":"#1"},"up":{"uv":[12.8,9.6,12,8.8],"texture":"#1"},"down":{"uv":[10.4,12,9.6,12.8],"texture":"#1"}}},{"from":[7.5,8.7,5.84612],"to":[8.5,9.2,6.84612],"rotation":{"angle":0,"axis":"x","origin":[8,8,8]},"faces":{"north":{"uv":[13.6,5.6,14.4,6],"texture":"#1"},"east":{"uv":[6.4,13.6,7.2,14],"texture":"#1"},"south":{"uv":[13.6,6.4,14.4,6.8],"texture":"#1"},"west":{"uv":[7.2,13.6,8,14],"texture":"#1"},"up":{"uv":[12.8,10.4,12,9.6],"texture":"#1"},"down":{"uv":[11.2,12,10.4,12.8],"texture":"#1"}}},{"from":[7.5,10.31004,7.2789],"to":[8.5,11.31004,7.7789],"rotation":{"angle":45,"axis":"x","origin":[8,8,8]},"faces":{"north":{"uv":[12,10.4,12.8,11.2],"texture":"#1"},"east":{"uv":[13.6,7.2,14,8],"texture":"#1"},"south":{"uv":[12,11.2,12.8,12],"texture":"#1"},"west":{"uv":[8,13.6,8.4,14.4],"texture":"#1"},"up":{"uv":[14.4,8.4,13.6,8],"texture":"#1"},"down":{"uv":[9.6,13.6,8.8,14],"texture":"#1"}}},{"from":[7.495,8.7056,8.12572],"to":[8.505,9.7056,9.12572],"rotation":{"angle":-22.5,"axis":"x","origin":[8,8,8]},"faces":{"north":{"uv":[12,12,12.8,12.8],"texture":"#1"},"east":{"uv":[12.8,0,13.6,0.8],"texture":"#1"},"south":{"uv":[12.8,0.8,13.6,1.6],"texture":"#1"},"west":{"uv":[12.8,1.6,13.6,2.4],"texture":"#1"},"up":{"uv":[3.2,13.6,2.4,12.8],"texture":"#1"},"down":{"uv":[13.6,2.4,12.8,3.2],"texture":"#1"}}},{"from":[7.5,9.31004,6.7789],"to":[8.5,10.31004,7.7789],"rotation":{"angle":45,"axis":"x","origin":[8,8,8]},"faces":{"north":{"uv":[3.2,12.8,4,13.6],"texture":"#1"},"east":{"uv":[12.8,3.2,13.6,4],"texture":"#1"},"south":{"uv":[12.8,4,13.6,4.8],"texture":"#1"},"west":{"uv":[4.8,12.8,5.6,13.6],"texture":"#1"},"up":{"uv":[13.6,5.6,12.8,4.8],"texture":"#1"},"down":{"uv":[6.4,12.8,5.6,13.6],"texture":"#1"}}},{"from":[7.4,7.81797,5.97949],"to":[8.6,8.31797,6.47949],"rotation":{"angle":45,"axis":"x","origin":[8,8,8]},"faces":{"north":{"uv":[0,13.6,1,14],"texture":"#1"},"east":{"uv":[13.6,8.8,14,9.2],"texture":"#1"},"south":{"uv":[13.6,0,14.6,0.4],"texture":"#1"},"west":{"uv":[9.6,13.6,10,14],"texture":"#1"},"up":{"uv":[14.6,1.2,13.6,0.8],"texture":"#1"},"down":{"uv":[2.6,13.6,1.6,14],"texture":"#1"}}},{"from":[7.4,10.15142,6.89873],"to":[8.6,10.65142,7.39873],"rotation":{"angle":45,"axis":"x","origin":[8,8,8]},"faces":{"north":{"uv":[13.6,1.6,14.6,2],"texture":"#1"},"east":{"uv":[13.6,9.6,14,10],"texture":"#1"},"south":{"uv":[13.6,2.4,14.6,2.8],"texture":"#1"},"west":{"uv":[10.4,13.6,10.8,14],"texture":"#1"},"up":{"uv":[4.2,14,3.2,13.6],"texture":"#1"},"down":{"uv":[14.6,3.2,13.6,3.6],"texture":"#1"}}},{"from":[7.65,9.12817,7.71766],"to":[8.35,12.12817,8.51766],"rotation":{"angle":22.5,"axis":"x","origin":[8,11.41023,8.57213]},"faces":{"north":{"uv":[9.6,3.2,10.2,5.6],"texture":"#1"},"east":{"uv":[4.8,9.6,5.4,12],"texture":"#1"},"south":{"uv":[5.6,9.6,6.2,12],"texture":"#1"},"west":{"uv":[9.6,5.6,10.2,8],"texture":"#1"},"up":{"uv":[14.2,4.6,13.6,4],"texture":"#1"},"down":{"uv":[5.4,13.6,4.8,14.2],"texture":"#1"}}},{"from":[7.775,9.12817,8.51766],"to":[8.225,12.12817,8.96766],"rotation":{"angle":22.5,"axis":"x","origin":[8,11.41023,8.57213]},"faces":{"north":{"uv":[10.4,9.6,10.8,12],"texture":"#1"},"east":{"uv":[0,11.2,0.4,13.6],"texture":"#1"},"south":{"uv":[11.2,0,11.6,2.4],"texture":"#1"},"west":{"uv":[0.8,11.2,1.2,13.6],"texture":"#1"},"up":{"uv":[14,10.8,13.6,10.4],"texture":"#1"},"down":{"uv":[14,11.2,13.6,11.6],"texture":"#1"}}},{"from":[7.775,12.27617,9.08974],"to":[8.225,12.72617,12.08974],"rotation":{"angle":-22.5,"axis":"x","origin":[8,13.51367,9.28974]},"faces":{"north":{"uv":[13.6,12,14,12.4],"texture":"#1"},"east":{"uv":[10.4,7.2,12.8,7.6],"texture":"#1"},"south":{"uv":[13.6,12.8,14,13.2],"texture":"#1"},"west":{"uv":[1.6,11.2,4,11.6],"texture":"#1"},"up":{"uv":[4.4,13.6,4,11.2],"texture":"#1"},"down":{"uv":[6.8,11.2,6.4,13.6],"texture":"#1"}}},{"from":[7.65,12.72617,9.08974],"to":[8.35,13.52617,12.08974],"rotation":{"angle":-22.5,"axis":"x","origin":[8,13.51367,9.28974]},"faces":{"north":{"uv":[13.6,4.8,14.2,5.4],"texture":"#1"},"east":{"uv":[9.6,8,12,8.6],"texture":"#1"},"south":{"uv":[5.6,13.6,6.2,14.2],"texture":"#1"},"west":{"uv":[9.6,8.8,12,9.4],"texture":"#1"},"up":{"uv":[10.2,12,9.6,9.6],"texture":"#1"},"down":{"uv":[11,1.6,10.4,4],"texture":"#1"}}},{"from":[8,2,12.6],"to":[8,14,18.6],"rotation":{"angle":0,"axis":"y","origin":[8,4,12.6]},"faces":{"north":{"uv":[0,0,0,9.6],"texture":"#1"},"east":{"uv":[4.8,0,0,9.6],"texture":"#1"},"south":{"uv":[0,0,0,9.6],"texture":"#1"},"west":{"uv":[0,0,4.8,9.6],"texture":"#1"},"up":{"uv":[0,4.8,0,0],"texture":"#1"},"down":{"uv":[0,0,0,4.8],"texture":"#1"}}},{"from":[8,8.95,3],"to":[8,10.95,8],"rotation":{"angle":0,"axis":"y","origin":[8,8.95,1]},"faces":{"north":{"uv":[0,0,0,1.6],"texture":"#1"},"east":{"uv":[8.8,1.6,4.8,3.2],"texture":"#1"},"south":{"uv":[0,0,0,1.6],"texture":"#1"},"west":{"uv":[4.8,1.6,8.8,3.2],"texture":"#1"},"up":{"uv":[0,4,0,0],"texture":"#1"},"down":{"uv":[0,0,0,4],"texture":"#1"}}},{"from":[8,13.35,8.7],"to":[8,15.35,14.7],"rotation":{"angle":-22.5,"axis":"x","origin":[8,13.95,10]},"faces":{"north":{"uv":[0,0,0,1.6],"texture":"#1"},"east":{"uv":[9.6,0,4.8,1.6],"texture":"#1"},"south":{"uv":[0,0,0,1.6],"texture":"#1"},"west":{"uv":[4.8,0,9.6,1.6],"texture":"#1"},"up":{"uv":[0,4.8,0,0],"texture":"#1"},"down":{"uv":[0,0,0,4.8],"texture":"#1"}}},{"from":[8,0.65,8.7],"to":[8,2.65,14.7],"rotation":{"angle":22.5,"axis":"x","origin":[8,2.05,10]},"faces":{"north":{"uv":[0,1.6,0,0],"texture":"#1"},"east":{"uv":[9.6,1.6,4.8,0],"texture":"#1"},"south":{"uv":[0,1.6,0,0],"texture":"#1"},"west":{"uv":[4.8,1.6,9.6,0],"texture":"#1"},"up":{"uv":[0,4.8,0,0],"texture":"#1"},"down":{"uv":[0,0,0,4.8],"texture":"#1"}}},{"from":[7.65,3.87183,7.71766],"to":[8.35,6.87183,8.51766],"rotation":{"angle":-22.5,"axis":"x","origin":[8,4.58977,8.57213]},"faces":{"north":{"uv":[9.6,5.6,10.2,3.2],"texture":"#1"},"east":{"uv":[4.8,12,5.4,9.6],"texture":"#1"},"south":{"uv":[5.6,12,6.2,9.6],"texture":"#1"},"west":{"uv":[9.6,8,10.2,5.6],"texture":"#1"},"up":{"uv":[5.4,14.2,4.8,13.6],"texture":"#1"},"down":{"uv":[14.2,4,13.6,4.6],"texture":"#1"}}},{"from":[7.624,2.76424,7.44766],"to":[8.376,4.27624,8.95966],"rotation":{"angle":-45,"axis":"x","origin":[8,4.58977,8.57213]},"faces":{"north":{"uv":[11.2,10.8,11.8,9.6],"texture":"#1"},"east":{"uv":[6.4,10.8,7.6,9.6],"texture":"#1"},"south":{"uv":[11.2,12.4,11.8,11.2],"texture":"#1"},"west":{"uv":[8,10.8,9.2,9.6],"texture":"#1"},"up":{"uv":[2.2,13.2,1.6,12],"texture":"#1"},"down":{"uv":[12.6,0,12,1.2],"texture":"#1"}}},{"from":[7.65,2.47383,9.08974],"to":[8.35,3.27383,12.08974],"rotation":{"angle":22.5,"axis":"x","origin":[8,2.48633,9.28974]},"faces":{"north":{"uv":[13.6,5.4,14.2,4.8],"texture":"#1"},"east":{"uv":[9.6,8.6,12,8],"texture":"#1"},"south":{"uv":[5.6,14.2,6.2,13.6],"texture":"#1"},"west":{"uv":[9.6,9.4,12,8.8],"texture":"#1"},"up":{"uv":[11,4,10.4,1.6],"texture":"#1"},"down":{"uv":[10.2,9.6,9.6,12],"texture":"#1"}}},{"from":[7.775,3.27383,9.08974],"to":[8.225,3.72383,12.08974],"rotation":{"angle":22.5,"axis":"x","origin":[8,2.48633,9.28974]},"faces":{"north":{"uv":[13.6,12.4,14,12],"texture":"#1"},"east":{"uv":[10.4,7.6,12.8,7.2],"texture":"#1"},"south":{"uv":[13.6,13.2,14,12.8],"texture":"#1"},"west":{"uv":[1.6,11.6,4,11.2],"texture":"#1"},"up":{"uv":[6.8,13.6,6.4,11.2],"texture":"#1"},"down":{"uv":[4.4,11.2,4,13.6],"texture":"#1"}}},{"from":[7.524,2.96424,7.64766],"to":[8.476,4.07624,8.75966],"rotation":{"angle":-45,"axis":"x","origin":[8,4.58977,8.57213]},"faces":{"north":{"uv":[12.8,6.4,13.6,5.6],"texture":"#1"},"east":{"uv":[12.8,7.2,13.6,6.4],"texture":"#1"},"south":{"uv":[7.2,13.6,8,12.8],"texture":"#1"},"west":{"uv":[12.8,8,13.6,7.2],"texture":"#1"},"up":{"uv":[13.6,8.8,12.8,8],"texture":"#1"},"down":{"uv":[8.8,12.8,8,13.6],"texture":"#1"}}},{"from":[7.524,1.36424,11.14766],"to":[8.476,2.27624,12.05966],"rotation":{"angle":-45,"axis":"x","origin":[8,2.78977,12.07213]},"faces":{"north":{"uv":[8.8,13.6,9.6,12.8],"texture":"#1"},"east":{"uv":[12.8,9.6,13.6,8.8],"texture":"#1"},"south":{"uv":[9.6,13.6,10.4,12.8],"texture":"#1"},"west":{"uv":[12.8,10.4,13.6,9.6],"texture":"#1"},"up":{"uv":[13.6,11.2,12.8,10.4],"texture":"#1"},"down":{"uv":[11.2,12.8,10.4,13.6],"texture":"#1"}}},{"from":[7.624,1.16424,10.94766],"to":[8.376,2.47624,12.25966],"rotation":{"angle":-45,"axis":"x","origin":[8,2.78977,12.07213]},"faces":{"north":{"uv":[11.2,13.8,11.8,12.8],"texture":"#1"},"east":{"uv":[10.4,5,11.4,4],"texture":"#1"},"south":{"uv":[12.8,12.2,13.4,11.2],"texture":"#1"},"west":{"uv":[10.4,6.6,11.4,5.6],"texture":"#1"},"up":{"uv":[13.4,13.8,12.8,12.8],"texture":"#1"},"down":{"uv":[12.6,12.8,12,13.8],"texture":"#1"}}},{"from":[8,5.05,3],"to":[8,7.05,8],"rotation":{"angle":0,"axis":"y","origin":[8,7.05,1]},"faces":{"north":{"uv":[0,1.6,0,0],"texture":"#1"},"east":{"uv":[8.8,3.2,4.8,1.6],"texture":"#1"},"south":{"uv":[0,1.6,0,0],"texture":"#1"},"west":{"uv":[4.8,3.2,8.8,1.6],"texture":"#1"},"up":{"uv":[0,4,0,0],"texture":"#1"},"down":{"uv":[0,0,0,4],"texture":"#1"}}},{"from":[7.775,3.87183,8.51766],"to":[8.225,6.87183,8.96766],"rotation":{"angle":-22.5,"axis":"x","origin":[8,4.58977,8.57213]},"faces":{"north":{"uv":[10.4,12,10.8,9.6],"texture":"#1"},"east":{"uv":[0,13.6,0.4,11.2],"texture":"#1"},"south":{"uv":[11.2,2.4,11.6,0],"texture":"#1"},"west":{"uv":[0.8,13.6,1.2,11.2],"texture":"#1"},"up":{"uv":[14,11.6,13.6,11.2],"texture":"#1"},"down":{"uv":[14,10.4,13.6,10.8],"texture":"#1"}}},{"from":[7.5,4.68996,7.2789],"to":[8.5,5.68996,7.7789],"rotation":{"angle":-45,"axis":"x","origin":[8,8,8]},"faces":{"north":{"uv":[12,11.2,12.8,10.4],"texture":"#1"},"east":{"uv":[13.6,8,14,7.2],"texture":"#1"},"south":{"uv":[12,12,12.8,11.2],"texture":"#1"},"west":{"uv":[8,14.4,8.4,13.6],"texture":"#1"},"up":{"uv":[9.6,14,8.8,13.6],"texture":"#1"},"down":{"uv":[14.4,8,13.6,8.4],"texture":"#1"}}},{"from":[7.4,5.34858,6.89873],"to":[8.6,5.84858,7.39873],"rotation":{"angle":-45,"axis":"x","origin":[8,8,8]},"faces":{"north":{"uv":[13.6,2,14.6,1.6],"texture":"#1"},"east":{"uv":[13.6,10,14,9.6],"texture":"#1"},"south":{"uv":[13.6,2.8,14.6,2.4],"texture":"#1"},"west":{"uv":[10.4,14,10.8,13.6],"texture":"#1"},"up":{"uv":[14.6,3.6,13.6,3.2],"texture":"#1"},"down":{"uv":[4.2,13.6,3.2,14],"texture":"#1"}}},{"from":[7.5,5.68996,6.7789],"to":[8.5,6.68996,7.7789],"rotation":{"angle":-45,"axis":"x","origin":[8,8,8]},"faces":{"north":{"uv":[3.2,13.6,4,12.8],"texture":"#1"},"east":{"uv":[12.8,4,13.6,3.2],"texture":"#1"},"south":{"uv":[12.8,4.8,13.6,4],"texture":"#1"},"west":{"uv":[4.8,13.6,5.6,12.8],"texture":"#1"},"up":{"uv":[6.4,13.6,5.6,12.8],"texture":"#1"},"down":{"uv":[13.6,4.8,12.8,5.6],"texture":"#1"}}},{"from":[7.495,6.2944,8.12572],"to":[8.505,7.2944,9.12572],"rotation":{"angle":22.5,"axis":"x","origin":[8,8,8]},"faces":{"north":{"uv":[12,12.8,12.8,12],"texture":"#1"},"east":{"uv":[12.8,0.8,13.6,0],"texture":"#1"},"south":{"uv":[12.8,1.6,13.6,0.8],"texture":"#1"},"west":{"uv":[12.8,2.4,13.6,1.6],"texture":"#1"},"up":{"uv":[13.6,3.2,12.8,2.4],"texture":"#1"},"down":{"uv":[3.2,12.8,2.4,13.6],"texture":"#1"}}},{"from":[7.5,6.3,6.84612],"to":[8.5,7.3,7.84612],"rotation":{"angle":0,"axis":"x","origin":[8,8,8]},"faces":{"north":{"uv":[5.6,12.8,6.4,12],"texture":"#1"},"east":{"uv":[12,6.4,12.8,5.6],"texture":"#1"},"south":{"uv":[12,7.2,12.8,6.4],"texture":"#1"},"west":{"uv":[12,8.8,12.8,8],"texture":"#1"},"up":{"uv":[10.4,12.8,9.6,12],"texture":"#1"},"down":{"uv":[12.8,8.8,12,9.6],"texture":"#1"}}},{"from":[7.4,7.68203,5.97949],"to":[8.6,8.18203,6.47949],"rotation":{"angle":-45,"axis":"x","origin":[8,8,8]},"faces":{"north":{"uv":[0,14,1,13.6],"texture":"#1"},"east":{"uv":[13.6,9.2,14,8.8],"texture":"#1"},"south":{"uv":[13.6,0.4,14.6,0],"texture":"#1"},"west":{"uv":[9.6,14,10,13.6],"texture":"#1"},"up":{"uv":[2.6,14,1.6,13.6],"texture":"#1"},"down":{"uv":[14.6,0.8,13.6,1.2],"texture":"#1"}}},{"from":[7.5,6.8,5.84612],"to":[8.5,7.3,6.84612],"rotation":{"angle":0,"axis":"x","origin":[8,8,8]},"faces":{"north":{"uv":[13.6,6,14.4,5.6],"texture":"#1"},"east":{"uv":[6.4,14,7.2,13.6],"texture":"#1"},"south":{"uv":[13.6,6.8,14.4,6.4],"texture":"#1"},"west":{"uv":[7.2,14,8,13.6],"texture":"#1"},"up":{"uv":[11.2,12.8,10.4,12],"texture":"#1"},"down":{"uv":[12.8,9.6,12,10.4],"texture":"#1"}}},{"from":[7.45,5.4,9.95],"to":[8.55,6.5,11.05],"rotation":{"angle":0,"axis":"y","origin":[7.45,6.5,9.75]},"faces":{"north":{"uv":[12,2.4,12.8,1.6],"texture":"#1"},"east":{"uv":[2.4,12.8,3.2,12],"texture":"#1"},"south":{"uv":[12,3.2,12.8,2.4],"texture":"#1"},"west":{"uv":[3.2,12.8,4,12],"texture":"#1"},"up":{"uv":[12.8,4.8,12,4],"texture":"#1"},"down":{"uv":[12.8,3.2,12,4],"texture":"#1"}}},{"from":[7.475,8.7,1.9],"to":[7.475,20.7,6.9],"rotation":{"angle":45,"axis":"x","origin":[7.9,6.7,4.4]},"faces":{"north":{"uv":[0,9.6,0,0],"texture":"#2"},"east":{"uv":[0,0,0.66667,0.33334],"rotation":180,"texture":"#2"},"south":{"uv":[0,9.6,0,0],"texture":"#2"},"west":{"uv":[7,0,0,15.66667],"rotation":180,"texture":"#2"},"up":{"uv":[0,4,0,0],"texture":"#2"},"down":{"uv":[0,0,0,4],"texture":"#2"}}},{"from":[8.525,8.7,1.9],"to":[8.525,20.7,6.9],"rotation":{"angle":45,"axis":"x","origin":[8.1,6.7,4.4]},"faces":{"north":{"uv":[0,9.6,0,0],"texture":"#2"},"east":{"uv":[0,0,7,15.66667],"rotation":180,"texture":"#2"},"south":{"uv":[0,9.6,0,0],"texture":"#2"},"west":{"uv":[0,0,0.66667,0.33334],"rotation":180,"texture":"#2"},"up":{"uv":[0,4,0,0],"texture":"#2"},"down":{"uv":[0,0,0,4],"texture":"#2"}}},{"from":[8.525,-4.7,1.9],"to":[8.525,7.3,6.9],"rotation":{"angle":-45,"axis":"x","origin":[8.1,9.3,4.4]},"faces":{"north":{"uv":[0,0,0,9.6],"texture":"#2"},"east":{"uv":[0,15.66667,7,0],"rotation":180,"texture":"#2"},"south":{"uv":[0,0,0,9.6],"texture":"#2"},"west":{"uv":[0,0,0.66667,0.33334],"rotation":180,"texture":"#2"},"up":{"uv":[0,4,0,0],"texture":"#2"},"down":{"uv":[0,0,0,4],"texture":"#2"}}},{"from":[7.475,-4.7,1.9],"to":[7.475,7.3,6.9],"rotation":{"angle":-45,"axis":"x","origin":[7.9,9.3,4.4]},"faces":{"north":{"uv":[0,0,0,9.6],"texture":"#2"},"east":{"uv":[0,0,0.66667,0.33334],"rotation":180,"texture":"#2"},"south":{"uv":[0,0,0,9.6],"texture":"#2"},"west":{"uv":[7,15.66667,0,0],"rotation":180,"texture":"#2"},"up":{"uv":[0,4,0,0],"texture":"#2"},"down":{"uv":[0,0,0,4],"texture":"#2"}}}],"gui_light":"front","display":{"thirdperson_righthand":{"translation":[0,-2.25,1.25],"scale":[1.125,1.125,1.125]},"thirdperson_lefthand":{"translation":[0,-2.25,1.25],"scale":[1.125,1.125,1.125]},"firstperson_righthand":{"rotation":[14.73,25,-6.56],"translation":[2.75,4.5,-5.25],"scale":[1.26367,1.26367,1.26367]},"firstperson_lefthand":{"rotation":[14.73,25,-6.56],"translation":[2.75,4.5,-5.25],"scale":[1.26367,1.26367,1.26367]},"ground":{"rotation":[-26.5,-25.3,55.42],"translation":[0,1.75,0],"scale":[1.24844,1.24844,1.24844]},"gui":{"rotation":[90,-45,90],"translation":[2.25,1.75,-0.75],"scale":[0.85547,0.85547,0.85547]},"head":{"scale":[0,0,0]},"fixed":{"rotation":[90,-90,90],"translation":[0,-0.5,-2.25],"scale":[3,3,3]}}}