{"credit":"Made with Blockbench","texture_size":[28,28],"textures":{"0":"frighten_set:frighten_set/helmet","particle":"frighten_set:frighten_set/helmet"},"elements":[{"from":[5,5,5],"to":[11,11,11],"rotation":{"angle":0,"axis":"y","origin":[5,5,5]},"faces":{"north":{"uv":[0,0,3.42857,3.42857],"texture":"#0"},"east":{"uv":[6.85714,3.42857,3.42857,6.85714],"texture":"#0"},"south":{"uv":[3.42857,0,6.85714,3.42857],"texture":"#0"},"west":{"uv":[3.42857,3.42857,6.85714,6.85714],"texture":"#0"},"up":{"uv":[3.42857,10.28571,0,6.85714],"texture":"#0"},"down":{"uv":[10.28571,0,6.85714,3.42857],"texture":"#0"}}},{"from":[6.7,8,2.5],"to":[11,11.025,6.8],"rotation":{"angle":-45,"axis":"y","origin":[8,8,3.8]},"faces":{"north":{"uv":[10.28571,1.14286,12.71429,2.85714],"texture":"#0"},"east":{"uv":[5.71429,10.85714,8.14286,12.57143],"texture":"#0"},"south":{"uv":[8.57143,10.85714,11,12.57143],"texture":"#0"},"west":{"uv":[11.42857,7.42857,13.85714,9.14286],"texture":"#0"},"up":{"uv":[11.57143,7,9.14286,4.57143],"texture":"#0"},"down":{"uv":[2.42857,10.28571,0,12.71429],"texture":"#0"}}},{"from":[6.7,4.975,2.5],"to":[11,6,6.8],"rotation":{"angle":-45,"axis":"y","origin":[8,3,3.8]},"faces":{"north":{"uv":[12,6.85714,14.42857,7.42857],"texture":"#0"},"east":{"uv":[12.57143,4,15,4.57143],"texture":"#0"},"south":{"uv":[0,13.14286,2.42857,13.71429],"texture":"#0"},"west":{"uv":[13.14286,1.14286,15.57143,1.71429],"texture":"#0"},"up":{"uv":[8.14286,10.42857,5.71429,8],"texture":"#0"},"down":{"uv":[11,8,8.57143,10.42857],"texture":"#0"}}},{"from":[6.80287,6,2.775],"to":[6.80287,8,6.375],"rotation":{"angle":-45,"axis":"y","origin":[7.75287,5,4.075]},"faces":{"north":{"uv":[0,0,0,1.14286],"texture":"#0"},"east":{"uv":[11.42857,10.85714,13.42857,12],"texture":"#0"},"south":{"uv":[0,0,0,1.14286],"texture":"#0"},"west":{"uv":[12,4.57143,14,5.71429],"texture":"#0"},"up":{"uv":[0,2,0,0],"texture":"#0"},"down":{"uv":[0,0,0,2],"texture":"#0"}}},{"from":[9.19713,6,2.775],"to":[9.19713,8,6.375],"rotation":{"angle":45,"axis":"y","origin":[8.24713,5,4.075]},"faces":{"north":{"uv":[0,0,0,1.14286],"texture":"#0"},"east":{"uv":[14,4.57143,12,5.71429],"texture":"#0"},"south":{"uv":[0,0,0,1.14286],"texture":"#0"},"west":{"uv":[13.42857,10.85714,11.42857,12],"texture":"#0"},"up":{"uv":[0,2,0,0],"texture":"#0"},"down":{"uv":[0,0,0,2],"texture":"#0"}}},{"from":[6.80287,3,2.775],"to":[6.80287,5,6.375],"rotation":{"angle":-45,"axis":"y","origin":[7.75287,2,4.075]},"faces":{"north":{"uv":[0,0,0,1.14286],"texture":"#0"},"east":{"uv":[13.42857,12,11.42857,13.14286],"texture":"#0"},"south":{"uv":[0,0,0,1.14286],"texture":"#0"},"west":{"uv":[11.42857,12,13.42857,13.14286],"texture":"#0"},"up":{"uv":[0,2,0,0],"texture":"#0"},"down":{"uv":[0,0,0,2],"texture":"#0"}}},{"from":[9.19713,3,2.775],"to":[9.19713,5,6.375],"rotation":{"angle":45,"axis":"y","origin":[8.24713,2,4.075]},"faces":{"north":{"uv":[0,0,0,1.14286],"texture":"#0"},"east":{"uv":[13.42857,12,11.42857,13.14286],"texture":"#0"},"south":{"uv":[0,0,0,1.14286],"texture":"#0"},"west":{"uv":[11.42857,12,13.42857,13.14286],"texture":"#0"},"up":{"uv":[0,2,0,0],"texture":"#0"},"down":{"uv":[0,0,0,2],"texture":"#0"}}},{"from":[9.19713,11,2.925],"to":[9.19713,14,6.525],"rotation":{"angle":45,"axis":"y","origin":[8.24713,10,4.075]},"faces":{"north":{"uv":[0,0,0,1.71429],"texture":"#0"},"east":{"uv":[13.42857,9.14286,11.42857,10.85714],"texture":"#0"},"south":{"uv":[0,0,0,1.71429],"texture":"#0"},"west":{"uv":[11.42857,9.14286,13.42857,10.85714],"texture":"#0"},"up":{"uv":[0,2,0,0],"texture":"#0"},"down":{"uv":[0,0,0,2],"texture":"#0"}}},{"from":[6.80287,11,2.925],"to":[6.80287,14,6.525],"rotation":{"angle":-45,"axis":"y","origin":[7.75287,10,4.075]},"faces":{"north":{"uv":[0,0,0,1.71429],"texture":"#0"},"east":{"uv":[13.42857,9.14286,11.42857,10.85714],"texture":"#0"},"south":{"uv":[0,0,0,1.71429],"texture":"#0"},"west":{"uv":[11.42857,9.14286,13.42857,10.85714],"texture":"#0"},"up":{"uv":[0,2,0,0],"texture":"#0"},"down":{"uv":[0,0,0,2],"texture":"#0"}}},{"from":[5.45477,11,4.52959],"to":[5.45477,13,12.12959],"rotation":{"angle":0,"axis":"y","origin":[6.40477,10,4.32959]},"faces":{"north":{"uv":[0,0,0,1.14286],"texture":"#0"},"east":{"uv":[14.57143,0,10.28571,1.14286],"texture":"#0"},"south":{"uv":[0,0,0,1.14286],"texture":"#0"},"west":{"uv":[10.28571,0,14.57143,1.14286],"texture":"#0"},"up":{"uv":[0,4.28571,0,0],"texture":"#0"},"down":{"uv":[0,0,0,4.28571],"texture":"#0"}}},{"from":[10.54523,11,4.52959],"to":[10.54523,13,12.12959],"rotation":{"angle":0,"axis":"y","origin":[9.59523,10,4.32959]},"faces":{"north":{"uv":[0,0,0,1.14286],"texture":"#0"},"east":{"uv":[14.57143,0,10.28571,1.14286],"texture":"#0"},"south":{"uv":[0,0,0,1.14286],"texture":"#0"},"west":{"uv":[10.28571,0,14.57143,1.14286],"texture":"#0"},"up":{"uv":[0,4.28571,0,0],"texture":"#0"},"down":{"uv":[0,0,0,4.28571],"texture":"#0"}}},{"from":[2,5,4],"to":[5,5,8],"rotation":{"angle":-22.5,"axis":"x","origin":[3,5,4]},"faces":{"north":{"uv":[0,0,1.71429,0],"texture":"#0"},"east":{"uv":[0,0,2.28571,0],"texture":"#0"},"south":{"uv":[0,0,1.71429,0],"texture":"#0"},"west":{"uv":[0,0,2.28571,0],"texture":"#0"},"up":{"uv":[8.57143,6.85714,6.85714,4.57143],"texture":"#0"},"down":{"uv":[8.57143,4.57143,6.85714,6.85714],"texture":"#0"}}},{"from":[2,6.53066,7.69514],"to":[5,6.53066,9.69514],"rotation":{"angle":-45,"axis":"x","origin":[3,6.53066,7.69514]},"faces":{"north":{"uv":[0,0,1.71429,0],"texture":"#0"},"east":{"uv":[0,0,1.14286,0],"texture":"#0"},"south":{"uv":[0,0,1.71429,0],"texture":"#0"},"west":{"uv":[0,0,1.14286,0],"texture":"#0"},"up":{"uv":[14.28571,4,12.57143,2.85714],"texture":"#0"},"down":{"uv":[14.28571,2.85714,12.57143,4],"texture":"#0"}}},{"from":[2,7.94465,9.10902],"to":[5,9.94465,9.10902],"rotation":{"angle":22.5,"axis":"x","origin":[3,7.94465,9.10902]},"faces":{"north":{"uv":[7.42857,13.71429,5.71429,12.57143],"rotation":180,"texture":"#0"},"east":{"uv":[0,0,1.14286,0],"rotation":90,"texture":"#0"},"south":{"uv":[7.42857,12.57143,5.71429,13.71429],"texture":"#0"},"west":{"uv":[0,0,1.14286,0],"rotation":270,"texture":"#0"},"up":{"uv":[0,0,1.71429,0],"texture":"#0"},"down":{"uv":[0,0,1.71429,0],"rotation":180,"texture":"#0"}}},{"from":[2,9.7917,9.87509],"to":[5,9.7917,11.87509],"rotation":{"angle":-45,"axis":"x","origin":[3,9.7917,9.87509]},"faces":{"north":{"uv":[0,0,1.71429,0],"texture":"#0"},"east":{"uv":[0,0,1.14286,0],"texture":"#0"},"south":{"uv":[0,0,1.71429,0],"texture":"#0"},"west":{"uv":[0,0,1.14286,0],"texture":"#0"},"up":{"uv":[9.14286,13.71429,7.42857,12.57143],"texture":"#0"},"down":{"uv":[9.14286,12.57143,7.42857,13.71429],"texture":"#0"}}},{"from":[11,5,4],"to":[14,5,8],"rotation":{"angle":-22.5,"axis":"x","origin":[13,5,4]},"faces":{"north":{"uv":[1.71429,0,0,0],"texture":"#0"},"east":{"uv":[2.28571,0,0,0],"texture":"#0"},"south":{"uv":[1.71429,0,0,0],"texture":"#0"},"west":{"uv":[2.28571,0,0,0],"texture":"#0"},"up":{"uv":[6.85714,6.85714,8.57143,4.57143],"texture":"#0"},"down":{"uv":[6.85714,4.57143,8.57143,6.85714],"texture":"#0"}}},{"from":[11,6.53066,7.69514],"to":[14,6.53066,9.69514],"rotation":{"angle":-45,"axis":"x","origin":[13,6.53066,7.69514]},"faces":{"north":{"uv":[1.71429,0,0,0],"texture":"#0"},"east":{"uv":[1.14286,0,0,0],"texture":"#0"},"south":{"uv":[1.71429,0,0,0],"texture":"#0"},"west":{"uv":[1.14286,0,0,0],"texture":"#0"},"up":{"uv":[12.57143,4,14.28571,2.85714],"texture":"#0"},"down":{"uv":[12.57143,2.85714,14.28571,4],"texture":"#0"}}},{"from":[11,7.94465,9.10902],"to":[14,9.94465,9.10902],"rotation":{"angle":22.5,"axis":"x","origin":[13,7.94465,9.10902]},"faces":{"north":{"uv":[5.71429,13.71429,7.42857,12.57143],"rotation":180,"texture":"#0"},"east":{"uv":[0,0,1.14286,0],"rotation":270,"texture":"#0"},"south":{"uv":[5.71429,12.57143,7.42857,13.71429],"texture":"#0"},"west":{"uv":[0,0,1.14286,0],"rotation":90,"texture":"#0"},"up":{"uv":[1.71429,0,0,0],"texture":"#0"},"down":{"uv":[1.71429,0,0,0],"rotation":180,"texture":"#0"}}},{"from":[11,9.7917,9.87509],"to":[14,9.7917,11.87509],"rotation":{"angle":-45,"axis":"x","origin":[13,9.7917,9.87509]},"faces":{"north":{"uv":[1.71429,0,0,0],"texture":"#0"},"east":{"uv":[1.14286,0,0,0],"texture":"#0"},"south":{"uv":[1.71429,0,0,0],"texture":"#0"},"west":{"uv":[1.14286,0,0,0],"texture":"#0"},"up":{"uv":[7.42857,13.71429,9.14286,12.57143],"texture":"#0"},"down":{"uv":[7.42857,12.57143,9.14286,13.71429],"texture":"#0"}}},{"from":[7,10,1.9],"to":[9,12,11.5],"rotation":{"angle":45,"axis":"z","origin":[8,11,9]},"faces":{"north":{"uv":[9.14286,12.57143,10.28571,13.71429],"texture":"#0"},"east":{"uv":[3.42857,6.85714,8.85714,8],"texture":"#0"},"south":{"uv":[10.28571,12.57143,11.42857,13.71429],"texture":"#0"},"west":{"uv":[6.85714,3.42857,12.28571,4.57143],"texture":"#0"},"up":{"uv":[3.42857,8,8.85714,6.85714],"rotation":270,"texture":"#0"},"down":{"uv":[6.85714,4.57143,12.28571,3.42857],"rotation":270,"texture":"#0"}}},{"from":[7.5,11.68198,1.64987],"to":[8.5,12.68198,3.64987],"rotation":{"angle":-22.5,"axis":"x","origin":[8,12.18198,2.64987]},"faces":{"north":{"uv":[2.85714,10.28571,3.42857,10.85714],"texture":"#0"},"east":{"uv":[9.14286,7.42857,10.28571,8],"texture":"#0"},"south":{"uv":[10.28571,7.42857,10.85714,8],"texture":"#0"},"west":{"uv":[10.28571,2.85714,11.42857,3.42857],"texture":"#0"},"up":{"uv":[9.14286,5.71429,8.57143,4.57143],"texture":"#0"},"down":{"uv":[9.14286,5.71429,8.57143,6.85714],"texture":"#0"}}},{"from":[3,8.3515,6.3515],"to":[5,10.3515,8.3515],"rotation":{"angle":0,"axis":"y","origin":[8,9.3765,6.7]},"faces":{"north":{"uv":[3.42857,14.85714,2.28571,13.71429],"rotation":180,"texture":"#0"},"east":{"uv":[11.42857,14.28571,12.57143,13.14286],"rotation":90,"texture":"#0"},"south":{"uv":[3.42857,13.71429,2.28571,14.85714],"texture":"#0"},"west":{"uv":[0,14.85714,1.14286,13.71429],"rotation":270,"texture":"#0"},"up":{"uv":[3.42857,14.85714,2.28571,13.71429],"texture":"#0"},"down":{"uv":[2.28571,14.85714,3.42857,13.71429],"rotation":180,"texture":"#0"}}},{"from":[2.43902,8.5915,8.43728],"to":[3.95902,10.1115,9.95728],"rotation":{"angle":-22.5,"axis":"y","origin":[8,9.3765,6.7]},"faces":{"north":{"uv":[10,14.57143,9.14286,13.71429],"rotation":180,"texture":"#0"},"east":{"uv":[4.57143,14.57143,5.42857,13.71429],"rotation":90,"texture":"#0"},"south":{"uv":[8.85714,13.71429,8,14.57143],"texture":"#0"},"west":{"uv":[6.85714,14.57143,7.71429,13.71429],"rotation":270,"texture":"#0"},"up":{"uv":[4.28571,14.57143,3.42857,13.71429],"texture":"#0"},"down":{"uv":[3.42857,14.57143,4.28571,13.71429],"rotation":180,"texture":"#0"}}},{"from":[2.94694,8.7891,10.56002],"to":[4.07174,9.9139,11.68482],"rotation":{"angle":-45,"axis":"y","origin":[8,9.3765,6.7]},"faces":{"north":{"uv":[12.57143,3.42857,12,2.85714],"rotation":180,"texture":"#0"},"east":{"uv":[10.85714,8,11.42857,7.42857],"rotation":90,"texture":"#0"},"south":{"uv":[3.42857,12,2.85714,12.57143],"texture":"#0"},"west":{"uv":[11.42857,3.42857,12,2.85714],"rotation":270,"texture":"#0"},"up":{"uv":[3.42857,11.42857,2.85714,10.85714],"texture":"#0"},"down":{"uv":[2.85714,11.42857,3.42857,10.85714],"rotation":180,"texture":"#0"}}},{"from":[1.569,8.95782,3.12747],"to":[2.35636,9.74518,3.91483],"rotation":{"angle":22.5,"axis":"y","origin":[8,9.3765,6.7]},"faces":{"north":{"uv":[14.14286,10.71429,13.71429,10.28571],"rotation":180,"texture":"#0"},"east":{"uv":[2.85714,13.57143,3.28571,13.14286],"rotation":90,"texture":"#0"},"south":{"uv":[10.71429,13.71429,10.28571,14.14286],"texture":"#0"},"west":{"uv":[13.71429,10.14286,14.14286,9.71429],"rotation":270,"texture":"#0"},"up":{"uv":[13.71429,9.57143,14.14286,9.14286],"texture":"#0"},"down":{"uv":[2.85714,13,3.28571,12.57143],"rotation":180,"texture":"#0"}}},{"from":[13.63407,9.00782,3.10437],"to":[14.42143,9.79518,3.89173],"rotation":{"angle":-22.5,"axis":"y","origin":[8,9.3765,6.7]},"faces":{"north":{"uv":[13.71429,10.71429,14.14286,10.28571],"rotation":180,"texture":"#0"},"east":{"uv":[14.14286,10.14286,13.71429,9.71429],"rotation":90,"texture":"#0"},"south":{"uv":[10.28571,13.71429,10.71429,14.14286],"texture":"#0"},"west":{"uv":[3.28571,13.57143,2.85714,13.14286],"rotation":270,"texture":"#0"},"up":{"uv":[14.14286,9.57143,13.71429,9.14286],"texture":"#0"},"down":{"uv":[3.28571,13,2.85714,12.57143],"rotation":180,"texture":"#0"}}},{"from":[11.94594,8.8391,10.54235],"to":[13.07074,9.9639,11.66715],"rotation":{"angle":45,"axis":"y","origin":[8,9.3765,6.7]},"faces":{"north":{"uv":[12,3.42857,12.57143,2.85714],"rotation":180,"texture":"#0"},"east":{"uv":[12,3.42857,11.42857,2.85714],"rotation":90,"texture":"#0"},"south":{"uv":[2.85714,12,3.42857,12.57143],"texture":"#0"},"west":{"uv":[11.42857,8,10.85714,7.42857],"rotation":270,"texture":"#0"},"up":{"uv":[2.85714,11.42857,3.42857,10.85714],"texture":"#0"},"down":{"uv":[3.42857,11.42857,2.85714,10.85714],"rotation":180,"texture":"#0"}}},{"from":[12.05055,8.6415,8.41419],"to":[13.57055,10.1615,9.93419],"rotation":{"angle":22.5,"axis":"y","origin":[8,9.3765,6.7]},"faces":{"north":{"uv":[9.14286,14.57143,10,13.71429],"rotation":180,"texture":"#0"},"east":{"uv":[7.71429,14.57143,6.85714,13.71429],"rotation":90,"texture":"#0"},"south":{"uv":[8,13.71429,8.85714,14.57143],"texture":"#0"},"west":{"uv":[5.42857,14.57143,4.57143,13.71429],"rotation":270,"texture":"#0"},"up":{"uv":[3.42857,14.57143,4.28571,13.71429],"texture":"#0"},"down":{"uv":[4.28571,14.57143,3.42857,13.71429],"rotation":180,"texture":"#0"}}},{"from":[11,8.4015,6.3265],"to":[13,10.4015,8.3265],"rotation":{"angle":0,"axis":"y","origin":[8,9.3765,6.7]},"faces":{"north":{"uv":[2.28571,14.85714,3.42857,13.71429],"rotation":180,"texture":"#0"},"east":{"uv":[1.14286,14.85714,0,13.71429],"rotation":90,"texture":"#0"},"south":{"uv":[2.28571,13.71429,3.42857,14.85714],"texture":"#0"},"west":{"uv":[12.57143,14.28571,11.42857,13.14286],"rotation":270,"texture":"#0"},"up":{"uv":[2.28571,14.85714,3.42857,13.71429],"texture":"#0"},"down":{"uv":[3.42857,14.85714,2.28571,13.71429],"rotation":180,"texture":"#0"}}},{"from":[4.09289,6,2.76863],"to":[8.19289,8,2.76863],"rotation":{"angle":45,"axis":"y","origin":[7.29289,6,2.66863]},"faces":{"north":{"uv":[4.42857,14.85714,6.77143,16],"texture":"#0"},"east":{"uv":[0,0,0,1.14286],"texture":"#0"},"west":{"uv":[0,0,0,1.14286],"texture":"#0"},"up":{"uv":[4.42857,14.85714,6.77143,14.85714],"texture":"#0"},"down":{"uv":[4.42857,14.85714,6.77143,14.85714],"texture":"#0"}}},{"from":[7.80711,6,2.76863],"to":[11.90711,8,2.76863],"rotation":{"angle":-45,"axis":"y","origin":[8.70711,6,2.66863]},"faces":{"north":{"uv":[6.77143,14.85714,4.42857,16],"texture":"#0"},"east":{"uv":[0,0,0,1.14286],"texture":"#0"},"west":{"uv":[0,0,0,1.14286],"texture":"#0"},"up":{"uv":[6.77143,14.85714,4.42857,14.85714],"texture":"#0"},"down":{"uv":[6.77143,14.85714,4.42857,14.85714],"texture":"#0"}}}],"gui_light":"front","display":{"thirdperson_righthand":{"rotation":[59,0,0],"translation":[0,0.5,1]},"thirdperson_lefthand":{"rotation":[59,0,0],"translation":[0,0.5,1]},"firstperson_righthand":{"rotation":[0,119,0],"translation":[-1,4.75,0.25]},"firstperson_lefthand":{"rotation":[0,119,0],"translation":[-1,4.75,0.25]},"ground":{"rotation":[40,0,0],"translation":[0,1.75,0],"scale":[1.23633,1.23633,1.23633]},"gui":{"rotation":[21,159,0],"translation":[0.75,0,0],"scale":[0.99688,0.99688,0.99688]},"head":{"translation":[0,0,0.25],"scale":[2.57227,2.57227,2.57227]},"fixed":{"rotation":[-79.25,0,0],"translation":[0,3.75,-12.25],"scale":[3.33594,3.33594,3.33594]}}}