{"credit":"Made with Blockbench","texture_size":[20,20],"textures":{"1":"frighten_set:frighten_set/knife","2":"frighten_set:frighten_set/animation_4","particle":"frighten_set:frighten_set/animation_4"},"elements":[{"from":[7.39,-0.11,7.39],"to":[8.61,1.11,8.61],"rotation":{"angle":45,"axis":"x","origin":[8,0.5,8]},"faces":{"north":{"uv":[9.6,10.4,10.6,11.4],"texture":"#1"},"east":{"uv":[0,11.2,1,12.2],"texture":"#1"},"south":{"uv":[1.6,11.2,2.6,12.2],"texture":"#1"},"west":{"uv":[3.2,11.2,4.2,12.2],"texture":"#1"},"up":{"uv":[5.8,12.2,4.8,11.2],"texture":"#1"},"down":{"uv":[12.2,4.8,11.2,5.8],"texture":"#1"}}},{"from":[7.5,0,6.4],"to":[8.5,1,7.9],"rotation":{"angle":22.5,"axis":"x","origin":[8,0.5,7.15]},"faces":{"north":{"uv":[9.6,6.4,10.4,7.2],"texture":"#1"},"east":{"uv":[10.4,8,11.6,8.8],"texture":"#1"},"south":{"uv":[12,8,12.8,8.8],"texture":"#1"},"west":{"uv":[6.4,11.2,7.6,12],"texture":"#1"},"up":{"uv":[12,10,11.2,8.8],"texture":"#1"},"down":{"uv":[12,10.4,11.2,11.6],"texture":"#1"}}},{"from":[7.5,0,8.1],"to":[8.5,1,9.6],"rotation":{"angle":-22.5,"axis":"x","origin":[8,0.5,8.85]},"faces":{"north":{"uv":[8.8,12,9.6,12.8],"texture":"#1"},"east":{"uv":[12,0,13.2,0.8],"texture":"#1"},"south":{"uv":[12,8.8,12.8,9.6],"texture":"#1"},"west":{"uv":[12,0.8,13.2,1.6],"texture":"#1"},"up":{"uv":[12.8,2.8,12,1.6],"texture":"#1"},"down":{"uv":[12.8,3.2,12,4.4],"texture":"#1"}}},{"from":[7.45,0.75,7.45],"to":[8.55,1.85,8.55],"rotation":{"angle":0,"axis":"y","origin":[7.45,0.75,7.45]},"faces":{"north":{"uv":[9.6,12,10.4,12.8],"texture":"#1"},"east":{"uv":[12,9.6,12.8,10.4],"texture":"#1"},"south":{"uv":[10.4,12,11.2,12.8],"texture":"#1"},"west":{"uv":[12,10.4,12.8,11.2],"texture":"#1"},"up":{"uv":[12,12.8,11.2,12],"texture":"#1"},"down":{"uv":[12.8,11.2,12,12],"texture":"#1"}}},{"from":[7.45,4.85,7.45],"to":[8.55,5.95,8.55],"rotation":{"angle":0,"axis":"y","origin":[7.45,4.85,7.45]},"faces":{"north":{"uv":[12,12,12.8,12.8],"texture":"#1"},"east":{"uv":[0,12.8,0.8,13.6],"texture":"#1"},"south":{"uv":[0.8,12.8,1.6,13.6],"texture":"#1"},"west":{"uv":[1.6,12.8,2.4,13.6],"texture":"#1"},"up":{"uv":[13.6,2.4,12.8,1.6],"texture":"#1"},"down":{"uv":[3.2,12.8,2.4,13.6],"texture":"#1"}}},{"from":[7.5,1.85,7.5],"to":[8.5,4.85,8.5],"rotation":{"angle":0,"axis":"y","origin":[6.95,-4.3,6.95]},"faces":{"north":{"uv":[4,8.8,4.8,11.2],"texture":"#1"},"east":{"uv":[4.8,8.8,5.6,11.2],"texture":"#1"},"south":{"uv":[8.8,4.8,9.6,7.2],"texture":"#1"},"west":{"uv":[7.2,8.8,8,11.2],"texture":"#1"},"up":{"uv":[13.6,3.2,12.8,2.4],"texture":"#1"},"down":{"uv":[4,12.8,3.2,13.6],"texture":"#1"}}},{"from":[7.4,5.7,7],"to":[8.6,7.7,9],"rotation":{"angle":-45,"axis":"x","origin":[8,6.7,8]},"faces":{"north":{"uv":[8.8,7.2,9.8,8.8],"texture":"#1"},"east":{"uv":[5.6,8,7.2,9.6],"texture":"#1"},"south":{"uv":[8,8.8,9,10.4],"texture":"#1"},"west":{"uv":[8.8,0,10.4,1.6],"texture":"#1"},"up":{"uv":[10.6,6.4,9.6,4.8],"texture":"#1"},"down":{"uv":[6.6,9.6,5.6,11.2],"texture":"#1"}}},{"from":[7.2,5.9,7.2],"to":[8.8,7.5,8.8],"rotation":{"angle":-45,"axis":"x","origin":[8,6.7,8]},"faces":{"north":{"uv":[9.6,8.8,10.8,10],"texture":"#1"},"east":{"uv":[10.4,0,11.6,1.2],"texture":"#1"},"south":{"uv":[10.4,1.6,11.6,2.8],"texture":"#1"},"west":{"uv":[10.4,3.2,11.6,4.4],"texture":"#1"},"up":{"uv":[11.6,7.6,10.4,6.4],"texture":"#1"},"down":{"uv":[9.2,10.4,8,11.6],"texture":"#1"}}},{"from":[7.58,6.76,7.16],"to":[8.42,8.44,8.84],"rotation":{"angle":-45,"axis":"x","origin":[8,7.6,8]},"faces":{"north":{"uv":[6.4,12,7,13.4],"texture":"#1"},"east":{"uv":[8.8,1.6,10.2,3],"texture":"#1"},"south":{"uv":[12,6.4,12.6,7.8],"texture":"#1"},"west":{"uv":[8.8,3.2,10.2,4.6],"texture":"#1"},"up":{"uv":[7.8,13.4,7.2,12],"texture":"#1"},"down":{"uv":[8.6,12,8,13.4],"texture":"#1"}}},{"from":[7.5,6,6.3],"to":[8.5,7,7.3],"rotation":{"angle":0,"axis":"y","origin":[7.5,5,6.3]},"faces":{"north":{"uv":[12.8,3.2,13.6,4],"texture":"#1"},"east":{"uv":[4,12.8,4.8,13.6],"texture":"#1"},"south":{"uv":[12.8,4,13.6,4.8],"texture":"#1"},"west":{"uv":[4.8,12.8,5.6,13.6],"texture":"#1"},"up":{"uv":[13.6,5.6,12.8,4.8],"texture":"#1"},"down":{"uv":[6.4,12.8,5.6,13.6],"texture":"#1"}}},{"from":[7.5,5,6.8],"to":[8.5,6,7.3],"rotation":{"angle":0,"axis":"y","origin":[7.5,4,6.3]},"faces":{"north":{"uv":[12.8,5.6,13.6,6.4],"texture":"#1"},"east":{"uv":[13.6,4.8,14,5.6],"texture":"#1"},"south":{"uv":[12.8,6.4,13.6,7.2],"texture":"#1"},"west":{"uv":[13.6,5.6,14,6.4],"texture":"#1"},"up":{"uv":[7.2,14,6.4,13.6],"texture":"#1"},"down":{"uv":[14.4,6.4,13.6,6.8],"texture":"#1"}}},{"from":[7.5,8.30776,5.42988],"to":[8.5,9.30776,5.92988],"rotation":{"angle":-45,"axis":"x","origin":[8,8.80776,5.67988]},"faces":{"north":{"uv":[12.8,7.2,13.6,8],"texture":"#1"},"east":{"uv":[7.2,13.6,7.6,14.4],"texture":"#1"},"south":{"uv":[12.8,8,13.6,8.8],"texture":"#1"},"west":{"uv":[13.6,7.2,14,8],"texture":"#1"},"up":{"uv":[8.8,14,8,13.6],"texture":"#1"},"down":{"uv":[14.4,8,13.6,8.4],"texture":"#1"}}},{"from":[7.495,6.61732,6.37612],"to":[8.505,7.61732,7.37612],"rotation":{"angle":-22.5,"axis":"x","origin":[7.52,6.61732,6.37612]},"faces":{"north":{"uv":[8.8,12.8,9.6,13.6],"texture":"#1"},"east":{"uv":[12.8,8.8,13.6,9.6],"texture":"#1"},"south":{"uv":[9.6,12.8,10.4,13.6],"texture":"#1"},"west":{"uv":[12.8,9.6,13.6,10.4],"texture":"#1"},"up":{"uv":[11.2,13.6,10.4,12.8],"texture":"#1"},"down":{"uv":[13.6,10.4,12.8,11.2],"texture":"#1"}}},{"from":[7.5,7.21677,6.21021],"to":[8.5,8.21677,7.21021],"rotation":{"angle":-45,"axis":"x","origin":[7.5,7.21677,6.21021]},"faces":{"north":{"uv":[11.2,12.8,12,13.6],"texture":"#1"},"east":{"uv":[12.8,11.2,13.6,12],"texture":"#1"},"south":{"uv":[12,12.8,12.8,13.6],"texture":"#1"},"west":{"uv":[12.8,12,13.6,12.8],"texture":"#1"},"up":{"uv":[13.6,13.6,12.8,12.8],"texture":"#1"},"down":{"uv":[0.8,13.6,0,14.4],"texture":"#1"}}},{"from":[7.4,5.7,6.45],"to":[8.6,6.2,6.95],"rotation":{"angle":-45,"axis":"x","origin":[8,5.95,6.7]},"faces":{"north":{"uv":[13.6,0.8,14.6,1.2],"texture":"#1"},"east":{"uv":[11.2,13.6,11.6,14],"texture":"#1"},"south":{"uv":[1.6,13.6,2.6,14],"texture":"#1"},"west":{"uv":[13.6,11.2,14,11.6],"texture":"#1"},"up":{"uv":[14.6,2,13.6,1.6],"texture":"#1"},"down":{"uv":[14.6,2.4,13.6,2.8],"texture":"#1"}}},{"from":[7.4,8,5.45],"to":[8.6,8.5,5.95],"rotation":{"angle":-45,"axis":"x","origin":[8,8.25,5.7]},"faces":{"north":{"uv":[3.2,13.6,4.2,14],"texture":"#1"},"east":{"uv":[12,13.6,12.4,14],"texture":"#1"},"south":{"uv":[13.6,3.2,14.6,3.6],"texture":"#1"},"west":{"uv":[13.6,12,14,12.4],"texture":"#1"},"up":{"uv":[14.6,4.4,13.6,4],"texture":"#1"},"down":{"uv":[5.8,13.6,4.8,14],"texture":"#1"}}},{"from":[7.75,7.7,7.5],"to":[8.25,18,8.5],"rotation":{"angle":0,"axis":"y","origin":[7.75,15,8]},"faces":{"north":{"uv":[7.2,0,7.6,8.2],"texture":"#1"},"east":{"uv":[4,0,4.8,8.2],"texture":"#1"},"south":{"uv":[8,0,8.4,8.2],"texture":"#1"},"west":{"uv":[4.8,0,5.6,8.2],"texture":"#1"},"up":{"uv":[9.2,14.4,8.8,13.6],"texture":"#1"},"down":{"uv":[14,8.8,13.6,9.6],"texture":"#1"}}},{"from":[7.7375,17.7,7.5],"to":[8.2625,18.7,8.5],"rotation":{"angle":-45,"axis":"x","origin":[8.0125,18.2,8]},"faces":{"north":{"uv":[9.6,13.6,10,14.4],"texture":"#1"},"east":{"uv":[13.6,0,14.4,0.8],"texture":"#1"},"south":{"uv":[13.6,9.6,14,10.4],"texture":"#1"},"west":{"uv":[0.8,13.6,1.6,14.4],"texture":"#1"},"up":{"uv":[10.8,14.4,10.4,13.6],"texture":"#1"},"down":{"uv":[14,10.4,13.6,11.2],"texture":"#1"}}},{"from":[8,3.725,5.6],"to":[8,8.725,7.6],"rotation":{"angle":-22.5,"axis":"x","origin":[8,3.725,4.6]},"faces":{"north":{"uv":[0,0,0,4],"texture":"#1"},"east":{"uv":[5.6,0,7.2,4],"texture":"#1"},"south":{"uv":[0,0,0,4],"texture":"#1"},"west":{"uv":[5.6,4,7.2,8],"texture":"#1"},"up":{"uv":[0,1.6,0,0],"texture":"#1"},"down":{"uv":[0,0,0,1.6],"texture":"#1"}}},{"from":[7.5,6,8.7],"to":[8.5,7,9.7],"rotation":{"angle":0,"axis":"y","origin":[7.5,5,9.7]},"faces":{"north":{"uv":[13.6,4,12.8,4.8],"texture":"#1"},"east":{"uv":[4.8,12.8,4,13.6],"texture":"#1"},"south":{"uv":[13.6,3.2,12.8,4],"texture":"#1"},"west":{"uv":[5.6,12.8,4.8,13.6],"texture":"#1"},"up":{"uv":[13.6,4.8,12.8,5.6],"texture":"#1"},"down":{"uv":[6.4,13.6,5.6,12.8],"texture":"#1"}}},{"from":[7.5,5,8.7],"to":[8.5,6,9.2],"rotation":{"angle":0,"axis":"y","origin":[7.5,4,9.7]},"faces":{"north":{"uv":[13.6,6.4,12.8,7.2],"texture":"#1"},"east":{"uv":[14,4.8,13.6,5.6],"texture":"#1"},"south":{"uv":[13.6,5.6,12.8,6.4],"texture":"#1"},"west":{"uv":[14,5.6,13.6,6.4],"texture":"#1"},"up":{"uv":[7.2,13.6,6.4,14],"texture":"#1"},"down":{"uv":[14.4,6.8,13.6,6.4],"texture":"#1"}}},{"from":[7.5,8.30776,10.07012],"to":[8.5,9.30776,10.57012],"rotation":{"angle":45,"axis":"x","origin":[8,8.80776,10.32012]},"faces":{"north":{"uv":[13.6,8,12.8,8.8],"texture":"#1"},"east":{"uv":[7.6,13.6,7.2,14.4],"texture":"#1"},"south":{"uv":[13.6,7.2,12.8,8],"texture":"#1"},"west":{"uv":[14,7.2,13.6,8],"texture":"#1"},"up":{"uv":[8.8,13.6,8,14],"texture":"#1"},"down":{"uv":[14.4,8.4,13.6,8],"texture":"#1"}}},{"from":[7.495,6.61732,8.62388],"to":[8.505,7.61732,9.62388],"rotation":{"angle":22.5,"axis":"x","origin":[7.52,6.61732,9.62388]},"faces":{"north":{"uv":[10.4,12.8,9.6,13.6],"texture":"#1"},"east":{"uv":[13.6,8.8,12.8,9.6],"texture":"#1"},"south":{"uv":[9.6,12.8,8.8,13.6],"texture":"#1"},"west":{"uv":[13.6,9.6,12.8,10.4],"texture":"#1"},"up":{"uv":[11.2,12.8,10.4,13.6],"texture":"#1"},"down":{"uv":[13.6,11.2,12.8,10.4],"texture":"#1"}}},{"from":[7.5,7.21677,8.78979],"to":[8.5,8.21677,9.78979],"rotation":{"angle":45,"axis":"x","origin":[7.5,7.21677,9.78979]},"faces":{"north":{"uv":[12.8,12.8,12,13.6],"texture":"#1"},"east":{"uv":[13.6,11.2,12.8,12],"texture":"#1"},"south":{"uv":[12,12.8,11.2,13.6],"texture":"#1"},"west":{"uv":[13.6,12,12.8,12.8],"texture":"#1"},"up":{"uv":[13.6,12.8,12.8,13.6],"texture":"#1"},"down":{"uv":[0.8,14.4,0,13.6],"texture":"#1"}}},{"from":[7.4,5.7,9.05],"to":[8.6,6.2,9.55],"rotation":{"angle":45,"axis":"x","origin":[8,5.95,9.3]},"faces":{"north":{"uv":[2.6,13.6,1.6,14],"texture":"#1"},"east":{"uv":[11.6,13.6,11.2,14],"texture":"#1"},"south":{"uv":[14.6,0.8,13.6,1.2],"texture":"#1"},"west":{"uv":[14,11.2,13.6,11.6],"texture":"#1"},"up":{"uv":[14.6,1.6,13.6,2],"texture":"#1"},"down":{"uv":[14.6,2.8,13.6,2.4],"texture":"#1"}}},{"from":[7.4,8,10.05],"to":[8.6,8.5,10.55],"rotation":{"angle":45,"axis":"x","origin":[8,8.25,10.3]},"faces":{"north":{"uv":[14.6,3.2,13.6,3.6],"texture":"#1"},"east":{"uv":[12.4,13.6,12,14],"texture":"#1"},"south":{"uv":[4.2,13.6,3.2,14],"texture":"#1"},"west":{"uv":[14,12,13.6,12.4],"texture":"#1"},"up":{"uv":[14.6,4,13.6,4.4],"texture":"#1"},"down":{"uv":[5.8,14,4.8,13.6],"texture":"#1"}}},{"from":[8,3.725,8.4],"to":[8,8.725,10.4],"rotation":{"angle":22.5,"axis":"x","origin":[8,3.725,11.4]},"faces":{"north":{"uv":[0,0,0,4],"texture":"#1"},"east":{"uv":[7.2,0,5.6,4],"texture":"#1"},"south":{"uv":[0,0,0,4],"texture":"#1"},"west":{"uv":[7.2,4,5.6,8],"texture":"#1"},"up":{"uv":[0,0,0,1.6],"texture":"#1"},"down":{"uv":[0,1.6,0,0],"texture":"#1"}}},{"from":[8,7.7,5.85],"to":[8,21.7,10.15],"rotation":{"angle":0,"axis":"y","origin":[8,7.7,10.15]},"faces":{"north":{"uv":[0,0,0,11.2],"texture":"#1"},"east":{"uv":[3.4,0,0,11.2],"texture":"#1"},"south":{"uv":[0,0,0,11.2],"texture":"#1"},"west":{"uv":[3.4,0,0,11.2],"texture":"#1"},"up":{"uv":[0,0,0,3.4],"texture":"#1"},"down":{"uv":[0,3.4,0,0],"texture":"#1"}}},{"from":[7.475,7.5,6],"to":[7.475,15.5,10],"rotation":{"angle":0,"axis":"y","origin":[0,0,-0.1]},"faces":{"north":{"uv":[0,0,0,6.4],"texture":"#2"},"east":{"uv":[0,0,0,0],"texture":"#2"},"south":{"uv":[0,0,0,6.4],"texture":"#2"},"west":{"uv":[0,0,7.7,16],"texture":"#2"},"up":{"uv":[0,3.2,0,0],"texture":"#2"},"down":{"uv":[0,0,0,3.2],"texture":"#2"}}},{"from":[8.525,7.5,6],"to":[8.525,15.5,10],"rotation":{"angle":0,"axis":"y","origin":[16,0,-0.1]},"faces":{"north":{"uv":[0,0,0,6.4],"texture":"#2"},"east":{"uv":[7.7,0,0,16],"texture":"#2"},"south":{"uv":[0,0,0,6.4],"texture":"#2"},"west":{"uv":[0,0,0,0],"texture":"#2"},"up":{"uv":[0,3.2,0,0],"texture":"#2"},"down":{"uv":[0,0,0,3.2],"texture":"#2"}}}],"gui_light":"front","display":{"thirdperson_righthand":{"translation":[0,3,1.5]},"thirdperson_lefthand":{"translation":[0,3,1.5]},"firstperson_righthand":{"rotation":[-10,0,0],"translation":[-1,3.25,2.75],"scale":[0.66016,0.66016,0.66016]},"firstperson_lefthand":{"rotation":[-10,0,0],"translation":[-1,3.25,2.75],"scale":[0.66016,0.66016,0.66016]},"ground":{"rotation":[2.15,-1.8,-78.97],"translation":[-1.75,0.25,0.75],"scale":[0.86719,0.86719,0.86719]},"gui":{"rotation":[90,-135,90],"translation":[-1,-1.25,0],"scale":[0.78125,0.78125,0.78125]},"head":{"scale":[0,0,0]},"fixed":{"rotation":[0,-90,0],"translation":[0,-3.75,-1.75],"scale":[2,2,2]}}}