{"credit":"MadewithBlockbench","texture_size":[128,128],"textures":{"0":"infantryset:chest","particle":"infantryset:chest"},"elements":[{"from":[-1,0.75,-1],"to":[17,9.75,17],"rotation":{"angle":0,"axis":"y","origin":[-4,0,-4]},"faces":{"north":{"uv":[4.5,0,6.75,1.125],"texture":"#0"},"east":{"uv":[4.5,1.125,6.75,2.25],"texture":"#0"},"south":{"uv":[4.5,2.25,6.75,3.375],"texture":"#0"},"west":{"uv":[4.5,3.375,6.75,4.5],"texture":"#0"},"up":{"uv":[2.25,2.25,0,0],"texture":"#0"},"down":{"uv":[2.25,2.25,0,4.5],"texture":"#0"}}},{"from":[-1,9.75,-0.25],"to":[17,14.25,16.25],"rotation":{"angle":0,"axis":"y","origin":[-4,0,-4]},"faces":{"north":{"uv":[4.75,6.5,7,7.0625],"texture":"#0"},"east":{"uv":[6.75,3.125,8.8125,3.6875],"texture":"#0"},"south":{"uv":[6.75,0,9,0.5625],"texture":"#0"},"west":{"uv":[6.75,3.75,8.8125,4.3125],"texture":"#0"},"up":{"uv":[4.5,2.0625,2.25,0],"texture":"#0"},"down":{"uv":[4.5,2.125,2.25,4.1875],"texture":"#0"}}},{"from":[-1,14.25,1.25],"to":[17,17.25,14.75],"rotation":{"angle":0,"axis":"y","origin":[-4,0,-4]},"faces":{"north":{"uv":[6.875,4.375,9.125,4.75],"texture":"#0"},"east":{"uv":[0.75,7.5,2.4375,7.875],"texture":"#0"},"south":{"uv":[6.875,4.75,9.125,5.125],"texture":"#0"},"west":{"uv":[2.5,7.5,4.1875,7.875],"texture":"#0"},"up":{"uv":[4.5,5.9375,2.25,4.25],"texture":"#0"},"down":{"uv":[2.25,4.5,0,6.1875],"texture":"#0"}}},{"from":[-1.75,0,-1.75],"to":[1.25,3,1.25],"rotation":{"angle":0,"axis":"y","origin":[-4,0,-4]},"faces":{"north":{"uv":[0.375,9.5,0.75,9.875],"texture":"#0"},"east":{"uv":[9.5,4.375,9.875,4.75],"texture":"#0"},"south":{"uv":[9.5,4.75,9.875,5.125],"texture":"#0"},"west":{"uv":[9.625,1.5,10,1.875],"texture":"#0"},"up":{"uv":[10,2.25,9.625,1.875],"texture":"#0"},"down":{"uv":[10,2.25,9.625,2.625],"texture":"#0"}}},{"from":[-1.25,0.5,-2.25],"to":[0.75,2.5,-1.75],"rotation":{"angle":45,"axis":"z","origin":[-0.25,1.5,-2]},"faces":{"north":{"uv":[4.25,6,4.5,6.25],"texture":"#0"},"east":{"uv":[4.625,7.5,4.6875,7.75],"texture":"#0"},"south":{"uv":[4.25,6.25,4.5,6.5],"texture":"#0"},"west":{"uv":[4.625,7.75,4.6875,8],"texture":"#0"},"up":{"uv":[3.625,6.4375,3.375,6.375],"texture":"#0"},"down":{"uv":[3.875,6.375,3.625,6.4375],"texture":"#0"}}},{"from":[-2.25,0.5,-1.25],"to":[-1.75,2.5,0.75],"rotation":{"angle":45,"axis":"x","origin":[-2,1.5,-0.25]},"faces":{"north":{"uv":[4.625,8,4.6875,8.25],"texture":"#0"},"east":{"uv":[0.75,7.25,1,7.5],"texture":"#0"},"south":{"uv":[4.625,8.25,4.6875,8.5],"texture":"#0"},"west":{"uv":[1,7.25,1.25,7.5],"texture":"#0"},"up":{"uv":[4.6875,8.75,4.625,8.5],"texture":"#0"},"down":{"uv":[4.6875,8.75,4.625,9],"texture":"#0"}}},{"from":[-1.25,0.5,17.75],"to":[0.75,2.5,18.25],"rotation":{"angle":45,"axis":"z","origin":[-0.25,1.5,18]},"faces":{"north":{"uv":[1.25,7.25,1.5,7.5],"texture":"#0"},"east":{"uv":[4.625,9,4.6875,9.25],"texture":"#0"},"south":{"uv":[1.5,7.25,1.75,7.5],"texture":"#0"},"west":{"uv":[3.875,9.125,3.9375,9.375],"texture":"#0"},"up":{"uv":[4.125,6.4375,3.875,6.375],"texture":"#0"},"down":{"uv":[9.25,3,9,3.0625],"texture":"#0"}}},{"from":[-2.25,0.5,15.25],"to":[-1.75,2.5,17.25],"rotation":{"angle":-45,"axis":"x","origin":[-2,1.5,16.25]},"faces":{"north":{"uv":[3.875,9.375,3.9375,9.625],"texture":"#0"},"east":{"uv":[1.75,7.25,2,7.5],"texture":"#0"},"south":{"uv":[6.125,9.375,6.1875,9.625],"texture":"#0"},"west":{"uv":[2,7.25,2.25,7.5],"texture":"#0"},"up":{"uv":[6.1875,9.875,6.125,9.625],"texture":"#0"},"down":{"uv":[9.6875,7.375,9.625,7.625],"texture":"#0"}}},{"from":[15.25,0.5,17.75],"to":[17.25,2.5,18.25],"rotation":{"angle":-45,"axis":"z","origin":[16.25,1.5,18]},"faces":{"north":{"uv":[9,2.5,9.25,2.75],"texture":"#0"},"east":{"uv":[9.875,8.875,9.9375,9.125],"texture":"#0"},"south":{"uv":[9,2.75,9.25,3],"texture":"#0"},"west":{"uv":[6.875,10,6.9375,10.25],"texture":"#0"},"up":{"uv":[9.5,3.0625,9.25,3],"texture":"#0"},"down":{"uv":[9.75,3,9.5,3.0625],"texture":"#0"}}},{"from":[17.75,0.5,15.25],"to":[18.25,2.5,17.25],"rotation":{"angle":-45,"axis":"x","origin":[18,1.5,16.25]},"faces":{"north":{"uv":[8,10.375,8.0625,10.625],"texture":"#0"},"east":{"uv":[10.25,7.75,10.5,8],"texture":"#0"},"south":{"uv":[10.375,10,10.4375,10.25],"texture":"#0"},"west":{"uv":[10.25,8,10.5,8.25],"texture":"#0"},"up":{"uv":[10.1875,10.625,10.125,10.375],"texture":"#0"},"down":{"uv":[10.3125,10.375,10.25,10.625],"texture":"#0"}}},{"from":[17.75,0.5,-1.25],"to":[18.25,2.5,0.75],"rotation":{"angle":45,"axis":"x","origin":[18,1.5,-0.25]},"faces":{"north":{"uv":[10.375,10.25,10.4375,10.5],"texture":"#0"},"east":{"uv":[8.125,10.25,8.375,10.5],"texture":"#0"},"south":{"uv":[0,10.5,0.0625,10.75],"texture":"#0"},"west":{"uv":[10.25,8.25,10.5,8.5],"texture":"#0"},"up":{"uv":[0.1875,10.75,0.125,10.5],"texture":"#0"},"down":{"uv":[0.3125,10.5,0.25,10.75],"texture":"#0"}}},{"from":[15.25,0.5,-2.25],"to":[17.25,2.5,-1.75],"rotation":{"angle":-45,"axis":"z","origin":[16.25,1.5,-2]},"faces":{"north":{"uv":[8.375,10.25,8.625,10.5],"texture":"#0"},"east":{"uv":[2.25,10.5,2.3125,10.75],"texture":"#0"},"south":{"uv":[10.25,8.5,10.5,8.75],"texture":"#0"},"west":{"uv":[2.375,10.5,2.4375,10.75],"texture":"#0"},"up":{"uv":[10,3.0625,9.75,3],"texture":"#0"},"down":{"uv":[10.25,3,10,3.0625],"texture":"#0"}}},{"from":[-2.25,8.75,-1.25],"to":[-1.75,10.75,0.75],"rotation":{"angle":45,"axis":"x","origin":[-2,9.75,-0.25]},"faces":{"north":{"uv":[2.5,10.5,2.5625,10.75],"texture":"#0"},"east":{"uv":[8.625,10.25,8.875,10.5],"texture":"#0"},"south":{"uv":[4.25,10.5,4.3125,10.75],"texture":"#0"},"west":{"uv":[8.875,10.25,9.125,10.5],"texture":"#0"},"up":{"uv":[4.4375,10.75,4.375,10.5],"texture":"#0"},"down":{"uv":[4.5625,10.5,4.5,10.75],"texture":"#0"}}},{"from":[-1.25,8.75,-2.25],"to":[0.75,10.75,-1.75],"rotation":{"angle":45,"axis":"z","origin":[-0.25,9.75,-2]},"faces":{"north":{"uv":[9.125,10.25,9.375,10.5],"texture":"#0"},"east":{"uv":[4.625,10.5,4.6875,10.75],"texture":"#0"},"south":{"uv":[9.375,10.25,9.625,10.5],"texture":"#0"},"west":{"uv":[4.75,10.5,4.8125,10.75],"texture":"#0"},"up":{"uv":[10.5,3.0625,10.25,3],"texture":"#0"},"down":{"uv":[10.75,3,10.5,3.0625],"texture":"#0"}}},{"from":[-2.25,8.75,15.25],"to":[-1.75,10.75,17.25],"rotation":{"angle":-45,"axis":"x","origin":[-2,9.75,16.25]},"faces":{"north":{"uv":[4.875,10.5,4.9375,10.75],"texture":"#0"},"east":{"uv":[9.625,10.25,9.875,10.5],"texture":"#0"},"south":{"uv":[10.5,5.125,10.5625,5.375],"texture":"#0"},"west":{"uv":[0.75,10.375,1,10.625],"texture":"#0"},"up":{"uv":[10.5625,5.625,10.5,5.375],"texture":"#0"},"down":{"uv":[10.5625,5.625,10.5,5.875],"texture":"#0"}}},{"from":[-1.25,8.75,17.75],"to":[0.75,10.75,18.25],"rotation":{"angle":45,"axis":"z","origin":[-0.25,9.75,18]},"faces":{"north":{"uv":[1,10.375,1.25,10.625],"texture":"#0"},"east":{"uv":[10.5,7.375,10.5625,7.625],"texture":"#0"},"south":{"uv":[1.25,10.375,1.5,10.625],"texture":"#0"},"west":{"uv":[10.5,7.625,10.5625,7.875],"texture":"#0"},"up":{"uv":[10.75,7.9375,10.5,7.875],"texture":"#0"},"down":{"uv":[10.75,8,10.5,8.0625],"texture":"#0"}}},{"from":[15.25,8.75,-2.25],"to":[17.25,10.75,-1.75],"rotation":{"angle":-45,"axis":"z","origin":[16.25,9.75,-2]},"faces":{"north":{"uv":[1.5,10.375,1.75,10.625],"texture":"#0"},"east":{"uv":[8.125,10.5,8.1875,10.75],"texture":"#0"},"south":{"uv":[10.375,1.5,10.625,1.75],"texture":"#0"},"west":{"uv":[10.5,8.125,10.5625,8.375],"texture":"#0"},"up":{"uv":[8.5,10.5625,8.25,10.5],"texture":"#0"},"down":{"uv":[10.75,8.375,10.5,8.4375],"texture":"#0"}}},{"from":[17.75,8.75,-1.25],"to":[18.25,10.75,0.75],"rotation":{"angle":45,"axis":"x","origin":[18,9.75,-0.25]},"faces":{"north":{"uv":[8.5,10.5,8.5625,10.75],"texture":"#0"},"east":{"uv":[1.75,10.375,2,10.625],"texture":"#0"},"south":{"uv":[10.5,8.5,10.5625,8.75],"texture":"#0"},"west":{"uv":[10.375,1.75,10.625,2],"texture":"#0"},"up":{"uv":[8.6875,10.75,8.625,10.5],"texture":"#0"},"down":{"uv":[8.8125,10.5,8.75,10.75],"texture":"#0"}}},{"from":[17.75,8.75,15.25],"to":[18.25,10.75,17.25],"rotation":{"angle":-45,"axis":"x","origin":[18,9.75,16.25]},"faces":{"north":{"uv":[8.875,10.5,8.9375,10.75],"texture":"#0"},"east":{"uv":[2,10.375,2.25,10.625],"texture":"#0"},"south":{"uv":[9,10.5,9.0625,10.75],"texture":"#0"},"west":{"uv":[10.375,2,10.625,2.25],"texture":"#0"},"up":{"uv":[9.1875,10.75,9.125,10.5],"texture":"#0"},"down":{"uv":[9.3125,10.5,9.25,10.75],"texture":"#0"}}},{"from":[15.25,8.75,17.75],"to":[17.25,10.75,18.25],"rotation":{"angle":-45,"axis":"z","origin":[16.25,9.75,18]},"faces":{"north":{"uv":[10.375,2.25,10.625,2.5],"texture":"#0"},"east":{"uv":[9.375,10.5,9.4375,10.75],"texture":"#0"},"south":{"uv":[10.375,2.5,10.625,2.75],"texture":"#0"},"west":{"uv":[9.5,10.5,9.5625,10.75],"texture":"#0"},"up":{"uv":[9.875,10.5625,9.625,10.5],"texture":"#0"},"down":{"uv":[10.75,10,10.5,10.0625],"texture":"#0"}}},{"from":[-1.375,3,-1.375],"to":[0.875,8.25,0.875],"rotation":{"angle":0,"axis":"y","origin":[-4,0,-4]},"faces":{"north":{"uv":[2.75,9.125,3.0625,9.8125],"texture":"#0"},"east":{"uv":[3.125,9.125,3.4375,9.8125],"texture":"#0"},"south":{"uv":[3.5,9.125,3.8125,9.8125],"texture":"#0"},"west":{"uv":[9.125,4.375,9.4375,5.0625],"texture":"#0"},"up":{"uv":[10.4375,7.6875,10.125,7.375],"texture":"#0"},"down":{"uv":[0.6875,10.25,0.375,10.5625],"texture":"#0"}}},{"from":[-1.75,0,14.75],"to":[1.25,3,17.75],"rotation":{"angle":0,"axis":"y","origin":[-4,0,20]},"faces":{"north":{"uv":[9.625,2.625,10,3],"texture":"#0"},"east":{"uv":[3.875,9.625,4.25,10],"texture":"#0"},"south":{"uv":[9.625,5.875,10,6.25],"texture":"#0"},"west":{"uv":[9.625,6.25,10,6.625],"texture":"#0"},"up":{"uv":[10,7,9.625,6.625],"texture":"#0"},"down":{"uv":[10,7,9.625,7.375],"texture":"#0"}}},{"from":[-1.375,3,15.125],"to":[0.875,8.25,17.375],"rotation":{"angle":0,"axis":"y","origin":[-4,0,20]},"faces":{"north":{"uv":[7,9.125,7.3125,9.8125],"texture":"#0"},"east":{"uv":[8.125,9.125,8.4375,9.8125],"texture":"#0"},"south":{"uv":[8.5,9.125,8.8125,9.8125],"texture":"#0"},"west":{"uv":[8.875,9.125,9.1875,9.8125],"texture":"#0"},"up":{"uv":[2.9375,10.5625,2.625,10.25],"texture":"#0"},"down":{"uv":[3.3125,10.25,3,10.5625],"texture":"#0"}}},{"from":[1.25,9,-1.375],"to":[14.75,10.5,0.875],"rotation":{"angle":0,"axis":"y","origin":[-4,0,-4]},"faces":{"north":{"uv":[7.875,6.625,9.5625,6.8125],"texture":"#0"},"east":{"uv":[5,10.375,5.3125,10.5625],"texture":"#0"},"south":{"uv":[2.25,8.625,3.9375,8.8125],"texture":"#0"},"west":{"uv":[5.375,10.375,5.6875,10.5625],"texture":"#0"},"up":{"uv":[2.4375,8.1875,0.75,7.875],"texture":"#0"},"down":{"uv":[4.1875,7.875,2.5,8.1875],"texture":"#0"}}},{"from":[1.25,9,15.125],"to":[14.75,10.5,17.375],"rotation":{"angle":0,"axis":"y","origin":[-4,0,20]},"faces":{"north":{"uv":[8.125,8.625,9.8125,8.8125],"texture":"#0"},"east":{"uv":[5.75,10.375,6.0625,10.5625],"texture":"#0"},"south":{"uv":[2.25,8.875,3.9375,9.0625],"texture":"#0"},"west":{"uv":[10.375,5.875,10.6875,6.0625],"texture":"#0"},"up":{"uv":[9.5625,6.1875,7.875,5.875],"texture":"#0"},"down":{"uv":[9.5625,6.25,7.875,6.5625],"texture":"#0"}}},{"from":[2.75,8.75,16.875],"to":[4.25,10.75,17.875],"rotation":{"angle":0,"axis":"y","origin":[-4,0,20]},"faces":{"north":{"uv":[4,10.375,4.1875,10.625],"texture":"#0"},"east":{"uv":[2.25,6,2.375,6.25],"texture":"#0"},"south":{"uv":[10.375,9.5,10.5625,9.75],"texture":"#0"},"west":{"uv":[6.875,6,7,6.25],"texture":"#0"},"up":{"uv":[2.5625,6.5,2.375,6.375],"texture":"#0"},"down":{"uv":[2.8125,6.375,2.625,6.5],"texture":"#0"}}},{"from":[11.75,8.75,16.875],"to":[13.25,10.75,17.875],"rotation":{"angle":0,"axis":"y","origin":[20,0,20]},"faces":{"north":{"uv":[10.375,9.75,10.5625,10],"texture":"#0"},"east":{"uv":[6.875,6.25,7,6.5],"texture":"#0"},"south":{"uv":[9.875,10.375,10.0625,10.625],"texture":"#0"},"west":{"uv":[2.25,7.25,2.375,7.5],"texture":"#0"},"up":{"uv":[3.0625,6.5,2.875,6.375],"texture":"#0"},"down":{"uv":[3.3125,6.375,3.125,6.5],"texture":"#0"}}},{"from":[-1.375,0,1.25],"to":[0.875,1.5,14.75],"rotation":{"angle":0,"axis":"y","origin":[-4,0,-4]},"faces":{"north":{"uv":[6.125,10.375,6.4375,10.5625],"texture":"#0"},"east":{"uv":[8.875,3.125,10.5625,3.3125],"texture":"#0"},"south":{"uv":[10.375,6.125,10.6875,6.3125],"texture":"#0"},"west":{"uv":[8.875,3.375,10.5625,3.5625],"texture":"#0"},"up":{"uv":[6.5625,9.1875,6.25,7.5],"texture":"#0"},"down":{"uv":[6.9375,7.5,6.625,9.1875],"texture":"#0"}}},{"from":[15.125,0,1.25],"to":[17.375,1.5,14.75],"rotation":{"angle":0,"axis":"y","origin":[20,0,-4]},"faces":{"north":{"uv":[10.375,6.375,10.6875,6.5625],"texture":"#0"},"east":{"uv":[8.875,3.625,10.5625,3.8125],"texture":"#0"},"south":{"uv":[6.5,10.375,6.8125,10.5625],"texture":"#0"},"west":{"uv":[8.875,3.875,10.5625,4.0625],"texture":"#0"},"up":{"uv":[7.6875,9.5625,7.375,7.875],"texture":"#0"},"down":{"uv":[8.0625,7.875,7.75,9.5625],"texture":"#0"}}},{"from":[-1.75,8.25,-1.75],"to":[1.25,11.25,1.25],"rotation":{"angle":0,"axis":"y","origin":[-4,0,-4]},"faces":{"north":{"uv":[7.375,9.625,7.75,10],"texture":"#0"},"east":{"uv":[7.75,9.625,8.125,10],"texture":"#0"},"south":{"uv":[9.625,9.125,10,9.5],"texture":"#0"},"west":{"uv":[9.625,9.5,10,9.875],"texture":"#0"},"up":{"uv":[10.125,7.75,9.75,7.375],"texture":"#0"},"down":{"uv":[0.75,9.875,0.375,10.25],"texture":"#0"}}},{"from":[-1.75,8.25,14.75],"to":[1.25,11.25,17.75],"rotation":{"angle":0,"axis":"y","origin":[-4,0,20]},"faces":{"north":{"uv":[2.75,9.875,3.125,10.25],"texture":"#0"},"east":{"uv":[3.125,9.875,3.5,10.25],"texture":"#0"},"south":{"uv":[3.5,9.875,3.875,10.25],"texture":"#0"},"west":{"uv":[9.875,4.375,10.25,4.75],"texture":"#0"},"up":{"uv":[10.25,5.125,9.875,4.75],"texture":"#0"},"down":{"uv":[7.375,9.875,7,10.25],"texture":"#0"}}},{"from":[2.375,10.5,-1],"to":[4.625,15,17],"rotation":{"angle":0,"axis":"y","origin":[-4,0,-4]},"faces":{"north":{"uv":[5,9.375,5.3125,9.9375],"texture":"#0"},"east":{"uv":[6.75,0.625,9,1.1875],"texture":"#0"},"south":{"uv":[5.375,9.375,5.6875,9.9375],"texture":"#0"},"west":{"uv":[6.75,1.25,9,1.8125],"texture":"#0"},"up":{"uv":[7.3125,9.125,7,6.875],"texture":"#0"},"down":{"uv":[5.0625,7.125,4.75,9.375],"texture":"#0"}}},{"from":[2.375,15,0.5],"to":[4.625,18,15.5],"rotation":{"angle":0,"axis":"y","origin":[-4,0,-4]},"faces":{"north":{"uv":[10,9.625,10.3125,10],"texture":"#0"},"east":{"uv":[2.375,6,4.25,6.375],"texture":"#0"},"south":{"uv":[10,10,10.3125,10.375],"texture":"#0"},"west":{"uv":[5.125,7.125,7,7.5],"texture":"#0"},"up":{"uv":[4.5625,9.375,4.25,7.5],"texture":"#0"},"down":{"uv":[5.4375,7.5,5.125,9.375],"texture":"#0"}}},{"from":[11.375,10.5,-1],"to":[13.625,15,17],"rotation":{"angle":0,"axis":"y","origin":[20,0,-4]},"faces":{"north":{"uv":[5.75,9.375,6.0625,9.9375],"texture":"#0"},"east":{"uv":[6.75,1.875,9,2.4375],"texture":"#0"},"south":{"uv":[0,9.5,0.3125,10.0625],"texture":"#0"},"west":{"uv":[6.75,2.5,9,3.0625],"texture":"#0"},"up":{"uv":[0.3125,9.5,0,7.25],"texture":"#0"},"down":{"uv":[0.6875,7.25,0.375,9.5],"texture":"#0"}}},{"from":[11.375,15,0.5],"to":[13.625,18,15.5],"rotation":{"angle":0,"axis":"y","origin":[20,0,-4]},"faces":{"north":{"uv":[0,10.125,0.3125,10.5],"texture":"#0"},"east":{"uv":[7.375,6.875,9.25,7.25],"texture":"#0"},"south":{"uv":[2.25,10.125,2.5625,10.5],"texture":"#0"},"west":{"uv":[7.375,7.25,9.25,7.625],"texture":"#0"},"up":{"uv":[5.8125,9.375,5.5,7.5],"texture":"#0"},"down":{"uv":[6.1875,7.5,5.875,9.375],"texture":"#0"}}},{"from":[14.75,8.25,14.75],"to":[17.75,11.25,17.75],"rotation":{"angle":0,"axis":"y","origin":[20,0,20]},"faces":{"north":{"uv":[9.875,7.75,10.25,8.125],"texture":"#0"},"east":{"uv":[8.125,9.875,8.5,10.25],"texture":"#0"},"south":{"uv":[9.875,8.125,10.25,8.5],"texture":"#0"},"west":{"uv":[8.5,9.875,8.875,10.25],"texture":"#0"},"up":{"uv":[10.25,8.875,9.875,8.5],"texture":"#0"},"down":{"uv":[9.25,9.875,8.875,10.25],"texture":"#0"}}},{"from":[14.75,0,14.75],"to":[17.75,3,17.75],"rotation":{"angle":0,"axis":"y","origin":[20,0,20]},"faces":{"north":{"uv":[9.25,9.875,9.625,10.25],"texture":"#0"},"east":{"uv":[9.625,9.875,10,10.25],"texture":"#0"},"south":{"uv":[10,1.5,10.375,1.875],"texture":"#0"},"west":{"uv":[10,1.875,10.375,2.25],"texture":"#0"},"up":{"uv":[10.375,2.625,10,2.25],"texture":"#0"},"down":{"uv":[10.375,2.625,10,3],"texture":"#0"}}},{"from":[15.125,3,15.125],"to":[17.375,8.25,17.375],"rotation":{"angle":0,"axis":"y","origin":[20,0,20]},"faces":{"north":{"uv":[9.25,1.5,9.5625,2.1875],"texture":"#0"},"east":{"uv":[9.25,2.25,9.5625,2.9375],"texture":"#0"},"south":{"uv":[6.25,9.25,6.5625,9.9375],"texture":"#0"},"west":{"uv":[6.625,9.25,6.9375,9.9375],"texture":"#0"},"up":{"uv":[3.6875,10.5625,3.375,10.25],"texture":"#0"},"down":{"uv":[10.5625,4.375,10.25,4.6875],"texture":"#0"}}},{"from":[14.75,0,-1.75],"to":[17.75,3,1.25],"rotation":{"angle":0,"axis":"y","origin":[20,0,-4]},"faces":{"north":{"uv":[3.875,10,4.25,10.375],"texture":"#0"},"east":{"uv":[5,10,5.375,10.375],"texture":"#0"},"south":{"uv":[5.375,10,5.75,10.375],"texture":"#0"},"west":{"uv":[5.75,10,6.125,10.375],"texture":"#0"},"up":{"uv":[10.375,6.25,10,5.875],"texture":"#0"},"down":{"uv":[6.5,10,6.125,10.375],"texture":"#0"}}},{"from":[15.125,3,-1.375],"to":[17.375,8.25,0.875],"rotation":{"angle":0,"axis":"y","origin":[20,0,-4]},"faces":{"north":{"uv":[9.25,6.875,9.5625,7.5625],"texture":"#0"},"east":{"uv":[9.25,9.125,9.5625,9.8125],"texture":"#0"},"south":{"uv":[4.25,9.375,4.5625,10.0625],"texture":"#0"},"west":{"uv":[4.625,9.375,4.9375,10.0625],"texture":"#0"},"up":{"uv":[10.5625,5.0625,10.25,4.75],"texture":"#0"},"down":{"uv":[7.1875,10.25,6.875,10.5625],"texture":"#0"}}},{"from":[14.75,8.25,-1.75],"to":[17.75,11.25,1.25],"rotation":{"angle":0,"axis":"y","origin":[20,0,-4]},"faces":{"north":{"uv":[10,6.25,10.375,6.625],"texture":"#0"},"east":{"uv":[6.5,10,6.875,10.375],"texture":"#0"},"south":{"uv":[10,6.625,10.375,7],"texture":"#0"},"west":{"uv":[10,7,10.375,7.375],"texture":"#0"},"up":{"uv":[7.75,10.375,7.375,10],"texture":"#0"},"down":{"uv":[8.125,10,7.75,10.375],"texture":"#0"}}},{"from":[1.25,0,-1.375],"to":[14.75,1.5,0.875],"rotation":{"angle":0,"axis":"y","origin":[-4,0,-4]},"faces":{"north":{"uv":[8.875,4.125,10.5625,4.3125],"texture":"#0"},"east":{"uv":[10.375,6.625,10.6875,6.8125],"texture":"#0"},"south":{"uv":[8.125,8.875,9.8125,9.0625],"texture":"#0"},"west":{"uv":[10.375,6.875,10.6875,7.0625],"texture":"#0"},"up":{"uv":[9.8125,8.1875,8.125,7.875],"texture":"#0"},"down":{"uv":[2.4375,8.25,0.75,8.5625],"texture":"#0"}}},{"from":[1.25,0,15.125],"to":[14.75,1.5,17.375],"rotation":{"angle":0,"axis":"y","origin":[-4,0,20]},"faces":{"north":{"uv":[9,0,10.6875,0.1875],"texture":"#0"},"east":{"uv":[10.375,7.125,10.6875,7.3125],"texture":"#0"},"south":{"uv":[8.875,3.375,10.5625,3.5625],"texture":"#0"},"west":{"uv":[7.25,10.375,7.5625,10.5625],"texture":"#0"},"up":{"uv":[4.1875,8.5625,2.5,8.25],"texture":"#0"},"down":{"uv":[9.8125,8.25,8.125,8.5625],"texture":"#0"}}},{"from":[15.125,9,1.25],"to":[17.375,10.5,14.75],"rotation":{"angle":0,"axis":"y","origin":[20,0,-4]},"faces":{"north":{"uv":[7.625,10.375,7.9375,10.5625],"texture":"#0"},"east":{"uv":[9,0.5,10.6875,0.6875],"texture":"#0"},"south":{"uv":[10.375,8.75,10.6875,8.9375],"texture":"#0"},"west":{"uv":[9,0.75,10.6875,0.9375],"texture":"#0"},"up":{"uv":[1.0625,10.3125,0.75,8.625],"texture":"#0"},"down":{"uv":[1.4375,8.625,1.125,10.3125],"texture":"#0"}}},{"from":[-1.375,9,1.25],"to":[0.875,10.5,14.75],"rotation":{"angle":0,"axis":"y","origin":[-4,0,-4]},"faces":{"north":{"uv":[10.375,9,10.6875,9.1875],"texture":"#0"},"east":{"uv":[9,1,10.6875,1.1875],"texture":"#0"},"south":{"uv":[10.375,9.25,10.6875,9.4375],"texture":"#0"},"west":{"uv":[9,1.25,10.6875,1.4375],"texture":"#0"},"up":{"uv":[1.8125,10.3125,1.5,8.625],"texture":"#0"},"down":{"uv":[2.1875,8.625,1.875,10.3125],"texture":"#0"}}},{"from":[6.5,8.25,-1.75],"to":[9.5,11.25,0.5],"rotation":{"angle":45,"axis":"z","origin":[8,9.75,-0.625]},"faces":{"north":{"uv":[10,8.875,10.375,9.25],"texture":"#0"},"east":{"uv":[4.25,10.125,4.5625,10.5],"texture":"#0"},"south":{"uv":[10,9.25,10.375,9.625],"texture":"#0"},"west":{"uv":[4.625,10.125,4.9375,10.5],"texture":"#0"},"up":{"uv":[10.5,5.4375,10.125,5.125],"texture":"#0"},"down":{"uv":[10.5,5.5,10.125,5.8125],"texture":"#0"}}},{"from":[7,8.75,-2.25],"to":[9,10.75,-1.75],"rotation":{"angle":45,"axis":"z","origin":[8,9.75,-0.625]},"faces":{"north":{"uv":[10.375,2.75,10.625,3],"texture":"#0"},"east":{"uv":[10.5,10.125,10.5625,10.375],"texture":"#0"},"south":{"uv":[3.75,10.375,4,10.625],"texture":"#0"},"west":{"uv":[10.375,10.5,10.4375,10.75],"texture":"#0"},"up":{"uv":[10.75,10.4375,10.5,10.375],"texture":"#0"},"down":{"uv":[10.75,10.5,10.5,10.5625],"texture":"#0"}}},{"from":[4.5,6.25,-1.5],"to":[11.5,13.25,-1.5],"rotation":{"angle":45,"axis":"z","origin":[8,9.75,-0.625]},"faces":{"north":{"uv":[6.875,5.125,7.75,6],"texture":"#0"},"east":{"uv":[0,0,0,0.875],"texture":"#0"},"south":{"uv":[6.875,5.125,7.75,6],"texture":"#0"},"west":{"uv":[0,0,0,0.875],"texture":"#0"},"up":{"uv":[0.875,0,0,0],"texture":"#0"},"down":{"uv":[0.875,0,0,0],"texture":"#0"}}},{"from":[-1.375,10.5,3.5],"to":[17.375,18.25,5.5],"rotation":{"angle":0,"axis":"y","origin":[-4,0,-4]},"faces":{"north":{"uv":[4.5,4.5,6.875,5.5],"texture":"#0"},"east":{"uv":[4,8.625,4.25,9.625],"texture":"#0"},"south":{"uv":[4.5,5.5,6.875,6.5],"texture":"#0"},"west":{"uv":[9,1.5,9.25,2.5],"texture":"#0"},"up":{"uv":[9.75,7.875,7.375,7.625],"texture":"#0"},"down":{"uv":[10.125,5.125,7.75,5.375],"texture":"#0"}}},{"from":[-1.375,10.5,10.5],"to":[17.375,18.25,12.5],"rotation":{"angle":0,"axis":"y","origin":[-4,0,20]},"faces":{"north":{"uv":[0,6.25,2.375,7.25],"texture":"#0"},"east":{"uv":[2.25,9.125,2.5,10.125],"texture":"#0"},"south":{"uv":[2.375,6.5,4.75,7.5],"texture":"#0"},"west":{"uv":[2.5,9.125,2.75,10.125],"texture":"#0"},"up":{"uv":[10.125,5.625,7.75,5.375],"texture":"#0"},"down":{"uv":[10.125,5.625,7.75,5.875],"texture":"#0"}}}],"gui_light":"front","display":{"thirdperson_righthand":{"rotation":[62,0,0],"translation":[0,3,-0.75],"scale":[0.3,0.3,0.3]},"thirdperson_lefthand":{"rotation":[62,0,0],"translation":[0,3,-0.75],"scale":[0.3,0.3,0.3]},"firstperson_righthand":{"rotation":[-10,118,6.37],"translation":[6.25,-0.5,-7],"scale":[0.67773,0.67773,0.67773]},"firstperson_lefthand":{"rotation":[-10,118,6.37],"translation":[6.25,-0.5,-7],"scale":[0.67773,0.67773,0.67773]},"ground":{"translation":[0,2.25,0],"scale":[0.49609,0.49609,0.49609]},"gui":{"rotation":[20,158,0],"translation":[0.25,-1.25,-2],"scale":[0.52031,0.52031,0.52031]},"head":{"translation":[0,-31.5,0],"scale":[1.45,1.45,1.45]},"fixed":{"rotation":[-180,-90,-90],"translation":[-0.25,0.25,-15],"scale":[2,2,2]}}}