{"textures":{"0":"modelengine:entity/ecnpcs-dryad_archer"},"elements":[{"from":[2.0246649,5.175535,6.039755],"to":[14.024665,8.175535,13.039755],"faces":{"east":{"uv":[0.0,12.5,0.875,12.875],"tintindex":0,"rotation":0,"texture":"#0"},"south":{"uv":[1.625,13.625,3.125,14.0],"tintindex":0,"rotation":0,"texture":"#0"},"north":{"uv":[1.625,14.125,3.125,14.5],"tintindex":0,"rotation":0,"texture":"#0"},"west":{"uv":[0.0,13.0,0.875,13.375],"tintindex":0,"rotation":0,"texture":"#0"},"up":{"uv":[1.625,12.625,3.125,13.5],"tintindex":0,"rotation":0,"texture":"#0"},"down":{"uv":[0.0,13.5,1.5,14.375],"tintindex":0,"rotation":0,"texture":"#0"}}},{"from":[2.6453347,-8.8955345,6.460245],"to":[13.305335,7.544466,6.460245],"faces":{"south":{"uv":[1.375,2.0,2.75,4.0],"tintindex":0,"rotation":0,"texture":"#0"},"north":{"uv":[0.0,2.0,1.375,4.0],"tintindex":0,"rotation":0,"texture":"#0"}}}],"display":{"gui":{"rotation":[30,225,0]}}}