{"textures":{"0":"modelengine:entity/ecnpcs-dryad_archer"},"elements":[{"from":[7.0150003,2.3550014,9.455],"to":[7.0150003,8.355001,15.455],"faces":{"east":{"uv":[8.5,4.0,7.75,4.75],"tintindex":0,"rotation":0,"texture":"#0"},"west":{"uv":[8.375,1.5,7.625,2.25],"tintindex":0,"rotation":0,"texture":"#0"}}},{"from":[5.78,2.08,5.7799997],"to":[8.74,9.480001,9.48],"faces":{"east":{"uv":[9.5,2.5,9.0,3.375],"tintindex":0,"rotation":0,"texture":"#0"},"south":{"uv":[10.25,6.5,9.875,7.375],"tintindex":0,"rotation":0,"texture":"#0"},"north":{"uv":[2.375,9.875,2.0,10.75],"tintindex":0,"rotation":0,"texture":"#0"},"west":{"uv":[0.5,9.0,0.0,9.875],"tintindex":0,"rotation":0,"texture":"#0"},"up":{"uv":[5.625,11.375,6.0,10.875],"tintindex":0,"rotation":0,"texture":"#0"},"down":{"uv":[6.0,10.875,6.375,11.375],"tintindex":0,"rotation":0,"texture":"#0"}}},{"from":[5.415,5.6050014,5.6549997],"to":[8.915,7.1050014,9.655],"faces":{"east":{"uv":[11.625,3.875,11.125,4.125],"tintindex":0,"rotation":0,"texture":"#0"},"south":{"uv":[1.375,8.125,1.0,8.375],"tintindex":0,"rotation":0,"texture":"#0"},"north":{"uv":[8.125,7.0,7.75,7.25],"tintindex":0,"rotation":0,"texture":"#0"},"west":{"uv":[10.875,4.875,10.375,5.125],"tintindex":0,"rotation":0,"texture":"#0"},"up":{"uv":[9.25,11.375,9.625,10.875],"tintindex":0,"rotation":0,"texture":"#0"},"down":{"uv":[10.875,9.5,11.25,10.0],"tintindex":0,"rotation":0,"texture":"#0"}}}],"display":{"gui":{"rotation":[30,225,0]}}}