{"textures":{"0":"modelengine:entity/ecnpcs-dryad_archer"},"elements":[{"from":[6.495,4.3,3.2999997],"to":[9.495,6.8,10.3],"faces":{"east":{"uv":[11.0,9.125,10.125,9.5],"tintindex":0,"rotation":0,"texture":"#0"},"south":{"uv":[11.625,7.125,11.25,7.5],"tintindex":0,"rotation":0,"texture":"#0"},"north":{"uv":[11.625,2.75,11.25,3.125],"tintindex":0,"rotation":0,"texture":"#0"},"west":{"uv":[11.0,3.25,10.125,3.625],"tintindex":0,"rotation":0,"texture":"#0"},"up":{"uv":[6.75,11.125,7.125,10.25],"tintindex":0,"rotation":0,"texture":"#0"},"down":{"uv":[8.375,10.25,8.75,11.125],"tintindex":0,"rotation":0,"texture":"#0"}}},{"from":[6.8900003,4.744,5.854],"to":[9.11,8.666,8.592],"faces":{"east":{"uv":[0.375,11.125,0.0,11.625],"tintindex":0,"rotation":0,"texture":"#0"},"south":{"uv":[9.0,11.25,8.75,11.75],"tintindex":0,"rotation":0,"texture":"#0"},"north":{"uv":[8.125,11.25,7.875,11.75],"tintindex":0,"rotation":0,"texture":"#0"},"west":{"uv":[11.125,11.0,10.75,11.5],"tintindex":0,"rotation":0,"texture":"#0"},"up":{"uv":[11.25,10.875,11.5,10.5],"tintindex":0,"rotation":0,"texture":"#0"},"down":{"uv":[11.375,0.0,11.625,0.375],"tintindex":0,"rotation":0,"texture":"#0"}},"rotation":{"origin":[8.0,6.1499996,8.592],"angle":22.5,"axis":"x"}},{"from":[7.0,5.81765,6.7585998],"to":[9.0,8.81765,10.2586],"faces":{"east":{"uv":[1.875,7.125,1.375,7.5],"tintindex":0,"rotation":0,"texture":"#0"},"south":{"uv":[11.625,1.25,11.375,1.625],"tintindex":0,"rotation":0,"texture":"#0"},"north":{"uv":[0.75,11.375,0.5,11.75],"tintindex":0,"rotation":0,"texture":"#0"},"west":{"uv":[5.25,6.625,4.75,7.0],"tintindex":0,"rotation":0,"texture":"#0"},"up":{"uv":[9.0,11.75,9.25,11.25],"tintindex":0,"rotation":0,"texture":"#0"},"down":{"uv":[11.25,9.5,11.5,10.0],"tintindex":0,"rotation":0,"texture":"#0"}}}],"display":{"gui":{"rotation":[30,225,0]}}}