{"textures":{"0":"modelengine:entity/ecnpcs-dryad_archer"},"elements":[{"from":[5.1499996,0.9300003,5.7799997],"to":[8.85,9.07,10.22],"faces":{"east":{"uv":[3.25,8.5,2.75,9.5],"tintindex":0,"rotation":0,"texture":"#0"},"south":{"uv":[2.75,8.5,2.25,9.5],"tintindex":0,"rotation":0,"texture":"#0"},"north":{"uv":[6.5,8.375,6.0,9.375],"tintindex":0,"rotation":0,"texture":"#0"},"west":{"uv":[2.25,8.5,1.75,9.5],"tintindex":0,"rotation":0,"texture":"#0"},"up":{"uv":[8.75,11.25,9.25,10.75],"tintindex":0,"rotation":0,"texture":"#0"},"down":{"uv":[10.75,10.5,11.25,11.0],"tintindex":0,"rotation":0,"texture":"#0"}}}],"display":{"gui":{"rotation":[30,225,0]}}}