{"textures":{"0":"modelengine:entity/ecnpcs-dryad_archer"},"elements":[{"from":[7.15,0.9300003,5.7799997],"to":[10.85,9.07,10.22],"faces":{"east":{"uv":[1.75,8.5,2.25,9.5],"tintindex":0,"rotation":0,"texture":"#0"},"south":{"uv":[2.25,8.5,2.75,9.5],"tintindex":0,"rotation":0,"texture":"#0"},"north":{"uv":[6.0,8.375,6.5,9.375],"tintindex":0,"rotation":0,"texture":"#0"},"west":{"uv":[2.75,8.5,3.25,9.5],"tintindex":0,"rotation":0,"texture":"#0"},"up":{"uv":[9.25,11.25,8.75,10.75],"tintindex":0,"rotation":0,"texture":"#0"},"down":{"uv":[11.25,10.5,10.75,11.0],"tintindex":0,"rotation":0,"texture":"#0"}}}],"display":{"gui":{"rotation":[30,225,0]}}}