{"textures":{"0":"modelengine:entity/ecnpcs-dryad_archer"},"elements":[{"from":[6.1989,2.5117903,10.116961],"to":[9.6989,6.0117903,11.116961],"faces":{"east":{"uv":[5.0,5.25,5.125,5.75],"tintindex":0,"rotation":0,"texture":"#0"},"south":{"uv":[10.875,4.125,11.375,4.625],"tintindex":0,"rotation":0,"texture":"#0"},"north":{"uv":[10.875,0.0,11.375,0.5],"tintindex":0,"rotation":0,"texture":"#0"},"west":{"uv":[2.75,5.5,2.875,6.0],"tintindex":0,"rotation":0,"texture":"#0"},"up":{"uv":[9.625,1.5,9.125,1.375],"tintindex":0,"rotation":0,"texture":"#0"},"down":{"uv":[9.875,5.625,9.375,5.75],"tintindex":0,"rotation":0,"texture":"#0"}},"rotation":{"origin":[7.9489,4.2617903,10.616961],"angle":-45.0,"axis":"z"}},{"from":[9.29144,4.202221,6.165],"to":[13.79144,5.202221,10.165],"faces":{"east":{"uv":[9.5,3.25,10.0,3.375],"tintindex":0,"rotation":0,"texture":"#0"},"south":{"uv":[8.375,5.625,9.0,5.75],"tintindex":0,"rotation":0,"texture":"#0"},"north":{"uv":[7.75,4.75,8.375,4.875],"tintindex":0,"rotation":0,"texture":"#0"},"west":{"uv":[9.75,4.25,10.25,4.375],"tintindex":0,"rotation":0,"texture":"#0"},"up":{"uv":[11.125,6.125,10.5,5.625],"tintindex":0,"rotation":0,"texture":"#0"},"down":{"uv":[11.125,7.75,10.5,8.25],"tintindex":0,"rotation":0,"texture":"#0"}},"rotation":{"origin":[11.04144,4.702221,8.165],"angle":45.0,"axis":"z"}},{"from":[5.90526,-1.0599995,6.265],"to":[7.86526,4.5600004,10.225],"faces":{"east":{"uv":[9.875,1.25,10.375,2.0],"tintindex":0,"rotation":0,"texture":"#0"},"south":{"uv":[10.5,11.0,10.75,11.75],"tintindex":0,"rotation":0,"texture":"#0"},"north":{"uv":[10.25,11.0,10.5,11.75],"tintindex":0,"rotation":0,"texture":"#0"},"west":{"uv":[1.5,9.875,2.0,10.625],"tintindex":0,"rotation":0,"texture":"#0"},"up":{"uv":[2.375,11.75,2.125,11.25],"tintindex":0,"rotation":0,"texture":"#0"},"down":{"uv":[7.875,11.25,7.625,11.75],"tintindex":0,"rotation":0,"texture":"#0"}},"rotation":{"origin":[6.88526,1.7500005,8.245],"angle":22.5,"axis":"z"}},{"from":[5.29144,0.20222044,8.165],"to":[13.79144,3.202221,8.165],"faces":{"south":{"uv":[9.125,0.375,10.25,0.75],"tintindex":0,"rotation":0,"texture":"#0"},"north":{"uv":[9.125,0.0,10.25,0.375],"tintindex":0,"rotation":0,"texture":"#0"}},"rotation":{"origin":[11.04144,2.7022204,8.165],"angle":45.0,"axis":"z"}},{"from":[6.19,3.2700005,5.39],"to":[9.69,6.7700005,6.39],"faces":{"east":{"uv":[4.0,6.125,4.125,6.625],"tintindex":0,"rotation":0,"texture":"#0"},"south":{"uv":[10.875,5.125,11.375,5.625],"tintindex":0,"rotation":0,"texture":"#0"},"north":{"uv":[10.875,4.625,11.375,5.125],"tintindex":0,"rotation":0,"texture":"#0"},"west":{"uv":[7.5,4.875,7.625,5.375],"tintindex":0,"rotation":0,"texture":"#0"},"up":{"uv":[10.375,2.5,9.875,2.375],"tintindex":0,"rotation":0,"texture":"#0"},"down":{"uv":[11.0,1.125,10.5,1.25],"tintindex":0,"rotation":0,"texture":"#0"}},"rotation":{"origin":[8.0,5.05,5.87],"angle":-45.0,"axis":"z"}},{"from":[8.02,-1.0599995,6.265],"to":[9.9800005,4.5600004,10.225],"faces":{"east":{"uv":[7.125,9.75,7.625,10.5],"tintindex":0,"rotation":0,"texture":"#0"},"south":{"uv":[4.75,11.0,5.0,11.75],"tintindex":0,"rotation":0,"texture":"#0"},"north":{"uv":[4.5,11.0,4.75,11.75],"tintindex":0,"rotation":0,"texture":"#0"},"west":{"uv":[0.0,9.875,0.5,10.625],"tintindex":0,"rotation":0,"texture":"#0"},"up":{"uv":[2.625,10.375,2.375,9.875],"tintindex":0,"rotation":0,"texture":"#0"},"down":{"uv":[5.625,11.125,5.375,11.625],"tintindex":0,"rotation":0,"texture":"#0"}},"rotation":{"origin":[9.0,1.7500005,8.245],"angle":-22.5,"axis":"z"}},{"from":[6.52,-2.3599997,6.24],"to":[9.4800005,7.26,10.2],"faces":{"east":{"uv":[4.25,7.75,4.75,9.0],"tintindex":0,"rotation":0,"texture":"#0"},"south":{"uv":[8.875,6.5,9.25,7.75],"tintindex":0,"rotation":0,"texture":"#0"},"north":{"uv":[3.875,8.75,4.25,10.0],"tintindex":0,"rotation":0,"texture":"#0"},"west":{"uv":[7.75,5.75,8.25,7.0],"tintindex":0,"rotation":0,"texture":"#0"},"up":{"uv":[11.375,1.75,11.0,1.25],"tintindex":0,"rotation":0,"texture":"#0"},"down":{"uv":[4.5,11.0,4.125,11.5],"tintindex":0,"rotation":0,"texture":"#0"}}},{"from":[8.0,-0.52999973,8.41],"to":[8.0,5.4300003,18.029999],"faces":{"east":{"uv":[0.625,6.375,1.875,7.125],"tintindex":0,"rotation":0,"texture":"#0"},"west":{"uv":[6.375,1.5,7.625,2.25],"tintindex":0,"rotation":0,"texture":"#0"}},"rotation":{"origin":[8.0,2.4500003,13.219999],"angle":-22.5,"axis":"x"}}],"display":{"gui":{"rotation":[30,225,0]}}}