{"model":{"type":"range_dispatch","property":"custom_model_data","index":0,"fallback":{"property":"trim_material","type":"model","cases":[{"model":{"type":"model","model":"item/leather_helmet_quartz_trim","tints":[{"type":"dye","default":-6265536}]},"when":"quartz"},{"model":{"type":"model","model":"item/leather_helmet_iron_trim","tints":[{"type":"dye","default":-6265536}]},"when":"iron"},{"model":{"type":"model","model":"item/leather_helmet_netherite_trim","tints":[{"type":"dye","default":-6265536}]},"when":"netherite"},{"model":{"type":"model","model":"item/leather_helmet_redstone_trim","tints":[{"type":"dye","default":-6265536}]},"when":"redstone"},{"model":{"type":"model","model":"item/leather_helmet_copper_trim","tints":[{"type":"dye","default":-6265536}]},"when":"copper"},{"model":{"type":"model","model":"item/leather_helmet_gold_trim","tints":[{"type":"dye","default":-6265536}]},"when":"gold"},{"model":{"type":"model","model":"item/leather_helmet_emerald_trim","tints":[{"type":"dye","default":-6265536}]},"when":"emerald"},{"model":{"type":"model","model":"item/leather_helmet_diamond_trim","tints":[{"type":"dye","default":-6265536}]},"when":"diamond"},{"model":{"type":"model","model":"item/leather_helmet_lapis_trim","tints":[{"type":"dye","default":-6265536}]},"when":"lapis"},{"model":{"type":"model","model":"item/leather_helmet_amethyst_trim","tints":[{"type":"dye","default":-6265536}]},"when":"amethyst"},{"model":{"type":"model","model":"item/leather_helmet_resin_trim","tints":[{"type":"dye","default":-6265536}]},"when":"resin"}],"fallback":{"type":"model","model":"item/leather_helmet","tints":[{"type":"dye","default":-6265536}]},"model":"item/leather_helmet","tints":[{"type":"dye","default":-6265536}]},"entries":[{"threshold":10000,"model":{"property":"trim_material","type":"model","cases":[{"model":{"type":"model","model":"item/leather_helmet_quartz_trim","tints":[{"type":"dye","default":-6265536}]},"when":"quartz"},{"model":{"type":"model","model":"item/leather_helmet_iron_trim","tints":[{"type":"dye","default":-6265536}]},"when":"iron"},{"model":{"type":"model","model":"item/leather_helmet_netherite_trim","tints":[{"type":"dye","default":-6265536}]},"when":"netherite"},{"model":{"type":"model","model":"item/leather_helmet_redstone_trim","tints":[{"type":"dye","default":-6265536}]},"when":"redstone"},{"model":{"type":"model","model":"item/leather_helmet_copper_trim","tints":[{"type":"dye","default":-6265536}]},"when":"copper"},{"model":{"type":"model","model":"item/leather_helmet_gold_trim","tints":[{"type":"dye","default":-6265536}]},"when":"gold"},{"model":{"type":"model","model":"item/leather_helmet_emerald_trim","tints":[{"type":"dye","default":-6265536}]},"when":"emerald"},{"model":{"type":"model","model":"item/leather_helmet_diamond_trim","tints":[{"type":"dye","default":-6265536}]},"when":"diamond"},{"model":{"type":"model","model":"item/leather_helmet_lapis_trim","tints":[{"type":"dye","default":-6265536}]},"when":"lapis"},{"model":{"type":"model","model":"item/leather_helmet_amethyst_trim","tints":[{"type":"dye","default":-6265536}]},"when":"amethyst"},{"model":{"type":"model","model":"item/leather_helmet_resin_trim","tints":[{"type":"dye","default":-6265536}]},"when":"resin"}],"fallback":{"type":"model","model":"item/leather_helmet","tints":[{"type":"dye","default":-6265536}]},"model":"fiendskullset:ia_auto_gen/fiendskullhelmet","tints":[{"type":"dye","default":-6265536}]}},{"threshold":10001,"model":{"property":"trim_material","type":"model","cases":[{"model":{"type":"model","model":"item/leather_helmet_quartz_trim","tints":[{"type":"dye","default":-6265536}]},"when":"quartz"},{"model":{"type":"model","model":"item/leather_helmet_iron_trim","tints":[{"type":"dye","default":-6265536}]},"when":"iron"},{"model":{"type":"model","model":"item/leather_helmet_netherite_trim","tints":[{"type":"dye","default":-6265536}]},"when":"netherite"},{"model":{"type":"model","model":"item/leather_helmet_redstone_trim","tints":[{"type":"dye","default":-6265536}]},"when":"redstone"},{"model":{"type":"model","model":"item/leather_helmet_copper_trim","tints":[{"type":"dye","default":-6265536}]},"when":"copper"},{"model":{"type":"model","model":"item/leather_helmet_gold_trim","tints":[{"type":"dye","default":-6265536}]},"when":"gold"},{"model":{"type":"model","model":"item/leather_helmet_emerald_trim","tints":[{"type":"dye","default":-6265536}]},"when":"emerald"},{"model":{"type":"model","model":"item/leather_helmet_diamond_trim","tints":[{"type":"dye","default":-6265536}]},"when":"diamond"},{"model":{"type":"model","model":"item/leather_helmet_lapis_trim","tints":[{"type":"dye","default":-6265536}]},"when":"lapis"},{"model":{"type":"model","model":"item/leather_helmet_amethyst_trim","tints":[{"type":"dye","default":-6265536}]},"when":"amethyst"},{"model":{"type":"model","model":"item/leather_helmet_resin_trim","tints":[{"type":"dye","default":-6265536}]},"when":"resin"}],"fallback":{"type":"model","model":"item/leather_helmet","tints":[{"type":"dye","default":-6265536}]},"model":"elitecreatures:ia_auto_gen/azgad_weapon_helmet1","tints":[{"type":"dye","default":-6265536}]}},{"threshold":10002,"model":{"property":"trim_material","type":"model","cases":[{"model":{"type":"model","model":"item/leather_helmet_quartz_trim","tints":[{"type":"dye","default":-6265536}]},"when":"quartz"},{"model":{"type":"model","model":"item/leather_helmet_iron_trim","tints":[{"type":"dye","default":-6265536}]},"when":"iron"},{"model":{"type":"model","model":"item/leather_helmet_netherite_trim","tints":[{"type":"dye","default":-6265536}]},"when":"netherite"},{"model":{"type":"model","model":"item/leather_helmet_redstone_trim","tints":[{"type":"dye","default":-6265536}]},"when":"redstone"},{"model":{"type":"model","model":"item/leather_helmet_copper_trim","tints":[{"type":"dye","default":-6265536}]},"when":"copper"},{"model":{"type":"model","model":"item/leather_helmet_gold_trim","tints":[{"type":"dye","default":-6265536}]},"when":"gold"},{"model":{"type":"model","model":"item/leather_helmet_emerald_trim","tints":[{"type":"dye","default":-6265536}]},"when":"emerald"},{"model":{"type":"model","model":"item/leather_helmet_diamond_trim","tints":[{"type":"dye","default":-6265536}]},"when":"diamond"},{"model":{"type":"model","model":"item/leather_helmet_lapis_trim","tints":[{"type":"dye","default":-6265536}]},"when":"lapis"},{"model":{"type":"model","model":"item/leather_helmet_amethyst_trim","tints":[{"type":"dye","default":-6265536}]},"when":"amethyst"},{"model":{"type":"model","model":"item/leather_helmet_resin_trim","tints":[{"type":"dye","default":-6265536}]},"when":"resin"}],"fallback":{"type":"model","model":"item/leather_helmet","tints":[{"type":"dye","default":-6265536}]},"model":"elitecreatures:ia_auto_gen/bahamut_animated_weapon_set_helmet_2","tints":[{"type":"dye","default":-6265536}]}},{"threshold":10003,"model":{"property":"trim_material","type":"model","cases":[{"model":{"type":"model","model":"item/leather_helmet_quartz_trim","tints":[{"type":"dye","default":-6265536}]},"when":"quartz"},{"model":{"type":"model","model":"item/leather_helmet_iron_trim","tints":[{"type":"dye","default":-6265536}]},"when":"iron"},{"model":{"type":"model","model":"item/leather_helmet_netherite_trim","tints":[{"type":"dye","default":-6265536}]},"when":"netherite"},{"model":{"type":"model","model":"item/leather_helmet_redstone_trim","tints":[{"type":"dye","default":-6265536}]},"when":"redstone"},{"model":{"type":"model","model":"item/leather_helmet_copper_trim","tints":[{"type":"dye","default":-6265536}]},"when":"copper"},{"model":{"type":"model","model":"item/leather_helmet_gold_trim","tints":[{"type":"dye","default":-6265536}]},"when":"gold"},{"model":{"type":"model","model":"item/leather_helmet_emerald_trim","tints":[{"type":"dye","default":-6265536}]},"when":"emerald"},{"model":{"type":"model","model":"item/leather_helmet_diamond_trim","tints":[{"type":"dye","default":-6265536}]},"when":"diamond"},{"model":{"type":"model","model":"item/leather_helmet_lapis_trim","tints":[{"type":"dye","default":-6265536}]},"when":"lapis"},{"model":{"type":"model","model":"item/leather_helmet_amethyst_trim","tints":[{"type":"dye","default":-6265536}]},"when":"amethyst"},{"model":{"type":"model","model":"item/leather_helmet_resin_trim","tints":[{"type":"dye","default":-6265536}]},"when":"resin"}],"fallback":{"type":"model","model":"item/leather_helmet","tints":[{"type":"dye","default":-6265536}]},"model":"littledragonset:ia_auto_gen/littledragonhelmet","tints":[{"type":"dye","default":-6265536}]}},{"threshold":10004,"model":{"property":"trim_material","type":"model","cases":[{"model":{"type":"model","model":"item/leather_helmet_quartz_trim","tints":[{"type":"dye","default":-6265536}]},"when":"quartz"},{"model":{"type":"model","model":"item/leather_helmet_iron_trim","tints":[{"type":"dye","default":-6265536}]},"when":"iron"},{"model":{"type":"model","model":"item/leather_helmet_netherite_trim","tints":[{"type":"dye","default":-6265536}]},"when":"netherite"},{"model":{"type":"model","model":"item/leather_helmet_redstone_trim","tints":[{"type":"dye","default":-6265536}]},"when":"redstone"},{"model":{"type":"model","model":"item/leather_helmet_copper_trim","tints":[{"type":"dye","default":-6265536}]},"when":"copper"},{"model":{"type":"model","model":"item/leather_helmet_gold_trim","tints":[{"type":"dye","default":-6265536}]},"when":"gold"},{"model":{"type":"model","model":"item/leather_helmet_emerald_trim","tints":[{"type":"dye","default":-6265536}]},"when":"emerald"},{"model":{"type":"model","model":"item/leather_helmet_diamond_trim","tints":[{"type":"dye","default":-6265536}]},"when":"diamond"},{"model":{"type":"model","model":"item/leather_helmet_lapis_trim","tints":[{"type":"dye","default":-6265536}]},"when":"lapis"},{"model":{"type":"model","model":"item/leather_helmet_amethyst_trim","tints":[{"type":"dye","default":-6265536}]},"when":"amethyst"},{"model":{"type":"model","model":"item/leather_helmet_resin_trim","tints":[{"type":"dye","default":-6265536}]},"when":"resin"}],"fallback":{"type":"model","model":"item/leather_helmet","tints":[{"type":"dye","default":-6265536}]},"model":"infernoset:ia_auto_gen/infernohelmet","tints":[{"type":"dye","default":-6265536}]}},{"threshold":10006,"model":{"property":"trim_material","type":"model","cases":[{"model":{"type":"model","model":"item/leather_helmet_quartz_trim","tints":[{"type":"dye","default":-6265536}]},"when":"quartz"},{"model":{"type":"model","model":"item/leather_helmet_iron_trim","tints":[{"type":"dye","default":-6265536}]},"when":"iron"},{"model":{"type":"model","model":"item/leather_helmet_netherite_trim","tints":[{"type":"dye","default":-6265536}]},"when":"netherite"},{"model":{"type":"model","model":"item/leather_helmet_redstone_trim","tints":[{"type":"dye","default":-6265536}]},"when":"redstone"},{"model":{"type":"model","model":"item/leather_helmet_copper_trim","tints":[{"type":"dye","default":-6265536}]},"when":"copper"},{"model":{"type":"model","model":"item/leather_helmet_gold_trim","tints":[{"type":"dye","default":-6265536}]},"when":"gold"},{"model":{"type":"model","model":"item/leather_helmet_emerald_trim","tints":[{"type":"dye","default":-6265536}]},"when":"emerald"},{"model":{"type":"model","model":"item/leather_helmet_diamond_trim","tints":[{"type":"dye","default":-6265536}]},"when":"diamond"},{"model":{"type":"model","model":"item/leather_helmet_lapis_trim","tints":[{"type":"dye","default":-6265536}]},"when":"lapis"},{"model":{"type":"model","model":"item/leather_helmet_amethyst_trim","tints":[{"type":"dye","default":-6265536}]},"when":"amethyst"},{"model":{"type":"model","model":"item/leather_helmet_resin_trim","tints":[{"type":"dye","default":-6265536}]},"when":"resin"}],"fallback":{"type":"model","model":"item/leather_helmet","tints":[{"type":"dye","default":-6265536}]},"model":"shogunset:ia_auto_gen/shogunhelmet","tints":[{"type":"dye","default":-6265536}]}},{"threshold":10007,"model":{"property":"trim_material","type":"model","cases":[{"model":{"type":"model","model":"item/leather_helmet_quartz_trim","tints":[{"type":"dye","default":-6265536}]},"when":"quartz"},{"model":{"type":"model","model":"item/leather_helmet_iron_trim","tints":[{"type":"dye","default":-6265536}]},"when":"iron"},{"model":{"type":"model","model":"item/leather_helmet_netherite_trim","tints":[{"type":"dye","default":-6265536}]},"when":"netherite"},{"model":{"type":"model","model":"item/leather_helmet_redstone_trim","tints":[{"type":"dye","default":-6265536}]},"when":"redstone"},{"model":{"type":"model","model":"item/leather_helmet_copper_trim","tints":[{"type":"dye","default":-6265536}]},"when":"copper"},{"model":{"type":"model","model":"item/leather_helmet_gold_trim","tints":[{"type":"dye","default":-6265536}]},"when":"gold"},{"model":{"type":"model","model":"item/leather_helmet_emerald_trim","tints":[{"type":"dye","default":-6265536}]},"when":"emerald"},{"model":{"type":"model","model":"item/leather_helmet_diamond_trim","tints":[{"type":"dye","default":-6265536}]},"when":"diamond"},{"model":{"type":"model","model":"item/leather_helmet_lapis_trim","tints":[{"type":"dye","default":-6265536}]},"when":"lapis"},{"model":{"type":"model","model":"item/leather_helmet_amethyst_trim","tints":[{"type":"dye","default":-6265536}]},"when":"amethyst"},{"model":{"type":"model","model":"item/leather_helmet_resin_trim","tints":[{"type":"dye","default":-6265536}]},"when":"resin"}],"fallback":{"type":"model","model":"item/leather_helmet","tints":[{"type":"dye","default":-6265536}]},"model":"pinkfairyset:ia_auto_gen/pinkfairyhelmet","tints":[{"type":"dye","default":-6265536}]}},{"threshold":10008,"model":{"property":"trim_material","type":"model","cases":[{"model":{"type":"model","model":"item/leather_helmet_quartz_trim","tints":[{"type":"dye","default":-6265536}]},"when":"quartz"},{"model":{"type":"model","model":"item/leather_helmet_iron_trim","tints":[{"type":"dye","default":-6265536}]},"when":"iron"},{"model":{"type":"model","model":"item/leather_helmet_netherite_trim","tints":[{"type":"dye","default":-6265536}]},"when":"netherite"},{"model":{"type":"model","model":"item/leather_helmet_redstone_trim","tints":[{"type":"dye","default":-6265536}]},"when":"redstone"},{"model":{"type":"model","model":"item/leather_helmet_copper_trim","tints":[{"type":"dye","default":-6265536}]},"when":"copper"},{"model":{"type":"model","model":"item/leather_helmet_gold_trim","tints":[{"type":"dye","default":-6265536}]},"when":"gold"},{"model":{"type":"model","model":"item/leather_helmet_emerald_trim","tints":[{"type":"dye","default":-6265536}]},"when":"emerald"},{"model":{"type":"model","model":"item/leather_helmet_diamond_trim","tints":[{"type":"dye","default":-6265536}]},"when":"diamond"},{"model":{"type":"model","model":"item/leather_helmet_lapis_trim","tints":[{"type":"dye","default":-6265536}]},"when":"lapis"},{"model":{"type":"model","model":"item/leather_helmet_amethyst_trim","tints":[{"type":"dye","default":-6265536}]},"when":"amethyst"},{"model":{"type":"model","model":"item/leather_helmet_resin_trim","tints":[{"type":"dye","default":-6265536}]},"when":"resin"}],"fallback":{"type":"model","model":"item/leather_helmet","tints":[{"type":"dye","default":-6265536}]},"model":"aetherburn_pack:ia_auto_gen/aetherburnhelmet","tints":[{"type":"dye","default":-6265536}]}},{"threshold":10009,"model":{"property":"trim_material","type":"model","cases":[{"model":{"type":"model","model":"item/leather_helmet_quartz_trim","tints":[{"type":"dye","default":-6265536}]},"when":"quartz"},{"model":{"type":"model","model":"item/leather_helmet_iron_trim","tints":[{"type":"dye","default":-6265536}]},"when":"iron"},{"model":{"type":"model","model":"item/leather_helmet_netherite_trim","tints":[{"type":"dye","default":-6265536}]},"when":"netherite"},{"model":{"type":"model","model":"item/leather_helmet_redstone_trim","tints":[{"type":"dye","default":-6265536}]},"when":"redstone"},{"model":{"type":"model","model":"item/leather_helmet_copper_trim","tints":[{"type":"dye","default":-6265536}]},"when":"copper"},{"model":{"type":"model","model":"item/leather_helmet_gold_trim","tints":[{"type":"dye","default":-6265536}]},"when":"gold"},{"model":{"type":"model","model":"item/leather_helmet_emerald_trim","tints":[{"type":"dye","default":-6265536}]},"when":"emerald"},{"model":{"type":"model","model":"item/leather_helmet_diamond_trim","tints":[{"type":"dye","default":-6265536}]},"when":"diamond"},{"model":{"type":"model","model":"item/leather_helmet_lapis_trim","tints":[{"type":"dye","default":-6265536}]},"when":"lapis"},{"model":{"type":"model","model":"item/leather_helmet_amethyst_trim","tints":[{"type":"dye","default":-6265536}]},"when":"amethyst"},{"model":{"type":"model","model":"item/leather_helmet_resin_trim","tints":[{"type":"dye","default":-6265536}]},"when":"resin"}],"fallback":{"type":"model","model":"item/leather_helmet","tints":[{"type":"dye","default":-6265536}]},"model":"frostbite_set:ia_auto_gen/frostbitehelmet","tints":[{"type":"dye","default":-6265536}]}},{"threshold":10010,"model":{"property":"trim_material","type":"model","cases":[{"model":{"type":"model","model":"item/leather_helmet_quartz_trim","tints":[{"type":"dye","default":-6265536}]},"when":"quartz"},{"model":{"type":"model","model":"item/leather_helmet_iron_trim","tints":[{"type":"dye","default":-6265536}]},"when":"iron"},{"model":{"type":"model","model":"item/leather_helmet_netherite_trim","tints":[{"type":"dye","default":-6265536}]},"when":"netherite"},{"model":{"type":"model","model":"item/leather_helmet_redstone_trim","tints":[{"type":"dye","default":-6265536}]},"when":"redstone"},{"model":{"type":"model","model":"item/leather_helmet_copper_trim","tints":[{"type":"dye","default":-6265536}]},"when":"copper"},{"model":{"type":"model","model":"item/leather_helmet_gold_trim","tints":[{"type":"dye","default":-6265536}]},"when":"gold"},{"model":{"type":"model","model":"item/leather_helmet_emerald_trim","tints":[{"type":"dye","default":-6265536}]},"when":"emerald"},{"model":{"type":"model","model":"item/leather_helmet_diamond_trim","tints":[{"type":"dye","default":-6265536}]},"when":"diamond"},{"model":{"type":"model","model":"item/leather_helmet_lapis_trim","tints":[{"type":"dye","default":-6265536}]},"when":"lapis"},{"model":{"type":"model","model":"item/leather_helmet_amethyst_trim","tints":[{"type":"dye","default":-6265536}]},"when":"amethyst"},{"model":{"type":"model","model":"item/leather_helmet_resin_trim","tints":[{"type":"dye","default":-6265536}]},"when":"resin"}],"fallback":{"type":"model","model":"item/leather_helmet","tints":[{"type":"dye","default":-6265536}]},"model":"item/leather_helmet","tints":[{"type":"dye","default":-6265536}]}}]}}