{"credit":"Made with Blockbench","texture_size":[20,20],"textures":{"1":"frighten_set:frighten_set/hoe","2":"frighten_set:frighten_set/animation_2","particle":"frighten_set:frighten_set/animation_2"},"elements":[{"from":[7.39,-0.11,7.39],"to":[8.61,1.11,8.61],"rotation":{"angle":45,"axis":"x","origin":[8,0.5,8]},"faces":{"north":{"uv":[11.2,4.8,12.2,5.8],"texture":"#1"},"east":{"uv":[11.2,6.4,12.2,7.4],"texture":"#1"},"south":{"uv":[8,11.2,9,12.2],"texture":"#1"},"west":{"uv":[11.2,8,12.2,9],"texture":"#1"},"up":{"uv":[10.6,12.2,9.6,11.2],"texture":"#1"},"down":{"uv":[12.2,9.6,11.2,10.6],"texture":"#1"}}},{"from":[7.5,0,6.4],"to":[8.5,1,7.9],"rotation":{"angle":22.5,"axis":"x","origin":[8,0.5,7.15]},"faces":{"north":{"uv":[12.8,0.8,13.6,1.6],"texture":"#1"},"east":{"uv":[2.4,12,3.6,12.8],"texture":"#1"},"south":{"uv":[12.8,6.4,13.6,7.2],"texture":"#1"},"west":{"uv":[12,3.2,13.2,4],"texture":"#1"},"up":{"uv":[6.4,12.4,5.6,11.2],"texture":"#1"},"down":{"uv":[4.8,12,4,13.2],"texture":"#1"}}},{"from":[7.5,0,8.1],"to":[8.5,1,9.6],"rotation":{"angle":-22.5,"axis":"x","origin":[8,0.5,8.85]},"faces":{"north":{"uv":[2.4,14.4,3.2,15.2],"texture":"#1"},"east":{"uv":[12,4,13.2,4.8],"texture":"#1"},"south":{"uv":[14.4,2.4,15.2,3.2],"texture":"#1"},"west":{"uv":[12.8,0,14,0.8],"texture":"#1"},"up":{"uv":[5.6,13.2,4.8,12],"texture":"#1"},"down":{"uv":[3.2,12.8,2.4,14],"texture":"#1"}}},{"from":[7.45,0.75,7.45],"to":[8.55,1.85,8.55],"rotation":{"angle":0,"axis":"y","origin":[7.45,0.75,7.45]},"faces":{"north":{"uv":[7.2,12.8,8,13.6],"texture":"#1"},"east":{"uv":[12.8,7.2,13.6,8],"texture":"#1"},"south":{"uv":[8,12.8,8.8,13.6],"texture":"#1"},"west":{"uv":[12.8,8,13.6,8.8],"texture":"#1"},"up":{"uv":[9.6,13.6,8.8,12.8],"texture":"#1"},"down":{"uv":[13.6,8.8,12.8,9.6],"texture":"#1"}}},{"from":[7.45,4.85,7.45],"to":[8.55,5.95,8.55],"rotation":{"angle":0,"axis":"y","origin":[7.45,4.85,7.45]},"faces":{"north":{"uv":[13.6,8.8,14.4,9.6],"texture":"#1"},"east":{"uv":[9.6,13.6,10.4,14.4],"texture":"#1"},"south":{"uv":[13.6,9.6,14.4,10.4],"texture":"#1"},"west":{"uv":[10.4,13.6,11.2,14.4],"texture":"#1"},"up":{"uv":[14.4,11.2,13.6,10.4],"texture":"#1"},"down":{"uv":[12,13.6,11.2,14.4],"texture":"#1"}}},{"from":[7.5,1.85,7.5],"to":[8.5,4.85,8.5],"rotation":{"angle":0,"axis":"y","origin":[6.95,-4.3,6.95]},"faces":{"north":{"uv":[8,4.8,8.8,7.2],"texture":"#1"},"east":{"uv":[8,7.2,8.8,9.6],"texture":"#1"},"south":{"uv":[8.8,4.8,9.6,7.2],"texture":"#1"},"west":{"uv":[8.8,7.2,9.6,9.6],"texture":"#1"},"up":{"uv":[10.4,13.6,9.6,12.8],"texture":"#1"},"down":{"uv":[13.6,9.6,12.8,10.4],"texture":"#1"}}},{"from":[7.4,15.7,7],"to":[8.6,17.7,9],"rotation":{"angle":-45,"axis":"x","origin":[8,16.7,8]},"faces":{"north":{"uv":[9.6,0,10.6,1.6],"texture":"#1"},"east":{"uv":[8,0,9.6,1.6],"texture":"#1"},"south":{"uv":[1.6,9.6,2.6,11.2],"texture":"#1"},"west":{"uv":[1.6,8,3.2,9.6],"texture":"#1"},"up":{"uv":[4.2,11.2,3.2,9.6],"texture":"#1"},"down":{"uv":[10.6,3.2,9.6,4.8],"texture":"#1"}}},{"from":[7.2,15.9,7.2],"to":[8.8,17.5,8.8],"rotation":{"angle":-45,"axis":"x","origin":[8,16.7,8]},"faces":{"north":{"uv":[9.6,4.8,10.8,6],"texture":"#1"},"east":{"uv":[9.6,6.4,10.8,7.6],"texture":"#1"},"south":{"uv":[8,9.6,9.2,10.8],"texture":"#1"},"west":{"uv":[9.6,8,10.8,9.2],"texture":"#1"},"up":{"uv":[10.8,10.8,9.6,9.6],"texture":"#1"},"down":{"uv":[12.4,0,11.2,1.2],"texture":"#1"}}},{"from":[7.58,16.76,7.16],"to":[8.42,18.44,8.84],"rotation":{"angle":-45,"axis":"x","origin":[8,17.6,8]},"faces":{"north":{"uv":[3.2,12.8,3.8,14.2],"texture":"#1"},"east":{"uv":[3.2,8,4.6,9.4],"texture":"#1"},"south":{"uv":[12.8,4.8,13.4,6.2],"texture":"#1"},"west":{"uv":[8,3.2,9.4,4.6],"texture":"#1"},"up":{"uv":[6.2,14.2,5.6,12.8],"texture":"#1"},"down":{"uv":[7,12.8,6.4,14.2],"texture":"#1"}}},{"from":[7.5,16,6.3],"to":[8.5,17,7.3],"rotation":{"angle":0,"axis":"y","origin":[7.5,15,6.3]},"faces":{"north":{"uv":[10.4,12.8,11.2,13.6],"texture":"#1"},"east":{"uv":[12.8,10.4,13.6,11.2],"texture":"#1"},"south":{"uv":[11.2,12.8,12,13.6],"texture":"#1"},"west":{"uv":[12.8,11.2,13.6,12],"texture":"#1"},"up":{"uv":[12.8,13.6,12,12.8],"texture":"#1"},"down":{"uv":[13.6,12,12.8,12.8],"texture":"#1"}}},{"from":[7.5,15,6.8],"to":[8.5,16,7.3],"rotation":{"angle":0,"axis":"y","origin":[7.5,14,6.3]},"faces":{"north":{"uv":[13.6,7.2,14.4,8],"texture":"#1"},"east":{"uv":[8.8,14.4,9.2,15.2],"texture":"#1"},"south":{"uv":[8,13.6,8.8,14.4],"texture":"#1"},"west":{"uv":[14.4,8.8,14.8,9.6],"texture":"#1"},"up":{"uv":[10.4,14.8,9.6,14.4],"texture":"#1"},"down":{"uv":[15.2,9.6,14.4,10],"texture":"#1"}}},{"from":[7.5,18.30776,5.42988],"to":[8.5,19.30776,5.92988],"rotation":{"angle":-45,"axis":"x","origin":[8,18.80776,5.67988]},"faces":{"north":{"uv":[13.6,8,14.4,8.8],"texture":"#1"},"east":{"uv":[10.4,14.4,10.8,15.2],"texture":"#1"},"south":{"uv":[8.8,13.6,9.6,14.4],"texture":"#1"},"west":{"uv":[14.4,10.4,14.8,11.2],"texture":"#1"},"up":{"uv":[12,14.8,11.2,14.4],"texture":"#1"},"down":{"uv":[15.2,11.2,14.4,11.6],"texture":"#1"}}},{"from":[7.495,16.61732,6.37612],"to":[8.505,17.61732,7.37612],"rotation":{"angle":-22.5,"axis":"x","origin":[7.52,16.61732,6.37612]},"faces":{"north":{"uv":[12.8,12.8,13.6,13.6],"texture":"#1"},"east":{"uv":[13.6,0.8,14.4,1.6],"texture":"#1"},"south":{"uv":[13.6,1.6,14.4,2.4],"texture":"#1"},"west":{"uv":[13.6,2.4,14.4,3.2],"texture":"#1"},"up":{"uv":[14.4,4,13.6,3.2],"texture":"#1"},"down":{"uv":[4.8,13.6,4,14.4],"texture":"#1"}}},{"from":[7.5,17.21677,6.21021],"to":[8.5,18.21677,7.21021],"rotation":{"angle":-45,"axis":"x","origin":[7.5,17.21677,6.21021]},"faces":{"north":{"uv":[13.6,4,14.4,4.8],"texture":"#1"},"east":{"uv":[4.8,13.6,5.6,14.4],"texture":"#1"},"south":{"uv":[13.6,4.8,14.4,5.6],"texture":"#1"},"west":{"uv":[13.6,5.6,14.4,6.4],"texture":"#1"},"up":{"uv":[14.4,7.2,13.6,6.4],"texture":"#1"},"down":{"uv":[8,13.6,7.2,14.4],"texture":"#1"}}},{"from":[7.4,15.7,6.45],"to":[8.6,16.2,6.95],"rotation":{"angle":-45,"axis":"x","origin":[8,15.95,6.7]},"faces":{"north":{"uv":[4,14.4,5,14.8],"texture":"#1"},"east":{"uv":[13.6,14.4,14,14.8],"texture":"#1"},"south":{"uv":[14.4,4.8,15.4,5.2],"texture":"#1"},"west":{"uv":[14.4,13.6,14.8,14],"texture":"#1"},"up":{"uv":[6.6,14.8,5.6,14.4],"texture":"#1"},"down":{"uv":[15.4,5.6,14.4,6],"texture":"#1"}}},{"from":[7.4,18,5.45],"to":[8.6,18.5,5.95],"rotation":{"angle":-45,"axis":"x","origin":[8,18.25,5.7]},"faces":{"north":{"uv":[14.4,6.4,15.4,6.8],"texture":"#1"},"east":{"uv":[14.4,14.4,14.8,14.8],"texture":"#1"},"south":{"uv":[7.2,14.4,8.2,14.8],"texture":"#1"},"west":{"uv":[0,15.2,0.4,15.6],"texture":"#1"},"up":{"uv":[15.4,7.6,14.4,7.2],"texture":"#1"},"down":{"uv":[15.4,8,14.4,8.4],"texture":"#1"}}},{"from":[7.5,15,8.7],"to":[8.5,16,9.2],"rotation":{"angle":0,"axis":"y","origin":[7.5,14,9.7]},"faces":{"north":{"uv":[8.8,13.6,8,14.4],"texture":"#1"},"east":{"uv":[9.2,14.4,8.8,15.2],"texture":"#1"},"south":{"uv":[14.4,7.2,13.6,8],"texture":"#1"},"west":{"uv":[14.8,8.8,14.4,9.6],"texture":"#1"},"up":{"uv":[10.4,14.4,9.6,14.8],"texture":"#1"},"down":{"uv":[15.2,10,14.4,9.6],"texture":"#1"}}},{"from":[7.4,15.7,9.05],"to":[8.6,16.2,9.55],"rotation":{"angle":45,"axis":"x","origin":[8,15.95,9.3]},"faces":{"north":{"uv":[15.4,4.8,14.4,5.2],"texture":"#1"},"east":{"uv":[14,14.4,13.6,14.8],"texture":"#1"},"south":{"uv":[5,14.4,4,14.8],"texture":"#1"},"west":{"uv":[14.8,13.6,14.4,14],"texture":"#1"},"up":{"uv":[6.6,14.4,5.6,14.8],"texture":"#1"},"down":{"uv":[15.4,6,14.4,5.6],"texture":"#1"}}},{"from":[7.5,16,8.7],"to":[8.5,17,9.7],"rotation":{"angle":0,"axis":"y","origin":[7.5,15,9.7]},"faces":{"north":{"uv":[12,12.8,11.2,13.6],"texture":"#1"},"east":{"uv":[13.6,10.4,12.8,11.2],"texture":"#1"},"south":{"uv":[11.2,12.8,10.4,13.6],"texture":"#1"},"west":{"uv":[13.6,11.2,12.8,12],"texture":"#1"},"up":{"uv":[12.8,12.8,12,13.6],"texture":"#1"},"down":{"uv":[13.6,12.8,12.8,12],"texture":"#1"}}},{"from":[7.495,16.61732,8.62388],"to":[8.505,17.61732,9.62388],"rotation":{"angle":22.5,"axis":"x","origin":[7.52,16.61732,9.62388]},"faces":{"north":{"uv":[14.4,1.6,13.6,2.4],"texture":"#1"},"east":{"uv":[14.4,0.8,13.6,1.6],"texture":"#1"},"south":{"uv":[13.6,12.8,12.8,13.6],"texture":"#1"},"west":{"uv":[14.4,2.4,13.6,3.2],"texture":"#1"},"up":{"uv":[14.4,3.2,13.6,4],"texture":"#1"},"down":{"uv":[4.8,14.4,4,13.6],"texture":"#1"}}},{"from":[7.5,17.21677,8.78979],"to":[8.5,18.21677,9.78979],"rotation":{"angle":45,"axis":"x","origin":[7.5,17.21677,9.78979]},"faces":{"north":{"uv":[14.4,4.8,13.6,5.6],"texture":"#1"},"east":{"uv":[5.6,13.6,4.8,14.4],"texture":"#1"},"south":{"uv":[14.4,4,13.6,4.8],"texture":"#1"},"west":{"uv":[14.4,5.6,13.6,6.4],"texture":"#1"},"up":{"uv":[14.4,6.4,13.6,7.2],"texture":"#1"},"down":{"uv":[8,14.4,7.2,13.6],"texture":"#1"}}},{"from":[7.4,18,10.05],"to":[8.6,18.5,10.55],"rotation":{"angle":45,"axis":"x","origin":[8,18.25,10.3]},"faces":{"north":{"uv":[8.2,14.4,7.2,14.8],"texture":"#1"},"east":{"uv":[14.8,14.4,14.4,14.8],"texture":"#1"},"south":{"uv":[15.4,6.4,14.4,6.8],"texture":"#1"},"west":{"uv":[0.4,15.2,0,15.6],"texture":"#1"},"up":{"uv":[15.4,7.2,14.4,7.6],"texture":"#1"},"down":{"uv":[15.4,8.4,14.4,8],"texture":"#1"}}},{"from":[7.5,18.30776,10.07012],"to":[8.5,19.30776,10.57012],"rotation":{"angle":45,"axis":"x","origin":[8,18.80776,10.32012]},"faces":{"north":{"uv":[9.6,13.6,8.8,14.4],"texture":"#1"},"east":{"uv":[10.8,14.4,10.4,15.2],"texture":"#1"},"south":{"uv":[14.4,8,13.6,8.8],"texture":"#1"},"west":{"uv":[14.8,10.4,14.4,11.2],"texture":"#1"},"up":{"uv":[12,14.4,11.2,14.8],"texture":"#1"},"down":{"uv":[15.2,11.6,14.4,11.2],"texture":"#1"}}},{"from":[7.5,5.95,7.5],"to":[8.5,6.95,8.5],"rotation":{"angle":0,"axis":"y","origin":[6.95,3.9,6.95]},"faces":{"north":{"uv":[13.6,11.2,14.4,12],"texture":"#1"},"east":{"uv":[12,13.6,12.8,14.4],"texture":"#1"},"south":{"uv":[13.6,12,14.4,12.8],"texture":"#1"},"west":{"uv":[12.8,13.6,13.6,14.4],"texture":"#1"},"up":{"uv":[14.4,13.6,13.6,12.8],"texture":"#1"},"down":{"uv":[14.4,13.6,13.6,14.4],"texture":"#1"}}},{"from":[7.5,14.95,7.5],"to":[8.5,15.95,8.5],"rotation":{"angle":0,"axis":"y","origin":[6.95,12.9,6.95]},"faces":{"north":{"uv":[0,14.4,0.8,15.2],"texture":"#1"},"east":{"uv":[14.4,0,15.2,0.8],"texture":"#1"},"south":{"uv":[0.8,14.4,1.6,15.2],"texture":"#1"},"west":{"uv":[14.4,0.8,15.2,1.6],"texture":"#1"},"up":{"uv":[2.4,15.2,1.6,14.4],"texture":"#1"},"down":{"uv":[15.2,1.6,14.4,2.4],"texture":"#1"}}},{"from":[7.4,6.95,7.4],"to":[8.6,14.95,8.6],"rotation":{"angle":0,"axis":"y","origin":[6.95,4.9,6.95]},"faces":{"north":{"uv":[4.8,4.8,5.8,11.2],"texture":"#1"},"east":{"uv":[6.4,0,7.4,6.4],"texture":"#1"},"south":{"uv":[6.4,6.4,7.4,12.8],"texture":"#1"},"west":{"uv":[0,8,1,14.4],"texture":"#1"},"up":{"uv":[12.2,12.2,11.2,11.2],"texture":"#1"},"down":{"uv":[13,1.6,12,2.6],"texture":"#1"}}},{"from":[7.75,16.90133,2.04224],"to":[8.25,17.90133,6.04224],"rotation":{"angle":-22.5,"axis":"x","origin":[8.25,17.40133,3.54224]},"faces":{"north":{"uv":[12,14.4,12.4,15.2],"texture":"#1"},"east":{"uv":[8,1.6,11.2,2.4],"texture":"#1"},"south":{"uv":[14.4,12,14.8,12.8],"texture":"#1"},"west":{"uv":[8,2.4,11.2,3.2],"texture":"#1"},"up":{"uv":[2,14.4,1.6,11.2],"texture":"#1"},"down":{"uv":[11.6,1.6,11.2,4.8],"texture":"#1"}}},{"from":[7.75,19.1996,10.12507],"to":[8.25,20.1996,14.12507],"rotation":{"angle":-22.5,"axis":"x","origin":[8,18.8246,13.80007]},"faces":{"north":{"uv":[14.8,12.8,14.4,12],"texture":"#1"},"east":{"uv":[11.2,2.4,8,1.6],"texture":"#1"},"south":{"uv":[12.4,15.2,12,14.4],"texture":"#1"},"west":{"uv":[11.2,3.2,8,2.4],"texture":"#1"},"up":{"uv":[11.6,1.6,11.2,4.8],"texture":"#1"},"down":{"uv":[2,14.4,1.6,11.2],"texture":"#1"}}},{"from":[8,13.00133,-1.95776],"to":[8,18.70133,6.04224],"rotation":{"angle":-22.5,"axis":"x","origin":[8,17.40133,3.54224]},"faces":{"north":{"uv":[0,0,0,4.6],"texture":"#1"},"east":{"uv":[6.4,0,0,4.6],"texture":"#1"},"south":{"uv":[0,0,0,4.6],"texture":"#1"},"west":{"uv":[0,0,6.4,4.6],"texture":"#1"},"up":{"uv":[0,6.4,0,0],"texture":"#1"},"down":{"uv":[0,0,0,6.4],"texture":"#1"}}},{"from":[8,14.30133,10.51724],"to":[8,17.00133,16.51724],"rotation":{"angle":-22.5,"axis":"x","origin":[8,17.40133,3.54224]},"faces":{"north":{"uv":[0,0,0,3],"texture":"#1"},"east":{"uv":[4.8,4.8,0,7],"texture":"#1"},"south":{"uv":[0,0,0,3],"texture":"#1"},"west":{"uv":[0,4.8,4.8,7],"texture":"#1"},"up":{"uv":[0,4.8,0,0],"texture":"#1"},"down":{"uv":[0,0,0,4.8],"texture":"#1"}}},{"from":[7.755,17.49635,-0.12071],"to":[8.245,18.49635,1.87929],"rotation":{"angle":-45,"axis":"x","origin":[8.255,17.99635,3.37929]},"faces":{"north":{"uv":[12.8,14.4,13.2,15.2],"texture":"#1"},"east":{"uv":[2.4,11.2,4,12],"texture":"#1"},"south":{"uv":[14.4,12.8,14.8,13.6],"texture":"#1"},"west":{"uv":[4,11.2,5.6,12],"texture":"#1"},"up":{"uv":[3.6,16,3.2,14.4],"texture":"#1"},"down":{"uv":[14.8,3.2,14.4,4.8],"texture":"#1"}}},{"from":[7.375,13.39913,-2.56611],"to":[7.375,18.39913,9.43389],"rotation":{"angle":-45,"axis":"x","origin":[7.375,16.19913,3.43389]},"faces":{"north":{"uv":[0,0,0,4],"rotation":180,"texture":"#2"},"east":{"uv":[1,0,0,0.66667],"rotation":270,"texture":"#2"},"south":{"uv":[0,4,0,0],"texture":"#2"},"west":{"uv":[6.33333,0,0,16],"rotation":270,"texture":"#2"},"up":{"uv":[0,9.6,0,0],"rotation":180,"texture":"#2"},"down":{"uv":[0,9.6,0,0],"texture":"#2"}}},{"from":[8.625,13.39913,-2.56611],"to":[8.625,18.39913,9.43389],"rotation":{"angle":-45,"axis":"x","origin":[8.625,16.19913,3.43389]},"faces":{"north":{"uv":[0,0,0,4],"rotation":180,"texture":"#2"},"east":{"uv":[6.33333,16,0,0],"rotation":270,"texture":"#2"},"south":{"uv":[0,0.66667,0.66667,0],"texture":"#2"},"west":{"uv":[1,0,0,0.66667],"rotation":270,"texture":"#2"},"up":{"uv":[0,9.6,0,0],"rotation":180,"texture":"#2"},"down":{"uv":[0,9.6,0,0],"texture":"#2"}}}],"gui_light":"front","display":{"thirdperson_righthand":{"translation":[0,2.75,1.5]},"thirdperson_lefthand":{"translation":[0,2.75,1.5]},"firstperson_righthand":{"rotation":[-10,9,0],"translation":[0.5,0.25,2.75],"scale":[0.95703,0.95703,0.95703]},"firstperson_lefthand":{"rotation":[-10,9,0],"translation":[0.5,0.25,2.75],"scale":[0.95703,0.95703,0.95703]},"ground":{"rotation":[2.15,-1.8,-78.97],"translation":[1.75,2.75,0],"scale":[1.07227,1.07227,1.07227]},"gui":{"rotation":[90,-135,90],"translation":[-1.75,-3,0],"scale":[0.71484,0.71484,0.71484]},"head":{"scale":[0,0,0]},"fixed":{"rotation":[0,-90,0],"translation":[0,-6.25,-1.75],"scale":[2.25,2.25,2.25]}}}