{"credit":"Made with Blockbench","texture_size":[24,24],"textures":{"1":"frighten_set:frighten_set/animation_3","3":"frighten_set:frighten_set/spear","particle":"frighten_set:frighten_set/animation_3"},"elements":[{"from":[7.39,-5.11,7.39],"to":[8.61,-3.89,8.61],"rotation":{"angle":45,"axis":"x","origin":[8,-4.5,8]},"faces":{"north":{"uv":[9.33333,8.66667,10.16667,9.5],"texture":"#3"},"east":{"uv":[10,0,10.83333,0.83333],"texture":"#3"},"south":{"uv":[10,1.33333,10.83333,2.16667],"texture":"#3"},"west":{"uv":[2.66667,10,3.5,10.83333],"texture":"#3"},"up":{"uv":[5.5,10.83333,4.66667,10],"texture":"#3"},"down":{"uv":[10.83333,5.33333,10,6.16667],"texture":"#3"}}},{"from":[7.5,-5,6.4],"to":[8.5,-4,7.9],"rotation":{"angle":22.5,"axis":"x","origin":[8,-4.5,7.15]},"faces":{"north":{"uv":[9.33333,5.33333,10,6],"texture":"#3"},"east":{"uv":[10,6.66667,11,7.33333],"texture":"#3"},"south":{"uv":[7.33333,9.33333,8,10],"texture":"#3"},"west":{"uv":[0,10.66667,1,11.33333],"texture":"#3"},"up":{"uv":[6.66667,9.66667,6,8.66667],"texture":"#3"},"down":{"uv":[2,10.66667,1.33333,11.66667],"texture":"#3"}}},{"from":[7.5,-5,8.1],"to":[8.5,-4,9.6],"rotation":{"angle":-22.5,"axis":"x","origin":[8,-4.5,8.85]},"faces":{"north":{"uv":[0.66667,11.33333,1.33333,12],"texture":"#3"},"east":{"uv":[10.66667,2.66667,11.66667,3.33333],"texture":"#3"},"south":{"uv":[11.33333,1.33333,12,2],"texture":"#3"},"west":{"uv":[10.66667,3.33333,11.66667,4],"texture":"#3"},"up":{"uv":[2.66667,11.66667,2,10.66667],"texture":"#3"},"down":{"uv":[11.33333,4,10.66667,5],"texture":"#3"}}},{"from":[7.45,0.75,7.45],"to":[8.55,1.85,8.55],"rotation":{"angle":0,"axis":"y","origin":[7.45,0.75,7.45]},"faces":{"north":{"uv":[11.33333,2,12,2.66667],"texture":"#3"},"east":{"uv":[2.66667,11.33333,3.33333,12],"texture":"#3"},"south":{"uv":[3.33333,11.33333,4,12],"texture":"#3"},"west":{"uv":[11.33333,4,12,4.66667],"texture":"#3"},"up":{"uv":[5.33333,12,4.66667,11.33333],"texture":"#3"},"down":{"uv":[12,4.66667,11.33333,5.33333],"texture":"#3"}}},{"from":[7.45,4.85,7.45],"to":[8.55,5.95,8.55],"rotation":{"angle":0,"axis":"y","origin":[7.45,4.85,7.45]},"faces":{"north":{"uv":[5.33333,11.33333,6,12],"texture":"#3"},"east":{"uv":[11.33333,5.33333,12,6],"texture":"#3"},"south":{"uv":[6,11.33333,6.66667,12],"texture":"#3"},"west":{"uv":[11.33333,6,12,6.66667],"texture":"#3"},"up":{"uv":[7.33333,12,6.66667,11.33333],"texture":"#3"},"down":{"uv":[12,6.66667,11.33333,7.33333],"texture":"#3"}}},{"from":[7.5,1.85,7.5],"to":[8.5,4.85,8.5],"rotation":{"angle":0,"axis":"y","origin":[6.95,-4.3,6.95]},"faces":{"north":{"uv":[6,3.33333,6.66667,5.33333],"texture":"#3"},"east":{"uv":[7.33333,5.33333,8,7.33333],"texture":"#3"},"south":{"uv":[7.33333,7.33333,8,9.33333],"texture":"#3"},"west":{"uv":[8,5.33333,8.66667,7.33333],"texture":"#3"},"up":{"uv":[8,12,7.33333,11.33333],"texture":"#3"},"down":{"uv":[12,7.33333,11.33333,8],"texture":"#3"}}},{"from":[7.4,15.7,7],"to":[8.6,17.7,9],"rotation":{"angle":-45,"axis":"x","origin":[8,16.7,8]},"faces":{"north":{"uv":[8,7.33333,8.83333,8.66667],"texture":"#3"},"east":{"uv":[7.33333,0,8.66667,1.33333],"texture":"#3"},"south":{"uv":[8.66667,0,9.5,1.33333],"texture":"#3"},"west":{"uv":[7.33333,1.33333,8.66667,2.66667],"texture":"#3"},"up":{"uv":[9.5,2.66667,8.66667,1.33333],"texture":"#3"},"down":{"uv":[3.5,8.66667,2.66667,10],"texture":"#3"}}},{"from":[7.2,15.9,7.2],"to":[8.8,17.5,8.8],"rotation":{"angle":-45,"axis":"x","origin":[8,16.7,8]},"faces":{"north":{"uv":[4.66667,8.66667,5.66667,9.66667],"texture":"#3"},"east":{"uv":[8.66667,6,9.66667,7],"texture":"#3"},"south":{"uv":[8,8.66667,9,9.66667],"texture":"#3"},"west":{"uv":[9.33333,2.66667,10.33333,3.66667],"texture":"#3"},"up":{"uv":[10.33333,5,9.33333,4],"texture":"#3"},"down":{"uv":[10.33333,7.33333,9.33333,8.33333],"texture":"#3"}}},{"from":[7.58,16.76,7.16],"to":[8.42,18.44,8.84],"rotation":{"angle":-45,"axis":"x","origin":[8,17.6,8]},"faces":{"north":{"uv":[10.66667,7.33333,11.16667,8.5],"texture":"#3"},"east":{"uv":[7.33333,2.66667,8.5,3.83333],"texture":"#3"},"south":{"uv":[10.66667,8.66667,11.16667,9.83333],"texture":"#3"},"west":{"uv":[7.33333,4,8.5,5.16667],"texture":"#3"},"up":{"uv":[0.5,12.5,0,11.33333],"texture":"#3"},"down":{"uv":[11.83333,0,11.33333,1.16667],"texture":"#3"}}},{"from":[7.5,16,6.3],"to":[8.5,17,7.3],"rotation":{"angle":0,"axis":"y","origin":[7.5,15,6.3]},"faces":{"north":{"uv":[8,11.33333,8.66667,12],"texture":"#3"},"east":{"uv":[11.33333,8,12,8.66667],"texture":"#3"},"south":{"uv":[8.66667,11.33333,9.33333,12],"texture":"#3"},"west":{"uv":[11.33333,8.66667,12,9.33333],"texture":"#3"},"up":{"uv":[10,12,9.33333,11.33333],"texture":"#3"},"down":{"uv":[12,9.33333,11.33333,10],"texture":"#3"}}},{"from":[7.5,15,6.8],"to":[8.5,16,7.3],"rotation":{"angle":0,"axis":"y","origin":[7.5,14,6.3]},"faces":{"north":{"uv":[10,11.33333,10.66667,12],"texture":"#3"},"east":{"uv":[10.66667,12.66667,11,13.33333],"texture":"#3"},"south":{"uv":[11.33333,10,12,10.66667],"texture":"#3"},"west":{"uv":[12.66667,10.66667,13,11.33333],"texture":"#3"},"up":{"uv":[12,13,11.33333,12.66667],"texture":"#3"},"down":{"uv":[13.33333,11.33333,12.66667,11.66667],"texture":"#3"}}},{"from":[7.5,18.30776,5.42988],"to":[8.5,19.30776,5.92988],"rotation":{"angle":-45,"axis":"x","origin":[8,18.80776,5.67988]},"faces":{"north":{"uv":[10.66667,11.33333,11.33333,12],"texture":"#3"},"east":{"uv":[12,12.66667,12.33333,13.33333],"texture":"#3"},"south":{"uv":[11.33333,10.66667,12,11.33333],"texture":"#3"},"west":{"uv":[12.66667,12,13,12.66667],"texture":"#3"},"up":{"uv":[13.33333,13,12.66667,12.66667],"texture":"#3"},"down":{"uv":[0.66667,13.33333,0,13.66667],"texture":"#3"}}},{"from":[7.495,16.61732,6.37612],"to":[8.505,17.61732,7.37612],"rotation":{"angle":-22.5,"axis":"x","origin":[7.52,16.61732,6.37612]},"faces":{"north":{"uv":[11.33333,11.33333,12,12],"texture":"#3"},"east":{"uv":[12,0,12.66667,0.66667],"texture":"#3"},"south":{"uv":[0.66667,12,1.33333,12.66667],"texture":"#3"},"west":{"uv":[12,0.66667,12.66667,1.33333],"texture":"#3"},"up":{"uv":[2,12.66667,1.33333,12],"texture":"#3"},"down":{"uv":[12.66667,1.33333,12,2],"texture":"#3"}}},{"from":[7.5,17.21677,6.21021],"to":[8.5,18.21677,7.21021],"rotation":{"angle":-45,"axis":"x","origin":[7.5,17.21677,6.21021]},"faces":{"north":{"uv":[2,12,2.66667,12.66667],"texture":"#3"},"east":{"uv":[12,2,12.66667,2.66667],"texture":"#3"},"south":{"uv":[2.66667,12,3.33333,12.66667],"texture":"#3"},"west":{"uv":[12,2.66667,12.66667,3.33333],"texture":"#3"},"up":{"uv":[4,12.66667,3.33333,12],"texture":"#3"},"down":{"uv":[12.66667,3.33333,12,4],"texture":"#3"}}},{"from":[7.4,15.7,6.45],"to":[8.6,16.2,6.95],"rotation":{"angle":-45,"axis":"x","origin":[8,15.95,6.7]},"faces":{"north":{"uv":[12.66667,3.33333,13.5,3.66667],"texture":"#3"},"east":{"uv":[6.66667,13.33333,7,13.66667],"texture":"#3"},"south":{"uv":[4,12.66667,4.83333,13],"texture":"#3"},"west":{"uv":[7.33333,13.33333,7.66667,13.66667],"texture":"#3"},"up":{"uv":[13.5,4.33333,12.66667,4],"texture":"#3"},"down":{"uv":[13.5,4.66667,12.66667,5],"texture":"#3"}}},{"from":[7.4,18,5.45],"to":[8.6,18.5,5.95],"rotation":{"angle":-45,"axis":"x","origin":[8,18.25,5.7]},"faces":{"north":{"uv":[5.33333,12.66667,6.16667,13],"texture":"#3"},"east":{"uv":[8,13.33333,8.33333,13.66667],"texture":"#3"},"south":{"uv":[12.66667,5.33333,13.5,5.66667],"texture":"#3"},"west":{"uv":[8.66667,13.33333,9,13.66667],"texture":"#3"},"up":{"uv":[13.5,6.33333,12.66667,6],"texture":"#3"},"down":{"uv":[7.5,12.66667,6.66667,13],"texture":"#3"}}},{"from":[7.5,5.95,7.5],"to":[8.5,6.95,8.5],"rotation":{"angle":0,"axis":"y","origin":[6.95,3.9,6.95]},"faces":{"north":{"uv":[4,12,4.66667,12.66667],"texture":"#3"},"east":{"uv":[12,4,12.66667,4.66667],"texture":"#3"},"south":{"uv":[4.66667,12,5.33333,12.66667],"texture":"#3"},"west":{"uv":[12,4.66667,12.66667,5.33333],"texture":"#3"},"up":{"uv":[6,12.66667,5.33333,12],"texture":"#3"},"down":{"uv":[12.66667,5.33333,12,6],"texture":"#3"}}},{"from":[7.5,14.95,7.5],"to":[8.5,15.95,8.5],"rotation":{"angle":0,"axis":"y","origin":[6.95,12.9,6.95]},"faces":{"north":{"uv":[6,12,6.66667,12.66667],"texture":"#3"},"east":{"uv":[12,6,12.66667,6.66667],"texture":"#3"},"south":{"uv":[6.66667,12,7.33333,12.66667],"texture":"#3"},"west":{"uv":[12,6.66667,12.66667,7.33333],"texture":"#3"},"up":{"uv":[8,12.66667,7.33333,12],"texture":"#3"},"down":{"uv":[12.66667,7.33333,12,8],"texture":"#3"}}},{"from":[7.4,6.95,7.4],"to":[8.6,14.95,8.6],"rotation":{"angle":0,"axis":"y","origin":[6.95,4.9,6.95]},"faces":{"north":{"uv":[3.33333,0,4.16667,5.33333],"texture":"#3"},"east":{"uv":[4.66667,0,5.5,5.33333],"texture":"#3"},"south":{"uv":[0,5.33333,0.83333,10.66667],"texture":"#3"},"west":{"uv":[1.33333,5.33333,2.16667,10.66667],"texture":"#3"},"up":{"uv":[6.83333,10.83333,6,10],"texture":"#3"},"down":{"uv":[8.16667,10,7.33333,10.83333],"texture":"#3"}}},{"from":[7.5,16,8.7],"to":[8.5,17,9.7],"rotation":{"angle":0,"axis":"y","origin":[7.5,15,9.7]},"faces":{"north":{"uv":[8,12,8.66667,12.66667],"texture":"#3"},"east":{"uv":[12,8,12.66667,8.66667],"texture":"#3"},"south":{"uv":[8.66667,12,9.33333,12.66667],"texture":"#3"},"west":{"uv":[12,8.66667,12.66667,9.33333],"texture":"#3"},"up":{"uv":[10,12.66667,9.33333,12],"texture":"#3"},"down":{"uv":[12.66667,9.33333,12,10],"texture":"#3"}}},{"from":[7.495,16.61732,8.62388],"to":[8.505,17.61732,9.62388],"rotation":{"angle":22.5,"axis":"x","origin":[7.52,16.61732,9.62388]},"faces":{"north":{"uv":[10,12,10.66667,12.66667],"texture":"#3"},"east":{"uv":[12,10,12.66667,10.66667],"texture":"#3"},"south":{"uv":[10.66667,12,11.33333,12.66667],"texture":"#3"},"west":{"uv":[12,10.66667,12.66667,11.33333],"texture":"#3"},"up":{"uv":[12,12.66667,11.33333,12],"texture":"#3"},"down":{"uv":[12.66667,11.33333,12,12],"texture":"#3"}}},{"from":[7.5,17.21677,8.78979],"to":[8.5,18.21677,9.78979],"rotation":{"angle":45,"axis":"x","origin":[7.5,17.21677,9.78979]},"faces":{"north":{"uv":[12,12,12.66667,12.66667],"texture":"#3"},"east":{"uv":[0,12.66667,0.66667,13.33333],"texture":"#3"},"south":{"uv":[12.66667,0,13.33333,0.66667],"texture":"#3"},"west":{"uv":[0.66667,12.66667,1.33333,13.33333],"texture":"#3"},"up":{"uv":[13.33333,1.33333,12.66667,0.66667],"texture":"#3"},"down":{"uv":[2,12.66667,1.33333,13.33333],"texture":"#3"}}},{"from":[7.5,15,8.7],"to":[8.5,16,9.2],"rotation":{"angle":0,"axis":"y","origin":[7.5,14,9.7]},"faces":{"north":{"uv":[12.66667,1.33333,13.33333,2],"texture":"#3"},"east":{"uv":[13.33333,0,13.66667,0.66667],"texture":"#3"},"south":{"uv":[2,12.66667,2.66667,13.33333],"texture":"#3"},"west":{"uv":[0.66667,13.33333,1,14],"texture":"#3"},"up":{"uv":[14,1,13.33333,0.66667],"texture":"#3"},"down":{"uv":[2,13.33333,1.33333,13.66667],"texture":"#3"}}},{"from":[7.5,18.30776,10.07012],"to":[8.5,19.30776,10.57012],"rotation":{"angle":45,"axis":"x","origin":[8,18.80776,10.32012]},"faces":{"north":{"uv":[12.66667,2,13.33333,2.66667],"texture":"#3"},"east":{"uv":[13.33333,1.33333,13.66667,2],"texture":"#3"},"south":{"uv":[2.66667,12.66667,3.33333,13.33333],"texture":"#3"},"west":{"uv":[2,13.33333,2.33333,14],"texture":"#3"},"up":{"uv":[14,2.33333,13.33333,2],"texture":"#3"},"down":{"uv":[3.33333,13.33333,2.66667,13.66667],"texture":"#3"}}},{"from":[7.4,15.7,9.05],"to":[8.6,16.2,9.55],"rotation":{"angle":45,"axis":"x","origin":[8,15.95,9.3]},"faces":{"north":{"uv":[12.66667,6.66667,13.5,7],"texture":"#3"},"east":{"uv":[9.33333,13.33333,9.66667,13.66667],"texture":"#3"},"south":{"uv":[12.66667,7.33333,13.5,7.66667],"texture":"#3"},"west":{"uv":[10,13.33333,10.33333,13.66667],"texture":"#3"},"up":{"uv":[8.83333,13,8,12.66667],"texture":"#3"},"down":{"uv":[13.5,8,12.66667,8.33333],"texture":"#3"}}},{"from":[7.4,18,10.05],"to":[8.6,18.5,10.55],"rotation":{"angle":45,"axis":"x","origin":[8,18.25,10.3]},"faces":{"north":{"uv":[12.66667,8.66667,13.5,9],"texture":"#3"},"east":{"uv":[10.66667,13.33333,11,13.66667],"texture":"#3"},"south":{"uv":[9.33333,12.66667,10.16667,13],"texture":"#3"},"west":{"uv":[13.33333,10.66667,13.66667,11],"texture":"#3"},"up":{"uv":[13.5,9.66667,12.66667,9.33333],"texture":"#3"},"down":{"uv":[13.5,10,12.66667,10.33333],"texture":"#3"}}},{"from":[7.4,-4.25,7.4],"to":[8.6,0.75,8.6],"rotation":{"angle":0,"axis":"y","origin":[6.95,4.9,-2.05]},"faces":{"north":{"uv":[2.66667,5.33333,3.5,8.66667],"texture":"#3"},"east":{"uv":[4,5.33333,4.83333,8.66667],"texture":"#3"},"south":{"uv":[5.33333,5.33333,6.16667,8.66667],"texture":"#3"},"west":{"uv":[6,0,6.83333,3.33333],"texture":"#3"},"up":{"uv":[9.5,10.83333,8.66667,10],"texture":"#3"},"down":{"uv":[10.83333,10,10,10.83333],"texture":"#3"}}},{"from":[7.75,17.7,7.5],"to":[8.25,22.7,8.5],"rotation":{"angle":0,"axis":"y","origin":[0.25,2,3]},"faces":{"north":{"uv":[8.66667,2.66667,9,6],"texture":"#3"},"east":{"uv":[6.66667,3.33333,7.33333,6.66667],"texture":"#3"},"south":{"uv":[4,8.66667,4.33333,12],"texture":"#3"},"west":{"uv":[6.66667,6.66667,7.33333,10],"texture":"#3"},"up":{"uv":[13.66667,3.33333,13.33333,2.66667],"texture":"#3"},"down":{"uv":[3.66667,13.33333,3.33333,14],"texture":"#3"}}},{"from":[8,17.7,5.9],"to":[8,25.7,10.1],"rotation":{"angle":0,"axis":"y","origin":[0.5,2,1.6]},"faces":{"north":{"uv":[0,0,0,5.33333],"texture":"#3"},"east":{"uv":[0,0,2.83333,5.33333],"texture":"#3"},"south":{"uv":[0,0,0,5.33333],"texture":"#3"},"west":{"uv":[0,0,2.83333,5.33333],"texture":"#3"},"up":{"uv":[0,2.83333,0,0],"texture":"#3"},"down":{"uv":[0,0,0,2.83333],"texture":"#3"}}},{"from":[7.7375,22.5,7],"to":[8.2625,23.5,8],"rotation":{"angle":-45,"axis":"x","origin":[8.0125,23.5,8]},"faces":{"north":{"uv":[4,13.33333,4.33333,14],"texture":"#3"},"east":{"uv":[12.66667,2.66667,13.33333,3.33333],"texture":"#3"},"south":{"uv":[4.66667,13.33333,5,14],"texture":"#3"},"west":{"uv":[3.33333,12.66667,4,13.33333],"texture":"#3"},"up":{"uv":[5.66667,14,5.33333,13.33333],"texture":"#3"},"down":{"uv":[6.33333,13.33333,6,14],"texture":"#3"}}},{"from":[7.1,14.2,5.5],"to":[7.1,19.2,10.5],"rotation":{"angle":0,"axis":"y","origin":[8,5.5,5.5]},"faces":{"north":{"uv":[0,0,0,3.33333],"texture":"#1"},"south":{"uv":[0,0,0,3.33333],"texture":"#1"},"west":{"uv":[0,0,16,16],"texture":"#1"},"up":{"uv":[0,0,0,3.33333],"texture":"#1"},"down":{"uv":[0,0,0,3.33333],"texture":"#1"}}},{"from":[8.9,14.2,5.5],"to":[8.9,19.2,10.5],"rotation":{"angle":0,"axis":"y","origin":[8,5.5,5.5]},"faces":{"north":{"uv":[0,0,0,3.33333],"texture":"#1"},"east":{"uv":[16,0,0,16],"texture":"#1"},"south":{"uv":[0,0,0,3.33333],"texture":"#1"},"up":{"uv":[0,0,0,3.33333],"texture":"#1"},"down":{"uv":[0,0,0,3.33333],"texture":"#1"}}}],"gui_light":"front","display":{"thirdperson_righthand":{"translation":[0,2.75,1.5]},"thirdperson_lefthand":{"translation":[0,2.75,1.5]},"firstperson_righthand":{"rotation":[-10,0,7],"translation":[1.5,-1.5,2.75]},"firstperson_lefthand":{"rotation":[-10,0,7],"translation":[1.5,-1.5,2.75]},"ground":{"rotation":[2.15,-1.8,-78.97],"translation":[-1,1.5,0],"scale":[1.07227,1.07227,1.07227]},"gui":{"rotation":[90,-135,90],"translation":[-0.5,-0.75,0],"scale":[0.66016,0.66016,0.66016]},"head":{"scale":[0,0,0]},"fixed":{"rotation":[0,-90,0],"translation":[0,1,-1.75],"scale":[2.25,2.25,2.25]}}}