{"credit":"Made with Blockbench","texture_size":[24,24],"textures":{"0":"frighten_set:frighten_set/sword","1":"frighten_set:frighten_set/animation_2","particle":"frighten_set:frighten_set/sword"},"elements":[{"from":[7.39,-0.11,7.39],"to":[8.61,1.11,8.61],"rotation":{"angle":45,"axis":"x","origin":[8,0.5,8]},"faces":{"north":{"uv":[10.66667,6.66667,11.5,7.5],"texture":"#0"},"east":{"uv":[8,10.66667,8.83333,11.5],"texture":"#0"},"south":{"uv":[10.66667,8,11.5,8.83333],"texture":"#0"},"west":{"uv":[10.66667,9.33333,11.5,10.16667],"texture":"#0"},"up":{"uv":[11.5,11.5,10.66667,10.66667],"texture":"#0"},"down":{"uv":[12.16667,0,11.33333,0.83333],"texture":"#0"}}},{"from":[7.5,0,6.4],"to":[8.5,1,7.9],"rotation":{"angle":22.5,"axis":"x","origin":[8,0.5,7.15]},"faces":{"north":{"uv":[10,5.33333,10.66667,6],"texture":"#0"},"east":{"uv":[11.33333,1.33333,12.33333,2],"texture":"#0"},"south":{"uv":[12,2.66667,12.66667,3.33333],"texture":"#0"},"west":{"uv":[11.33333,2,12.33333,2.66667],"texture":"#0"},"up":{"uv":[6.66667,11,6,10],"texture":"#0"},"down":{"uv":[12,2.66667,11.33333,3.66667],"texture":"#0"}}},{"from":[7.5,0,8.1],"to":[8.5,1,9.6],"rotation":{"angle":-22.5,"axis":"x","origin":[8,0.5,8.85]},"faces":{"north":{"uv":[12.66667,2.66667,12,3.33333],"texture":"#0"},"east":{"uv":[12.33333,1.33333,11.33333,2],"texture":"#0"},"south":{"uv":[10.66667,5.33333,10,6],"texture":"#0"},"west":{"uv":[12.33333,2,11.33333,2.66667],"texture":"#0"},"up":{"uv":[6.66667,10,6,11],"texture":"#0"},"down":{"uv":[12,3.66667,11.33333,2.66667],"texture":"#0"}}},{"from":[7.45,0.75,7.45],"to":[8.55,1.85,8.55],"rotation":{"angle":0,"axis":"y","origin":[7.45,0.75,7.45]},"faces":{"north":{"uv":[12,3.33333,12.66667,4],"texture":"#0"},"east":{"uv":[4,12,4.66667,12.66667],"texture":"#0"},"south":{"uv":[12,4,12.66667,4.66667],"texture":"#0"},"west":{"uv":[4.66667,12,5.33333,12.66667],"texture":"#0"},"up":{"uv":[12.66667,5.33333,12,4.66667],"texture":"#0"},"down":{"uv":[12.66667,5.33333,12,6],"texture":"#0"}}},{"from":[7.45,4.85,7.45],"to":[8.55,5.95,8.55],"rotation":{"angle":0,"axis":"y","origin":[7.45,4.85,7.45]},"faces":{"north":{"uv":[12,3.33333,12.66667,4],"texture":"#0"},"east":{"uv":[4,12,4.66667,12.66667],"texture":"#0"},"south":{"uv":[12,4,12.66667,4.66667],"texture":"#0"},"west":{"uv":[4.66667,12,5.33333,12.66667],"texture":"#0"},"up":{"uv":[12.66667,5.33333,12,4.66667],"texture":"#0"},"down":{"uv":[12.66667,5.33333,12,6],"texture":"#0"}}},{"from":[7.5,1.85,7.5],"to":[8.5,4.85,8.5],"rotation":{"angle":0,"axis":"y","origin":[6.95,-4.3,6.95]},"faces":{"north":{"uv":[6,8,6.66667,10],"texture":"#0"},"east":{"uv":[8.66667,4,9.33333,6],"texture":"#0"},"south":{"uv":[8.66667,6,9.33333,8],"texture":"#0"},"west":{"uv":[9.33333,4,10,6],"texture":"#0"},"up":{"uv":[12.66667,6.66667,12,6],"texture":"#0"},"down":{"uv":[12.66667,6.66667,12,7.33333],"texture":"#0"}}},{"from":[7.4,5.7,7],"to":[8.6,7.7,9],"rotation":{"angle":-45,"axis":"x","origin":[8,6.7,8]},"faces":{"north":{"uv":[9.33333,6,10.16667,7.33333],"texture":"#0"},"east":{"uv":[8,8,9.33333,9.33333],"texture":"#0"},"south":{"uv":[9.33333,7.33333,10.16667,8.66667],"texture":"#0"},"west":{"uv":[8.66667,0,10,1.33333],"texture":"#0"},"up":{"uv":[8.83333,10.66667,8,9.33333],"texture":"#0"},"down":{"uv":[10.16667,8.66667,9.33333,10],"texture":"#0"}}},{"from":[7.2,5.9,7.2],"to":[8.8,7.5,8.8],"rotation":{"angle":-45,"axis":"x","origin":[8,6.7,8]},"faces":{"north":{"uv":[10,0,11,1],"texture":"#0"},"east":{"uv":[10,1.33333,11,2.33333],"texture":"#0"},"south":{"uv":[10,2.66667,11,3.66667],"texture":"#0"},"west":{"uv":[10,4,11,5],"texture":"#0"},"up":{"uv":[10.33333,11,9.33333,10],"texture":"#0"},"down":{"uv":[11.66667,5.33333,10.66667,6.33333],"texture":"#0"}}},{"from":[7.58,6.76,7.16],"to":[8.42,8.44,8.84],"rotation":{"angle":-45,"axis":"x","origin":[8,7.6,8]},"faces":{"north":{"uv":[11.33333,4,11.83333,5.16667],"texture":"#0"},"east":{"uv":[8.66667,1.33333,9.83333,2.5],"texture":"#0"},"south":{"uv":[6,11.33333,6.5,12.5],"texture":"#0"},"west":{"uv":[8.66667,2.66667,9.83333,3.83333],"texture":"#0"},"up":{"uv":[9.83333,12.5,9.33333,11.33333],"texture":"#0"},"down":{"uv":[10.5,11.33333,10,12.5],"texture":"#0"}}},{"from":[7.5,6,6.3],"to":[8.5,7,7.3],"rotation":{"angle":0,"axis":"y","origin":[7.5,5,6.3]},"faces":{"north":{"uv":[12,10,12.66667,10.66667],"texture":"#0"},"east":{"uv":[10.66667,12,11.33333,12.66667],"texture":"#0"},"south":{"uv":[12,10.66667,12.66667,11.33333],"texture":"#0"},"west":{"uv":[11.33333,12,12,12.66667],"texture":"#0"},"up":{"uv":[12.66667,12,12,11.33333],"texture":"#0"},"down":{"uv":[12.66667,12,12,12.66667],"texture":"#0"}}},{"from":[7.5,5,6.8],"to":[8.5,6,7.3],"rotation":{"angle":0,"axis":"y","origin":[7.5,4,6.3]},"faces":{"north":{"uv":[12.66667,6,13.33333,6.66667],"texture":"#0"},"east":{"uv":[13.33333,2,13.66667,2.66667],"texture":"#0"},"south":{"uv":[12.66667,6.66667,13.33333,7.33333],"texture":"#0"},"west":{"uv":[13.33333,2.66667,13.66667,3.33333],"texture":"#0"},"up":{"uv":[14,3.66667,13.33333,3.33333],"texture":"#0"},"down":{"uv":[4.66667,13.33333,4,13.66667],"texture":"#0"}}},{"from":[7.5,8.30776,5.42988],"to":[8.5,9.30776,5.92988],"rotation":{"angle":-45,"axis":"x","origin":[8,8.80776,5.67988]},"faces":{"north":{"uv":[12.66667,7.33333,13.33333,8],"texture":"#0"},"east":{"uv":[13.33333,4,13.66667,4.66667],"texture":"#0"},"south":{"uv":[8,12.66667,8.66667,13.33333],"texture":"#0"},"west":{"uv":[4.66667,13.33333,5,14],"texture":"#0"},"up":{"uv":[14,5,13.33333,4.66667],"texture":"#0"},"down":{"uv":[14,5.33333,13.33333,5.66667],"texture":"#0"}}},{"from":[7.495,6.61732,6.37612],"to":[8.505,7.61732,7.37612],"rotation":{"angle":-22.5,"axis":"x","origin":[7.52,6.61732,6.37612]},"faces":{"north":{"uv":[12.66667,0,13.33333,0.66667],"texture":"#0"},"east":{"uv":[12.66667,0.66667,13.33333,1.33333],"texture":"#0"},"south":{"uv":[12.66667,1.33333,13.33333,2],"texture":"#0"},"west":{"uv":[12.66667,2,13.33333,2.66667],"texture":"#0"},"up":{"uv":[13.33333,3.33333,12.66667,2.66667],"texture":"#0"},"down":{"uv":[13.33333,3.33333,12.66667,4],"texture":"#0"}}},{"from":[7.5,7.21677,6.21021],"to":[8.5,8.21677,7.21021],"rotation":{"angle":-45,"axis":"x","origin":[7.5,7.21677,6.21021]},"faces":{"north":{"uv":[4,12.66667,4.66667,13.33333],"texture":"#0"},"east":{"uv":[12.66667,4,13.33333,4.66667],"texture":"#0"},"south":{"uv":[4.66667,12.66667,5.33333,13.33333],"texture":"#0"},"west":{"uv":[12.66667,4.66667,13.33333,5.33333],"texture":"#0"},"up":{"uv":[13.33333,6,12.66667,5.33333],"texture":"#0"},"down":{"uv":[6.66667,12.66667,6,13.33333],"texture":"#0"}}},{"from":[7.4,5.7,6.45],"to":[8.6,6.2,6.95],"rotation":{"angle":-45,"axis":"x","origin":[8,5.95,6.7]},"faces":{"north":{"uv":[12.66667,10.66667,13.5,11],"texture":"#0"},"east":{"uv":[2,14,2.33333,14.33333],"texture":"#0"},"south":{"uv":[11.33333,12.66667,12.16667,13],"texture":"#0"},"west":{"uv":[14,2,14.33333,2.33333],"texture":"#0"},"up":{"uv":[13.5,11.66667,12.66667,11.33333],"texture":"#0"},"down":{"uv":[13.5,12,12.66667,12.33333],"texture":"#0"}}},{"from":[7.4,8,5.45],"to":[8.6,8.5,5.95],"rotation":{"angle":-45,"axis":"x","origin":[8,8.25,5.7]},"faces":{"north":{"uv":[12.66667,10.66667,13.5,11],"texture":"#0"},"east":{"uv":[2,14,2.33333,14.33333],"texture":"#0"},"south":{"uv":[11.33333,12.66667,12.16667,13],"texture":"#0"},"west":{"uv":[14,2,14.33333,2.33333],"texture":"#0"},"up":{"uv":[13.5,11.66667,12.66667,11.33333],"texture":"#0"},"down":{"uv":[13.5,12,12.66667,12.33333],"texture":"#0"}}},{"from":[7.75,7.7,6.8],"to":[8.25,25,7.8],"rotation":{"angle":0,"axis":"y","origin":[7.75,15,7.3]},"faces":{"north":{"uv":[6.66667,3.33333,7,14.83333],"texture":"#0"},"east":{"uv":[4,0,4.66667,11.5],"texture":"#0"},"south":{"uv":[7.33333,3.33333,7.66667,14.83333],"texture":"#0"},"west":{"uv":[4.66667,0,5.33333,11.5],"texture":"#0"},"up":{"uv":[6.33333,14,6,13.33333],"texture":"#0"},"down":{"uv":[13.66667,6,13.33333,6.66667],"texture":"#0"}}},{"from":[7.7625,24.69448,7.33596],"to":[8.2375,25.69448,8.33596],"rotation":{"angle":22.5,"axis":"x","origin":[7.9875,26.19448,7.83596]},"faces":{"north":{"uv":[13.33333,6.66667,13.66667,7.33333],"texture":"#0"},"east":{"uv":[12.66667,8,13.33333,8.66667],"texture":"#0"},"south":{"uv":[13.33333,7.33333,13.66667,8],"texture":"#0"},"west":{"uv":[8.66667,12.66667,9.33333,13.33333],"texture":"#0"},"up":{"uv":[8.33333,14,8,13.33333],"texture":"#0"},"down":{"uv":[13.66667,8,13.33333,8.66667],"texture":"#0"}}},{"from":[7.7625,18.7706,8.35328],"to":[8.2375,19.7706,9.35328],"rotation":{"angle":22.5,"axis":"x","origin":[7.9875,19.2706,8.85328]},"faces":{"north":{"uv":[13.33333,13.33333,13.66667,14],"texture":"#0"},"east":{"uv":[12.66667,10,13.33333,10.66667],"texture":"#0"},"south":{"uv":[0,14,0.33333,14.66667],"texture":"#0"},"west":{"uv":[10.66667,12.66667,11.33333,13.33333],"texture":"#0"},"up":{"uv":[1,14.66667,0.66667,14],"texture":"#0"},"down":{"uv":[1.66667,14,1.33333,14.66667],"texture":"#0"}}},{"from":[7.775,25.13099,8.0969],"to":[8.225,26.13099,9.0969],"rotation":{"angle":45,"axis":"x","origin":[7.975,26.63099,8.5969]},"faces":{"north":{"uv":[8.66667,13.33333,9,14],"texture":"#0"},"east":{"uv":[12.66667,8.66667,13.33333,9.33333],"texture":"#0"},"south":{"uv":[13.33333,8.66667,13.66667,9.33333],"texture":"#0"},"west":{"uv":[9.33333,12.66667,10,13.33333],"texture":"#0"},"up":{"uv":[9.66667,14,9.33333,13.33333],"texture":"#0"},"down":{"uv":[13.66667,9.33333,13.33333,10],"texture":"#0"}}},{"from":[7.785,26.24307,7.96695],"to":[8.215,27.24307,8.96695],"rotation":{"angle":-22.5,"axis":"x","origin":[7.985,26.74307,9.46695]},"faces":{"north":{"uv":[10,13.33333,10.33333,14],"texture":"#0"},"east":{"uv":[12.66667,9.33333,13.33333,10],"texture":"#0"},"south":{"uv":[13.33333,10,13.66667,10.66667],"texture":"#0"},"west":{"uv":[10,12.66667,10.66667,13.33333],"texture":"#0"},"up":{"uv":[11,14,10.66667,13.33333],"texture":"#0"},"down":{"uv":[11.66667,13.33333,11.33333,14],"texture":"#0"}}},{"from":[7.75,7.7,8.2],"to":[8.25,19,9.2],"rotation":{"angle":0,"axis":"y","origin":[7.75,15,8.7]},"faces":{"north":{"uv":[8,0,8.33333,7.5],"texture":"#0"},"east":{"uv":[5.33333,0,6,7.5],"texture":"#0"},"south":{"uv":[5.33333,8,5.66667,15.5],"texture":"#0"},"west":{"uv":[6,0,6.66667,7.5],"texture":"#0"},"up":{"uv":[12.33333,14,12,13.33333],"texture":"#0"},"down":{"uv":[13,13.33333,12.66667,14],"texture":"#0"}}},{"from":[8,3.725,5.6],"to":[8,8.725,7.6],"rotation":{"angle":-22.5,"axis":"x","origin":[8,3.725,4.6]},"faces":{"north":{"uv":[0,0,0,3.33333],"texture":"#0"},"east":{"uv":[8,0,6.66667,3.33333],"texture":"#0"},"south":{"uv":[0,0,0,3.33333],"texture":"#0"},"west":{"uv":[6.66667,0,8,3.33333],"texture":"#0"},"up":{"uv":[0,1.33333,0,0],"texture":"#0"},"down":{"uv":[0,0,0,1.33333],"texture":"#0"}}},{"from":[8,3.725,8.4],"to":[8,8.725,10.4],"rotation":{"angle":22.5,"axis":"x","origin":[8,3.725,11.4]},"faces":{"north":{"uv":[0,0,0,3.33333],"texture":"#0"},"east":{"uv":[6.66667,0,8,3.33333],"texture":"#0"},"south":{"uv":[0,0,0,3.33333],"texture":"#0"},"west":{"uv":[8,0,6.66667,3.33333],"texture":"#0"},"up":{"uv":[0,0,0,1.33333],"texture":"#0"},"down":{"uv":[0,1.33333,0,0],"texture":"#0"}}},{"from":[7.5,8.30776,10.07012],"to":[8.5,9.30776,10.57012],"rotation":{"angle":45,"axis":"x","origin":[8,8.80776,10.32012]},"faces":{"north":{"uv":[8.66667,12.66667,8,13.33333],"texture":"#0"},"east":{"uv":[13.66667,4,13.33333,4.66667],"texture":"#0"},"south":{"uv":[13.33333,7.33333,12.66667,8],"texture":"#0"},"west":{"uv":[5,13.33333,4.66667,14],"texture":"#0"},"up":{"uv":[14,4.66667,13.33333,5],"texture":"#0"},"down":{"uv":[14,5.66667,13.33333,5.33333],"texture":"#0"}}},{"from":[7.4,8,10.05],"to":[8.6,8.5,10.55],"rotation":{"angle":45,"axis":"x","origin":[8,8.25,10.3]},"faces":{"north":{"uv":[12.16667,12.66667,11.33333,13],"texture":"#0"},"east":{"uv":[2.33333,14,2,14.33333],"texture":"#0"},"south":{"uv":[13.5,10.66667,12.66667,11],"texture":"#0"},"west":{"uv":[14.33333,2,14,2.33333],"texture":"#0"},"up":{"uv":[13.5,11.33333,12.66667,11.66667],"texture":"#0"},"down":{"uv":[13.5,12.33333,12.66667,12],"texture":"#0"}}},{"from":[7.5,7.21677,8.78979],"to":[8.5,8.21677,9.78979],"rotation":{"angle":45,"axis":"x","origin":[7.5,7.21677,9.78979]},"faces":{"north":{"uv":[5.33333,12.66667,4.66667,13.33333],"texture":"#0"},"east":{"uv":[13.33333,4,12.66667,4.66667],"texture":"#0"},"south":{"uv":[4.66667,12.66667,4,13.33333],"texture":"#0"},"west":{"uv":[13.33333,4.66667,12.66667,5.33333],"texture":"#0"},"up":{"uv":[13.33333,5.33333,12.66667,6],"texture":"#0"},"down":{"uv":[6.66667,13.33333,6,12.66667],"texture":"#0"}}},{"from":[7.495,6.61732,8.62388],"to":[8.505,7.61732,9.62388],"rotation":{"angle":22.5,"axis":"x","origin":[7.52,6.61732,9.62388]},"faces":{"north":{"uv":[13.33333,1.33333,12.66667,2],"texture":"#0"},"east":{"uv":[13.33333,0.66667,12.66667,1.33333],"texture":"#0"},"south":{"uv":[13.33333,0,12.66667,0.66667],"texture":"#0"},"west":{"uv":[13.33333,2,12.66667,2.66667],"texture":"#0"},"up":{"uv":[13.33333,2.66667,12.66667,3.33333],"texture":"#0"},"down":{"uv":[13.33333,4,12.66667,3.33333],"texture":"#0"}}},{"from":[7.5,6,8.7],"to":[8.5,7,9.7],"rotation":{"angle":0,"axis":"y","origin":[7.5,5,9.7]},"faces":{"north":{"uv":[12.66667,10.66667,12,11.33333],"texture":"#0"},"east":{"uv":[11.33333,12,10.66667,12.66667],"texture":"#0"},"south":{"uv":[12.66667,10,12,10.66667],"texture":"#0"},"west":{"uv":[12,12,11.33333,12.66667],"texture":"#0"},"up":{"uv":[12.66667,11.33333,12,12],"texture":"#0"},"down":{"uv":[12.66667,12.66667,12,12],"texture":"#0"}}},{"from":[7.4,5.7,9.05],"to":[8.6,6.2,9.55],"rotation":{"angle":45,"axis":"x","origin":[8,5.95,9.3]},"faces":{"north":{"uv":[12.16667,12.66667,11.33333,13],"texture":"#0"},"east":{"uv":[2.33333,14,2,14.33333],"texture":"#0"},"south":{"uv":[13.5,10.66667,12.66667,11],"texture":"#0"},"west":{"uv":[14.33333,2,14,2.33333],"texture":"#0"},"up":{"uv":[13.5,11.33333,12.66667,11.66667],"texture":"#0"},"down":{"uv":[13.5,12.33333,12.66667,12],"texture":"#0"}}},{"from":[7.5,5,8.7],"to":[8.5,6,9.2],"rotation":{"angle":0,"axis":"y","origin":[7.5,4,9.7]},"faces":{"north":{"uv":[13.33333,6.66667,12.66667,7.33333],"texture":"#0"},"east":{"uv":[13.66667,2,13.33333,2.66667],"texture":"#0"},"south":{"uv":[13.33333,6,12.66667,6.66667],"texture":"#0"},"west":{"uv":[13.66667,2.66667,13.33333,3.33333],"texture":"#0"},"up":{"uv":[14,3.33333,13.33333,3.66667],"texture":"#0"},"down":{"uv":[4.66667,13.66667,4,13.33333],"texture":"#0"}}},{"from":[8,8,4.8],"to":[8,29,10.3],"rotation":{"angle":0,"axis":"y","origin":[8,8,5]},"faces":{"north":{"uv":[0,0,0,14],"texture":"#0"},"east":{"uv":[3.66667,0,0,14],"texture":"#0"},"south":{"uv":[0,0,0,14],"texture":"#0"},"west":{"uv":[0,0,3.66667,14],"texture":"#0"},"up":{"uv":[0,3.66667,0,0],"texture":"#0"},"down":{"uv":[0,0,0,3.66667],"texture":"#0"}}},{"from":[7.475,6.7,5.2],"to":[7.475,29.7,10.2],"rotation":{"angle":0,"axis":"x","origin":[7.475,13,7.5]},"faces":{"north":{"uv":[0,8,0,0],"rotation":180,"texture":"#1"},"east":{"uv":[0,0,0.66667,0.66667],"texture":"#1"},"south":{"uv":[0,8,0,0],"rotation":180,"texture":"#1"},"west":{"uv":[0,0,6.5,16],"texture":"#1"},"up":{"uv":[0,3.33333,0,0],"texture":"#1"},"down":{"uv":[0,0,0,3.33333],"texture":"#1"}}},{"from":[8.525,6.7,5.2],"to":[8.525,29.7,10.2],"rotation":{"angle":0,"axis":"x","origin":[8.525,13,7.5]},"faces":{"north":{"uv":[0,8,0,0],"rotation":180,"texture":"#1"},"east":{"uv":[6.5,0,0,16],"texture":"#1"},"south":{"uv":[0,8,0,0],"rotation":180,"texture":"#1"},"west":{"uv":[0,0,0.66667,0.66667],"texture":"#1"},"up":{"uv":[0,3.33333,0,0],"texture":"#1"},"down":{"uv":[0,0,0,3.33333],"texture":"#1"}}}],"gui_light":"front","display":{"thirdperson_righthand":{"translation":[0,3,1.5]},"thirdperson_lefthand":{"translation":[0,3,1.5]},"firstperson_righthand":{"rotation":[-10,0,0],"translation":[-0.25,3.5,2.75],"scale":[0.60156,0.60156,0.60156]},"firstperson_lefthand":{"rotation":[-10,0,0],"translation":[-0.25,3.5,2.75],"scale":[0.60156,0.60156,0.60156]},"ground":{"rotation":[2.15,-1.8,-78.97],"translation":[-6.5,1,0],"scale":[1.07227,1.07227,1.07227]},"gui":{"rotation":[90,-135,90],"translation":[-2.75,-3.25,0],"scale":[0.66406,0.66406,0.66406]},"head":{"scale":[0,0,0]},"fixed":{"rotation":[0,-90,0],"translation":[0,-14.5,-1.75],"scale":[2,2,2]}}}