{"parent":"item/generated","textures":{"layer0":"item/bow"},"display":{"thirdperson_righthand":{"rotation":[-80,260,-40],"translation":[-1,-2,2.5],"scale":[0.9,0.9,0.9]},"thirdperson_lefthand":{"rotation":[-80,-280,40],"translation":[-1,-2,2.5],"scale":[0.9,0.9,0.9]},"firstperson_righthand":{"rotation":[0,-90,25],"translation":[1.13,3.2,1.13],"scale":[0.68,0.68,0.68]},"firstperson_lefthand":{"rotation":[0,90,-25],"translation":[1.13,3.2,1.13],"scale":[0.68,0.68,0.68]}},"overrides":[{"predicate":{"pulling":1},"model":"item/bow_pulling_0"},{"predicate":{"pulling":1,"pull":0.65},"model":"item/bow_pulling_1"},{"predicate":{"pulling":1,"pull":0.9},"model":"item/bow_pulling_2"},{"predicate":{"pulling":1},"model":"item/bow_pulling_0"},{"predicate":{"pulling":1,"pull":0.65},"model":"item/bow_pulling_1"},{"predicate":{"pulling":1,"pull":0.9},"model":"item/bow_pulling_2"},{"predicate":{"custom_model_data":10000},"model":"elitecreatures:azgad_weapon/bow"},{"predicate":{"pulling":1,"custom_model_data":10000},"model":"elitecreatures:azgad_weapon/bow_0"},{"predicate":{"pulling":1,"pull":0.65,"custom_model_data":10000},"model":"elitecreatures:azgad_weapon/bow_1"},{"predicate":{"pulling":1,"pull":0.9,"custom_model_data":10000},"model":"elitecreatures:azgad_weapon/bow_2"},{"predicate":{"custom_model_data":10001},"model":"elitecreatures:bahamut_animated_weapon_set/bow"},{"predicate":{"pulling":1,"custom_model_data":10001},"model":"elitecreatures:bahamut_animated_weapon_set/bow_0"},{"predicate":{"pulling":1,"pull":0.65,"custom_model_data":10001},"model":"elitecreatures:bahamut_animated_weapon_set/bow_1"},{"predicate":{"pulling":1,"pull":0.9,"custom_model_data":10001},"model":"elitecreatures:bahamut_animated_weapon_set/bow_2"},{"predicate":{"custom_model_data":10002},"model":"dragonsoulset:bow"},{"predicate":{"pulling":1,"custom_model_data":10002},"model":"dragonsoulset:bow_0"},{"predicate":{"pulling":1,"pull":0.65,"custom_model_data":10002},"model":"dragonsoulset:bow_1"},{"predicate":{"pulling":1,"pull":0.9,"custom_model_data":10002},"model":"dragonsoulset:bow_2"},{"predicate":{"custom_model_data":10003},"model":"shogunset:bow"},{"predicate":{"pulling":1,"custom_model_data":10003},"model":"shogunset:bow_0"},{"predicate":{"pulling":1,"pull":0.65,"custom_model_data":10003},"model":"shogunset:bow_1"},{"predicate":{"pulling":1,"pull":0.9,"custom_model_data":10003},"model":"shogunset:bow_2"},{"predicate":{"custom_model_data":10004},"model":"littledragonset:bow"},{"predicate":{"pulling":1,"custom_model_data":10004},"model":"littledragonset:bow_0"},{"predicate":{"pulling":1,"pull":0.65,"custom_model_data":10004},"model":"littledragonset:bow_1"},{"predicate":{"pulling":1,"pull":0.9,"custom_model_data":10004},"model":"littledragonset:bow_2"},{"predicate":{"custom_model_data":10005},"model":"infernoset:bow"},{"predicate":{"pulling":1,"custom_model_data":10005},"model":"infernoset:bow_0"},{"predicate":{"pulling":1,"pull":0.65,"custom_model_data":10005},"model":"infernoset:bow_1"},{"predicate":{"pulling":1,"pull":0.9,"custom_model_data":10005},"model":"infernoset:bow_2"},{"predicate":{"custom_model_data":10008},"model":"fiendskullset:bow"},{"predicate":{"pulling":1,"custom_model_data":10008},"model":"fiendskullset:bow_0"},{"predicate":{"pulling":1,"pull":0.65,"custom_model_data":10008},"model":"fiendskullset:bow_1"},{"predicate":{"pulling":1,"pull":0.9,"custom_model_data":10008},"model":"fiendskullset:bow_2"},{"predicate":{"custom_model_data":10009},"model":"frostbite_set:bow"},{"predicate":{"pulling":1,"custom_model_data":10009},"model":"frostbite_set:bow_0"},{"predicate":{"pulling":1,"pull":0.65,"custom_model_data":10009},"model":"frostbite_set:bow_1"},{"predicate":{"pulling":1,"pull":0.9,"custom_model_data":10009},"model":"frostbite_set:bow_2"},{"predicate":{"custom_model_data":10010},"model":"aetherburn_pack:bow"},{"predicate":{"pulling":1,"custom_model_data":10010},"model":"aetherburn_pack:bow_0"},{"predicate":{"pulling":1,"pull":0.65,"custom_model_data":10010},"model":"aetherburn_pack:bow_1"},{"predicate":{"pulling":1,"pull":0.9,"custom_model_data":10010},"model":"aetherburn_pack:bow_2"},{"predicate":{"custom_model_data":10011},"model":"pinkfairyset:bow"},{"predicate":{"pulling":1,"custom_model_data":10011},"model":"pinkfairyset:bow_0"},{"predicate":{"pulling":1,"pull":0.65,"custom_model_data":10011},"model":"pinkfairyset:bow_1"},{"predicate":{"pulling":1,"pull":0.9,"custom_model_data":10011},"model":"pinkfairyset:bow_2"},{"predicate":{"custom_model_data":50001},"model":"item/toolskins/atlantis/bow/bow"},{"predicate":{"custom_model_data":50001,"pulling":1},"model":"item/toolskins/atlantis/bow/bow_pulling_0"},{"predicate":{"custom_model_data":50001,"pulling":1,"pull":0.65},"model":"item/toolskins/atlantis/bow/bow_pulling_1"},{"predicate":{"custom_model_data":50001,"pulling":1,"pull":0.9},"model":"item/toolskins/atlantis/bow/bow_pulling_2"},{"predicate":{"custom_model_data":50002},"model":"item/toolskins/celestial/bow/bow"},{"predicate":{"custom_model_data":50002,"pulling":1},"model":"item/toolskins/celestial/bow/bow_pulling_0"},{"predicate":{"custom_model_data":50002,"pulling":1,"pull":0.65},"model":"item/toolskins/celestial/bow/bow_pulling_1"},{"predicate":{"custom_model_data":50002,"pulling":1,"pull":0.9},"model":"item/toolskins/celestial/bow/bow_pulling_2"},{"predicate":{"custom_model_data":50003},"model":"item/toolskins/crimson/bow/bow"},{"predicate":{"custom_model_data":50003,"pulling":1},"model":"item/toolskins/crimson/bow/bow_pulling_0"},{"predicate":{"custom_model_data":50003,"pulling":1,"pull":0.65},"model":"item/toolskins/crimson/bow/bow_pulling_1"},{"predicate":{"custom_model_data":50003,"pulling":1,"pull":0.9},"model":"item/toolskins/crimson/bow/bow_pulling_2"},{"predicate":{"custom_model_data":50004},"model":"item/toolskins/devil/bow/bow"},{"predicate":{"custom_model_data":50004,"pulling":1},"model":"item/toolskins/devil/bow/bow_pulling_0"},{"predicate":{"custom_model_data":50004,"pulling":1,"pull":0.65},"model":"item/toolskins/devil/bow/bow_pulling_1"},{"predicate":{"custom_model_data":50004,"pulling":1,"pull":0.9},"model":"item/toolskins/devil/bow/bow_pulling_2"},{"predicate":{"custom_model_data":50005},"model":"item/toolskins/emerald/bow/bow"},{"predicate":{"custom_model_data":50005,"pulling":1},"model":"item/toolskins/emerald/bow/bow_pulling_0"},{"predicate":{"custom_model_data":50005,"pulling":1,"pull":0.65},"model":"item/toolskins/emerald/bow/bow_pulling_1"},{"predicate":{"custom_model_data":50005,"pulling":1,"pull":0.9},"model":"item/toolskins/emerald/bow/bow_pulling_2"},{"predicate":{"custom_model_data":50006},"model":"item/toolskins/halloween/bow/bow"},{"predicate":{"custom_model_data":50006,"pulling":1},"model":"item/toolskins/halloween/bow/bow_pulling_0"},{"predicate":{"custom_model_data":50006,"pulling":1,"pull":0.65},"model":"item/toolskins/halloween/bow/bow_pulling_1"},{"predicate":{"custom_model_data":50006,"pulling":1,"pull":0.9},"model":"item/toolskins/halloween/bow/bow_pulling_2"},{"predicate":{"custom_model_data":50007},"model":"item/toolskins/heaven/bow/bow"},{"predicate":{"custom_model_data":50007,"pulling":1},"model":"item/toolskins/heaven/bow/bow_pulling_0"},{"predicate":{"custom_model_data":50007,"pulling":1,"pull":0.65},"model":"item/toolskins/heaven/bow/bow_pulling_1"},{"predicate":{"custom_model_data":50007,"pulling":1,"pull":0.9},"model":"item/toolskins/heaven/bow/bow_pulling_2"},{"predicate":{"custom_model_data":50008},"model":"item/toolskins/monster/bow/bow"},{"predicate":{"custom_model_data":50008,"pulling":1},"model":"item/toolskins/monster/bow/bow_pulling_0"},{"predicate":{"custom_model_data":50008,"pulling":1,"pull":0.65},"model":"item/toolskins/monster/bow/bow_pulling_1"},{"predicate":{"custom_model_data":50008,"pulling":1,"pull":0.9},"model":"item/toolskins/monster/bow/bow_pulling_2"},{"predicate":{"custom_model_data":50009},"model":"item/toolskins/moon/bow/bow"},{"predicate":{"custom_model_data":50009,"pulling":1},"model":"item/toolskins/moon/bow/bow_pulling_0"},{"predicate":{"custom_model_data":50009,"pulling":1,"pull":0.65},"model":"item/toolskins/moon/bow/bow_pulling_1"},{"predicate":{"custom_model_data":50009,"pulling":1,"pull":0.9},"model":"item/toolskins/moon/bow/bow_pulling_2"},{"predicate":{"custom_model_data":50010},"model":"item/toolskins/mud/bow/bow"},{"predicate":{"custom_model_data":50010,"pulling":1},"model":"item/toolskins/mud/bow/bow_pulling_0"},{"predicate":{"custom_model_data":50010,"pulling":1,"pull":0.65},"model":"item/toolskins/mud/bow/bow_pulling_1"},{"predicate":{"custom_model_data":50010,"pulling":1,"pull":0.9},"model":"item/toolskins/mud/bow/bow_pulling_2"},{"predicate":{"custom_model_data":50011},"model":"item/toolskins/nether/bow/bow"},{"predicate":{"custom_model_data":50011,"pulling":1},"model":"item/toolskins/nether/bow/bow_pulling_0"},{"predicate":{"custom_model_data":50011,"pulling":1,"pull":0.65},"model":"item/toolskins/nether/bow/bow_pulling_1"},{"predicate":{"custom_model_data":50011,"pulling":1,"pull":0.9},"model":"item/toolskins/nether/bow/bow_pulling_2"},{"predicate":{"custom_model_data":50012},"model":"item/toolskins/panther/bow/bow"},{"predicate":{"custom_model_data":50012,"pulling":1},"model":"item/toolskins/panther/bow/bow_pulling_0"},{"predicate":{"custom_model_data":50012,"pulling":1,"pull":0.65},"model":"item/toolskins/panther/bow/bow_pulling_1"},{"predicate":{"custom_model_data":50012,"pulling":1,"pull":0.9},"model":"item/toolskins/panther/bow/bow_pulling_2"},{"predicate":{"custom_model_data":50013},"model":"item/toolskins/pegasus/bow/bow"},{"predicate":{"custom_model_data":50013,"pulling":1},"model":"item/toolskins/pegasus/bow/bow_pulling_0"},{"predicate":{"custom_model_data":50013,"pulling":1,"pull":0.65},"model":"item/toolskins/pegasus/bow/bow_pulling_1"},{"predicate":{"custom_model_data":50013,"pulling":1,"pull":0.9},"model":"item/toolskins/pegasus/bow/bow_pulling_2"},{"predicate":{"custom_model_data":50014},"model":"item/toolskins/radiant/bow/bow"},{"predicate":{"custom_model_data":50014,"pulling":1},"model":"item/toolskins/radiant/bow/bow_pulling_0"},{"predicate":{"custom_model_data":50014,"pulling":1,"pull":0.65},"model":"item/toolskins/radiant/bow/bow_pulling_1"},{"predicate":{"custom_model_data":50014,"pulling":1,"pull":0.9},"model":"item/toolskins/radiant/bow/bow_pulling_2"},{"predicate":{"custom_model_data":50015},"model":"item/toolskins/thunder/bow/bow"},{"predicate":{"custom_model_data":50015,"pulling":1},"model":"item/toolskins/thunder/bow/bow_pulling_0"},{"predicate":{"custom_model_data":50015,"pulling":1,"pull":0.65},"model":"item/toolskins/thunder/bow/bow_pulling_1"},{"predicate":{"custom_model_data":50015,"pulling":1,"pull":0.9},"model":"item/toolskins/thunder/bow/bow_pulling_2"},{"predicate":{"custom_model_data":50016},"model":"item/toolskins/twilight/bow/bow"},{"predicate":{"custom_model_data":50016,"pulling":1},"model":"item/toolskins/twilight/bow/bow_pulling_0"},{"predicate":{"custom_model_data":50016,"pulling":1,"pull":0.65},"model":"item/toolskins/twilight/bow/bow_pulling_1"},{"predicate":{"custom_model_data":50016,"pulling":1,"pull":0.9},"model":"item/toolskins/twilight/bow/bow_pulling_2"},{"predicate":{"custom_model_data":50017},"model":"item/toolskins/warrior/bow/bow"},{"predicate":{"custom_model_data":50017,"pulling":1},"model":"item/toolskins/warrior/bow/bow_pulling_0"},{"predicate":{"custom_model_data":50017,"pulling":1,"pull":0.65},"model":"item/toolskins/warrior/bow/bow_pulling_1"},{"predicate":{"custom_model_data":50017,"pulling":1,"pull":0.9},"model":"item/toolskins/warrior/bow/bow_pulling_2"},{"predicate":{"custom_model_data":50018},"model":"item/bow"}]}