{"parent":"item/handheld","textures":{"layer0":"item/diamond_axe"},"overrides":[{"predicate":{"custom_model_data":50001},"model":"item/toolskins/atlantis/axe"},{"predicate":{"custom_model_data":50002},"model":"item/toolskins/celestial/axe"},{"predicate":{"custom_model_data":50003},"model":"item/toolskins/crimson/axe"},{"predicate":{"custom_model_data":50004},"model":"item/toolskins/devil/axe"},{"predicate":{"custom_model_data":50005},"model":"item/toolskins/emerald/axe"},{"predicate":{"custom_model_data":50006},"model":"item/toolskins/halloween/axe"},{"predicate":{"custom_model_data":50007},"model":"item/toolskins/heaven/axe"},{"predicate":{"custom_model_data":50008},"model":"item/toolskins/monster/axe"},{"predicate":{"custom_model_data":50009},"model":"item/toolskins/moon/axe"},{"predicate":{"custom_model_data":50010},"model":"item/toolskins/mud/axe"},{"predicate":{"custom_model_data":50011},"model":"item/toolskins/nether/axe"},{"predicate":{"custom_model_data":50012},"model":"item/toolskins/panther/axe"},{"predicate":{"custom_model_data":50013},"model":"item/toolskins/pegasus/axe"},{"predicate":{"custom_model_data":50014},"model":"item/toolskins/radiant/axe"},{"predicate":{"custom_model_data":50015},"model":"item/toolskins/thunder/axe"},{"predicate":{"custom_model_data":50016},"model":"item/toolskins/twilight/axe"},{"predicate":{"custom_model_data":50017},"model":"item/toolskins/warrior/axe"}]}