{"parent":"item/generated","textures":{"layer0":"item/feather"},"display":{"head":{"rotation":[0,0,45],"translation":[-1,13,7],"scale":[1,1,1]}},"overrides":[{"predicate":{"custom_model_data":8439101},"model":"ec_elitewings:v1/aether_wings"},{"predicate":{"custom_model_data":8439102},"model":"ec_elitewings:v1/biblical_wings"},{"predicate":{"custom_model_data":8439103},"model":"ec_elitewings:v1/envious_wings"},{"predicate":{"custom_model_data":8439104},"model":"ec_elitewings:v1/harpy_wings"},{"predicate":{"custom_model_data":8439105},"model":"ec_elitewings:v1/ravaged_wings"},{"predicate":{"custom_model_data":8439201},"model":"ec_elitewings:v2/celestial_wings"},{"predicate":{"custom_model_data":8439202},"model":"ec_elitewings:v2/dracotaur_wings"},{"predicate":{"custom_model_data":8439203},"model":"ec_elitewings:v2/pixie_wings"},{"predicate":{"custom_model_data":8439204},"model":"ec_elitewings:v2/prosper_wings"},{"predicate":{"custom_model_data":8439205},"model":"ec_elitewings:v2/royal_red_wings"},{"predicate":{"custom_model_data":8439206},"model":"item/feather"}]}