{"parent":"item/generated","textures":{"layer0":"item/feather"},"display":{"head":{"rotation":[0,0,45],"translation":[-1,13,7],"scale":[1,1,1]}},"overrides":[{"predicate":{"custom_model_data":8439101},"model":"ec_elitewings:v1/aether_wings"},{"predicate":{"custom_model_data":8439102},"model":"ec_elitewings:v1/biblical_wings"},{"predicate":{"custom_model_data":8439103},"model":"ec_elitewings:v1/envious_wings"},{"predicate":{"custom_model_data":8439104},"model":"ec_elitewings:v1/harpy_wings"},{"predicate":{"custom_model_data":8439105},"model":"ec_elitewings:v1/ravaged_wings"},{"predicate":{"custom_model_data":8439106},"model":"ec_elitewings:v1/aether_wings_normal"},{"predicate":{"custom_model_data":8439107},"model":"ec_elitewings:v1/aether_wings_normal_2"},{"predicate":{"custom_model_data":8439108},"model":"ec_elitewings:v1/aether_wings_self"},{"predicate":{"custom_model_data":8439109},"model":"ec_elitewings:v1/aether_wings_self_2"},{"predicate":{"custom_model_data":8439110},"model":"ec_elitewings:v1/biblical_wings_normal"},{"predicate":{"custom_model_data":8439111},"model":"ec_elitewings:v1/biblical_wings_normal_2"},{"predicate":{"custom_model_data":8439112},"model":"ec_elitewings:v1/biblical_wings_self"},{"predicate":{"custom_model_data":8439113},"model":"ec_elitewings:v1/biblical_wings_self_2"},{"predicate":{"custom_model_data":8439114},"model":"ec_elitewings:v1/envious_wings_normal"},{"predicate":{"custom_model_data":8439115},"model":"ec_elitewings:v1/envious_wings_normal_2"},{"predicate":{"custom_model_data":8439116},"model":"ec_elitewings:v1/envious_wings_self"},{"predicate":{"custom_model_data":8439117},"model":"ec_elitewings:v1/envious_wings_self_2"},{"predicate":{"custom_model_data":8439118},"model":"ec_elitewings:v1/harpy_wings_normal"},{"predicate":{"custom_model_data":8439119},"model":"ec_elitewings:v1/harpy_wings_normal_2"},{"predicate":{"custom_model_data":8439120},"model":"ec_elitewings:v1/harpy_wings_self"},{"predicate":{"custom_model_data":8439121},"model":"ec_elitewings:v1/harpy_wings_self_2"},{"predicate":{"custom_model_data":8439122},"model":"ec_elitewings:v1/ravaged_wings_normal"},{"predicate":{"custom_model_data":8439123},"model":"ec_elitewings:v1/ravaged_wings_normal_2"},{"predicate":{"custom_model_data":8439124},"model":"ec_elitewings:v1/ravaged_wings_self"},{"predicate":{"custom_model_data":8439125},"model":"ec_elitewings:v1/ravaged_wings_self_2"},{"predicate":{"custom_model_data":8439126},"model":"item/feather"}]}