{"parent":"minecraft:item/handheld","textures":{"layer0":"minecraft:item/iron_sword"},"overrides":[{"predicate":{"custom_model_data":10000},"model":"dragonsoulset:hammer"},{"predicate":{"custom_model_data":10001},"model":"dragonsoulset:spear"},{"predicate":{"custom_model_data":10002},"model":"dragonsoulset:sword"},{"predicate":{"custom_model_data":10003},"model":"dragonsoulset:scythe"},{"predicate":{"custom_model_data":10004},"model":"dragonsoulset:staff"},{"predicate":{"custom_model_data":10005},"model":"dragonsoulset:greatsword"},{"predicate":{"custom_model_data":10006},"model":"dragonsoulset:trident"},{"predicate":{"custom_model_data":10007},"model":"item/iron_sword"}]}