{"parent":"minecraft:item/generated","overrides":[{"model":"minecraft:item/leather_chestplate_quartz_trim","predicate":{"trim_type":0.1}},{"model":"minecraft:item/leather_chestplate_iron_trim","predicate":{"trim_type":0.2}},{"model":"minecraft:item/leather_chestplate_netherite_trim","predicate":{"trim_type":0.3}},{"model":"minecraft:item/leather_chestplate_redstone_trim","predicate":{"trim_type":0.4}},{"model":"minecraft:item/leather_chestplate_copper_trim","predicate":{"trim_type":0.5}},{"model":"minecraft:item/leather_chestplate_gold_trim","predicate":{"trim_type":0.6}},{"model":"minecraft:item/leather_chestplate_emerald_trim","predicate":{"trim_type":0.7}},{"model":"minecraft:item/leather_chestplate_diamond_trim","predicate":{"trim_type":0.8}},{"model":"minecraft:item/leather_chestplate_lapis_trim","predicate":{"trim_type":0.9}},{"model":"minecraft:item/leather_chestplate_amethyst_trim","predicate":{"trim_type":1.0}},{"predicate":{"custom_model_data":10000},"model":"fiendskullset:ia_auto_gen/fiendskullchestplate"},{"predicate":{"trim_type":0.1,"custom_model_data":10000},"model":"fiendskullset:ia_auto_gen/fiendskullchestplate"},{"predicate":{"trim_type":0.2,"custom_model_data":10000},"model":"fiendskullset:ia_auto_gen/fiendskullchestplate"},{"predicate":{"trim_type":0.3,"custom_model_data":10000},"model":"fiendskullset:ia_auto_gen/fiendskullchestplate"},{"predicate":{"trim_type":0.4,"custom_model_data":10000},"model":"fiendskullset:ia_auto_gen/fiendskullchestplate"},{"predicate":{"trim_type":0.5,"custom_model_data":10000},"model":"fiendskullset:ia_auto_gen/fiendskullchestplate"},{"predicate":{"trim_type":0.6,"custom_model_data":10000},"model":"fiendskullset:ia_auto_gen/fiendskullchestplate"},{"predicate":{"trim_type":0.7,"custom_model_data":10000},"model":"fiendskullset:ia_auto_gen/fiendskullchestplate"},{"predicate":{"trim_type":0.8,"custom_model_data":10000},"model":"fiendskullset:ia_auto_gen/fiendskullchestplate"},{"predicate":{"trim_type":0.9,"custom_model_data":10000},"model":"fiendskullset:ia_auto_gen/fiendskullchestplate"},{"predicate":{"trim_type":1.0,"custom_model_data":10000},"model":"fiendskullset:ia_auto_gen/fiendskullchestplate"},{"predicate":{"custom_model_data":10001},"model":"elitecreatures:ia_auto_gen/azgad_weapon_chestplate"},{"predicate":{"trim_type":0.1,"custom_model_data":10001},"model":"elitecreatures:ia_auto_gen/azgad_weapon_chestplate"},{"predicate":{"trim_type":0.2,"custom_model_data":10001},"model":"elitecreatures:ia_auto_gen/azgad_weapon_chestplate"},{"predicate":{"trim_type":0.3,"custom_model_data":10001},"model":"elitecreatures:ia_auto_gen/azgad_weapon_chestplate"},{"predicate":{"trim_type":0.4,"custom_model_data":10001},"model":"elitecreatures:ia_auto_gen/azgad_weapon_chestplate"},{"predicate":{"trim_type":0.5,"custom_model_data":10001},"model":"elitecreatures:ia_auto_gen/azgad_weapon_chestplate"},{"predicate":{"trim_type":0.6,"custom_model_data":10001},"model":"elitecreatures:ia_auto_gen/azgad_weapon_chestplate"},{"predicate":{"trim_type":0.7,"custom_model_data":10001},"model":"elitecreatures:ia_auto_gen/azgad_weapon_chestplate"},{"predicate":{"trim_type":0.8,"custom_model_data":10001},"model":"elitecreatures:ia_auto_gen/azgad_weapon_chestplate"},{"predicate":{"trim_type":0.9,"custom_model_data":10001},"model":"elitecreatures:ia_auto_gen/azgad_weapon_chestplate"},{"predicate":{"trim_type":1.0,"custom_model_data":10001},"model":"elitecreatures:ia_auto_gen/azgad_weapon_chestplate"},{"predicate":{"custom_model_data":10002},"model":"dragonsoulset:ia_auto_gen/dragonsoulchestplate"},{"predicate":{"trim_type":0.1,"custom_model_data":10002},"model":"dragonsoulset:ia_auto_gen/dragonsoulchestplate"},{"predicate":{"trim_type":0.2,"custom_model_data":10002},"model":"dragonsoulset:ia_auto_gen/dragonsoulchestplate"},{"predicate":{"trim_type":0.3,"custom_model_data":10002},"model":"dragonsoulset:ia_auto_gen/dragonsoulchestplate"},{"predicate":{"trim_type":0.4,"custom_model_data":10002},"model":"dragonsoulset:ia_auto_gen/dragonsoulchestplate"},{"predicate":{"trim_type":0.5,"custom_model_data":10002},"model":"dragonsoulset:ia_auto_gen/dragonsoulchestplate"},{"predicate":{"trim_type":0.6,"custom_model_data":10002},"model":"dragonsoulset:ia_auto_gen/dragonsoulchestplate"},{"predicate":{"trim_type":0.7,"custom_model_data":10002},"model":"dragonsoulset:ia_auto_gen/dragonsoulchestplate"},{"predicate":{"trim_type":0.8,"custom_model_data":10002},"model":"dragonsoulset:ia_auto_gen/dragonsoulchestplate"},{"predicate":{"trim_type":0.9,"custom_model_data":10002},"model":"dragonsoulset:ia_auto_gen/dragonsoulchestplate"},{"predicate":{"trim_type":1.0,"custom_model_data":10002},"model":"dragonsoulset:ia_auto_gen/dragonsoulchestplate"},{"predicate":{"custom_model_data":10003},"model":"elitecreatures:ia_auto_gen/bahamut_animated_weapon_set_chestplate"},{"predicate":{"trim_type":0.1,"custom_model_data":10003},"model":"elitecreatures:ia_auto_gen/bahamut_animated_weapon_set_chestplate"},{"predicate":{"trim_type":0.2,"custom_model_data":10003},"model":"elitecreatures:ia_auto_gen/bahamut_animated_weapon_set_chestplate"},{"predicate":{"trim_type":0.3,"custom_model_data":10003},"model":"elitecreatures:ia_auto_gen/bahamut_animated_weapon_set_chestplate"},{"predicate":{"trim_type":0.4,"custom_model_data":10003},"model":"elitecreatures:ia_auto_gen/bahamut_animated_weapon_set_chestplate"},{"predicate":{"trim_type":0.5,"custom_model_data":10003},"model":"elitecreatures:ia_auto_gen/bahamut_animated_weapon_set_chestplate"},{"predicate":{"trim_type":0.6,"custom_model_data":10003},"model":"elitecreatures:ia_auto_gen/bahamut_animated_weapon_set_chestplate"},{"predicate":{"trim_type":0.7,"custom_model_data":10003},"model":"elitecreatures:ia_auto_gen/bahamut_animated_weapon_set_chestplate"},{"predicate":{"trim_type":0.8,"custom_model_data":10003},"model":"elitecreatures:ia_auto_gen/bahamut_animated_weapon_set_chestplate"},{"predicate":{"trim_type":0.9,"custom_model_data":10003},"model":"elitecreatures:ia_auto_gen/bahamut_animated_weapon_set_chestplate"},{"predicate":{"trim_type":1.0,"custom_model_data":10003},"model":"elitecreatures:ia_auto_gen/bahamut_animated_weapon_set_chestplate"},{"predicate":{"custom_model_data":10004},"model":"littledragonset:ia_auto_gen/littledragonchestplate"},{"predicate":{"trim_type":0.1,"custom_model_data":10004},"model":"littledragonset:ia_auto_gen/littledragonchestplate"},{"predicate":{"trim_type":0.2,"custom_model_data":10004},"model":"littledragonset:ia_auto_gen/littledragonchestplate"},{"predicate":{"trim_type":0.3,"custom_model_data":10004},"model":"littledragonset:ia_auto_gen/littledragonchestplate"},{"predicate":{"trim_type":0.4,"custom_model_data":10004},"model":"littledragonset:ia_auto_gen/littledragonchestplate"},{"predicate":{"trim_type":0.5,"custom_model_data":10004},"model":"littledragonset:ia_auto_gen/littledragonchestplate"},{"predicate":{"trim_type":0.6,"custom_model_data":10004},"model":"littledragonset:ia_auto_gen/littledragonchestplate"},{"predicate":{"trim_type":0.7,"custom_model_data":10004},"model":"littledragonset:ia_auto_gen/littledragonchestplate"},{"predicate":{"trim_type":0.8,"custom_model_data":10004},"model":"littledragonset:ia_auto_gen/littledragonchestplate"},{"predicate":{"trim_type":0.9,"custom_model_data":10004},"model":"littledragonset:ia_auto_gen/littledragonchestplate"},{"predicate":{"trim_type":1.0,"custom_model_data":10004},"model":"littledragonset:ia_auto_gen/littledragonchestplate"},{"predicate":{"custom_model_data":10005},"model":"infernoset:ia_auto_gen/infernochestplate"},{"predicate":{"trim_type":0.1,"custom_model_data":10005},"model":"infernoset:ia_auto_gen/infernochestplate"},{"predicate":{"trim_type":0.2,"custom_model_data":10005},"model":"infernoset:ia_auto_gen/infernochestplate"},{"predicate":{"trim_type":0.3,"custom_model_data":10005},"model":"infernoset:ia_auto_gen/infernochestplate"},{"predicate":{"trim_type":0.4,"custom_model_data":10005},"model":"infernoset:ia_auto_gen/infernochestplate"},{"predicate":{"trim_type":0.5,"custom_model_data":10005},"model":"infernoset:ia_auto_gen/infernochestplate"},{"predicate":{"trim_type":0.6,"custom_model_data":10005},"model":"infernoset:ia_auto_gen/infernochestplate"},{"predicate":{"trim_type":0.7,"custom_model_data":10005},"model":"infernoset:ia_auto_gen/infernochestplate"},{"predicate":{"trim_type":0.8,"custom_model_data":10005},"model":"infernoset:ia_auto_gen/infernochestplate"},{"predicate":{"trim_type":0.9,"custom_model_data":10005},"model":"infernoset:ia_auto_gen/infernochestplate"},{"predicate":{"trim_type":1.0,"custom_model_data":10005},"model":"infernoset:ia_auto_gen/infernochestplate"},{"predicate":{"custom_model_data":10007},"model":"shogunset:ia_auto_gen/shogunchestplate"},{"predicate":{"trim_type":0.1,"custom_model_data":10007},"model":"shogunset:ia_auto_gen/shogunchestplate"},{"predicate":{"trim_type":0.2,"custom_model_data":10007},"model":"shogunset:ia_auto_gen/shogunchestplate"},{"predicate":{"trim_type":0.3,"custom_model_data":10007},"model":"shogunset:ia_auto_gen/shogunchestplate"},{"predicate":{"trim_type":0.4,"custom_model_data":10007},"model":"shogunset:ia_auto_gen/shogunchestplate"},{"predicate":{"trim_type":0.5,"custom_model_data":10007},"model":"shogunset:ia_auto_gen/shogunchestplate"},{"predicate":{"trim_type":0.6,"custom_model_data":10007},"model":"shogunset:ia_auto_gen/shogunchestplate"},{"predicate":{"trim_type":0.7,"custom_model_data":10007},"model":"shogunset:ia_auto_gen/shogunchestplate"},{"predicate":{"trim_type":0.8,"custom_model_data":10007},"model":"shogunset:ia_auto_gen/shogunchestplate"},{"predicate":{"trim_type":0.9,"custom_model_data":10007},"model":"shogunset:ia_auto_gen/shogunchestplate"},{"predicate":{"trim_type":1.0,"custom_model_data":10007},"model":"shogunset:ia_auto_gen/shogunchestplate"},{"predicate":{"custom_model_data":10009},"model":"pinkfairyset:ia_auto_gen/pinkfairychestplate"},{"predicate":{"trim_type":0.1,"custom_model_data":10009},"model":"pinkfairyset:ia_auto_gen/pinkfairychestplate"},{"predicate":{"trim_type":0.2,"custom_model_data":10009},"model":"pinkfairyset:ia_auto_gen/pinkfairychestplate"},{"predicate":{"trim_type":0.3,"custom_model_data":10009},"model":"pinkfairyset:ia_auto_gen/pinkfairychestplate"},{"predicate":{"trim_type":0.4,"custom_model_data":10009},"model":"pinkfairyset:ia_auto_gen/pinkfairychestplate"},{"predicate":{"trim_type":0.5,"custom_model_data":10009},"model":"pinkfairyset:ia_auto_gen/pinkfairychestplate"},{"predicate":{"trim_type":0.6,"custom_model_data":10009},"model":"pinkfairyset:ia_auto_gen/pinkfairychestplate"},{"predicate":{"trim_type":0.7,"custom_model_data":10009},"model":"pinkfairyset:ia_auto_gen/pinkfairychestplate"},{"predicate":{"trim_type":0.8,"custom_model_data":10009},"model":"pinkfairyset:ia_auto_gen/pinkfairychestplate"},{"predicate":{"trim_type":0.9,"custom_model_data":10009},"model":"pinkfairyset:ia_auto_gen/pinkfairychestplate"},{"predicate":{"trim_type":1.0,"custom_model_data":10009},"model":"pinkfairyset:ia_auto_gen/pinkfairychestplate"},{"predicate":{"custom_model_data":10010},"model":"aetherburn_pack:ia_auto_gen/aetherburnchestplate"},{"predicate":{"trim_type":0.1,"custom_model_data":10010},"model":"aetherburn_pack:ia_auto_gen/aetherburnchestplate"},{"predicate":{"trim_type":0.2,"custom_model_data":10010},"model":"aetherburn_pack:ia_auto_gen/aetherburnchestplate"},{"predicate":{"trim_type":0.3,"custom_model_data":10010},"model":"aetherburn_pack:ia_auto_gen/aetherburnchestplate"},{"predicate":{"trim_type":0.4,"custom_model_data":10010},"model":"aetherburn_pack:ia_auto_gen/aetherburnchestplate"},{"predicate":{"trim_type":0.5,"custom_model_data":10010},"model":"aetherburn_pack:ia_auto_gen/aetherburnchestplate"},{"predicate":{"trim_type":0.6,"custom_model_data":10010},"model":"aetherburn_pack:ia_auto_gen/aetherburnchestplate"},{"predicate":{"trim_type":0.7,"custom_model_data":10010},"model":"aetherburn_pack:ia_auto_gen/aetherburnchestplate"},{"predicate":{"trim_type":0.8,"custom_model_data":10010},"model":"aetherburn_pack:ia_auto_gen/aetherburnchestplate"},{"predicate":{"trim_type":0.9,"custom_model_data":10010},"model":"aetherburn_pack:ia_auto_gen/aetherburnchestplate"},{"predicate":{"trim_type":1.0,"custom_model_data":10010},"model":"aetherburn_pack:ia_auto_gen/aetherburnchestplate"},{"predicate":{"custom_model_data":10011},"model":"frostbite_set:ia_auto_gen/frostbitechestplate"},{"predicate":{"trim_type":0.1,"custom_model_data":10011},"model":"frostbite_set:ia_auto_gen/frostbitechestplate"},{"predicate":{"trim_type":0.2,"custom_model_data":10011},"model":"frostbite_set:ia_auto_gen/frostbitechestplate"},{"predicate":{"trim_type":0.3,"custom_model_data":10011},"model":"frostbite_set:ia_auto_gen/frostbitechestplate"},{"predicate":{"trim_type":0.4,"custom_model_data":10011},"model":"frostbite_set:ia_auto_gen/frostbitechestplate"},{"predicate":{"trim_type":0.5,"custom_model_data":10011},"model":"frostbite_set:ia_auto_gen/frostbitechestplate"},{"predicate":{"trim_type":0.6,"custom_model_data":10011},"model":"frostbite_set:ia_auto_gen/frostbitechestplate"},{"predicate":{"trim_type":0.7,"custom_model_data":10011},"model":"frostbite_set:ia_auto_gen/frostbitechestplate"},{"predicate":{"trim_type":0.8,"custom_model_data":10011},"model":"frostbite_set:ia_auto_gen/frostbitechestplate"},{"predicate":{"trim_type":0.9,"custom_model_data":10011},"model":"frostbite_set:ia_auto_gen/frostbitechestplate"},{"predicate":{"trim_type":1.0,"custom_model_data":10011},"model":"frostbite_set:ia_auto_gen/frostbitechestplate"},{"predicate":{"custom_model_data":10012},"model":"item/leather_chestplate"}],"textures":{"layer0":"minecraft:item/leather_chestplate","layer1":"minecraft:item/leather_chestplate_overlay"}}