{"parent":"minecraft:item/generated","overrides":[{"model":"minecraft:item/leather_boots_quartz_trim","predicate":{"trim_type":0.1}},{"model":"minecraft:item/leather_boots_iron_trim","predicate":{"trim_type":0.2}},{"model":"minecraft:item/leather_boots_netherite_trim","predicate":{"trim_type":0.3}},{"model":"minecraft:item/leather_boots_redstone_trim","predicate":{"trim_type":0.4}},{"model":"minecraft:item/leather_boots_copper_trim","predicate":{"trim_type":0.5}},{"model":"minecraft:item/leather_boots_gold_trim","predicate":{"trim_type":0.6}},{"model":"minecraft:item/leather_boots_emerald_trim","predicate":{"trim_type":0.7}},{"model":"minecraft:item/leather_boots_diamond_trim","predicate":{"trim_type":0.8}},{"model":"minecraft:item/leather_boots_lapis_trim","predicate":{"trim_type":0.9}},{"model":"minecraft:item/leather_boots_amethyst_trim","predicate":{"trim_type":1.0}},{"predicate":{"custom_model_data":10000},"model":"cosmo_pack:ia_auto_gen/cosmo_boots"},{"predicate":{"trim_type":0.1,"custom_model_data":10000},"model":"cosmo_pack:ia_auto_gen/cosmo_boots"},{"predicate":{"trim_type":0.2,"custom_model_data":10000},"model":"cosmo_pack:ia_auto_gen/cosmo_boots"},{"predicate":{"trim_type":0.3,"custom_model_data":10000},"model":"cosmo_pack:ia_auto_gen/cosmo_boots"},{"predicate":{"trim_type":0.4,"custom_model_data":10000},"model":"cosmo_pack:ia_auto_gen/cosmo_boots"},{"predicate":{"trim_type":0.5,"custom_model_data":10000},"model":"cosmo_pack:ia_auto_gen/cosmo_boots"},{"predicate":{"trim_type":0.6,"custom_model_data":10000},"model":"cosmo_pack:ia_auto_gen/cosmo_boots"},{"predicate":{"trim_type":0.7,"custom_model_data":10000},"model":"cosmo_pack:ia_auto_gen/cosmo_boots"},{"predicate":{"trim_type":0.8,"custom_model_data":10000},"model":"cosmo_pack:ia_auto_gen/cosmo_boots"},{"predicate":{"trim_type":0.9,"custom_model_data":10000},"model":"cosmo_pack:ia_auto_gen/cosmo_boots"},{"predicate":{"trim_type":1.0,"custom_model_data":10000},"model":"cosmo_pack:ia_auto_gen/cosmo_boots"},{"predicate":{"custom_model_data":10001},"model":"infantryset:ia_auto_gen/infantryboots"},{"predicate":{"trim_type":0.1,"custom_model_data":10001},"model":"infantryset:ia_auto_gen/infantryboots"},{"predicate":{"trim_type":0.2,"custom_model_data":10001},"model":"infantryset:ia_auto_gen/infantryboots"},{"predicate":{"trim_type":0.3,"custom_model_data":10001},"model":"infantryset:ia_auto_gen/infantryboots"},{"predicate":{"trim_type":0.4,"custom_model_data":10001},"model":"infantryset:ia_auto_gen/infantryboots"},{"predicate":{"trim_type":0.5,"custom_model_data":10001},"model":"infantryset:ia_auto_gen/infantryboots"},{"predicate":{"trim_type":0.6,"custom_model_data":10001},"model":"infantryset:ia_auto_gen/infantryboots"},{"predicate":{"trim_type":0.7,"custom_model_data":10001},"model":"infantryset:ia_auto_gen/infantryboots"},{"predicate":{"trim_type":0.8,"custom_model_data":10001},"model":"infantryset:ia_auto_gen/infantryboots"},{"predicate":{"trim_type":0.9,"custom_model_data":10001},"model":"infantryset:ia_auto_gen/infantryboots"},{"predicate":{"trim_type":1.0,"custom_model_data":10001},"model":"infantryset:ia_auto_gen/infantryboots"},{"predicate":{"custom_model_data":10002},"model":"elitecreatures:ia_auto_gen/azgad_weapon_boots"},{"predicate":{"trim_type":0.1,"custom_model_data":10002},"model":"elitecreatures:ia_auto_gen/azgad_weapon_boots"},{"predicate":{"trim_type":0.2,"custom_model_data":10002},"model":"elitecreatures:ia_auto_gen/azgad_weapon_boots"},{"predicate":{"trim_type":0.3,"custom_model_data":10002},"model":"elitecreatures:ia_auto_gen/azgad_weapon_boots"},{"predicate":{"trim_type":0.4,"custom_model_data":10002},"model":"elitecreatures:ia_auto_gen/azgad_weapon_boots"},{"predicate":{"trim_type":0.5,"custom_model_data":10002},"model":"elitecreatures:ia_auto_gen/azgad_weapon_boots"},{"predicate":{"trim_type":0.6,"custom_model_data":10002},"model":"elitecreatures:ia_auto_gen/azgad_weapon_boots"},{"predicate":{"trim_type":0.7,"custom_model_data":10002},"model":"elitecreatures:ia_auto_gen/azgad_weapon_boots"},{"predicate":{"trim_type":0.8,"custom_model_data":10002},"model":"elitecreatures:ia_auto_gen/azgad_weapon_boots"},{"predicate":{"trim_type":0.9,"custom_model_data":10002},"model":"elitecreatures:ia_auto_gen/azgad_weapon_boots"},{"predicate":{"trim_type":1.0,"custom_model_data":10002},"model":"elitecreatures:ia_auto_gen/azgad_weapon_boots"},{"predicate":{"custom_model_data":10003},"model":"starlight:ia_auto_gen/starlightboots"},{"predicate":{"trim_type":0.1,"custom_model_data":10003},"model":"starlight:ia_auto_gen/starlightboots"},{"predicate":{"trim_type":0.2,"custom_model_data":10003},"model":"starlight:ia_auto_gen/starlightboots"},{"predicate":{"trim_type":0.3,"custom_model_data":10003},"model":"starlight:ia_auto_gen/starlightboots"},{"predicate":{"trim_type":0.4,"custom_model_data":10003},"model":"starlight:ia_auto_gen/starlightboots"},{"predicate":{"trim_type":0.5,"custom_model_data":10003},"model":"starlight:ia_auto_gen/starlightboots"},{"predicate":{"trim_type":0.6,"custom_model_data":10003},"model":"starlight:ia_auto_gen/starlightboots"},{"predicate":{"trim_type":0.7,"custom_model_data":10003},"model":"starlight:ia_auto_gen/starlightboots"},{"predicate":{"trim_type":0.8,"custom_model_data":10003},"model":"starlight:ia_auto_gen/starlightboots"},{"predicate":{"trim_type":0.9,"custom_model_data":10003},"model":"starlight:ia_auto_gen/starlightboots"},{"predicate":{"trim_type":1.0,"custom_model_data":10003},"model":"starlight:ia_auto_gen/starlightboots"},{"predicate":{"custom_model_data":10004},"model":"malikaset:ia_auto_gen/malikaboots"},{"predicate":{"trim_type":0.1,"custom_model_data":10004},"model":"malikaset:ia_auto_gen/malikaboots"},{"predicate":{"trim_type":0.2,"custom_model_data":10004},"model":"malikaset:ia_auto_gen/malikaboots"},{"predicate":{"trim_type":0.3,"custom_model_data":10004},"model":"malikaset:ia_auto_gen/malikaboots"},{"predicate":{"trim_type":0.4,"custom_model_data":10004},"model":"malikaset:ia_auto_gen/malikaboots"},{"predicate":{"trim_type":0.5,"custom_model_data":10004},"model":"malikaset:ia_auto_gen/malikaboots"},{"predicate":{"trim_type":0.6,"custom_model_data":10004},"model":"malikaset:ia_auto_gen/malikaboots"},{"predicate":{"trim_type":0.7,"custom_model_data":10004},"model":"malikaset:ia_auto_gen/malikaboots"},{"predicate":{"trim_type":0.8,"custom_model_data":10004},"model":"malikaset:ia_auto_gen/malikaboots"},{"predicate":{"trim_type":0.9,"custom_model_data":10004},"model":"malikaset:ia_auto_gen/malikaboots"},{"predicate":{"trim_type":1.0,"custom_model_data":10004},"model":"malikaset:ia_auto_gen/malikaboots"},{"predicate":{"custom_model_data":10005},"model":"radiance_collection:ia_auto_gen/radianceboots"},{"predicate":{"trim_type":0.1,"custom_model_data":10005},"model":"radiance_collection:ia_auto_gen/radianceboots"},{"predicate":{"trim_type":0.2,"custom_model_data":10005},"model":"radiance_collection:ia_auto_gen/radianceboots"},{"predicate":{"trim_type":0.3,"custom_model_data":10005},"model":"radiance_collection:ia_auto_gen/radianceboots"},{"predicate":{"trim_type":0.4,"custom_model_data":10005},"model":"radiance_collection:ia_auto_gen/radianceboots"},{"predicate":{"trim_type":0.5,"custom_model_data":10005},"model":"radiance_collection:ia_auto_gen/radianceboots"},{"predicate":{"trim_type":0.6,"custom_model_data":10005},"model":"radiance_collection:ia_auto_gen/radianceboots"},{"predicate":{"trim_type":0.7,"custom_model_data":10005},"model":"radiance_collection:ia_auto_gen/radianceboots"},{"predicate":{"trim_type":0.8,"custom_model_data":10005},"model":"radiance_collection:ia_auto_gen/radianceboots"},{"predicate":{"trim_type":0.9,"custom_model_data":10005},"model":"radiance_collection:ia_auto_gen/radianceboots"},{"predicate":{"trim_type":1.0,"custom_model_data":10005},"model":"radiance_collection:ia_auto_gen/radianceboots"},{"predicate":{"custom_model_data":10006},"model":"frighten_set:ia_auto_gen/frighten_boots"},{"predicate":{"trim_type":0.1,"custom_model_data":10006},"model":"frighten_set:ia_auto_gen/frighten_boots"},{"predicate":{"trim_type":0.2,"custom_model_data":10006},"model":"frighten_set:ia_auto_gen/frighten_boots"},{"predicate":{"trim_type":0.3,"custom_model_data":10006},"model":"frighten_set:ia_auto_gen/frighten_boots"},{"predicate":{"trim_type":0.4,"custom_model_data":10006},"model":"frighten_set:ia_auto_gen/frighten_boots"},{"predicate":{"trim_type":0.5,"custom_model_data":10006},"model":"frighten_set:ia_auto_gen/frighten_boots"},{"predicate":{"trim_type":0.6,"custom_model_data":10006},"model":"frighten_set:ia_auto_gen/frighten_boots"},{"predicate":{"trim_type":0.7,"custom_model_data":10006},"model":"frighten_set:ia_auto_gen/frighten_boots"},{"predicate":{"trim_type":0.8,"custom_model_data":10006},"model":"frighten_set:ia_auto_gen/frighten_boots"},{"predicate":{"trim_type":0.9,"custom_model_data":10006},"model":"frighten_set:ia_auto_gen/frighten_boots"},{"predicate":{"trim_type":1.0,"custom_model_data":10006},"model":"frighten_set:ia_auto_gen/frighten_boots"},{"predicate":{"custom_model_data":10007},"model":"azureset:ia_auto_gen/azureboots"},{"predicate":{"trim_type":0.1,"custom_model_data":10007},"model":"azureset:ia_auto_gen/azureboots"},{"predicate":{"trim_type":0.2,"custom_model_data":10007},"model":"azureset:ia_auto_gen/azureboots"},{"predicate":{"trim_type":0.3,"custom_model_data":10007},"model":"azureset:ia_auto_gen/azureboots"},{"predicate":{"trim_type":0.4,"custom_model_data":10007},"model":"azureset:ia_auto_gen/azureboots"},{"predicate":{"trim_type":0.5,"custom_model_data":10007},"model":"azureset:ia_auto_gen/azureboots"},{"predicate":{"trim_type":0.6,"custom_model_data":10007},"model":"azureset:ia_auto_gen/azureboots"},{"predicate":{"trim_type":0.7,"custom_model_data":10007},"model":"azureset:ia_auto_gen/azureboots"},{"predicate":{"trim_type":0.8,"custom_model_data":10007},"model":"azureset:ia_auto_gen/azureboots"},{"predicate":{"trim_type":0.9,"custom_model_data":10007},"model":"azureset:ia_auto_gen/azureboots"},{"predicate":{"trim_type":1.0,"custom_model_data":10007},"model":"azureset:ia_auto_gen/azureboots"},{"predicate":{"custom_model_data":10008},"model":"item/leather_boots"}],"textures":{"layer0":"minecraft:item/leather_boots","layer1":"minecraft:item/leather_boots_overlay"}}