{"parent":"minecraft:item/generated","overrides":[{"model":"minecraft:item/leather_helmet_quartz_trim","predicate":{"trim_type":0.1}},{"model":"minecraft:item/leather_helmet_iron_trim","predicate":{"trim_type":0.2}},{"model":"minecraft:item/leather_helmet_netherite_trim","predicate":{"trim_type":0.3}},{"model":"minecraft:item/leather_helmet_redstone_trim","predicate":{"trim_type":0.4}},{"model":"minecraft:item/leather_helmet_copper_trim","predicate":{"trim_type":0.5}},{"model":"minecraft:item/leather_helmet_gold_trim","predicate":{"trim_type":0.6}},{"model":"minecraft:item/leather_helmet_emerald_trim","predicate":{"trim_type":0.7}},{"model":"minecraft:item/leather_helmet_diamond_trim","predicate":{"trim_type":0.8}},{"model":"minecraft:item/leather_helmet_lapis_trim","predicate":{"trim_type":0.9}},{"model":"minecraft:item/leather_helmet_amethyst_trim","predicate":{"trim_type":1.0}},{"predicate":{"custom_model_data":10000},"model":"fiendskullset:ia_auto_gen/fiendskullhelmet"},{"predicate":{"trim_type":0.1,"custom_model_data":10000},"model":"fiendskullset:ia_auto_gen/fiendskullhelmet"},{"predicate":{"trim_type":0.2,"custom_model_data":10000},"model":"fiendskullset:ia_auto_gen/fiendskullhelmet"},{"predicate":{"trim_type":0.3,"custom_model_data":10000},"model":"fiendskullset:ia_auto_gen/fiendskullhelmet"},{"predicate":{"trim_type":0.4,"custom_model_data":10000},"model":"fiendskullset:ia_auto_gen/fiendskullhelmet"},{"predicate":{"trim_type":0.5,"custom_model_data":10000},"model":"fiendskullset:ia_auto_gen/fiendskullhelmet"},{"predicate":{"trim_type":0.6,"custom_model_data":10000},"model":"fiendskullset:ia_auto_gen/fiendskullhelmet"},{"predicate":{"trim_type":0.7,"custom_model_data":10000},"model":"fiendskullset:ia_auto_gen/fiendskullhelmet"},{"predicate":{"trim_type":0.8,"custom_model_data":10000},"model":"fiendskullset:ia_auto_gen/fiendskullhelmet"},{"predicate":{"trim_type":0.9,"custom_model_data":10000},"model":"fiendskullset:ia_auto_gen/fiendskullhelmet"},{"predicate":{"trim_type":1.0,"custom_model_data":10000},"model":"fiendskullset:ia_auto_gen/fiendskullhelmet"},{"predicate":{"custom_model_data":10001},"model":"elitecreatures:ia_auto_gen/azgad_weapon_helmet1"},{"predicate":{"trim_type":0.1,"custom_model_data":10001},"model":"elitecreatures:ia_auto_gen/azgad_weapon_helmet1"},{"predicate":{"trim_type":0.2,"custom_model_data":10001},"model":"elitecreatures:ia_auto_gen/azgad_weapon_helmet1"},{"predicate":{"trim_type":0.3,"custom_model_data":10001},"model":"elitecreatures:ia_auto_gen/azgad_weapon_helmet1"},{"predicate":{"trim_type":0.4,"custom_model_data":10001},"model":"elitecreatures:ia_auto_gen/azgad_weapon_helmet1"},{"predicate":{"trim_type":0.5,"custom_model_data":10001},"model":"elitecreatures:ia_auto_gen/azgad_weapon_helmet1"},{"predicate":{"trim_type":0.6,"custom_model_data":10001},"model":"elitecreatures:ia_auto_gen/azgad_weapon_helmet1"},{"predicate":{"trim_type":0.7,"custom_model_data":10001},"model":"elitecreatures:ia_auto_gen/azgad_weapon_helmet1"},{"predicate":{"trim_type":0.8,"custom_model_data":10001},"model":"elitecreatures:ia_auto_gen/azgad_weapon_helmet1"},{"predicate":{"trim_type":0.9,"custom_model_data":10001},"model":"elitecreatures:ia_auto_gen/azgad_weapon_helmet1"},{"predicate":{"trim_type":1.0,"custom_model_data":10001},"model":"elitecreatures:ia_auto_gen/azgad_weapon_helmet1"},{"predicate":{"custom_model_data":10002},"model":"elitecreatures:ia_auto_gen/bahamut_animated_weapon_set_helmet_2"},{"predicate":{"trim_type":0.1,"custom_model_data":10002},"model":"elitecreatures:ia_auto_gen/bahamut_animated_weapon_set_helmet_2"},{"predicate":{"trim_type":0.2,"custom_model_data":10002},"model":"elitecreatures:ia_auto_gen/bahamut_animated_weapon_set_helmet_2"},{"predicate":{"trim_type":0.3,"custom_model_data":10002},"model":"elitecreatures:ia_auto_gen/bahamut_animated_weapon_set_helmet_2"},{"predicate":{"trim_type":0.4,"custom_model_data":10002},"model":"elitecreatures:ia_auto_gen/bahamut_animated_weapon_set_helmet_2"},{"predicate":{"trim_type":0.5,"custom_model_data":10002},"model":"elitecreatures:ia_auto_gen/bahamut_animated_weapon_set_helmet_2"},{"predicate":{"trim_type":0.6,"custom_model_data":10002},"model":"elitecreatures:ia_auto_gen/bahamut_animated_weapon_set_helmet_2"},{"predicate":{"trim_type":0.7,"custom_model_data":10002},"model":"elitecreatures:ia_auto_gen/bahamut_animated_weapon_set_helmet_2"},{"predicate":{"trim_type":0.8,"custom_model_data":10002},"model":"elitecreatures:ia_auto_gen/bahamut_animated_weapon_set_helmet_2"},{"predicate":{"trim_type":0.9,"custom_model_data":10002},"model":"elitecreatures:ia_auto_gen/bahamut_animated_weapon_set_helmet_2"},{"predicate":{"trim_type":1.0,"custom_model_data":10002},"model":"elitecreatures:ia_auto_gen/bahamut_animated_weapon_set_helmet_2"},{"predicate":{"custom_model_data":10003},"model":"littledragonset:ia_auto_gen/littledragonhelmet"},{"predicate":{"trim_type":0.1,"custom_model_data":10003},"model":"littledragonset:ia_auto_gen/littledragonhelmet"},{"predicate":{"trim_type":0.2,"custom_model_data":10003},"model":"littledragonset:ia_auto_gen/littledragonhelmet"},{"predicate":{"trim_type":0.3,"custom_model_data":10003},"model":"littledragonset:ia_auto_gen/littledragonhelmet"},{"predicate":{"trim_type":0.4,"custom_model_data":10003},"model":"littledragonset:ia_auto_gen/littledragonhelmet"},{"predicate":{"trim_type":0.5,"custom_model_data":10003},"model":"littledragonset:ia_auto_gen/littledragonhelmet"},{"predicate":{"trim_type":0.6,"custom_model_data":10003},"model":"littledragonset:ia_auto_gen/littledragonhelmet"},{"predicate":{"trim_type":0.7,"custom_model_data":10003},"model":"littledragonset:ia_auto_gen/littledragonhelmet"},{"predicate":{"trim_type":0.8,"custom_model_data":10003},"model":"littledragonset:ia_auto_gen/littledragonhelmet"},{"predicate":{"trim_type":0.9,"custom_model_data":10003},"model":"littledragonset:ia_auto_gen/littledragonhelmet"},{"predicate":{"trim_type":1.0,"custom_model_data":10003},"model":"littledragonset:ia_auto_gen/littledragonhelmet"},{"predicate":{"custom_model_data":10004},"model":"infernoset:ia_auto_gen/infernohelmet"},{"predicate":{"trim_type":0.1,"custom_model_data":10004},"model":"infernoset:ia_auto_gen/infernohelmet"},{"predicate":{"trim_type":0.2,"custom_model_data":10004},"model":"infernoset:ia_auto_gen/infernohelmet"},{"predicate":{"trim_type":0.3,"custom_model_data":10004},"model":"infernoset:ia_auto_gen/infernohelmet"},{"predicate":{"trim_type":0.4,"custom_model_data":10004},"model":"infernoset:ia_auto_gen/infernohelmet"},{"predicate":{"trim_type":0.5,"custom_model_data":10004},"model":"infernoset:ia_auto_gen/infernohelmet"},{"predicate":{"trim_type":0.6,"custom_model_data":10004},"model":"infernoset:ia_auto_gen/infernohelmet"},{"predicate":{"trim_type":0.7,"custom_model_data":10004},"model":"infernoset:ia_auto_gen/infernohelmet"},{"predicate":{"trim_type":0.8,"custom_model_data":10004},"model":"infernoset:ia_auto_gen/infernohelmet"},{"predicate":{"trim_type":0.9,"custom_model_data":10004},"model":"infernoset:ia_auto_gen/infernohelmet"},{"predicate":{"trim_type":1.0,"custom_model_data":10004},"model":"infernoset:ia_auto_gen/infernohelmet"},{"predicate":{"custom_model_data":10006},"model":"shogunset:ia_auto_gen/shogunhelmet"},{"predicate":{"trim_type":0.1,"custom_model_data":10006},"model":"shogunset:ia_auto_gen/shogunhelmet"},{"predicate":{"trim_type":0.2,"custom_model_data":10006},"model":"shogunset:ia_auto_gen/shogunhelmet"},{"predicate":{"trim_type":0.3,"custom_model_data":10006},"model":"shogunset:ia_auto_gen/shogunhelmet"},{"predicate":{"trim_type":0.4,"custom_model_data":10006},"model":"shogunset:ia_auto_gen/shogunhelmet"},{"predicate":{"trim_type":0.5,"custom_model_data":10006},"model":"shogunset:ia_auto_gen/shogunhelmet"},{"predicate":{"trim_type":0.6,"custom_model_data":10006},"model":"shogunset:ia_auto_gen/shogunhelmet"},{"predicate":{"trim_type":0.7,"custom_model_data":10006},"model":"shogunset:ia_auto_gen/shogunhelmet"},{"predicate":{"trim_type":0.8,"custom_model_data":10006},"model":"shogunset:ia_auto_gen/shogunhelmet"},{"predicate":{"trim_type":0.9,"custom_model_data":10006},"model":"shogunset:ia_auto_gen/shogunhelmet"},{"predicate":{"trim_type":1.0,"custom_model_data":10006},"model":"shogunset:ia_auto_gen/shogunhelmet"},{"predicate":{"custom_model_data":10007},"model":"pinkfairyset:ia_auto_gen/pinkfairyhelmet"},{"predicate":{"trim_type":0.1,"custom_model_data":10007},"model":"pinkfairyset:ia_auto_gen/pinkfairyhelmet"},{"predicate":{"trim_type":0.2,"custom_model_data":10007},"model":"pinkfairyset:ia_auto_gen/pinkfairyhelmet"},{"predicate":{"trim_type":0.3,"custom_model_data":10007},"model":"pinkfairyset:ia_auto_gen/pinkfairyhelmet"},{"predicate":{"trim_type":0.4,"custom_model_data":10007},"model":"pinkfairyset:ia_auto_gen/pinkfairyhelmet"},{"predicate":{"trim_type":0.5,"custom_model_data":10007},"model":"pinkfairyset:ia_auto_gen/pinkfairyhelmet"},{"predicate":{"trim_type":0.6,"custom_model_data":10007},"model":"pinkfairyset:ia_auto_gen/pinkfairyhelmet"},{"predicate":{"trim_type":0.7,"custom_model_data":10007},"model":"pinkfairyset:ia_auto_gen/pinkfairyhelmet"},{"predicate":{"trim_type":0.8,"custom_model_data":10007},"model":"pinkfairyset:ia_auto_gen/pinkfairyhelmet"},{"predicate":{"trim_type":0.9,"custom_model_data":10007},"model":"pinkfairyset:ia_auto_gen/pinkfairyhelmet"},{"predicate":{"trim_type":1.0,"custom_model_data":10007},"model":"pinkfairyset:ia_auto_gen/pinkfairyhelmet"},{"predicate":{"custom_model_data":10008},"model":"aetherburn_pack:ia_auto_gen/aetherburnhelmet"},{"predicate":{"trim_type":0.1,"custom_model_data":10008},"model":"aetherburn_pack:ia_auto_gen/aetherburnhelmet"},{"predicate":{"trim_type":0.2,"custom_model_data":10008},"model":"aetherburn_pack:ia_auto_gen/aetherburnhelmet"},{"predicate":{"trim_type":0.3,"custom_model_data":10008},"model":"aetherburn_pack:ia_auto_gen/aetherburnhelmet"},{"predicate":{"trim_type":0.4,"custom_model_data":10008},"model":"aetherburn_pack:ia_auto_gen/aetherburnhelmet"},{"predicate":{"trim_type":0.5,"custom_model_data":10008},"model":"aetherburn_pack:ia_auto_gen/aetherburnhelmet"},{"predicate":{"trim_type":0.6,"custom_model_data":10008},"model":"aetherburn_pack:ia_auto_gen/aetherburnhelmet"},{"predicate":{"trim_type":0.7,"custom_model_data":10008},"model":"aetherburn_pack:ia_auto_gen/aetherburnhelmet"},{"predicate":{"trim_type":0.8,"custom_model_data":10008},"model":"aetherburn_pack:ia_auto_gen/aetherburnhelmet"},{"predicate":{"trim_type":0.9,"custom_model_data":10008},"model":"aetherburn_pack:ia_auto_gen/aetherburnhelmet"},{"predicate":{"trim_type":1.0,"custom_model_data":10008},"model":"aetherburn_pack:ia_auto_gen/aetherburnhelmet"},{"predicate":{"custom_model_data":10009},"model":"frostbite_set:ia_auto_gen/frostbitehelmet"},{"predicate":{"trim_type":0.1,"custom_model_data":10009},"model":"frostbite_set:ia_auto_gen/frostbitehelmet"},{"predicate":{"trim_type":0.2,"custom_model_data":10009},"model":"frostbite_set:ia_auto_gen/frostbitehelmet"},{"predicate":{"trim_type":0.3,"custom_model_data":10009},"model":"frostbite_set:ia_auto_gen/frostbitehelmet"},{"predicate":{"trim_type":0.4,"custom_model_data":10009},"model":"frostbite_set:ia_auto_gen/frostbitehelmet"},{"predicate":{"trim_type":0.5,"custom_model_data":10009},"model":"frostbite_set:ia_auto_gen/frostbitehelmet"},{"predicate":{"trim_type":0.6,"custom_model_data":10009},"model":"frostbite_set:ia_auto_gen/frostbitehelmet"},{"predicate":{"trim_type":0.7,"custom_model_data":10009},"model":"frostbite_set:ia_auto_gen/frostbitehelmet"},{"predicate":{"trim_type":0.8,"custom_model_data":10009},"model":"frostbite_set:ia_auto_gen/frostbitehelmet"},{"predicate":{"trim_type":0.9,"custom_model_data":10009},"model":"frostbite_set:ia_auto_gen/frostbitehelmet"},{"predicate":{"trim_type":1.0,"custom_model_data":10009},"model":"frostbite_set:ia_auto_gen/frostbitehelmet"},{"predicate":{"custom_model_data":10010},"model":"item/leather_helmet"}],"textures":{"layer0":"minecraft:item/leather_helmet","layer1":"minecraft:item/leather_helmet_overlay"}}