{"parent":"minecraft:item/generated","overrides":[{"model":"minecraft:item/leather_boots_quartz_trim","predicate":{"trim_type":0.1}},{"model":"minecraft:item/leather_boots_iron_trim","predicate":{"trim_type":0.2}},{"model":"minecraft:item/leather_boots_netherite_trim","predicate":{"trim_type":0.3}},{"model":"minecraft:item/leather_boots_redstone_trim","predicate":{"trim_type":0.4}},{"model":"minecraft:item/leather_boots_copper_trim","predicate":{"trim_type":0.5}},{"model":"minecraft:item/leather_boots_gold_trim","predicate":{"trim_type":0.6}},{"model":"minecraft:item/leather_boots_emerald_trim","predicate":{"trim_type":0.7}},{"model":"minecraft:item/leather_boots_diamond_trim","predicate":{"trim_type":0.8}},{"model":"minecraft:item/leather_boots_lapis_trim","predicate":{"trim_type":0.9}},{"model":"minecraft:item/leather_boots_amethyst_trim","predicate":{"trim_type":1.0}},{"predicate":{"custom_model_data":10000},"model":"fiendskullset:ia_auto_gen/fiendskullboots"},{"predicate":{"trim_type":0.1,"custom_model_data":10000},"model":"fiendskullset:ia_auto_gen/fiendskullboots"},{"predicate":{"trim_type":0.2,"custom_model_data":10000},"model":"fiendskullset:ia_auto_gen/fiendskullboots"},{"predicate":{"trim_type":0.3,"custom_model_data":10000},"model":"fiendskullset:ia_auto_gen/fiendskullboots"},{"predicate":{"trim_type":0.4,"custom_model_data":10000},"model":"fiendskullset:ia_auto_gen/fiendskullboots"},{"predicate":{"trim_type":0.5,"custom_model_data":10000},"model":"fiendskullset:ia_auto_gen/fiendskullboots"},{"predicate":{"trim_type":0.6,"custom_model_data":10000},"model":"fiendskullset:ia_auto_gen/fiendskullboots"},{"predicate":{"trim_type":0.7,"custom_model_data":10000},"model":"fiendskullset:ia_auto_gen/fiendskullboots"},{"predicate":{"trim_type":0.8,"custom_model_data":10000},"model":"fiendskullset:ia_auto_gen/fiendskullboots"},{"predicate":{"trim_type":0.9,"custom_model_data":10000},"model":"fiendskullset:ia_auto_gen/fiendskullboots"},{"predicate":{"trim_type":1.0,"custom_model_data":10000},"model":"fiendskullset:ia_auto_gen/fiendskullboots"},{"predicate":{"custom_model_data":10001},"model":"elitecreatures:ia_auto_gen/azgad_weapon_boots"},{"predicate":{"trim_type":0.1,"custom_model_data":10001},"model":"elitecreatures:ia_auto_gen/azgad_weapon_boots"},{"predicate":{"trim_type":0.2,"custom_model_data":10001},"model":"elitecreatures:ia_auto_gen/azgad_weapon_boots"},{"predicate":{"trim_type":0.3,"custom_model_data":10001},"model":"elitecreatures:ia_auto_gen/azgad_weapon_boots"},{"predicate":{"trim_type":0.4,"custom_model_data":10001},"model":"elitecreatures:ia_auto_gen/azgad_weapon_boots"},{"predicate":{"trim_type":0.5,"custom_model_data":10001},"model":"elitecreatures:ia_auto_gen/azgad_weapon_boots"},{"predicate":{"trim_type":0.6,"custom_model_data":10001},"model":"elitecreatures:ia_auto_gen/azgad_weapon_boots"},{"predicate":{"trim_type":0.7,"custom_model_data":10001},"model":"elitecreatures:ia_auto_gen/azgad_weapon_boots"},{"predicate":{"trim_type":0.8,"custom_model_data":10001},"model":"elitecreatures:ia_auto_gen/azgad_weapon_boots"},{"predicate":{"trim_type":0.9,"custom_model_data":10001},"model":"elitecreatures:ia_auto_gen/azgad_weapon_boots"},{"predicate":{"trim_type":1.0,"custom_model_data":10001},"model":"elitecreatures:ia_auto_gen/azgad_weapon_boots"},{"predicate":{"custom_model_data":10002},"model":"dragonsoulset:ia_auto_gen/dragonsoulboots"},{"predicate":{"trim_type":0.1,"custom_model_data":10002},"model":"dragonsoulset:ia_auto_gen/dragonsoulboots"},{"predicate":{"trim_type":0.2,"custom_model_data":10002},"model":"dragonsoulset:ia_auto_gen/dragonsoulboots"},{"predicate":{"trim_type":0.3,"custom_model_data":10002},"model":"dragonsoulset:ia_auto_gen/dragonsoulboots"},{"predicate":{"trim_type":0.4,"custom_model_data":10002},"model":"dragonsoulset:ia_auto_gen/dragonsoulboots"},{"predicate":{"trim_type":0.5,"custom_model_data":10002},"model":"dragonsoulset:ia_auto_gen/dragonsoulboots"},{"predicate":{"trim_type":0.6,"custom_model_data":10002},"model":"dragonsoulset:ia_auto_gen/dragonsoulboots"},{"predicate":{"trim_type":0.7,"custom_model_data":10002},"model":"dragonsoulset:ia_auto_gen/dragonsoulboots"},{"predicate":{"trim_type":0.8,"custom_model_data":10002},"model":"dragonsoulset:ia_auto_gen/dragonsoulboots"},{"predicate":{"trim_type":0.9,"custom_model_data":10002},"model":"dragonsoulset:ia_auto_gen/dragonsoulboots"},{"predicate":{"trim_type":1.0,"custom_model_data":10002},"model":"dragonsoulset:ia_auto_gen/dragonsoulboots"},{"predicate":{"custom_model_data":10003},"model":"elitecreatures:ia_auto_gen/bahamut_animated_weapon_set_boots"},{"predicate":{"trim_type":0.1,"custom_model_data":10003},"model":"elitecreatures:ia_auto_gen/bahamut_animated_weapon_set_boots"},{"predicate":{"trim_type":0.2,"custom_model_data":10003},"model":"elitecreatures:ia_auto_gen/bahamut_animated_weapon_set_boots"},{"predicate":{"trim_type":0.3,"custom_model_data":10003},"model":"elitecreatures:ia_auto_gen/bahamut_animated_weapon_set_boots"},{"predicate":{"trim_type":0.4,"custom_model_data":10003},"model":"elitecreatures:ia_auto_gen/bahamut_animated_weapon_set_boots"},{"predicate":{"trim_type":0.5,"custom_model_data":10003},"model":"elitecreatures:ia_auto_gen/bahamut_animated_weapon_set_boots"},{"predicate":{"trim_type":0.6,"custom_model_data":10003},"model":"elitecreatures:ia_auto_gen/bahamut_animated_weapon_set_boots"},{"predicate":{"trim_type":0.7,"custom_model_data":10003},"model":"elitecreatures:ia_auto_gen/bahamut_animated_weapon_set_boots"},{"predicate":{"trim_type":0.8,"custom_model_data":10003},"model":"elitecreatures:ia_auto_gen/bahamut_animated_weapon_set_boots"},{"predicate":{"trim_type":0.9,"custom_model_data":10003},"model":"elitecreatures:ia_auto_gen/bahamut_animated_weapon_set_boots"},{"predicate":{"trim_type":1.0,"custom_model_data":10003},"model":"elitecreatures:ia_auto_gen/bahamut_animated_weapon_set_boots"},{"predicate":{"custom_model_data":10004},"model":"littledragonset:ia_auto_gen/littledragonboots"},{"predicate":{"trim_type":0.1,"custom_model_data":10004},"model":"littledragonset:ia_auto_gen/littledragonboots"},{"predicate":{"trim_type":0.2,"custom_model_data":10004},"model":"littledragonset:ia_auto_gen/littledragonboots"},{"predicate":{"trim_type":0.3,"custom_model_data":10004},"model":"littledragonset:ia_auto_gen/littledragonboots"},{"predicate":{"trim_type":0.4,"custom_model_data":10004},"model":"littledragonset:ia_auto_gen/littledragonboots"},{"predicate":{"trim_type":0.5,"custom_model_data":10004},"model":"littledragonset:ia_auto_gen/littledragonboots"},{"predicate":{"trim_type":0.6,"custom_model_data":10004},"model":"littledragonset:ia_auto_gen/littledragonboots"},{"predicate":{"trim_type":0.7,"custom_model_data":10004},"model":"littledragonset:ia_auto_gen/littledragonboots"},{"predicate":{"trim_type":0.8,"custom_model_data":10004},"model":"littledragonset:ia_auto_gen/littledragonboots"},{"predicate":{"trim_type":0.9,"custom_model_data":10004},"model":"littledragonset:ia_auto_gen/littledragonboots"},{"predicate":{"trim_type":1.0,"custom_model_data":10004},"model":"littledragonset:ia_auto_gen/littledragonboots"},{"predicate":{"custom_model_data":10005},"model":"infernoset:ia_auto_gen/infernoboots"},{"predicate":{"trim_type":0.1,"custom_model_data":10005},"model":"infernoset:ia_auto_gen/infernoboots"},{"predicate":{"trim_type":0.2,"custom_model_data":10005},"model":"infernoset:ia_auto_gen/infernoboots"},{"predicate":{"trim_type":0.3,"custom_model_data":10005},"model":"infernoset:ia_auto_gen/infernoboots"},{"predicate":{"trim_type":0.4,"custom_model_data":10005},"model":"infernoset:ia_auto_gen/infernoboots"},{"predicate":{"trim_type":0.5,"custom_model_data":10005},"model":"infernoset:ia_auto_gen/infernoboots"},{"predicate":{"trim_type":0.6,"custom_model_data":10005},"model":"infernoset:ia_auto_gen/infernoboots"},{"predicate":{"trim_type":0.7,"custom_model_data":10005},"model":"infernoset:ia_auto_gen/infernoboots"},{"predicate":{"trim_type":0.8,"custom_model_data":10005},"model":"infernoset:ia_auto_gen/infernoboots"},{"predicate":{"trim_type":0.9,"custom_model_data":10005},"model":"infernoset:ia_auto_gen/infernoboots"},{"predicate":{"trim_type":1.0,"custom_model_data":10005},"model":"infernoset:ia_auto_gen/infernoboots"},{"predicate":{"custom_model_data":10007},"model":"shogunset:ia_auto_gen/shogunboots"},{"predicate":{"trim_type":0.1,"custom_model_data":10007},"model":"shogunset:ia_auto_gen/shogunboots"},{"predicate":{"trim_type":0.2,"custom_model_data":10007},"model":"shogunset:ia_auto_gen/shogunboots"},{"predicate":{"trim_type":0.3,"custom_model_data":10007},"model":"shogunset:ia_auto_gen/shogunboots"},{"predicate":{"trim_type":0.4,"custom_model_data":10007},"model":"shogunset:ia_auto_gen/shogunboots"},{"predicate":{"trim_type":0.5,"custom_model_data":10007},"model":"shogunset:ia_auto_gen/shogunboots"},{"predicate":{"trim_type":0.6,"custom_model_data":10007},"model":"shogunset:ia_auto_gen/shogunboots"},{"predicate":{"trim_type":0.7,"custom_model_data":10007},"model":"shogunset:ia_auto_gen/shogunboots"},{"predicate":{"trim_type":0.8,"custom_model_data":10007},"model":"shogunset:ia_auto_gen/shogunboots"},{"predicate":{"trim_type":0.9,"custom_model_data":10007},"model":"shogunset:ia_auto_gen/shogunboots"},{"predicate":{"trim_type":1.0,"custom_model_data":10007},"model":"shogunset:ia_auto_gen/shogunboots"},{"predicate":{"custom_model_data":10009},"model":"pinkfairyset:ia_auto_gen/pinkfairyboots"},{"predicate":{"trim_type":0.1,"custom_model_data":10009},"model":"pinkfairyset:ia_auto_gen/pinkfairyboots"},{"predicate":{"trim_type":0.2,"custom_model_data":10009},"model":"pinkfairyset:ia_auto_gen/pinkfairyboots"},{"predicate":{"trim_type":0.3,"custom_model_data":10009},"model":"pinkfairyset:ia_auto_gen/pinkfairyboots"},{"predicate":{"trim_type":0.4,"custom_model_data":10009},"model":"pinkfairyset:ia_auto_gen/pinkfairyboots"},{"predicate":{"trim_type":0.5,"custom_model_data":10009},"model":"pinkfairyset:ia_auto_gen/pinkfairyboots"},{"predicate":{"trim_type":0.6,"custom_model_data":10009},"model":"pinkfairyset:ia_auto_gen/pinkfairyboots"},{"predicate":{"trim_type":0.7,"custom_model_data":10009},"model":"pinkfairyset:ia_auto_gen/pinkfairyboots"},{"predicate":{"trim_type":0.8,"custom_model_data":10009},"model":"pinkfairyset:ia_auto_gen/pinkfairyboots"},{"predicate":{"trim_type":0.9,"custom_model_data":10009},"model":"pinkfairyset:ia_auto_gen/pinkfairyboots"},{"predicate":{"trim_type":1.0,"custom_model_data":10009},"model":"pinkfairyset:ia_auto_gen/pinkfairyboots"},{"predicate":{"custom_model_data":10010},"model":"aetherburn_pack:ia_auto_gen/aetherburnboots"},{"predicate":{"trim_type":0.1,"custom_model_data":10010},"model":"aetherburn_pack:ia_auto_gen/aetherburnboots"},{"predicate":{"trim_type":0.2,"custom_model_data":10010},"model":"aetherburn_pack:ia_auto_gen/aetherburnboots"},{"predicate":{"trim_type":0.3,"custom_model_data":10010},"model":"aetherburn_pack:ia_auto_gen/aetherburnboots"},{"predicate":{"trim_type":0.4,"custom_model_data":10010},"model":"aetherburn_pack:ia_auto_gen/aetherburnboots"},{"predicate":{"trim_type":0.5,"custom_model_data":10010},"model":"aetherburn_pack:ia_auto_gen/aetherburnboots"},{"predicate":{"trim_type":0.6,"custom_model_data":10010},"model":"aetherburn_pack:ia_auto_gen/aetherburnboots"},{"predicate":{"trim_type":0.7,"custom_model_data":10010},"model":"aetherburn_pack:ia_auto_gen/aetherburnboots"},{"predicate":{"trim_type":0.8,"custom_model_data":10010},"model":"aetherburn_pack:ia_auto_gen/aetherburnboots"},{"predicate":{"trim_type":0.9,"custom_model_data":10010},"model":"aetherburn_pack:ia_auto_gen/aetherburnboots"},{"predicate":{"trim_type":1.0,"custom_model_data":10010},"model":"aetherburn_pack:ia_auto_gen/aetherburnboots"},{"predicate":{"custom_model_data":10011},"model":"frostbite_set:ia_auto_gen/frostbiteboots"},{"predicate":{"trim_type":0.1,"custom_model_data":10011},"model":"frostbite_set:ia_auto_gen/frostbiteboots"},{"predicate":{"trim_type":0.2,"custom_model_data":10011},"model":"frostbite_set:ia_auto_gen/frostbiteboots"},{"predicate":{"trim_type":0.3,"custom_model_data":10011},"model":"frostbite_set:ia_auto_gen/frostbiteboots"},{"predicate":{"trim_type":0.4,"custom_model_data":10011},"model":"frostbite_set:ia_auto_gen/frostbiteboots"},{"predicate":{"trim_type":0.5,"custom_model_data":10011},"model":"frostbite_set:ia_auto_gen/frostbiteboots"},{"predicate":{"trim_type":0.6,"custom_model_data":10011},"model":"frostbite_set:ia_auto_gen/frostbiteboots"},{"predicate":{"trim_type":0.7,"custom_model_data":10011},"model":"frostbite_set:ia_auto_gen/frostbiteboots"},{"predicate":{"trim_type":0.8,"custom_model_data":10011},"model":"frostbite_set:ia_auto_gen/frostbiteboots"},{"predicate":{"trim_type":0.9,"custom_model_data":10011},"model":"frostbite_set:ia_auto_gen/frostbiteboots"},{"predicate":{"trim_type":1.0,"custom_model_data":10011},"model":"frostbite_set:ia_auto_gen/frostbiteboots"},{"predicate":{"custom_model_data":10012},"model":"item/leather_boots"}],"textures":{"layer0":"minecraft:item/leather_boots","layer1":"minecraft:item/leather_boots_overlay"}}