{"parent":"minecraft:item/handheld","textures":{"layer0":"minecraft:item/netherite_pickaxe"},"overrides":[{"predicate":{"custom_model_data":10000},"model":"cosmo_pack:pickaxe"},{"predicate":{"custom_model_data":10001},"model":"elitecreatures:azgad_weapon/pickaxe"},{"predicate":{"custom_model_data":10002},"model":"starlight:pickaxe"},{"predicate":{"custom_model_data":10003},"model":"malikaset:pickaxe"},{"predicate":{"custom_model_data":10004},"model":"radiance_collection:pickaxe"},{"predicate":{"custom_model_data":10005},"model":"frighten_set:frighten_set/pickaxe"},{"predicate":{"custom_model_data":10006},"model":"azureset:pickaxe"},{"predicate":{"custom_model_data":10007},"model":"item/netherite_pickaxe"}]}