{"parent":"item/handheld","textures":{"layer0":"item/netherite_sword"},"overrides":[{"predicate":{"custom_model_data":10000},"model":"elitecreatures:azgad_weapon/dagger"},{"predicate":{"custom_model_data":10001},"model":"elitecreatures:azgad_weapon/sickle"},{"predicate":{"custom_model_data":10002},"model":"elitecreatures:azgad_weapon/spear"},{"predicate":{"custom_model_data":10003},"model":"elitecreatures:azgad_weapon/staff"},{"predicate":{"custom_model_data":10004},"model":"elitecreatures:azgad_weapon/sword"},{"predicate":{"custom_model_data":10005},"model":"elitecreatures:bahamut_animated_weapon_set/big_sword"},{"predicate":{"custom_model_data":10006},"model":"elitecreatures:bahamut_animated_weapon_set/club"},{"predicate":{"custom_model_data":10007},"model":"elitecreatures:bahamut_animated_weapon_set/dagger"},{"predicate":{"custom_model_data":10008},"model":"elitecreatures:bahamut_animated_weapon_set/halberd"},{"predicate":{"custom_model_data":10009},"model":"elitecreatures:bahamut_animated_weapon_set/spear"},{"predicate":{"custom_model_data":10010},"model":"elitecreatures:bahamut_animated_weapon_set/staff"},{"predicate":{"custom_model_data":10011},"model":"elitecreatures:bahamut_animated_weapon_set/sword"},{"predicate":{"custom_model_data":10019},"model":"shogunset:sword"},{"predicate":{"custom_model_data":10020},"model":"shogunset:hammer"},{"predicate":{"custom_model_data":10021},"model":"shogunset:scythe"},{"predicate":{"custom_model_data":10022},"model":"shogunset:spear"},{"predicate":{"custom_model_data":10023},"model":"shogunset:staff"},{"predicate":{"custom_model_data":10024},"model":"shogunset:trident"},{"predicate":{"custom_model_data":10025},"model":"shogunset:tanto"},{"predicate":{"custom_model_data":10026},"model":"littledragonset:greatsword"},{"predicate":{"custom_model_data":10027},"model":"littledragonset:hammer"},{"predicate":{"custom_model_data":10028},"model":"littledragonset:scythe"},{"predicate":{"custom_model_data":10029},"model":"littledragonset:spear"},{"predicate":{"custom_model_data":10030},"model":"littledragonset:staff"},{"predicate":{"custom_model_data":10031},"model":"littledragonset:sword"},{"predicate":{"custom_model_data":10032},"model":"littledragonset:trident"},{"predicate":{"custom_model_data":10033},"model":"infernoset:knife"},{"predicate":{"custom_model_data":10034},"model":"infernoset:hammer"},{"predicate":{"custom_model_data":10035},"model":"infernoset:scythe"},{"predicate":{"custom_model_data":10036},"model":"infernoset:spear"},{"predicate":{"custom_model_data":10037},"model":"infernoset:staff"},{"predicate":{"custom_model_data":10038},"model":"infernoset:sword"},{"predicate":{"custom_model_data":10039},"model":"infernoset:trident"},{"predicate":{"custom_model_data":10045},"model":"fiendskullset:knife"},{"predicate":{"custom_model_data":10046},"model":"fiendskullset:hammer"},{"predicate":{"custom_model_data":10047},"model":"fiendskullset:scythe"},{"predicate":{"custom_model_data":10048},"model":"fiendskullset:spear"},{"predicate":{"custom_model_data":10049},"model":"fiendskullset:staff"},{"predicate":{"custom_model_data":10050},"model":"fiendskullset:sword"},{"predicate":{"custom_model_data":10051},"model":"fiendskullset:trident"},{"predicate":{"custom_model_data":10052},"model":"aetherburn_pack:battle_axe"},{"predicate":{"custom_model_data":10053},"model":"aetherburn_pack:sickle"},{"predicate":{"custom_model_data":10054},"model":"aetherburn_pack:spear"},{"predicate":{"custom_model_data":10055},"model":"aetherburn_pack:staff"},{"predicate":{"custom_model_data":10056},"model":"aetherburn_pack:sword"},{"predicate":{"custom_model_data":10057},"model":"pinkfairyset:greatsword"},{"predicate":{"custom_model_data":10058},"model":"pinkfairyset:hammer"},{"predicate":{"custom_model_data":10059},"model":"pinkfairyset:scythe"},{"predicate":{"custom_model_data":10060},"model":"pinkfairyset:spear"},{"predicate":{"custom_model_data":10061},"model":"pinkfairyset:staff"},{"predicate":{"custom_model_data":10062},"model":"pinkfairyset:sword"},{"predicate":{"custom_model_data":10063},"model":"pinkfairyset:trident"},{"predicate":{"custom_model_data":10064},"model":"frostbite_set:scythe"},{"predicate":{"custom_model_data":10065},"model":"frostbite_set:spear"},{"predicate":{"custom_model_data":10066},"model":"frostbite_set:staff"},{"predicate":{"custom_model_data":10067},"model":"frostbite_set:sword"},{"predicate":{"custom_model_data":10068},"model":"frostbite_set:trident"},{"predicate":{"custom_model_data":50001},"model":"item/toolskins/atlantis/sword"},{"predicate":{"custom_model_data":50002},"model":"item/toolskins/celestial/sword"},{"predicate":{"custom_model_data":50003},"model":"item/toolskins/crimson/sword"},{"predicate":{"custom_model_data":50004},"model":"item/toolskins/devil/sword"},{"predicate":{"custom_model_data":50005},"model":"item/toolskins/emerald/sword"},{"predicate":{"custom_model_data":50006},"model":"item/toolskins/halloween/sword"},{"predicate":{"custom_model_data":50007},"model":"item/toolskins/heaven/sword"},{"predicate":{"custom_model_data":50008},"model":"item/toolskins/monster/sword"},{"predicate":{"custom_model_data":50009},"model":"item/toolskins/moon/sword"},{"predicate":{"custom_model_data":50010},"model":"item/toolskins/mud/sword"},{"predicate":{"custom_model_data":50011},"model":"item/toolskins/nether/sword"},{"predicate":{"custom_model_data":50012},"model":"item/toolskins/panther/sword"},{"predicate":{"custom_model_data":50013},"model":"item/toolskins/pegasus/sword"},{"predicate":{"custom_model_data":50014},"model":"item/toolskins/radiant/sword"},{"predicate":{"custom_model_data":50015},"model":"item/toolskins/thunder/sword"},{"predicate":{"custom_model_data":50016},"model":"item/toolskins/twilight/sword"},{"predicate":{"custom_model_data":50017},"model":"item/toolskins/warrior/sword"},{"predicate":{"custom_model_data":50018},"model":"item/netherite_sword"}]}