{"parent":"item/generated","textures":{"layer0":"item/paper"},"overrides":[{"predicate":{"custom_model_data":2001},"model":"item/icons/helpmenu/auction"},{"predicate":{"custom_model_data":2002},"model":"item/icons/helpmenu/coinshop"},{"predicate":{"custom_model_data":2003},"model":"item/icons/helpmenu/cosmetics"},{"predicate":{"custom_model_data":2004},"model":"item/icons/helpmenu/deliveries"},{"predicate":{"custom_model_data":2005},"model":"item/icons/helpmenu/factories"},{"predicate":{"custom_model_data":2006},"model":"item/icons/helpmenu/jobs"},{"predicate":{"custom_model_data":2007},"model":"item/icons/helpmenu/kits"},{"predicate":{"custom_model_data":2008},"model":"item/icons/helpmenu/leaderboards"},{"predicate":{"custom_model_data":2009},"model":"item/icons/helpmenu/levels"},{"predicate":{"custom_model_data":2010},"model":"item/icons/helpmenu/pw"},{"predicate":{"custom_model_data":2011},"model":"item/icons/helpmenu/rewards"},{"predicate":{"custom_model_data":2012},"model":"item/icons/helpmenu/rtp"},{"predicate":{"custom_model_data":2013},"model":"item/icons/helpmenu/shop"},{"predicate":{"custom_model_data":2014},"model":"item/icons/helpmenu/skills"},{"predicate":{"custom_model_data":2015},"model":"item/icons/helpmenu/store"},{"predicate":{"custom_model_data":2016},"model":"item/icons/helpmenu/tags"},{"predicate":{"custom_model_data":2017},"model":"item/icons/helpmenu/teams"},{"predicate":{"custom_model_data":2018},"model":"item/icons/helpmenu/warps"},{"predicate":{"custom_model_data":2019},"model":"item/icons/helpmenu/weekendgrinder"},{"predicate":{"custom_model_data":2020},"model":"item/icons/helpmenu/quests"},{"predicate":{"custom_model_data":2021},"model":"item/icons/helpmenu/dailyquests"},{"predicate":{"custom_model_data":2022},"model":"item/icons/helpmenu/chat"},{"predicate":{"custom_model_data":3001},"model":"item/icons/keys/vote"},{"predicate":{"custom_model_data":3002},"model":"item/icons/keys/common"},{"predicate":{"custom_model_data":3003},"model":"item/icons/keys/rare"},{"predicate":{"custom_model_data":3004},"model":"item/icons/keys/epic"},{"predicate":{"custom_model_data":3005},"model":"item/icons/keys/superior"},{"predicate":{"custom_model_data":3006},"model":"item/icons/crates/coin"},{"predicate":{"custom_model_data":3007},"model":"item/icons/crates/factories"},{"predicate":{"custom_model_data":3008},"model":"item/icons/crates/money"},{"predicate":{"custom_model_data":3009},"model":"item/icons/keys/rankup"},{"predicate":{"custom_model_data":3010},"model":"item/icons/keys/white"},{"predicate":{"custom_model_data":3167},"model":"item/icons/discoverycodex/bookgreen"},{"predicate":{"custom_model_data":3168},"model":"item/icons/discoverycodex/bookred"},{"predicate":{"custom_model_data":3185},"model":"item/icons/settings/settingson"},{"predicate":{"custom_model_data":3186},"model":"item/icons/settings/settingsoff"},{"predicate":{"custom_model_data":3301},"model":"item/icons/battlepass/chest"},{"predicate":{"custom_model_data":3302},"model":"item/icons/battlepass/chestopen"},{"predicate":{"custom_model_data":3303},"model":"item/icons/battlepass/chestfull"},{"predicate":{"custom_model_data":3304},"model":"item/icons/battlepass/chestdark"},{"predicate":{"custom_model_data":3305},"model":"item/icons/battlepass/book"},{"predicate":{"custom_model_data":3306},"model":"item/icons/battlepass/bookdark"},{"predicate":{"custom_model_data":3401},"model":"item/icons/shop/plus"},{"predicate":{"custom_model_data":3402},"model":"item/icons/shop/minus"},{"predicate":{"custom_model_data":3403},"model":"item/icons/shop/set"},{"predicate":{"custom_model_data":3404},"model":"item/icons/shop/check"},{"predicate":{"custom_model_data":3501},"model":"item/icons/rewards/rewardclosedone"},{"predicate":{"custom_model_data":3502},"model":"item/icons/rewards/rewardclosedthree"},{"predicate":{"custom_model_data":3503},"model":"item/icons/rewards/rewardclosedtwo"},{"predicate":{"custom_model_data":3504},"model":"item/icons/rewards/rewardone"},{"predicate":{"custom_model_data":3505},"model":"item/icons/rewards/rewardthree"},{"predicate":{"custom_model_data":3506},"model":"item/icons/rewards/rewardtwo"},{"predicate":{"custom_model_data":3655},"model":"item/icons/kits/knight"},{"predicate":{"custom_model_data":3656},"model":"item/icons/kits/lord"},{"predicate":{"custom_model_data":3657},"model":"item/icons/kits/paladin"},{"predicate":{"custom_model_data":3658},"model":"item/icons/kits/duke"},{"predicate":{"custom_model_data":3659},"model":"item/icons/kits/king"},{"predicate":{"custom_model_data":4001},"model":"item/icons/battlepass/green"},{"predicate":{"custom_model_data":4002},"model":"item/icons/battlepass/yellow"},{"predicate":{"custom_model_data":4003},"model":"item/icons/battlepass/red"},{"predicate":{"custom_model_data":4101},"model":"item/icons/tagsmenus/iconall"},{"predicate":{"custom_model_data":4102},"model":"item/icons/tagsmenus/iconanimals"},{"predicate":{"custom_model_data":4103},"model":"item/icons/tagsmenus/icongames"},{"predicate":{"custom_model_data":4104},"model":"item/icons/tagsmenus/iconicons"},{"predicate":{"custom_model_data":4105},"model":"item/icons/tagsmenus/iconmovies"},{"predicate":{"custom_model_data":4106},"model":"item/icons/tagsmenus/iconothers"},{"predicate":{"custom_model_data":4107},"model":"item/icons/tagsmenus/iconpizza"},{"predicate":{"custom_model_data":4108},"model":"item/icons/tagsmenus/northamerica"},{"predicate":{"custom_model_data":4109},"model":"item/icons/tagsmenus/southamerica"},{"predicate":{"custom_model_data":4110},"model":"item/icons/tagsmenus/europe"},{"predicate":{"custom_model_data":4111},"model":"item/icons/tagsmenus/africa"},{"predicate":{"custom_model_data":4112},"model":"item/icons/tagsmenus/asia"},{"predicate":{"custom_model_data":4113},"model":"item/icons/tagsmenus/australia"},{"predicate":{"custom_model_data":4114},"model":"item/icons/tagsmenus/all"},{"predicate":{"custom_model_data":5301},"model":"item/icons/playtimelevels/levelgreen"},{"predicate":{"custom_model_data":5302},"model":"item/icons/playtimelevels/levelyellow"},{"predicate":{"custom_model_data":5303},"model":"item/icons/playtimelevels/levelred"},{"predicate":{"custom_model_data":5310},"model":"item/icons/quests/questlocked"},{"predicate":{"custom_model_data":5311},"model":"item/icons/quests/questorange"},{"predicate":{"custom_model_data":5312},"model":"item/icons/quests/questgreen"},{"predicate":{"custom_model_data":5711},"model":"item/icons/jobs/check"},{"predicate":{"custom_model_data":5712},"model":"item/icons/jobs/chest"},{"predicate":{"custom_model_data":5712},"model":"item/icons/deliveries/chest"},{"predicate":{"custom_model_data":5713},"model":"item/icons/jobs/chestopen"},{"predicate":{"custom_model_data":5713},"model":"item/icons/deliveries/chestopen"},{"predicate":{"custom_model_data":5714},"model":"item/icons/jobs/chestfull"},{"predicate":{"custom_model_data":5714},"model":"item/icons/deliveries/chestfull"},{"predicate":{"custom_model_data":5715},"model":"item/icons/jobs/chestlocked"},{"predicate":{"custom_model_data":5715},"model":"item/icons/deliveries/chestlocked"},{"predicate":{"custom_model_data":5831},"model":"item/icons/deliveries/standarddelivery"},{"predicate":{"custom_model_data":5832},"model":"item/icons/deliveries/expressdelivery"},{"predicate":{"custom_model_data":5833},"model":"item/icons/deliveries/lightningdelivery"},{"predicate":{"custom_model_data":5962},"model":"item/icons/skills/levelgreen"},{"predicate":{"custom_model_data":5963},"model":"item/icons/skills/levelred"},{"predicate":{"custom_model_data":5964},"model":"item/icons/skills/levelyellow"},{"predicate":{"custom_model_data":5972},"model":"item/icons/coinshop/backpacks"},{"predicate":{"custom_model_data":5973},"model":"item/icons/coinshop/emotes"},{"predicate":{"custom_model_data":5974},"model":"item/icons/coinshop/pets"},{"predicate":{"custom_model_data":5975},"model":"item/icons/coinshop/copperbackpack"},{"predicate":{"custom_model_data":5976},"model":"item/icons/coinshop/silverbackpack"},{"predicate":{"custom_model_data":5977},"model":"item/icons/coinshop/goldbackpack"},{"predicate":{"custom_model_data":5978},"model":"item/icons/coinshop/diamondbackpack"},{"predicate":{"custom_model_data":5979},"model":"item/icons/coinshop/netheritebackpack"},{"predicate":{"custom_model_data":5980},"model":"item/icons/coinshop/furniture"},{"predicate":{"custom_model_data":6001},"model":"item/icons/factories/research/oil"},{"predicate":{"custom_model_data":6002},"model":"item/icons/factories/research/metals"},{"predicate":{"custom_model_data":6003},"model":"item/icons/factories/research/factory"},{"predicate":{"custom_model_data":6004},"model":"item/icons/factories/research/mechanics"},{"predicate":{"custom_model_data":6005},"model":"item/icons/factories/research/accounting"},{"predicate":{"custom_model_data":6006},"model":"item/icons/factories/research/accountingtwo"},{"predicate":{"custom_model_data":6007},"model":"item/icons/factories/research/mechanicstwo"},{"predicate":{"custom_model_data":6008},"model":"item/icons/factories/research/goldingot"},{"predicate":{"custom_model_data":6009},"model":"item/icons/factories/research/gasoline"},{"predicate":{"custom_model_data":6010},"model":"item/icons/factories/research/uranium"},{"predicate":{"custom_model_data":6011},"model":"item/icons/factories/research/diamond"},{"predicate":{"custom_model_data":6012},"model":"item/icons/factories/research/netherite"},{"predicate":{"custom_model_data":6013},"model":"item/icons/factories/research/hydrogen"},{"predicate":{"custom_model_data":6014},"model":"item/icons/factories/research/accountingthree"},{"predicate":{"custom_model_data":6015},"model":"item/icons/factories/research/mechanicsthree"},{"predicate":{"custom_model_data":6016},"model":"item/icons/factories/research/timerone"},{"predicate":{"custom_model_data":6017},"model":"item/icons/factories/research/timertwo"},{"predicate":{"custom_model_data":6018},"model":"item/icons/factories/research/timerthree"},{"predicate":{"custom_model_data":6019},"model":"item/icons/factories/research/timerfour"},{"predicate":{"custom_model_data":8001},"model":"item/icons/factories/lockedfactories/lockedwheat"},{"predicate":{"custom_model_data":8002},"model":"item/icons/factories/lockedfactories/lockedbook"},{"predicate":{"custom_model_data":8003},"model":"item/icons/factories/lockedfactories/lockedbrick"},{"predicate":{"custom_model_data":8004},"model":"item/icons/factories/lockedfactories/lockedcharcoal"},{"predicate":{"custom_model_data":8005},"model":"item/icons/factories/lockedfactories/lockedcopperingot"},{"predicate":{"custom_model_data":8006},"model":"item/icons/factories/lockedfactories/lockeddiamond"},{"predicate":{"custom_model_data":8007},"model":"item/icons/factories/lockedfactories/lockedfirework"},{"predicate":{"custom_model_data":8008},"model":"item/icons/factories/lockedfactories/lockedgasoline"},{"predicate":{"custom_model_data":8009},"model":"item/icons/factories/lockedfactories/lockedgoldingot"},{"predicate":{"custom_model_data":8010},"model":"item/icons/factories/lockedfactories/lockedhydrogen"},{"predicate":{"custom_model_data":8011},"model":"item/icons/factories/lockedfactories/lockedironingot"},{"predicate":{"custom_model_data":8012},"model":"item/icons/factories/lockedfactories/lockeditemframe"},{"predicate":{"custom_model_data":8013},"model":"item/icons/factories/lockedfactories/lockednetherite"},{"predicate":{"custom_model_data":8014},"model":"item/icons/factories/lockedfactories/lockednetherstar"},{"predicate":{"custom_model_data":8015},"model":"item/icons/factories/lockedfactories/lockedoil"},{"predicate":{"custom_model_data":8016},"model":"item/icons/factories/lockedfactories/lockedquartz"},{"predicate":{"custom_model_data":8017},"model":"item/icons/factories/lockedfactories/lockedstring"},{"predicate":{"custom_model_data":8018},"model":"item/icons/factories/lockedfactories/lockeduranium"},{"predicate":{"custom_model_data":8019},"model":"item/icons/factories/lockedfactories/lockedarrow"},{"predicate":{"custom_model_data":10000},"model":"_iainternal:ia_auto_gen/icon_left_blue"},{"predicate":{"custom_model_data":10001},"model":"_iainternal:ia_auto_gen/icon_right_blue"},{"predicate":{"custom_model_data":10002},"model":"_iainternal:ia_auto_gen/icon_search"},{"predicate":{"custom_model_data":10003},"model":"_iainternal:ia_auto_gen/icon_cancel"},{"predicate":{"custom_model_data":10004},"model":"_iainternal:ia_auto_gen/icon_arrow_chest"},{"predicate":{"custom_model_data":10005},"model":"_iainternal:ia_auto_gen/icon_back_orange"},{"predicate":{"custom_model_data":10006},"model":"_iainternal:ia_auto_gen/icon_next_orange"},{"predicate":{"custom_model_data":10007},"model":"elitecreatures:azgad_weapon/chest"},{"predicate":{"custom_model_data":10008},"model":"elitecreatures:azgad_weapon/eggbomb"},{"predicate":{"custom_model_data":10009},"model":"elitecreatures:azgad_weapon/gun"},{"predicate":{"custom_model_data":10010},"model":"elitecreatures:azgad_weapon/helmet"},{"predicate":{"custom_model_data":10011},"model":"elitecreatures:azgad_weapon/key"},{"predicate":{"custom_model_data":10012},"model":"elitecreatures:azgad_weapon/knuckle"},{"predicate":{"custom_model_data":10013},"model":"elitecreatures:azgad_weapon/rod"},{"predicate":{"custom_model_data":10014},"model":"elitecreatures:azgad_weapon/touch"},{"predicate":{"custom_model_data":10015},"model":"elitecreatures:azgad_weapon/wings"},{"predicate":{"custom_model_data":10016},"model":"elitecreatures:bahamut_animated_weapon_set/chest"},{"predicate":{"custom_model_data":10017},"model":"elitecreatures:bahamut_animated_weapon_set/gauntlet"},{"predicate":{"custom_model_data":10018},"model":"elitecreatures:bahamut_animated_weapon_set/hat"},{"predicate":{"custom_model_data":10019},"model":"elitecreatures:bahamut_animated_weapon_set/helmet"},{"predicate":{"custom_model_data":10020},"model":"elitecreatures:bahamut_animated_weapon_set/key"},{"predicate":{"custom_model_data":10021},"model":"elitecreatures:bahamut_animated_weapon_set/wing"},{"predicate":{"custom_model_data":10022},"model":"dragonsoulset:chest"},{"predicate":{"custom_model_data":10023},"model":"dragonsoulset:chest_opening"},{"predicate":{"custom_model_data":10024},"model":"dragonsoulset:helmet"},{"predicate":{"custom_model_data":10025},"model":"dragonsoulset:key"},{"predicate":{"custom_model_data":10026},"model":"dragonsoulset:wings"},{"predicate":{"custom_model_data":10027},"model":"shogunset:key"},{"predicate":{"custom_model_data":10028},"model":"shogunset:katana_sheath"},{"predicate":{"custom_model_data":10029},"model":"shogunset:flag_backpack"},{"predicate":{"custom_model_data":10030},"model":"shogunset:helmet"},{"predicate":{"custom_model_data":10031},"model":"littledragonset:key"},{"predicate":{"custom_model_data":10032},"model":"littledragonset:backpack"},{"predicate":{"custom_model_data":10033},"model":"littledragonset:helmet"},{"predicate":{"custom_model_data":10034},"model":"littledragonset:little_dragon"},{"predicate":{"custom_model_data":10035},"model":"littledragonset:wings"},{"predicate":{"custom_model_data":10036},"model":"infernoset:key"},{"predicate":{"custom_model_data":10037},"model":"infernoset:backpack"},{"predicate":{"custom_model_data":10038},"model":"infernoset:wings"},{"predicate":{"custom_model_data":10039},"model":"infernoset:helmet"},{"predicate":{"custom_model_data":10040},"model":"elitecreatures:elite_crates/icechest"},{"predicate":{"custom_model_data":10041},"model":"elitecreatures:elite_crates/icekey"},{"predicate":{"custom_model_data":10042},"model":"elitecreatures:elite_crates/naturechest"},{"predicate":{"custom_model_data":10043},"model":"elitecreatures:elite_crates/lovechest"},{"predicate":{"custom_model_data":10044},"model":"elitecreatures:elite_crates/windchest"},{"predicate":{"custom_model_data":10045},"model":"elitecreatures:elite_crates/lavachest"},{"predicate":{"custom_model_data":10046},"model":"elitecreatures:elite_crates/lavakey"},{"predicate":{"custom_model_data":10047},"model":"elitecreatures:elite_crates/naturekey"},{"predicate":{"custom_model_data":10048},"model":"fiendskullset:key"},{"predicate":{"custom_model_data":10049},"model":"fiendskullset:backpack"},{"predicate":{"custom_model_data":10050},"model":"fiendskullset:cape"},{"predicate":{"custom_model_data":10051},"model":"fiendskullset:helmet"},{"predicate":{"custom_model_data":10052},"model":"frostbite_set:chest"},{"predicate":{"custom_model_data":10053},"model":"frostbite_set:helmet"},{"predicate":{"custom_model_data":10054},"model":"frostbite_set:key"},{"predicate":{"custom_model_data":10055},"model":"frostbite_set:wings"},{"predicate":{"custom_model_data":10056},"model":"aetherburn_pack:chest"},{"predicate":{"custom_model_data":10057},"model":"aetherburn_pack:key"},{"predicate":{"custom_model_data":10058},"model":"aetherburn_pack:wings"},{"predicate":{"custom_model_data":10059},"model":"pinkfairyset:key"},{"predicate":{"custom_model_data":10060},"model":"pinkfairyset:wings"},{"predicate":{"custom_model_data":10061},"model":"pinkfairyset:helmet"},{"predicate":{"custom_model_data":10062},"model":"elitecreatures:elite_crates/valentinekey"},{"predicate":{"custom_model_data":10063},"model":"elitecreatures:elite_crates/windkey"},{"predicate":{"custom_model_data":11061},"model":"item/icons/factories/processone"},{"predicate":{"custom_model_data":11062},"model":"item/icons/factories/processtwo"},{"predicate":{"custom_model_data":11063},"model":"item/icons/factories/processthree"},{"predicate":{"custom_model_data":11064},"model":"item/icons/factories/package"},{"predicate":{"custom_model_data":11065},"model":"item/icons/factories/lock"},{"predicate":{"custom_model_data":11066},"model":"item/icons/factories/lockopen"},{"predicate":{"custom_model_data":11067},"model":"item/icons/factories/oil"},{"predicate":{"custom_model_data":11068},"model":"item/icons/factories/gasoline"},{"predicate":{"custom_model_data":11069},"model":"item/icons/factories/hydrogen"},{"predicate":{"custom_model_data":11070},"model":"item/icons/factories/uranium"},{"predicate":{"custom_model_data":12501},"model":"item/icons/colors/red"},{"predicate":{"custom_model_data":12502},"model":"item/icons/colors/darkred"},{"predicate":{"custom_model_data":12503},"model":"item/icons/colors/gold"},{"predicate":{"custom_model_data":12504},"model":"item/icons/colors/yellow"},{"predicate":{"custom_model_data":12505},"model":"item/icons/colors/green"},{"predicate":{"custom_model_data":12506},"model":"item/icons/colors/darkgreen"},{"predicate":{"custom_model_data":12507},"model":"item/icons/colors/aqua"},{"predicate":{"custom_model_data":12508},"model":"item/icons/colors/darkaqua"},{"predicate":{"custom_model_data":12509},"model":"item/icons/colors/blue"},{"predicate":{"custom_model_data":12510},"model":"item/icons/colors/darkblue"},{"predicate":{"custom_model_data":12511},"model":"item/icons/colors/purple"},{"predicate":{"custom_model_data":12512},"model":"item/icons/colors/pink"},{"predicate":{"custom_model_data":12513},"model":"item/icons/colors/white"},{"predicate":{"custom_model_data":12514},"model":"item/icons/colors/gray"},{"predicate":{"custom_model_data":12515},"model":"item/icons/colors/darkgray"},{"predicate":{"custom_model_data":12516},"model":"item/icons/colors/black"},{"predicate":{"custom_model_data":12600},"model":"item/icons/icons/arrowright"},{"predicate":{"custom_model_data":12601},"model":"item/icons/icons/book"},{"predicate":{"custom_model_data":12700},"model":"item/icons/earth/mapmark"},{"predicate":{"custom_model_data":12701},"model":"item/icons/earth/map"},{"predicate":{"custom_model_data":13001},"model":"item/icons/lifesteal/hearts/heartone"},{"predicate":{"custom_model_data":13002},"model":"item/icons/lifesteal/hearts/hearttwo"},{"predicate":{"custom_model_data":13003},"model":"item/icons/lifesteal/hearts/heartthree"},{"predicate":{"custom_model_data":13004},"model":"item/icons/lifesteal/sacrifhearts/boot"},{"predicate":{"custom_model_data":13005},"model":"item/icons/lifesteal/sacrifhearts/heart"},{"predicate":{"custom_model_data":13006},"model":"item/icons/lifesteal/sacrifhearts/shield"},{"predicate":{"custom_model_data":13007},"model":"item/icons/lifesteal/sacrifhearts/sword"},{"predicate":{"custom_model_data":13107},"model":"item/icons/creative/plot"},{"predicate":{"custom_model_data":14101},"model":"item/icons/prison/prestigeone"},{"predicate":{"custom_model_data":14102},"model":"item/icons/prison/prestigetwo"},{"predicate":{"custom_model_data":14103},"model":"item/icons/prison/prestigethree"},{"predicate":{"custom_model_data":14104},"model":"item/icons/prison/prestigefour"},{"predicate":{"custom_model_data":14105},"model":"item/icons/prison/prestigefive"},{"predicate":{"custom_model_data":14106},"model":"item/icons/prison/prestigesix"},{"predicate":{"custom_model_data":14107},"model":"item/icons/prison/prestigeseven"},{"predicate":{"custom_model_data":14108},"model":"item/icons/prison/cprestigeone"},{"predicate":{"custom_model_data":14109},"model":"item/icons/prison/cprestigetwo"},{"predicate":{"custom_model_data":14110},"model":"item/icons/prison/cprestigethree"},{"predicate":{"custom_model_data":14111},"model":"item/icons/prison/cprestigefour"},{"predicate":{"custom_model_data":14112},"model":"item/icons/prison/cprestigefive"},{"predicate":{"custom_model_data":14113},"model":"item/icons/prison/cprestigesix"},{"predicate":{"custom_model_data":14114},"model":"item/icons/prison/cprestigeseven"},{"predicate":{"custom_model_data":14120},"model":"item/icons/prison/tokens"},{"predicate":{"custom_model_data":14121},"model":"item/icons/prison/rank"},{"predicate":{"custom_model_data":14122},"model":"item/icons/prison/mines"},{"predicate":{"custom_model_data":14201},"model":"item/icons/prison/enchants/efficiency"},{"predicate":{"custom_model_data":14202},"model":"item/icons/prison/enchants/fortune"},{"predicate":{"custom_model_data":14203},"model":"item/icons/prison/enchants/luckymining"},{"predicate":{"custom_model_data":14204},"model":"item/icons/prison/enchants/speed"},{"predicate":{"custom_model_data":14205},"model":"item/icons/prison/enchants/autosmelt"},{"predicate":{"custom_model_data":14206},"model":"item/icons/prison/enchants/treasurehunter"},{"predicate":{"custom_model_data":14207},"model":"item/icons/prison/enchants/nightvision"},{"predicate":{"custom_model_data":14208},"model":"item/icons/prison/enchants/collector"},{"predicate":{"custom_model_data":14209},"model":"item/icons/prison/enchants/autoblock"},{"predicate":{"custom_model_data":14210},"model":"item/icons/prison/enchants/merchant"},{"predicate":{"custom_model_data":14211},"model":"item/icons/prison/enchants/dynamite"},{"predicate":{"custom_model_data":14301},"model":"item/icons/dungeons/souls"},{"predicate":{"custom_model_data":14302},"model":"item/icons/dungeons/dungeons"},{"predicate":{"custom_model_data":15101},"model":"item/icons/rpg/stats"},{"predicate":{"custom_model_data":15102},"model":"item/icons/rpg/kits"},{"predicate":{"custom_model_data":15103},"model":"item/icons/rpg/letter"},{"predicate":{"custom_model_data":15104},"model":"item/icons/rpg/package"},{"predicate":{"custom_model_data":15105},"model":"item/icons/rpg/classxp"},{"predicate":{"custom_model_data":15106},"model":"item/icons/rpg/gemofatlantis"},{"predicate":{"custom_model_data":15121},"model":"item/icons/rpg/elixirs/bravery"},{"predicate":{"custom_model_data":15122},"model":"item/icons/rpg/elixirs/warrior"},{"predicate":{"custom_model_data":15123},"model":"item/icons/rpg/elixirs/assassin"},{"predicate":{"custom_model_data":15124},"model":"item/icons/rpg/elixirs/wizard"},{"predicate":{"custom_model_data":15125},"model":"item/icons/rpg/elixirs/archer"},{"predicate":{"custom_model_data":15126},"model":"item/icons/rpg/elixirs/ninja"},{"predicate":{"custom_model_data":15127},"model":"item/icons/rpg/elixirs/barbarian"},{"predicate":{"custom_model_data":15128},"model":"item/icons/rpg/elixirs/cleric"},{"predicate":{"custom_model_data":15129},"model":"item/icons/rpg/elixirs/viking"},{"predicate":{"custom_model_data":15130},"model":"item/icons/rpg/elixirs/alchemist"},{"predicate":{"custom_model_data":15131},"model":"item/icons/rpg/elixirs/scout"},{"predicate":{"custom_model_data":15132},"model":"item/icons/rpg/elixirs/marine"},{"predicate":{"custom_model_data":15133},"model":"item/icons/rpg/elixirs/valkyrie"},{"predicate":{"custom_model_data":15201},"model":"item/icons/rpg/abilities/aquaticbreathing"},{"predicate":{"custom_model_data":15202},"model":"item/icons/rpg/abilities/backstabbing"},{"predicate":{"custom_model_data":15203},"model":"item/icons/rpg/abilities/crushingfury"},{"predicate":{"custom_model_data":15204},"model":"item/icons/rpg/abilities/fatalarrows"},{"predicate":{"custom_model_data":15205},"model":"item/icons/rpg/abilities/firespell"},{"predicate":{"custom_model_data":15206},"model":"item/icons/rpg/abilities/healingaura"},{"predicate":{"custom_model_data":15207},"model":"item/icons/rpg/abilities/invisibilitycloak"},{"predicate":{"custom_model_data":15208},"model":"item/icons/rpg/abilities/lethalstrength"},{"predicate":{"custom_model_data":15209},"model":"item/icons/rpg/abilities/lightningstrike"},{"predicate":{"custom_model_data":15210},"model":"item/icons/rpg/abilities/nightvision"},{"predicate":{"custom_model_data":15211},"model":"item/icons/rpg/abilities/rampage"},{"predicate":{"custom_model_data":15212},"model":"item/icons/rpg/abilities/rapidspeed"},{"predicate":{"custom_model_data":15251},"model":"item/icons/rpg/abilities/8aquaticbreathing"},{"predicate":{"custom_model_data":15252},"model":"item/icons/rpg/abilities/8axemastery"},{"predicate":{"custom_model_data":15253},"model":"item/icons/rpg/abilities/8battlestand"},{"predicate":{"custom_model_data":15254},"model":"item/icons/rpg/abilities/8crushingfury"},{"predicate":{"custom_model_data":15255},"model":"item/icons/rpg/abilities/8divinerecovery"},{"predicate":{"custom_model_data":15256},"model":"item/icons/rpg/abilities/8fatalarrows"},{"predicate":{"custom_model_data":15257},"model":"item/icons/rpg/abilities/8firespell"},{"predicate":{"custom_model_data":15258},"model":"item/icons/rpg/abilities/8flyingescape"},{"predicate":{"custom_model_data":15259},"model":"item/icons/rpg/abilities/8healingaura"},{"predicate":{"custom_model_data":15260},"model":"item/icons/rpg/abilities/8invisibilitycloak"},{"predicate":{"custom_model_data":15261},"model":"item/icons/rpg/abilities/8ironfist"},{"predicate":{"custom_model_data":15262},"model":"item/icons/rpg/abilities/8lethalstrength"},{"predicate":{"custom_model_data":15263},"model":"item/icons/rpg/abilities/8lightningstrike"},{"predicate":{"custom_model_data":15264},"model":"item/icons/rpg/abilities/8marathonstamina"},{"predicate":{"custom_model_data":15265},"model":"item/icons/rpg/abilities/8nightvision"},{"predicate":{"custom_model_data":15266},"model":"item/icons/rpg/abilities/8olympicswimmer"},{"predicate":{"custom_model_data":15267},"model":"item/icons/rpg/abilities/8poisonblade"},{"predicate":{"custom_model_data":15268},"model":"item/icons/rpg/abilities/8rampage"},{"predicate":{"custom_model_data":15269},"model":"item/icons/rpg/abilities/8rapidspeed"},{"predicate":{"custom_model_data":15270},"model":"item/icons/rpg/abilities/8shadowkill"},{"predicate":{"custom_model_data":15271},"model":"item/icons/rpg/abilities/8steelframe"},{"predicate":{"custom_model_data":15272},"model":"item/icons/rpg/abilities/8swordmastery"},{"predicate":{"custom_model_data":15273},"model":"item/icons/rpg/abilities/8tridentmastery"},{"predicate":{"custom_model_data":15274},"model":"item/icons/rpg/abilities/8vitalescape"},{"predicate":{"custom_model_data":15301},"model":"item/icons/rpg/levels/completed"},{"predicate":{"custom_model_data":15302},"model":"item/icons/rpg/levels/unlocked"},{"predicate":{"custom_model_data":15303},"model":"item/icons/rpg/levels/locked"},{"predicate":{"custom_model_data":15401},"model":"item/icons/rpg/scroll/up"},{"predicate":{"custom_model_data":15402},"model":"item/icons/rpg/scroll/down"},{"predicate":{"custom_model_data":110007},"model":"item/icons/blank/blank"},{"predicate":{"custom_model_data":110008},"model":"item/paper"}]}