{"parent":"item/generated","textures":{"layer0":"item/potion_overlay","layer1":"item/potion"},"overrides":[{"predicate":{"custom_model_data":2000004},"model":"pinkfairyset:wings_cosmeticscore"},{"predicate":{"custom_model_data":2000005},"model":"pinkfairyset:wings_cosmeticscore_self"},{"predicate":{"custom_model_data":2000006},"model":"pinkfairyset:helmet"},{"predicate":{"custom_model_data":2300001},"model":"littledragonset:wings_cosmeticscore"},{"predicate":{"custom_model_data":2300002},"model":"littledragonset:wings_cosmeticscore_self"},{"predicate":{"custom_model_data":2300003},"model":"littledragonset:backpack_cosmeticscore"},{"predicate":{"custom_model_data":2300004},"model":"littledragonset:backpack_cosmeticscore_self"},{"predicate":{"custom_model_data":2300005},"model":"littledragonset:helmet"},{"predicate":{"custom_model_data":2300006},"model":"littledragonset:little_dragon"},{"predicate":{"custom_model_data":3200001},"model":"fiendskullset:cape_cosmeticscore"},{"predicate":{"custom_model_data":3200002},"model":"fiendskullset:cape_cosmeticscore_self"},{"predicate":{"custom_model_data":3200003},"model":"fiendskullset:helmet"},{"predicate":{"custom_model_data":3200004},"model":"fiendskullset:backpack_cosmeticscore"},{"predicate":{"custom_model_data":3200005},"model":"fiendskullset:backpack_cosmeticscore_self"},{"predicate":{"custom_model_data":3400001},"model":"infernoset:wings_cosmetics"},{"predicate":{"custom_model_data":3400002},"model":"infernoset:wings_cosmetics_self"},{"predicate":{"custom_model_data":3400003},"model":"infernoset:helmet"},{"predicate":{"custom_model_data":3400004},"model":"infernoset:backpack_cosmetics"},{"predicate":{"custom_model_data":3400005},"model":"infernoset:backpack_cosmetics_self"},{"predicate":{"custom_model_data":7850000},"model":"shogunset:helmet"},{"predicate":{"custom_model_data":7850001},"model":"shogunset:katana_sheath_cosmetics"},{"predicate":{"custom_model_data":7850002},"model":"shogunset:katana_sheath_cosmetics_self"},{"predicate":{"custom_model_data":7850003},"model":"shogunset:katana_sheath_cosmetics_self_2"},{"predicate":{"custom_model_data":7850004},"model":"shogunset:katana_sheath_cosmetics_normal_2"},{"predicate":{"custom_model_data":7850005},"model":"shogunset:flag_backpack_cosmetics"},{"predicate":{"custom_model_data":7850006},"model":"shogunset:flag_backpack_cosmetics_self"},{"predicate":{"custom_model_data":7850007},"model":"shogunset:flag_backpack_cosmetics_self_2"},{"predicate":{"custom_model_data":7850008},"model":"shogunset:flag_backpack_cosmetics_normal_2"},{"predicate":{"custom_model_data":9923482},"model":"frostbite_set:helmet"},{"predicate":{"custom_model_data":9923483},"model":"frostbite_set:wings_cosmetic"},{"predicate":{"custom_model_data":9923484},"model":"frostbite_set:wings_cosmetic_self"},{"predicate":{"custom_model_data":9923485},"model":"frostbite_set:wings_cosmetic_self_2"},{"predicate":{"custom_model_data":9923486},"model":"frostbite_set:wings_cosmetic_normal_2"},{"predicate":{"custom_model_data":9924786},"model":"aetherburn_pack:wings_cosmetic"},{"predicate":{"custom_model_data":9924787},"model":"aetherburn_pack:wings_cosmetic_self"},{"predicate":{"custom_model_data":9924788},"model":"aetherburn_pack:wings_cosmetic_self_2"},{"predicate":{"custom_model_data":9924789},"model":"aetherburn_pack:wings_cosmetic_normal_2"},{"predicate":{"custom_model_data":9924790},"model":"item/potion"}]}