{"parent":"item/generated","textures":{"layer0":"item/potion_overlay","layer1":"item/potion"},"overrides":[{"predicate":{"custom_model_data":2100001},"model":"azureset:wings_cosmeticscore"},{"predicate":{"custom_model_data":2100002},"model":"azureset:wings_cosmeticscore_self"},{"predicate":{"custom_model_data":2100003},"model":"azureset:helmet"},{"predicate":{"custom_model_data":8390008},"model":"starlight:wings_cosmetic"},{"predicate":{"custom_model_data":8390009},"model":"starlight:wings_cosmetic_self"},{"predicate":{"custom_model_data":8390010},"model":"starlight:wings_cosmetic_self_2"},{"predicate":{"custom_model_data":8390011},"model":"starlight:wings_cosmetic_normal_2"},{"predicate":{"custom_model_data":8390012},"model":"item/potion"}]}