{"parent":"builtin/entity","gui_light":"front","textures":{"particle":"block/dark_oak_planks"},"display":{"thirdperson_righthand":{"rotation":[0,90,0],"translation":[10,6,-4],"scale":[1,1,1]},"thirdperson_lefthand":{"rotation":[0,90,0],"translation":[10,6,12],"scale":[1,1,1]},"firstperson_righthand":{"rotation":[0,180,5],"translation":[-10,2,-10],"scale":[1.25,1.25,1.25]},"firstperson_lefthand":{"rotation":[0,180,5],"translation":[10,0,-10],"scale":[1.25,1.25,1.25]},"gui":{"rotation":[15,-25,-5],"translation":[2,3,0],"scale":[0.65,0.65,0.65]},"fixed":{"rotation":[0,180,0],"translation":[-4.5,4.5,-5],"scale":[0.55,0.55,0.55]},"ground":{"rotation":[0,0,0],"translation":[2,4,2],"scale":[0.25,0.25,0.25]}},"overrides":[{"predicate":{"blocking":1},"model":"item/shield_blocking"},{"predicate":{"custom_model_data":10000},"model":"elitecreatures:azgad_weapon/shield"},{"predicate":{"blocking":1,"custom_model_data":10000},"model":"elitecreatures:azgad_weapon/shield_blocking"},{"predicate":{"custom_model_data":10001},"model":"elitecreatures:bahamut_animated_weapon_set/shield"},{"predicate":{"blocking":1,"custom_model_data":10001},"model":"elitecreatures:bahamut_animated_weapon_set/shield_blocking"},{"predicate":{"custom_model_data":10002},"model":"dragonsoulset:shield"},{"predicate":{"blocking":1,"custom_model_data":10002},"model":"dragonsoulset:shield_blocking"},{"predicate":{"custom_model_data":10003},"model":"shogunset:shield"},{"predicate":{"blocking":1,"custom_model_data":10003},"model":"shogunset:shield_blocking"},{"predicate":{"custom_model_data":10004},"model":"littledragonset:shield"},{"predicate":{"blocking":1,"custom_model_data":10004},"model":"littledragonset:shield_blocking"},{"predicate":{"custom_model_data":10005},"model":"infernoset:shield"},{"predicate":{"blocking":1,"custom_model_data":10005},"model":"infernoset:shield_blocking"},{"predicate":{"custom_model_data":10007},"model":"fiendskullset:shield"},{"predicate":{"blocking":1,"custom_model_data":10007},"model":"fiendskullset:shield_blocking"},{"predicate":{"custom_model_data":10008},"model":"frostbite_set:shield"},{"predicate":{"blocking":1,"custom_model_data":10008},"model":"frostbite_set:shield_blocking"},{"predicate":{"custom_model_data":10009},"model":"aetherburn_pack:shield"},{"predicate":{"blocking":1,"custom_model_data":10009},"model":"aetherburn_pack:shield_blocking"},{"predicate":{"custom_model_data":10010},"model":"pinkfairyset:shield"},{"predicate":{"blocking":1,"custom_model_data":10010},"model":"pinkfairyset:shield_blocking"},{"predicate":{"custom_model_data":10011},"model":"item/shield"}]}