{"textures":{"1":"modelengine:entity/ecnpcs_vinearrow"},"elements":[{"from":[7.625,7.625,12.25],"to":[8.375,8.375,14.0],"faces":{"east":{"uv":[4.5,6.0,5.5,6.5],"tintindex":0,"rotation":0,"texture":"#1"},"south":{"uv":[3.25,6.75,3.75,7.25],"tintindex":0,"rotation":0,"texture":"#1"},"north":{"uv":[2.75,6.75,3.25,7.25],"tintindex":0,"rotation":0,"texture":"#1"},"west":{"uv":[5.5,6.0,6.5,6.5],"tintindex":0,"rotation":0,"texture":"#1"},"up":{"uv":[2.25,7.25,1.75,6.25],"tintindex":0,"rotation":0,"texture":"#1"},"down":{"uv":[2.75,6.25,2.25,7.25],"tintindex":0,"rotation":0,"texture":"#1"}}},{"from":[7.5,7.5,13.5],"to":[8.5,8.5,28.5],"faces":{"east":{"uv":[0.0,0.0,7.5,0.5],"tintindex":0,"rotation":0,"texture":"#1"},"south":{"uv":[6.75,2.0,7.25,2.5],"tintindex":0,"rotation":0,"texture":"#1"},"north":{"uv":[6.75,1.5,7.25,2.0],"tintindex":0,"rotation":0,"texture":"#1"},"west":{"uv":[0.0,0.5,7.5,1.0],"tintindex":0,"rotation":0,"texture":"#1"},"up":{"uv":[0.5,8.5,0.0,1.0],"tintindex":0,"rotation":0,"texture":"#1"},"down":{"uv":[1.0,1.0,0.5,8.5],"tintindex":0,"rotation":0,"texture":"#1"}}},{"from":[7.75,7.75,10.5],"to":[8.25,8.25,12.25],"faces":{"east":{"uv":[6.75,6.5,7.75,6.75],"tintindex":0,"rotation":0,"texture":"#1"},"south":{"uv":[6.5,7.0,6.75,7.25],"tintindex":0,"rotation":0,"texture":"#1"},"north":{"uv":[7.0,5.75,7.25,6.0],"tintindex":0,"rotation":0,"texture":"#1"},"west":{"uv":[6.75,6.75,7.75,7.0],"tintindex":0,"rotation":0,"texture":"#1"},"up":{"uv":[4.0,7.25,3.75,6.25],"tintindex":0,"rotation":0,"texture":"#1"},"down":{"uv":[1.75,6.5,1.5,7.5],"tintindex":0,"rotation":0,"texture":"#1"}}},{"from":[7.8,7.8,9.25],"to":[8.175,8.175,10.5],"faces":{"east":{"uv":[4.0,5.25,4.75,5.5],"tintindex":0,"rotation":0,"texture":"#1"},"south":{"uv":[7.0,7.0,7.25,7.25],"tintindex":0,"rotation":0,"texture":"#1"},"north":{"uv":[6.75,7.0,7.0,7.25],"tintindex":0,"rotation":0,"texture":"#1"},"west":{"uv":[7.0,4.5,7.75,4.75],"tintindex":0,"rotation":0,"texture":"#1"},"up":{"uv":[5.25,7.75,5.0,7.0],"tintindex":0,"rotation":0,"texture":"#1"},"down":{"uv":[5.5,7.0,5.25,7.75],"tintindex":0,"rotation":0,"texture":"#1"}}},{"from":[8.0,10.0,16.0],"to":[9.0,11.25,23.5],"faces":{"east":{"uv":[3.0,1.0,6.75,1.75],"tintindex":0,"rotation":0,"texture":"#1"},"south":{"uv":[5.5,6.5,6.0,7.25],"tintindex":0,"rotation":0,"texture":"#1"},"north":{"uv":[1.0,6.5,1.5,7.25],"tintindex":0,"rotation":0,"texture":"#1"},"west":{"uv":[3.0,1.75,6.75,2.5],"tintindex":0,"rotation":0,"texture":"#1"},"up":{"uv":[3.5,6.25,3.0,2.5],"tintindex":0,"rotation":0,"texture":"#1"},"down":{"uv":[4.0,2.5,3.5,6.25],"tintindex":0,"rotation":0,"texture":"#1"}},"rotation":{"origin":[8.5,10.5,26.75],"angle":-22.5,"axis":"x"}},{"from":[7.45,7.667146,26.682467],"to":[8.875,8.667147,29.682467],"faces":{"east":{"uv":[4.0,5.5,5.5,6.0],"tintindex":0,"rotation":0,"texture":"#1"},"south":{"uv":[6.0,6.5,6.75,7.0],"tintindex":0,"rotation":0,"texture":"#1"},"north":{"uv":[6.5,5.0,7.25,5.5],"tintindex":0,"rotation":0,"texture":"#1"},"west":{"uv":[5.5,4.0,7.0,4.5],"tintindex":0,"rotation":0,"texture":"#1"},"up":{"uv":[2.5,6.25,1.75,4.75],"tintindex":0,"rotation":0,"texture":"#1"},"down":{"uv":[5.5,3.5,4.75,5.0],"tintindex":0,"rotation":0,"texture":"#1"}},"rotation":{"origin":[8.0625,8.167147,27.432467],"angle":-45.0,"axis":"x"}},{"from":[7.0,7.284463,22.106346],"to":[9.125,8.284463,29.606346],"faces":{"east":{"uv":[4.0,2.5,7.75,3.0],"tintindex":0,"rotation":0,"texture":"#1"},"south":{"uv":[4.5,6.5,5.5,7.0],"tintindex":0,"rotation":0,"texture":"#1"},"north":{"uv":[2.75,6.25,3.75,6.75],"tintindex":0,"rotation":0,"texture":"#1"},"west":{"uv":[4.0,3.0,7.75,3.5],"tintindex":0,"rotation":0,"texture":"#1"},"up":{"uv":[2.0,4.75,1.0,1.0],"tintindex":0,"rotation":0,"texture":"#1"},"down":{"uv":[3.0,1.0,2.0,4.75],"tintindex":0,"rotation":0,"texture":"#1"}},"rotation":{"origin":[8.5,7.784463,26.856346],"angle":22.5,"axis":"x"}},{"from":[7.25,7.167146,21.432467],"to":[8.125,8.167147,24.432467],"faces":{"east":{"uv":[5.5,4.5,7.0,5.0],"tintindex":0,"rotation":0,"texture":"#1"},"south":{"uv":[4.5,7.0,5.0,7.5],"tintindex":0,"rotation":0,"texture":"#1"},"north":{"uv":[7.0,4.0,7.5,4.5],"tintindex":0,"rotation":0,"texture":"#1"},"west":{"uv":[5.5,5.5,7.0,6.0],"tintindex":0,"rotation":0,"texture":"#1"},"up":{"uv":[3.0,6.25,2.5,4.75],"tintindex":0,"rotation":0,"texture":"#1"},"down":{"uv":[4.5,6.0,4.0,7.5],"tintindex":0,"rotation":0,"texture":"#1"}},"rotation":{"origin":[7.8125,7.667146,22.182467],"angle":-45.0,"axis":"x"}},{"from":[7.85,7.85,8.0],"to":[8.1,8.1,9.25],"faces":{"east":{"uv":[7.0,4.75,7.75,5.0],"tintindex":0,"rotation":0,"texture":"#1"},"south":{"uv":[1.25,7.25,1.5,7.5],"tintindex":0,"rotation":0,"texture":"#1"},"north":{"uv":[1.0,7.25,1.25,7.5],"tintindex":0,"rotation":0,"texture":"#1"},"west":{"uv":[7.0,5.5,7.75,5.75],"tintindex":0,"rotation":0,"texture":"#1"},"up":{"uv":[6.25,7.75,6.0,7.0],"tintindex":0,"rotation":0,"texture":"#1"},"down":{"uv":[6.5,7.0,6.25,7.75],"tintindex":0,"rotation":0,"texture":"#1"}}},{"from":[7.0,7.284463,14.106346],"to":[8.625,8.409463,17.606346],"faces":{"east":{"uv":[4.75,5.0,6.5,5.5],"tintindex":0,"rotation":0,"texture":"#1"},"south":{"uv":[6.75,1.0,7.5,1.5],"tintindex":0,"rotation":0,"texture":"#1"},"north":{"uv":[6.5,6.0,7.25,6.5],"tintindex":0,"rotation":0,"texture":"#1"},"west":{"uv":[5.5,3.5,7.25,4.0],"tintindex":0,"rotation":0,"texture":"#1"},"up":{"uv":[4.75,5.25,4.0,3.5],"tintindex":0,"rotation":0,"texture":"#1"},"down":{"uv":[1.75,4.75,1.0,6.5],"tintindex":0,"rotation":0,"texture":"#1"}},"rotation":{"origin":[8.5,7.784463,14.856346],"angle":22.5,"axis":"x"}}],"display":{"gui":{"rotation":[30,225,0]}}}