{"credit":"Made with Blockbench","texture_size":[32,32],"textures":{"0":"ec_elitewings:v2/pre2","1":"ec_elitewings:v2/tex2","2":"ec_elitewings:v2/ani201","3":"ec_elitewings:v2/ani202","4":"ec_elitewings:v2/ani204","particle":"ec_elitewings:v2/pre2_e"},"elements":[{"from":[3.85,12,7.5],"to":[4.85,15,8.5],"rotation":{"angle":0,"axis":"y","origin":[3.5,13,8]},"faces":{"north":{"uv":[3.5,4.5,3,6],"texture":"#1"},"east":{"uv":[3.5,4,4,5.5],"texture":"#1"},"south":{"uv":[3,4.5,3.5,6],"texture":"#1"},"west":{"uv":[0,4.5,0.5,6],"texture":"#1"},"up":{"uv":[5.5,1.5,5,1],"texture":"#1"},"down":{"uv":[2,5,1.5,5.5],"texture":"#1"}}},{"from":[2.5,12,7.775],"to":[3.5,15,8.225],"rotation":{"angle":22.5,"axis":"z","origin":[3.5,13,8]},"faces":{"north":{"uv":[3,4.5,2.5,6],"texture":"#1"},"east":{"uv":[5,4,5.25,5.5],"texture":"#1"},"south":{"uv":[2.5,4.5,3,6],"texture":"#1"},"west":{"uv":[4.5,5,4.75,6.5],"texture":"#1"},"up":{"uv":[4.5,5.75,4,5.5],"texture":"#1"},"down":{"uv":[5.5,5.5,5,5.75],"texture":"#1"}}},{"from":[1.8157,14.45981,7.75],"to":[2.8157,16.45981,8.25],"rotation":{"angle":0,"axis":"y","origin":[1.8,12.45,8]},"faces":{"north":{"uv":[1.5,5,1,6],"texture":"#1"},"east":{"uv":[5.5,0,5.75,1],"texture":"#1"},"south":{"uv":[1,5,1.5,6],"texture":"#1"},"west":{"uv":[5.5,1,5.75,2],"texture":"#1"},"up":{"uv":[3.5,2.75,3,2.5],"texture":"#1"},"down":{"uv":[4.5,1,4,1.25],"texture":"#1"}}},{"from":[1.8157,16.45981,7.775],"to":[2.8157,18.45981,8.225],"rotation":{"angle":-22.5,"axis":"z","origin":[1.8,16.45,8]},"faces":{"north":{"uv":[5.5,2,5,3],"texture":"#1"},"east":{"uv":[5.5,2,5.75,3],"texture":"#1"},"south":{"uv":[5,2,5.5,3],"texture":"#1"},"west":{"uv":[3.5,5.5,3.75,6.5],"texture":"#1"},"up":{"uv":[6,5.25,5.5,5],"texture":"#1"},"down":{"uv":[6,5.5,5.5,5.75],"texture":"#1"}}},{"from":[2.59449,17.31544,7.75],"to":[4.59449,18.31544,8.25],"rotation":{"angle":22.5,"axis":"z","origin":[2.6,18.3,8]},"faces":{"north":{"uv":[6,3.5,5,4],"texture":"#1"},"east":{"uv":[0,6,0.25,6.5],"texture":"#1"},"south":{"uv":[5,3.5,6,4],"texture":"#1"},"west":{"uv":[6,0,6.25,0.5],"texture":"#1"},"up":{"uv":[6.5,4.25,5.5,4],"texture":"#1"},"down":{"uv":[6.5,4.5,5.5,4.75],"texture":"#1"}}},{"from":[0.1,8,7],"to":[3.1,11,9],"rotation":{"angle":45,"axis":"z","origin":[3.5,13,8]},"faces":{"north":{"uv":[1.5,1.5,0,3],"texture":"#1"},"east":{"uv":[0,3,1,4.5],"texture":"#1"},"south":{"uv":[0,1.5,1.5,3],"texture":"#1"},"west":{"uv":[3,0,4,1.5],"texture":"#1"},"up":{"uv":[2.5,4,1,3],"texture":"#1"},"down":{"uv":[4.5,1.5,3,2.5],"texture":"#1"}}},{"from":[1.5,9,7.25],"to":[4.5,12,8.75],"rotation":{"angle":22.5,"axis":"z","origin":[3.5,13,8]},"faces":{"north":{"uv":[3,1.5,1.5,3],"texture":"#1"},"east":{"uv":[2.5,3,3.25,4.5],"texture":"#1"},"south":{"uv":[1.5,1.5,3,3],"texture":"#1"},"west":{"uv":[3.5,2.5,4.25,4],"texture":"#1"},"up":{"uv":[5.5,0.75,4,0],"texture":"#1"},"down":{"uv":[2.5,4,1,4.75],"texture":"#1"}}},{"from":[18,0.5,8],"to":[26,22.5,8],"rotation":{"angle":-22.5,"axis":"y","origin":[18,13,8]},"faces":{"north":{"uv":[16,0,12,11],"texture":"#2"},"east":{"uv":[2.5,0,2.5,5.5],"texture":"#0"},"south":{"uv":[12,0,16,11],"texture":"#2"},"west":{"uv":[2.5,0,2.5,5.5],"texture":"#0"},"up":{"uv":[0,0,5.75,0],"texture":"#0"},"down":{"uv":[0,0,5.75,0],"texture":"#0"}}},{"from":[25.41524,8,11.06022],"to":[31.41524,24,11.06022],"rotation":{"angle":-22.5,"axis":"y","origin":[25.4,13,11]},"faces":{"north":{"uv":[15,0,12,8],"texture":"#3"},"east":{"uv":[2.5,0,2.5,5.5],"texture":"#0"},"south":{"uv":[12,0,15,8],"texture":"#3"},"west":{"uv":[2.5,0,2.5,5.5],"texture":"#0"},"up":{"uv":[0,0,5.75,0],"texture":"#0"},"down":{"uv":[0,0,5.75,0],"texture":"#0"}}},{"from":[18,0.5,8],"to":[26,22.5,8],"rotation":{"angle":22.5,"axis":"y","origin":[18,13,8]},"faces":{"north":{"uv":[8,0,4,11],"texture":"#2"},"east":{"uv":[0,0,0,11],"texture":"#2"},"south":{"uv":[4,0,8,11],"texture":"#2"},"west":{"uv":[0,0,0,11],"texture":"#2"},"up":{"uv":[0,0,5.75,0],"texture":"#0"},"down":{"uv":[0,0,5.75,0],"texture":"#0"}}},{"from":[26,2,8],"to":[32,24,8],"rotation":{"angle":22.5,"axis":"y","origin":[18,13,8]},"faces":{"north":{"uv":[6,0,3,11],"texture":"#3"},"east":{"uv":[2.5,0,2.5,5.5],"texture":"#0"},"south":{"uv":[3,0,6,11],"texture":"#3"},"west":{"uv":[2.5,0,2.5,5.5],"texture":"#0"},"up":{"uv":[0,0,5.75,0],"texture":"#0"},"down":{"uv":[0,0,5.75,0],"texture":"#0"}}},{"from":[-12,-12,8],"to":[-1,3,8],"faces":{"north":{"uv":[0,0.5,11,15.5],"texture":"#4"},"east":{"uv":[0,0,0,2.5],"texture":"#4"},"south":{"uv":[11,0.5,0,15.5],"texture":"#4"},"west":{"uv":[0,0,0,2.5],"texture":"#4"},"up":{"uv":[2.75,0,0,0],"texture":"#4"},"down":{"uv":[2.75,0,0,0],"texture":"#4"}}},{"from":[17,-12,8],"to":[28,3,8],"rotation":{"angle":0,"axis":"y","origin":[16,0,0]},"faces":{"north":{"uv":[11,0.5,0,15.5],"texture":"#4"},"east":{"uv":[0,0,0,2.5],"texture":"#4"},"south":{"uv":[0,0.5,11,15.5],"texture":"#4"},"west":{"uv":[0,0,0,2.5],"texture":"#4"},"up":{"uv":[0,0,2.75,0],"texture":"#4"},"down":{"uv":[0,0,2.75,0],"texture":"#4"}}},{"from":[18,0.5,8],"to":[26,22.5,8],"rotation":{"angle":0,"axis":"y","origin":[18,13,8]},"faces":{"north":{"uv":[4,0,0,11],"texture":"#2"},"east":{"uv":[0,0,0,11],"texture":"#2"},"south":{"uv":[0,0,4,11],"texture":"#2"},"west":{"uv":[0,0,0,11],"texture":"#2"},"up":{"uv":[0,0,5.75,0],"texture":"#2"},"down":{"uv":[0,0,5.75,0],"texture":"#2"}}},{"from":[26,2,8],"to":[32,24,8],"rotation":{"angle":0,"axis":"y","origin":[18,13,8]},"faces":{"north":{"uv":[3,0,0,11],"texture":"#3"},"east":{"uv":[2.5,0,2.5,5.5],"texture":"#3"},"south":{"uv":[0,0,3,11],"texture":"#3"},"west":{"uv":[2.5,0,2.5,5.5],"texture":"#3"},"up":{"uv":[0,0,5.75,0],"texture":"#3"},"down":{"uv":[0,0,5.75,0],"texture":"#3"}}},{"from":[23.60969,2,2.37071],"to":[29.60969,24,2.37071],"rotation":{"angle":45,"axis":"y","origin":[23.6,13,2.3]},"faces":{"north":{"uv":[9,0,6,11],"texture":"#3"},"east":{"uv":[2.5,0,2.5,5.5],"texture":"#0"},"south":{"uv":[6,0,9,11],"texture":"#3"},"west":{"uv":[2.5,0,2.5,5.5],"texture":"#0"},"up":{"uv":[0,0,5.75,0],"texture":"#0"},"down":{"uv":[0,0,5.75,0],"texture":"#0"}}},{"from":[18,0.5,8],"to":[26,22.5,8],"rotation":{"angle":45,"axis":"y","origin":[18,13,8]},"faces":{"north":{"uv":[12,0,8,11],"texture":"#2"},"east":{"uv":[2.5,0,2.5,5.5],"texture":"#0"},"south":{"uv":[8,0,12,11],"texture":"#2"},"west":{"uv":[2.5,0,2.5,5.5],"texture":"#0"},"up":{"uv":[0,0,5.75,0],"texture":"#0"},"down":{"uv":[0,0,5.75,0],"texture":"#0"}}},{"from":[8,2,8],"to":[18,24,8],"rotation":{"angle":0,"axis":"y","origin":[-2,10,8]},"faces":{"north":{"uv":[15,0,10,11],"texture":"#1"},"east":{"uv":[0,0,0,5.5],"texture":"#1"},"south":{"uv":[10,0,15,11],"texture":"#1"},"west":{"uv":[0,0,0,5.5],"texture":"#1"},"up":{"uv":[0,0,5.75,0],"texture":"#1"},"down":{"uv":[0,0,5.75,0],"texture":"#1"}}},{"from":[-2,2,8],"to":[8,24,8],"rotation":{"angle":0,"axis":"y","origin":[18,10,8]},"faces":{"north":{"uv":[10,0,15,11],"texture":"#1"},"east":{"uv":[0,0,0,5.5],"texture":"#1"},"south":{"uv":[15,0,10,11],"texture":"#1"},"west":{"uv":[0,0,0,5.5],"texture":"#1"},"up":{"uv":[5.75,0,0,0],"texture":"#1"},"down":{"uv":[5.75,0,0,0],"texture":"#1"}}},{"from":[8,-5.5,8.1],"to":[26,9.5,8.1],"rotation":{"angle":0,"axis":"y","origin":[-2,10,8]},"faces":{"north":{"uv":[10,8.25,1,15.75],"texture":"#1"},"east":{"uv":[0,0,0,5.5],"texture":"#1"},"south":{"uv":[1,8.25,10,15.75],"texture":"#1"},"west":{"uv":[0,0,0,5.5],"texture":"#1"},"up":{"uv":[0,0,5.75,0],"texture":"#1"},"down":{"uv":[0,0,5.75,0],"texture":"#1"}}},{"from":[-10,-5.5,8.1],"to":[8,9.5,8.1],"rotation":{"angle":0,"axis":"y","origin":[18,10,8]},"faces":{"north":{"uv":[1,8.25,10,15.75],"texture":"#1"},"east":{"uv":[0,0,0,5.5],"texture":"#1"},"south":{"uv":[10,8.25,1,15.75],"texture":"#1"},"west":{"uv":[0,0,0,5.5],"texture":"#1"},"up":{"uv":[5.75,0,0,0],"texture":"#1"},"down":{"uv":[5.75,0,0,0],"texture":"#1"}}},{"from":[-10,-5.5,7.9],"to":[8,9.5,7.9],"rotation":{"angle":0,"axis":"y","origin":[18,10,8]},"faces":{"north":{"uv":[1,8.25,10,15.75],"texture":"#1"},"east":{"uv":[0,0,0,5.5],"texture":"#1"},"south":{"uv":[10,8.25,1,15.75],"texture":"#1"},"west":{"uv":[0,0,0,5.5],"texture":"#1"},"up":{"uv":[5.75,0,0,0],"texture":"#1"},"down":{"uv":[5.75,0,0,0],"texture":"#1"}}},{"from":[8,-5.5,7.9],"to":[26,9.5,7.9],"rotation":{"angle":0,"axis":"y","origin":[-2,10,8]},"faces":{"north":{"uv":[10,8.25,1,15.75],"texture":"#1"},"east":{"uv":[0,0,0,5.5],"texture":"#1"},"south":{"uv":[1,8.25,10,15.75],"texture":"#1"},"west":{"uv":[0,0,0,5.5],"texture":"#1"},"up":{"uv":[0,0,5.75,0],"texture":"#1"},"down":{"uv":[0,0,5.75,0],"texture":"#1"}}},{"from":[11.5,9,7.25],"to":[14.5,12,8.75],"rotation":{"angle":-22.5,"axis":"z","origin":[12.5,13,8]},"faces":{"north":{"uv":[1.5,1.5,3,3],"texture":"#1"},"east":{"uv":[4.25,2.5,3.5,4],"texture":"#1"},"south":{"uv":[3,1.5,1.5,3],"texture":"#1"},"west":{"uv":[3.25,3,2.5,4.5],"texture":"#1"},"up":{"uv":[4,0.75,5.5,0],"texture":"#1"},"down":{"uv":[1,4,2.5,4.75],"texture":"#1"}}},{"from":[12.9,8,7],"to":[15.9,11,9],"rotation":{"angle":-45,"axis":"z","origin":[12.5,13,8]},"faces":{"north":{"uv":[0,1.5,1.5,3],"texture":"#1"},"east":{"uv":[4,0,3,1.5],"texture":"#1"},"south":{"uv":[1.5,1.5,0,3],"texture":"#1"},"west":{"uv":[1,3,0,4.5],"texture":"#1"},"up":{"uv":[1,4,2.5,3],"texture":"#1"},"down":{"uv":[3,1.5,4.5,2.5],"texture":"#1"}}},{"from":[11.40551,17.31544,7.75],"to":[13.40551,18.31544,8.25],"rotation":{"angle":-22.5,"axis":"z","origin":[13.4,18.3,8]},"faces":{"north":{"uv":[5,3.5,6,4],"texture":"#1"},"east":{"uv":[6.25,0,6,0.5],"texture":"#1"},"south":{"uv":[6,3.5,5,4],"texture":"#1"},"west":{"uv":[0.25,6,0,6.5],"texture":"#1"},"up":{"uv":[5.5,4.25,6.5,4],"texture":"#1"},"down":{"uv":[5.5,4.5,6.5,4.75],"texture":"#1"}}},{"from":[13.1843,16.45981,7.775],"to":[14.1843,18.45981,8.225],"rotation":{"angle":22.5,"axis":"z","origin":[14.2,16.45,8]},"faces":{"north":{"uv":[5,2,5.5,3],"texture":"#1"},"east":{"uv":[3.75,5.5,3.5,6.5],"texture":"#1"},"south":{"uv":[5.5,2,5,3],"texture":"#1"},"west":{"uv":[5.75,2,5.5,3],"texture":"#1"},"up":{"uv":[5.5,5.25,6,5],"texture":"#1"},"down":{"uv":[5.5,5.5,6,5.75],"texture":"#1"}}},{"from":[13.1843,14.45981,7.75],"to":[14.1843,16.45981,8.25],"rotation":{"angle":0,"axis":"y","origin":[14.2,12.45,8]},"faces":{"north":{"uv":[1,5,1.5,6],"texture":"#1"},"east":{"uv":[5.75,1,5.5,2],"texture":"#1"},"south":{"uv":[1.5,5,1,6],"texture":"#1"},"west":{"uv":[5.75,0,5.5,1],"texture":"#1"},"up":{"uv":[3,2.75,3.5,2.5],"texture":"#1"},"down":{"uv":[4,1,4.5,1.25],"texture":"#1"}}},{"from":[12.5,12,7.775],"to":[13.5,15,8.225],"rotation":{"angle":-22.5,"axis":"z","origin":[12.5,13,8]},"faces":{"north":{"uv":[2.5,4.5,3,6],"texture":"#1"},"east":{"uv":[4.75,5,4.5,6.5],"texture":"#1"},"south":{"uv":[3,4.5,2.5,6],"texture":"#1"},"west":{"uv":[5.25,4,5,5.5],"texture":"#1"},"up":{"uv":[4,5.75,4.5,5.5],"texture":"#1"},"down":{"uv":[5,5.5,5.5,5.75],"texture":"#1"}}},{"from":[11.15,12,7.5],"to":[12.15,15,8.5],"rotation":{"angle":0,"axis":"y","origin":[12.5,13,8]},"faces":{"north":{"uv":[3,4.5,3.5,6],"texture":"#1"},"east":{"uv":[0.5,4.5,0,6],"texture":"#1"},"south":{"uv":[3.5,4.5,3,6],"texture":"#1"},"west":{"uv":[4,4,3.5,5.5],"texture":"#1"},"up":{"uv":[5,1.5,5.5,1],"texture":"#1"},"down":{"uv":[1.5,5,2,5.5],"texture":"#1"}}},{"from":[23.67071,2,-3.70969],"to":[23.67071,24,2.29031],"rotation":{"angle":-22.5,"axis":"y","origin":[23.6,13,2.3]},"faces":{"north":{"uv":[2.5,0,2.5,5.5],"texture":"#0"},"east":{"uv":[9,0,12,11],"texture":"#3"},"south":{"uv":[2.5,0,2.5,5.5],"texture":"#0"},"west":{"uv":[12,0,9,11],"texture":"#3"},"up":{"uv":[0,0,5.75,0],"rotation":270,"texture":"#0"},"down":{"uv":[0,0,5.75,0],"rotation":90,"texture":"#0"}}},{"from":[25.41524,8,11.06022],"to":[31.41524,24,11.06022],"rotation":{"angle":-45,"axis":"y","origin":[25.4,13,11]},"faces":{"north":{"uv":[15,8,12,16],"texture":"#3"},"east":{"uv":[2.5,0,2.5,5.5],"texture":"#0"},"south":{"uv":[12,8,15,16],"texture":"#3"},"west":{"uv":[2.5,0,2.5,5.5],"texture":"#0"},"up":{"uv":[0,0,5.75,0],"texture":"#0"},"down":{"uv":[0,0,5.75,0],"texture":"#0"}}},{"from":[-15.41524,8,11.06022],"to":[-9.41524,24,11.06022],"rotation":{"angle":45,"axis":"y","origin":[-9.4,13,11]},"faces":{"north":{"uv":[12,8,15,16],"texture":"#3"},"east":{"uv":[2.5,0,2.5,5.5],"texture":"#0"},"south":{"uv":[15,8,12,16],"texture":"#3"},"west":{"uv":[2.5,0,2.5,5.5],"texture":"#0"},"up":{"uv":[5.75,0,0,0],"texture":"#0"},"down":{"uv":[5.75,0,0,0],"texture":"#0"}}},{"from":[-7.67071,2,-3.70969],"to":[-7.67071,24,2.29031],"rotation":{"angle":22.5,"axis":"y","origin":[-7.6,13,2.3]},"faces":{"north":{"uv":[2.5,0,2.5,5.5],"texture":"#0"},"east":{"uv":[9,0,12,11],"texture":"#3"},"south":{"uv":[2.5,0,2.5,5.5],"texture":"#0"},"west":{"uv":[12,0,9,11],"texture":"#3"},"up":{"uv":[0,0,5.75,0],"rotation":270,"texture":"#0"},"down":{"uv":[0,0,5.75,0],"rotation":90,"texture":"#0"}}},{"from":[-10,0.5,8],"to":[-2,22.5,8],"rotation":{"angle":-45,"axis":"y","origin":[-2,13,8]},"faces":{"north":{"uv":[8,0,12,11],"texture":"#2"},"east":{"uv":[2.5,0,2.5,5.5],"texture":"#0"},"south":{"uv":[12,0,8,11],"texture":"#2"},"west":{"uv":[2.5,0,2.5,5.5],"texture":"#0"},"up":{"uv":[5.75,0,0,0],"texture":"#0"},"down":{"uv":[5.75,0,0,0],"texture":"#0"}}},{"from":[-13.60969,2,2.37071],"to":[-7.60969,24,2.37071],"rotation":{"angle":-45,"axis":"y","origin":[-7.6,13,2.3]},"faces":{"north":{"uv":[6,0,9,11],"texture":"#3"},"east":{"uv":[2.5,0,2.5,5.5],"texture":"#0"},"south":{"uv":[9,0,6,11],"texture":"#3"},"west":{"uv":[2.5,0,2.5,5.5],"texture":"#0"},"up":{"uv":[5.75,0,0,0],"texture":"#0"},"down":{"uv":[5.75,0,0,0],"texture":"#0"}}},{"from":[-16,2,8],"to":[-10,24,8],"rotation":{"angle":0,"axis":"y","origin":[-2,13,8]},"faces":{"north":{"uv":[0,0,3,11],"texture":"#3"},"east":{"uv":[2.5,0,2.5,5.5],"texture":"#3"},"south":{"uv":[3,0,0,11],"texture":"#3"},"west":{"uv":[2.5,0,2.5,5.5],"texture":"#3"},"up":{"uv":[5.75,0,0,0],"texture":"#3"},"down":{"uv":[5.75,0,0,0],"texture":"#3"}}},{"from":[-10,0.5,8],"to":[-2,22.5,8],"rotation":{"angle":0,"axis":"y","origin":[-2,13,8]},"faces":{"north":{"uv":[0,0,4,11],"texture":"#2"},"east":{"uv":[0,0,0,11],"texture":"#2"},"south":{"uv":[4,0,0,11],"texture":"#2"},"west":{"uv":[0,0,0,11],"texture":"#2"},"up":{"uv":[5.75,0,0,0],"texture":"#2"},"down":{"uv":[5.75,0,0,0],"texture":"#2"}}},{"from":[-16,2,8],"to":[-10,24,8],"rotation":{"angle":-22.5,"axis":"y","origin":[-2,13,8]},"faces":{"north":{"uv":[3,0,6,11],"texture":"#3"},"east":{"uv":[2.5,0,2.5,5.5],"texture":"#0"},"south":{"uv":[6,0,3,11],"texture":"#3"},"west":{"uv":[2.5,0,2.5,5.5],"texture":"#0"},"up":{"uv":[5.75,0,0,0],"texture":"#0"},"down":{"uv":[5.75,0,0,0],"texture":"#0"}}},{"from":[-10,0.5,8],"to":[-2,22.5,8],"rotation":{"angle":-22.5,"axis":"y","origin":[-2,13,8]},"faces":{"north":{"uv":[4,0,8,11],"texture":"#2"},"east":{"uv":[0,0,0,11],"texture":"#2"},"south":{"uv":[8,0,4,11],"texture":"#2"},"west":{"uv":[0,0,0,11],"texture":"#2"},"up":{"uv":[5.75,0,0,0],"texture":"#0"},"down":{"uv":[5.75,0,0,0],"texture":"#0"}}},{"from":[-15.41524,8,11.06022],"to":[-9.41524,24,11.06022],"rotation":{"angle":22.5,"axis":"y","origin":[-9.4,13,11]},"faces":{"north":{"uv":[12,0,15,8],"texture":"#3"},"east":{"uv":[2.5,0,2.5,5.5],"texture":"#0"},"south":{"uv":[15,0,12,8],"texture":"#3"},"west":{"uv":[2.5,0,2.5,5.5],"texture":"#0"},"up":{"uv":[5.75,0,0,0],"texture":"#0"},"down":{"uv":[5.75,0,0,0],"texture":"#0"}}},{"from":[-10,0.5,8],"to":[-2,22.5,8],"rotation":{"angle":22.5,"axis":"y","origin":[-2,13,8]},"faces":{"north":{"uv":[12,0,16,11],"texture":"#2"},"east":{"uv":[2.5,0,2.5,5.5],"texture":"#0"},"south":{"uv":[16,0,12,11],"texture":"#2"},"west":{"uv":[2.5,0,2.5,5.5],"texture":"#0"},"up":{"uv":[5.75,0,0,0],"texture":"#0"},"down":{"uv":[5.75,0,0,0],"texture":"#0"}}}],"gui_light":"front","display":{"thirdperson_righthand":{"rotation":[67.5,180,0],"translation":[0,0.75,1.25],"scale":[0.32031,0.32031,0.32031]},"thirdperson_lefthand":{"rotation":[68,0,0],"translation":[-5.25,-3.5,13.25],"scale":[1.15,1.15,1.15]},"firstperson_righthand":{"translation":[-0.5,-0.25,2.25],"scale":[0.5,0.5,0.5]},"firstperson_lefthand":{"rotation":[0,-92,0],"translation":[0.5,3,2.25],"scale":[0,0,0]},"ground":{"rotation":[70,0,0],"translation":[0,5,0],"scale":[0.5,0.5,0.5]},"gui":{"translation":[0,-0.75,0],"scale":[0.36493,0.36493,0.36493]},"head":{"rotation":[3,0,0],"translation":[0,-14.75,9.75],"scale":[1.5,1.5,1.5]},"fixed":{"rotation":[0,180,0],"translation":[0,0.75,-1.75],"scale":[1.18391,1.18391,1.18391]}},"groups":[{"name":"group","origin":[18,10,8],"color":0,"boneType":"","children":[0,1,2,3,4,5,6,7,8,9,10,11,12,13,14,15,16,17,18,19,20,21,22,23,24,25,26,27,28,29,30,31,32,33,34,35,36,37,38,39,40,41]}]}