{"credit":"112590 / 85089I3OKRBQ341VKWO95Z7L","texture_size":[32,32],"textures":{"0":"ec_elitewings:v2/tex8","1":"ec_elitewings:v2/ani801","2":"ec_elitewings:v2/ani802","particle":"ec_elitewings:v2/tex8_e"},"elements":[{"from":[-9,-13,7.875],"to":[7,3,7.875],"rotation":{"angle":0,"axis":"y","origin":[18,10,8]},"faces":{"north":{"uv":[4,12,0,16],"texture":"#0"},"east":{"uv":[0,0,0,7.75],"texture":"#0"},"south":{"uv":[0,12,4,16],"texture":"#0"},"west":{"uv":[0,0,0,7.75],"texture":"#0"},"up":{"uv":[0,0,6,0],"texture":"#0"},"down":{"uv":[0,0,6,0],"texture":"#0"}}},{"from":[9,-13,7.875],"to":[25,3,7.875],"rotation":{"angle":0,"axis":"y","origin":[-2,10,8]},"faces":{"north":{"uv":[0,12,4,16],"texture":"#0"},"east":{"uv":[0,0,0,7.75],"texture":"#0"},"south":{"uv":[4,12,0,16],"texture":"#0"},"west":{"uv":[0,0,0,7.75],"texture":"#0"},"up":{"uv":[6,0,0,0],"texture":"#0"},"down":{"uv":[6,0,0,0],"texture":"#0"}}},{"from":[-9,-13,8.125],"to":[7,3,8.125],"rotation":{"angle":0,"axis":"y","origin":[18,10,8]},"faces":{"north":{"uv":[4,12,0,16],"texture":"#0"},"east":{"uv":[0,0,0,7.75],"texture":"#0"},"south":{"uv":[0,12,4,16],"texture":"#0"},"west":{"uv":[0,0,0,7.75],"texture":"#0"},"up":{"uv":[0,0,6,0],"texture":"#0"},"down":{"uv":[0,0,6,0],"texture":"#0"}}},{"from":[9,-13,8.125],"to":[25,3,8.125],"rotation":{"angle":0,"axis":"y","origin":[-2,10,8]},"faces":{"north":{"uv":[0,12,4,16],"texture":"#0"},"east":{"uv":[0,0,0,7.75],"texture":"#0"},"south":{"uv":[4,12,0,16],"texture":"#0"},"west":{"uv":[0,0,0,7.75],"texture":"#0"},"up":{"uv":[6,0,0,0],"texture":"#0"},"down":{"uv":[6,0,0,0],"texture":"#0"}}},{"from":[-1,0,8],"to":[8,24,8],"rotation":{"angle":0,"axis":"y","origin":[18,10,8]},"faces":{"north":{"uv":[6,0,3.75,6],"texture":"#0"},"east":{"uv":[0,0,0,7.75],"texture":"#0"},"south":{"uv":[3.75,0,6,6],"texture":"#0"},"west":{"uv":[0,0,0,7.75],"texture":"#0"},"up":{"uv":[0,0,6,0],"texture":"#0"},"down":{"uv":[0,0,6,0],"texture":"#0"}}},{"from":[-15,0,8],"to":[-9,24,8],"rotation":{"angle":0,"axis":"y","origin":[-1,12,8]},"faces":{"north":{"uv":[3,0,0,12],"texture":"#2"},"east":{"uv":[0,0,0,7.75],"texture":"#2"},"south":{"uv":[0,0,3,12],"texture":"#2"},"west":{"uv":[0,0,0,7.75],"texture":"#2"},"up":{"uv":[0,0,6,0],"texture":"#2"},"down":{"uv":[0,0,6,0],"texture":"#2"}}},{"from":[-9,-3.5,8],"to":[-1,20.5,8],"rotation":{"angle":0,"axis":"y","origin":[-1,8.5,8]},"faces":{"north":{"uv":[4,0,0,12],"texture":"#1"},"east":{"uv":[0,0,0,7.75],"texture":"#1"},"south":{"uv":[0,0,4,12],"texture":"#1"},"west":{"uv":[0,0,0,7.75],"texture":"#1"},"up":{"uv":[0,0,6,0],"texture":"#1"},"down":{"uv":[0,0,6,0],"texture":"#1"}}},{"from":[-9,-3.5,8],"to":[-1,20.5,8],"rotation":{"angle":22.5,"axis":"y","origin":[-1,8.5,8]},"faces":{"north":{"uv":[8,0,4,12],"texture":"#1"},"east":{"uv":[0,0,0,7.75],"texture":"#1"},"south":{"uv":[4,0,8,12],"texture":"#1"},"west":{"uv":[0,0,0,7.75],"texture":"#1"},"up":{"uv":[0,0,6,0],"texture":"#1"},"down":{"uv":[0,0,6,0],"texture":"#1"}}},{"from":[-15,0,8],"to":[-9,24,8],"rotation":{"angle":22.5,"axis":"y","origin":[-1,12,8]},"faces":{"north":{"uv":[6,0,3,12],"texture":"#2"},"east":{"uv":[0,0,0,7.75],"texture":"#2"},"south":{"uv":[3,0,6,12],"texture":"#2"},"west":{"uv":[0,0,0,7.75],"texture":"#2"},"up":{"uv":[0,0,6,0],"texture":"#2"},"down":{"uv":[0,0,6,0],"texture":"#2"}}},{"from":[-9,-3.5,8],"to":[-1,20.5,8],"rotation":{"angle":45,"axis":"y","origin":[-1,8.5,8]},"faces":{"north":{"uv":[12,0,8,12],"texture":"#1"},"east":{"uv":[0,0,0,7.75],"texture":"#1"},"south":{"uv":[8,0,12,12],"texture":"#1"},"west":{"uv":[0,0,0,7.75],"texture":"#1"},"up":{"uv":[0,0,6,0],"texture":"#1"},"down":{"uv":[0,0,6,0],"texture":"#1"}}},{"from":[-15,0,8],"to":[-9,24,8],"rotation":{"angle":45,"axis":"y","origin":[-1,12,8]},"faces":{"north":{"uv":[9,0,6,12],"texture":"#2"},"east":{"uv":[0,0,0,7.75],"texture":"#2"},"south":{"uv":[6,0,9,12],"texture":"#2"},"west":{"uv":[0,0,0,7.75],"texture":"#2"},"up":{"uv":[0,0,6,0],"texture":"#2"},"down":{"uv":[0,0,6,0],"texture":"#2"}}},{"from":[-6.73536,0,13.65363],"to":[-6.73536,24,19.65363],"rotation":{"angle":-22.5,"axis":"y","origin":[-6.7,12,13.75]},"faces":{"north":{"uv":[0,0,0,7.75],"texture":"#2"},"east":{"uv":[9,0,12,12],"texture":"#2"},"south":{"uv":[0,0,0,7.75],"texture":"#2"},"west":{"uv":[12,0,9,12],"texture":"#2"},"up":{"uv":[0,0,6,0],"rotation":270,"texture":"#2"},"down":{"uv":[0,0,6,0],"rotation":90,"texture":"#2"}}},{"from":[-15,0,8],"to":[-9,24,8],"rotation":{"angle":-22.5,"axis":"y","origin":[-1,12,8]},"faces":{"north":{"uv":[15,0,12,12],"texture":"#2"},"east":{"uv":[0,0,0,7.75],"texture":"#2"},"south":{"uv":[12,0,15,12],"texture":"#2"},"west":{"uv":[0,0,0,7.75],"texture":"#2"},"up":{"uv":[0,0,6,0],"texture":"#2"},"down":{"uv":[0,0,6,0],"texture":"#2"}}},{"from":[25,0,8],"to":[31,24,8],"rotation":{"angle":22.5,"axis":"y","origin":[17,12,8]},"faces":{"north":{"uv":[12,0,15,12],"texture":"#2"},"east":{"uv":[0,0,0,7.75],"texture":"#2"},"south":{"uv":[15,0,12,12],"texture":"#2"},"west":{"uv":[0,0,0,7.75],"texture":"#2"},"up":{"uv":[6,0,0,0],"texture":"#2"},"down":{"uv":[6,0,0,0],"texture":"#2"}}},{"from":[22.73536,0,13.65363],"to":[22.73536,24,19.65363],"rotation":{"angle":22.5,"axis":"y","origin":[22.7,12,13.75]},"faces":{"north":{"uv":[0,0,0,7.75],"texture":"#2"},"east":{"uv":[9,0,12,12],"texture":"#2"},"south":{"uv":[0,0,0,7.75],"texture":"#2"},"west":{"uv":[12,0,9,12],"texture":"#2"},"up":{"uv":[0,0,6,0],"rotation":270,"texture":"#2"},"down":{"uv":[0,0,6,0],"rotation":90,"texture":"#2"}}},{"from":[25,0,8],"to":[31,24,8],"rotation":{"angle":-45,"axis":"y","origin":[17,12,8]},"faces":{"north":{"uv":[6,0,9,12],"texture":"#2"},"east":{"uv":[0,0,0,7.75],"texture":"#2"},"south":{"uv":[9,0,6,12],"texture":"#2"},"west":{"uv":[0,0,0,7.75],"texture":"#2"},"up":{"uv":[6,0,0,0],"texture":"#2"},"down":{"uv":[6,0,0,0],"texture":"#2"}}},{"from":[17,-3.5,8],"to":[25,20.5,8],"rotation":{"angle":-45,"axis":"y","origin":[17,8.5,8]},"faces":{"north":{"uv":[8,0,12,12],"texture":"#1"},"east":{"uv":[0,0,0,7.75],"texture":"#1"},"south":{"uv":[12,0,8,12],"texture":"#1"},"west":{"uv":[0,0,0,7.75],"texture":"#1"},"up":{"uv":[6,0,0,0],"texture":"#1"},"down":{"uv":[6,0,0,0],"texture":"#1"}}},{"from":[25,0,8],"to":[31,24,8],"rotation":{"angle":-22.5,"axis":"y","origin":[17,12,8]},"faces":{"north":{"uv":[3,0,6,12],"texture":"#2"},"east":{"uv":[0,0,0,7.75],"texture":"#2"},"south":{"uv":[6,0,3,12],"texture":"#2"},"west":{"uv":[0,0,0,7.75],"texture":"#2"},"up":{"uv":[6,0,0,0],"texture":"#2"},"down":{"uv":[6,0,0,0],"texture":"#2"}}},{"from":[17,-3.5,8],"to":[25,20.5,8],"rotation":{"angle":-22.5,"axis":"y","origin":[17,8.5,8]},"faces":{"north":{"uv":[4,0,8,12],"texture":"#1"},"east":{"uv":[0,0,0,7.75],"texture":"#1"},"south":{"uv":[8,0,4,12],"texture":"#1"},"west":{"uv":[0,0,0,7.75],"texture":"#1"},"up":{"uv":[6,0,0,0],"texture":"#1"},"down":{"uv":[6,0,0,0],"texture":"#1"}}},{"from":[17,-3.5,8],"to":[25,20.5,8],"rotation":{"angle":0,"axis":"y","origin":[17,8.5,8]},"faces":{"north":{"uv":[0,0,4,12],"texture":"#1"},"east":{"uv":[0,0,0,7.75],"texture":"#1"},"south":{"uv":[4,0,0,12],"texture":"#1"},"west":{"uv":[0,0,0,7.75],"texture":"#1"},"up":{"uv":[6,0,0,0],"texture":"#1"},"down":{"uv":[6,0,0,0],"texture":"#1"}}},{"from":[25,0,8],"to":[31,24,8],"rotation":{"angle":0,"axis":"y","origin":[17,12,8]},"faces":{"north":{"uv":[0,0,3,12],"texture":"#2"},"east":{"uv":[0,0,0,7.75],"texture":"#2"},"south":{"uv":[3,0,0,12],"texture":"#2"},"west":{"uv":[0,0,0,7.75],"texture":"#2"},"up":{"uv":[6,0,0,0],"texture":"#2"},"down":{"uv":[6,0,0,0],"texture":"#2"}}},{"from":[8,0,8],"to":[17,24,8],"rotation":{"angle":0,"axis":"y","origin":[-2,10,8]},"faces":{"north":{"uv":[3.75,0,6,6],"texture":"#0"},"east":{"uv":[0,0,0,7.75],"texture":"#0"},"south":{"uv":[6,0,3.75,6],"texture":"#0"},"west":{"uv":[0,0,0,7.75],"texture":"#0"},"up":{"uv":[6,0,0,0],"texture":"#0"},"down":{"uv":[6,0,0,0],"texture":"#0"}}}],"gui_light":"front","display":{"thirdperson_righthand":{"rotation":[67.5,180,0],"translation":[0,0.75,1.25],"scale":[0.32031,0.32031,0.32031]},"thirdperson_lefthand":{"rotation":[68,0,0],"translation":[-5.25,-5,12.25],"scale":[1.15,1.15,1.15]},"firstperson_righthand":{"translation":[-0.5,-0.25,2.25],"scale":[0.5,0.5,0.5]},"firstperson_lefthand":{"rotation":[0,-92,0],"translation":[0.5,3,2.25],"scale":[0,0,0]},"ground":{"rotation":[70,0,0],"translation":[0,5,0],"scale":[0.5,0.5,0.5]},"gui":{"translation":[0,0.75,0],"scale":[0.36493,0.36493,0.36493]},"head":{"rotation":[-2,0,0],"translation":[0,-10.75,7.25],"scale":[1.5,1.5,1.5]},"fixed":{"rotation":[0,180,0],"translation":[0,4.75,-1.75],"scale":[1.18391,1.18391,1.18391]}},"groups":[{"name":"group","origin":[-2,10,8],"color":0,"boneType":"","children":[0,1,2,3,4,5,6,7,8,9,10,11,12,13,14,15,16,17,18,19,20,21]}]}