{"credit":"Made with Blockbench","texture_size":[32,32],"textures":{"0":"ec_elitewings:v2/tex6","1":"ec_elitewings:v2/ani601","2":"ec_elitewings:v2/ani602","4":"ec_elitewings:v2/ani604","particle":"ec_elitewings:v2/tex6_e"},"elements":[{"from":[-2,-3,8],"to":[8,23,8],"rotation":{"angle":0,"axis":"y","origin":[18,10,8]},"faces":{"north":{"uv":[6,0,3.5,6.5],"texture":"#0"},"east":{"uv":[0,0,0,7.75],"texture":"#0"},"south":{"uv":[3.5,0,6,6.5],"texture":"#0"},"west":{"uv":[0,0,0,7.75],"texture":"#0"},"up":{"uv":[6,0,0,0],"texture":"#0"},"down":{"uv":[6,0,0,0],"texture":"#0"}}},{"from":[-5,-9,8],"to":[8,6,8],"rotation":{"angle":0,"axis":"y","origin":[8,1,8]},"faces":{"north":{"uv":[3.625,12.125,0.375,15.875],"texture":"#0"},"east":{"uv":[0,0,0,5.25],"texture":"#0"},"south":{"uv":[0.375,12.125,3.625,15.875],"texture":"#0"},"west":{"uv":[0,0,0,5.25],"texture":"#0"},"up":{"uv":[3.75,0,0,0],"texture":"#0"},"down":{"uv":[3.75,0,0,0],"texture":"#0"}}},{"from":[-16,4,8],"to":[-10,21,8],"rotation":{"angle":22.5,"axis":"y","origin":[-2,10,8]},"faces":{"north":{"uv":[6,0,3,8.5],"texture":"#2"},"east":{"uv":[0,0,0,7.75],"texture":"#2"},"south":{"uv":[3,0,6,8.5],"texture":"#2"},"west":{"uv":[0,0,0,7.75],"texture":"#2"},"up":{"uv":[6,0,0,0],"texture":"#2"},"down":{"uv":[6,0,0,0],"texture":"#2"}}},{"from":[-10,2.5,8],"to":[-2,19.5,8],"rotation":{"angle":22.5,"axis":"y","origin":[-2,10,8]},"faces":{"north":{"uv":[8,0,4,8.5],"texture":"#1"},"east":{"uv":[0,0,0,7.75],"texture":"#1"},"south":{"uv":[4,0,8,8.5],"texture":"#1"},"west":{"uv":[0,0,0,7.75],"texture":"#1"},"up":{"uv":[6,0,0,0],"texture":"#1"},"down":{"uv":[6,0,0,0],"texture":"#1"}}},{"from":[-10,2.5,8],"to":[-2,19.5,8],"rotation":{"angle":0,"axis":"y","origin":[-2,10,8]},"faces":{"north":{"uv":[4,0,0,8.5],"texture":"#1"},"east":{"uv":[0,0,0,7.75],"texture":"#1"},"south":{"uv":[0,0,4,8.5],"texture":"#1"},"west":{"uv":[0,0,0,7.75],"texture":"#1"},"up":{"uv":[6,0,0,0],"texture":"#1"},"down":{"uv":[6,0,0,0],"texture":"#1"}}},{"from":[-16,4,8],"to":[-10,21,8],"rotation":{"angle":0,"axis":"y","origin":[18,10,8]},"faces":{"north":{"uv":[3,0,0,8.5],"texture":"#2"},"east":{"uv":[0,0,0,7.75],"texture":"#2"},"south":{"uv":[0,0,3,8.5],"texture":"#2"},"west":{"uv":[0,0,0,7.75],"texture":"#2"},"up":{"uv":[6,0,0,0],"texture":"#2"},"down":{"uv":[6,0,0,0],"texture":"#2"}}},{"from":[-2,-3,8],"to":[8,23,8],"rotation":{"angle":0,"axis":"y","origin":[18,10,8]},"faces":{"north":{"uv":[6,0,3.5,6.5],"texture":"#0"},"east":{"uv":[0,0,0,7.75],"texture":"#0"},"south":{"uv":[3.5,0,6,6.5],"texture":"#0"},"west":{"uv":[0,0,0,7.75],"texture":"#0"},"up":{"uv":[6,0,0,0],"texture":"#0"},"down":{"uv":[6,0,0,0],"texture":"#0"}}},{"from":[-7.57322,4,13.54505],"to":[-7.57322,21,19.54505],"rotation":{"angle":-22.5,"axis":"y","origin":[-7.75,10,13.5]},"faces":{"north":{"uv":[0,0,0,7.75],"texture":"#2"},"east":{"uv":[9,0,12,8.5],"texture":"#2"},"south":{"uv":[0,0,0,7.75],"texture":"#2"},"west":{"uv":[12,0,9,8.5],"texture":"#2"},"up":{"uv":[6,0,0,0],"rotation":270,"texture":"#2"},"down":{"uv":[6,0,0,0],"rotation":90,"texture":"#2"}}},{"from":[-13.92893,4,13],"to":[-7.92893,21,13],"rotation":{"angle":45,"axis":"y","origin":[-7,10,13]},"faces":{"north":{"uv":[9,0,6,8.5],"texture":"#2"},"east":{"uv":[0,0,0,7.75],"texture":"#2"},"south":{"uv":[6,0,9,8.5],"texture":"#2"},"west":{"uv":[0,0,0,7.75],"texture":"#2"},"up":{"uv":[6,0,0,0],"texture":"#2"},"down":{"uv":[6,0,0,0],"texture":"#2"}}},{"from":[-10,2.5,8],"to":[-2,19.5,8],"rotation":{"angle":45,"axis":"y","origin":[-2,10,8]},"faces":{"north":{"uv":[12,0,8,8.5],"texture":"#1"},"east":{"uv":[0,0,0,7.75],"texture":"#1"},"south":{"uv":[8,0,12,8.5],"texture":"#1"},"west":{"uv":[0,0,0,7.75],"texture":"#1"},"up":{"uv":[6,0,0,0],"texture":"#1"},"down":{"uv":[6,0,0,0],"texture":"#1"}}},{"from":[-15.80554,5,4.97763],"to":[-9.80554,21,4.97763],"rotation":{"angle":-22.5,"axis":"y","origin":[-9.5,10,6]},"faces":{"north":{"uv":[15,0,12,8],"texture":"#2"},"east":{"uv":[0,0,0,7.75],"texture":"#2"},"south":{"uv":[12,0,15,8],"texture":"#2"},"west":{"uv":[0,0,0,7.75],"texture":"#2"},"up":{"uv":[6,0,0,0],"texture":"#2"},"down":{"uv":[6,0,0,0],"texture":"#2"}}},{"from":[-10,2.5,8],"to":[-2,19.5,8],"rotation":{"angle":-22.5,"axis":"y","origin":[-2,10,8]},"faces":{"north":{"uv":[16,0,12,8.5],"texture":"#1"},"east":{"uv":[0,0,0,7.75],"texture":"#1"},"south":{"uv":[12,0,16,8.5],"texture":"#1"},"west":{"uv":[0,0,0,7.75],"texture":"#1"},"up":{"uv":[6,0,0,0],"texture":"#1"},"down":{"uv":[6,0,0,0],"texture":"#1"}}},{"from":[-15.42285,4.5,4.90151],"to":[-9.42285,20.5,4.90151],"rotation":{"angle":-45,"axis":"y","origin":[-9.5,10,5]},"faces":{"north":{"uv":[15,8,12,16],"texture":"#2"},"east":{"uv":[0,0,0,7.75],"texture":"#2"},"south":{"uv":[12,8,15,16],"texture":"#2"},"west":{"uv":[0,0,0,7.75],"texture":"#2"},"up":{"uv":[6,0,0,0],"texture":"#2"},"down":{"uv":[6,0,0,0],"texture":"#2"}}},{"from":[25.42285,4.5,4.90151],"to":[31.42285,20.5,4.90151],"rotation":{"angle":45,"axis":"y","origin":[25.5,10,5]},"faces":{"north":{"uv":[12,8,15,16],"texture":"#2"},"east":{"uv":[0,0,0,7.75],"texture":"#2"},"south":{"uv":[15,8,12,16],"texture":"#2"},"west":{"uv":[0,0,0,7.75],"texture":"#2"},"up":{"uv":[0,0,6,0],"texture":"#2"},"down":{"uv":[0,0,6,0],"texture":"#2"}}},{"from":[18,2.5,8],"to":[26,19.5,8],"rotation":{"angle":22.5,"axis":"y","origin":[18,10,8]},"faces":{"north":{"uv":[12,0,16,8.5],"texture":"#1"},"east":{"uv":[0,0,0,7.75],"texture":"#1"},"south":{"uv":[16,0,12,8.5],"texture":"#1"},"west":{"uv":[0,0,0,7.75],"texture":"#1"},"up":{"uv":[0,0,6,0],"texture":"#1"},"down":{"uv":[0,0,6,0],"texture":"#1"}}},{"from":[25.80554,5,4.97763],"to":[31.80554,21,4.97763],"rotation":{"angle":22.5,"axis":"y","origin":[25.5,10,6]},"faces":{"north":{"uv":[12,0,15,8],"texture":"#2"},"east":{"uv":[0,0,0,7.75],"texture":"#2"},"south":{"uv":[15,0,12,8],"texture":"#2"},"west":{"uv":[0,0,0,7.75],"texture":"#2"},"up":{"uv":[0,0,6,0],"texture":"#2"},"down":{"uv":[0,0,6,0],"texture":"#2"}}},{"from":[18,2.5,8],"to":[26,19.5,8],"rotation":{"angle":-45,"axis":"y","origin":[18,10,8]},"faces":{"north":{"uv":[8,0,12,8.5],"texture":"#1"},"east":{"uv":[0,0,0,7.75],"texture":"#1"},"south":{"uv":[12,0,8,8.5],"texture":"#1"},"west":{"uv":[0,0,0,7.75],"texture":"#1"},"up":{"uv":[0,0,6,0],"texture":"#1"},"down":{"uv":[0,0,6,0],"texture":"#1"}}},{"from":[23.92893,4,13],"to":[29.92893,21,13],"rotation":{"angle":-45,"axis":"y","origin":[23,10,13]},"faces":{"north":{"uv":[6,0,9,8.5],"texture":"#2"},"east":{"uv":[0,0,0,7.75],"texture":"#2"},"south":{"uv":[9,0,6,8.5],"texture":"#2"},"west":{"uv":[0,0,0,7.75],"texture":"#2"},"up":{"uv":[0,0,6,0],"texture":"#2"},"down":{"uv":[0,0,6,0],"texture":"#2"}}},{"from":[23.57322,4,13.54505],"to":[23.57322,21,19.54505],"rotation":{"angle":22.5,"axis":"y","origin":[23.75,10,13.5]},"faces":{"north":{"uv":[0,0,0,7.75],"texture":"#2"},"east":{"uv":[9,0,12,8.5],"texture":"#2"},"south":{"uv":[0,0,0,7.75],"texture":"#2"},"west":{"uv":[12,0,9,8.5],"texture":"#2"},"up":{"uv":[6,0,0,0],"rotation":270,"texture":"#2"},"down":{"uv":[6,0,0,0],"rotation":90,"texture":"#2"}}},{"from":[8,-3,8],"to":[18,23,8],"rotation":{"angle":0,"axis":"y","origin":[-2,10,8]},"faces":{"north":{"uv":[3.5,0,6,6.5],"texture":"#0"},"east":{"uv":[0,0,0,7.75],"texture":"#0"},"south":{"uv":[6,0,3.5,6.5],"texture":"#0"},"west":{"uv":[0,0,0,7.75],"texture":"#0"},"up":{"uv":[0,0,6,0],"texture":"#0"},"down":{"uv":[0,0,6,0],"texture":"#0"}}},{"from":[26,4,8],"to":[32,21,8],"rotation":{"angle":0,"axis":"y","origin":[-2,10,8]},"faces":{"north":{"uv":[0,0,3,8.5],"texture":"#2"},"east":{"uv":[0,0,0,7.75],"texture":"#2"},"south":{"uv":[3,0,0,8.5],"texture":"#2"},"west":{"uv":[0,0,0,7.75],"texture":"#2"},"up":{"uv":[0,0,6,0],"texture":"#2"},"down":{"uv":[0,0,6,0],"texture":"#2"}}},{"from":[18,2.5,8],"to":[26,19.5,8],"rotation":{"angle":0,"axis":"y","origin":[18,10,8]},"faces":{"north":{"uv":[0,0,4,8.5],"texture":"#1"},"east":{"uv":[0,0,0,7.75],"texture":"#1"},"south":{"uv":[4,0,0,8.5],"texture":"#1"},"west":{"uv":[0,0,0,7.75],"texture":"#1"},"up":{"uv":[0,0,6,0],"texture":"#1"},"down":{"uv":[0,0,6,0],"texture":"#1"}}},{"from":[18,2.5,8],"to":[26,19.5,8],"rotation":{"angle":-22.5,"axis":"y","origin":[18,10,8]},"faces":{"north":{"uv":[4,0,8,8.5],"texture":"#1"},"east":{"uv":[0,0,0,7.75],"texture":"#1"},"south":{"uv":[8,0,4,8.5],"texture":"#1"},"west":{"uv":[0,0,0,7.75],"texture":"#1"},"up":{"uv":[0,0,6,0],"texture":"#1"},"down":{"uv":[0,0,6,0],"texture":"#1"}}},{"from":[26,4,8],"to":[32,21,8],"rotation":{"angle":-22.5,"axis":"y","origin":[18,10,8]},"faces":{"north":{"uv":[3,0,6,8.5],"texture":"#2"},"east":{"uv":[0,0,0,7.75],"texture":"#2"},"south":{"uv":[6,0,3,8.5],"texture":"#2"},"west":{"uv":[0,0,0,7.75],"texture":"#2"},"up":{"uv":[0,0,6,0],"texture":"#2"},"down":{"uv":[0,0,6,0],"texture":"#2"}}},{"from":[8,-3,8],"to":[18,23,8],"rotation":{"angle":0,"axis":"y","origin":[-2,10,8]},"faces":{"north":{"uv":[3.5,0,6,6.5],"texture":"#0"},"east":{"uv":[0,0,0,7.75],"texture":"#0"},"south":{"uv":[6,0,3.5,6.5],"texture":"#0"},"west":{"uv":[0,0,0,7.75],"texture":"#0"},"up":{"uv":[0,0,6,0],"texture":"#0"},"down":{"uv":[0,0,6,0],"texture":"#0"}}},{"from":[8,-9,8],"to":[21,6,8],"rotation":{"angle":0,"axis":"y","origin":[8,1,8]},"faces":{"north":{"uv":[0.375,12.125,3.625,15.875],"texture":"#0"},"east":{"uv":[0,0,0,5.25],"texture":"#0"},"south":{"uv":[3.625,12.125,0.375,15.875],"texture":"#0"},"west":{"uv":[0,0,0,5.25],"texture":"#0"},"up":{"uv":[0,0,3.75,0],"texture":"#0"},"down":{"uv":[0,0,3.75,0],"texture":"#0"}}},{"from":[-12,-12,8],"to":[-1,3,8],"faces":{"north":{"uv":[0,0.5,11,15.5],"texture":"#4"},"east":{"uv":[0,0,0,2.5],"texture":"#4"},"south":{"uv":[11,0.5,0,15.5],"texture":"#4"},"west":{"uv":[0,0,0,2.5],"texture":"#4"},"up":{"uv":[2.75,0,0,0],"texture":"#4"},"down":{"uv":[2.75,0,0,0],"texture":"#4"}}},{"from":[17,-12,8],"to":[28,3,8],"rotation":{"angle":0,"axis":"y","origin":[16,0,0]},"faces":{"north":{"uv":[11,0.5,0,15.5],"texture":"#4"},"east":{"uv":[0,0,0,2.5],"texture":"#4"},"south":{"uv":[0,0.5,11,15.5],"texture":"#4"},"west":{"uv":[0,0,0,2.5],"texture":"#4"},"up":{"uv":[0,0,2.75,0],"texture":"#4"},"down":{"uv":[0,0,2.75,0],"texture":"#4"}}}],"gui_light":"front","display":{"thirdperson_righthand":{"rotation":[67.5,180,0],"translation":[0,0.75,1.25],"scale":[0.32031,0.32031,0.32031]},"thirdperson_lefthand":{"rotation":[68.5,0,0],"translation":[-5.25,-5.75,11.75],"scale":[1.15,1.15,1.15]},"firstperson_righthand":{"translation":[-0.5,-0.25,2.25],"scale":[0.5,0.5,0.5]},"firstperson_lefthand":{"rotation":[0,-92,0],"translation":[0.5,3,2.25],"scale":[0,0,0]},"ground":{"rotation":[70,0,0],"translation":[0,5,0],"scale":[0.5,0.5,0.5]},"gui":{"translation":[0,-0.25,0],"scale":[0.37274,0.37274,0.37274]},"head":{"rotation":[5,0,0],"translation":[0,-7,7.5],"scale":[1.5,1.5,1.5]},"fixed":{"rotation":[0,180,0],"translation":[0,4.75,-1.75],"scale":[1.18391,1.18391,1.18391]}},"groups":[{"name":"group","origin":[8,1,8],"color":0,"boneType":"","children":[0,1,2,3,4,5,6,7,8,9,10,11,12,13,14,15,16,17,18,19,20,21,22,23,24,25]},26,27]}