{"parent":"minecraft:item/handheld","textures":{"layer0":"minecraft:item/netherite_shovel"},"overrides":[{"predicate":{"custom_model_data":10000},"model":"cosmo_pack:shovel"},{"predicate":{"custom_model_data":10001},"model":"elitecreatures:azgad_weapon/shovel"},{"predicate":{"custom_model_data":10002},"model":"starlight:shovel"},{"predicate":{"custom_model_data":10003},"model":"malikaset:shovel"},{"predicate":{"custom_model_data":10004},"model":"radiance_collection:shovel"},{"predicate":{"custom_model_data":10005},"model":"frighten_set:frighten_set/shovel"},{"predicate":{"custom_model_data":10006},"model":"azureset:shovel"},{"predicate":{"custom_model_data":10007},"model":"item/netherite_shovel"}]}