{"credit":"MadewithBlockbench","texture_size":[56,56],"textures":{"1":"infantryset:book","particle":"infantryset:book"},"elements":[{"from":[6.5,1.5,3.375],"to":[9.5,14.5,4.375],"rotation":{"angle":0,"axis":"y","origin":[8,8,4.4]},"faces":{"north":{"uv":[10,5.14286,10.85714,8.85714],"texture":"#1"},"east":{"uv":[4,10.57143,4.28571,14.28571],"texture":"#1"},"south":{"uv":[4.85714,10.28571,5.71429,14],"texture":"#1"},"west":{"uv":[4.28571,10.57143,4.57143,14.28571],"texture":"#1"},"up":{"uv":[11.14286,12.85714,10.28571,12.57143],"texture":"#1"},"down":{"uv":[13.42857,11.42857,12.57143,11.71429],"texture":"#1"}}},{"from":[6.25,11.5,3.125],"to":[9.75,12.5,4.625],"rotation":{"angle":0,"axis":"y","origin":[8,8,4.4]},"faces":{"north":{"uv":[10.85714,8.57143,11.85714,8.85714],"texture":"#1"},"east":{"uv":[11.42857,4.85714,11.85714,5.14286],"texture":"#1"},"south":{"uv":[10.28571,12.28571,11.28571,12.57143],"texture":"#1"},"west":{"uv":[13.42857,1.14286,13.85714,1.42857],"texture":"#1"},"up":{"uv":[11.85714,7.85714,10.85714,7.42857],"texture":"#1"},"down":{"uv":[11.85714,8,10.85714,8.42857],"texture":"#1"}}},{"from":[6.25,7.5,3.125],"to":[9.75,8.5,4.625],"rotation":{"angle":0,"axis":"y","origin":[8,8,4.4]},"faces":{"north":{"uv":[12.28571,10.28571,13.28571,10.57143],"texture":"#1"},"east":{"uv":[13.42857,1.42857,13.85714,1.71429],"texture":"#1"},"south":{"uv":[12.28571,10.57143,13.28571,10.85714],"texture":"#1"},"west":{"uv":[13.42857,1.71429,13.85714,2],"texture":"#1"},"up":{"uv":[13,8.42857,12,8],"texture":"#1"},"down":{"uv":[9.28571,12,8.28571,12.42857],"texture":"#1"}}},{"from":[6.25,3.5,3.125],"to":[9.75,4.5,4.625],"rotation":{"angle":0,"axis":"y","origin":[8,8,4.4]},"faces":{"north":{"uv":[12.28571,10.85714,13.28571,11.14286],"texture":"#1"},"east":{"uv":[13.42857,2,13.85714,2.28571],"texture":"#1"},"south":{"uv":[12.28571,11.14286,13.28571,11.42857],"texture":"#1"},"west":{"uv":[2.28571,13.42857,2.71429,13.71429],"texture":"#1"},"up":{"uv":[13,9,12,8.57143],"texture":"#1"},"down":{"uv":[13,9.14286,12,9.57143],"texture":"#1"}}},{"from":[6.275,12.75,2.15],"to":[8.275,14.75,3.15],"rotation":{"angle":0,"axis":"y","origin":[8,8,4.4]},"faces":{"north":{"uv":[11.42857,4.28571,12,4.85714],"texture":"#1"},"east":{"uv":[10,8.85714,10.28571,9.42857],"texture":"#1"},"south":{"uv":[11.42857,3.71429,12,4.28571],"texture":"#1"},"west":{"uv":[2.28571,12.85714,2.57143,13.42857],"texture":"#1"},"up":{"uv":[2.85714,13.42857,2.57143,12.85714],"rotation":90,"texture":"#1"},"down":{"uv":[3.14286,12.85714,2.85714,13.42857],"rotation":270,"texture":"#1"}}},{"from":[-0.475,1.5,2.4],"to":[8.025,14.5,3.4],"rotation":{"angle":0,"axis":"y","origin":[8,8,4.4]},"faces":{"north":{"uv":[2.57143,0,5,3.71429],"texture":"#1"},"east":{"uv":[4.57143,10.57143,4.85714,14.28571],"texture":"#1"},"south":{"uv":[0,0,2.42857,3.71429],"texture":"#1"},"west":{"uv":[11.42857,0,11.71429,3.71429],"texture":"#1"},"up":{"uv":[5.14286,9.85714,4.85714,7.42857],"rotation":90,"texture":"#1"},"down":{"uv":[1.42857,12,1.14286,14.42857],"rotation":270,"texture":"#1"}}},{"from":[-0.725,12.75,2.15],"to":[1.275,14.75,3.15],"rotation":{"angle":0,"axis":"y","origin":[8,8,4.4]},"faces":{"north":{"uv":[12.28571,0.57143,12.85714,1.14286],"texture":"#1"},"east":{"uv":[12.85714,2.85714,13.14286,3.42857],"texture":"#1"},"south":{"uv":[12.28571,0,12.85714,0.57143],"texture":"#1"},"west":{"uv":[3.14286,12.85714,3.42857,13.42857],"texture":"#1"},"up":{"uv":[3.71429,13.42857,3.42857,12.85714],"rotation":90,"texture":"#1"},"down":{"uv":[13.14286,3.42857,12.85714,4],"rotation":270,"texture":"#1"}}},{"from":[1.525,3.5,1.9],"to":[6.025,12.5,2.4],"rotation":{"angle":0,"axis":"y","origin":[8,8,4.4]},"faces":{"north":{"uv":[8.85714,9.42857,10.14286,12],"texture":"#1"},"east":{"uv":[9.42857,12,9.57143,14.57143],"texture":"#1"},"south":{"uv":[7.42857,9.42857,8.71429,12],"texture":"#1"},"west":{"uv":[9.71429,12,9.85714,14.57143],"texture":"#1"},"up":{"uv":[11.28571,13.85714,11.14286,12.57143],"rotation":90,"texture":"#1"},"down":{"uv":[12.71429,11.71429,12.57143,13],"rotation":270,"texture":"#1"}}},{"from":[-0.475,2.5,2.25],"to":[8.025,13.5,2.25],"rotation":{"angle":0,"axis":"y","origin":[8,8,4.4]},"faces":{"north":{"uv":[2.28571,7.42857,4.71429,10.57143],"texture":"#1"},"east":{"uv":[0,0,0,3.14286],"texture":"#1"},"south":{"uv":[7.42857,0,9.85714,3.14286],"texture":"#1"},"west":{"uv":[0,0,0,3.14286],"texture":"#1"},"up":{"uv":[0,2.42857,0,0],"rotation":90,"texture":"#1"},"down":{"uv":[0,0,0,2.42857],"rotation":270,"texture":"#1"}}},{"from":[3.01247,8.98753,1.4],"to":[7.01247,12.98753,1.9],"rotation":{"angle":45,"axis":"z","origin":[8,8,4.4]},"faces":{"north":{"uv":[1.14286,10.85714,2.28571,12],"texture":"#1"},"east":{"uv":[3.71429,12.85714,3.85714,14],"texture":"#1"},"south":{"uv":[0,10.85714,1.14286,12],"texture":"#1"},"west":{"uv":[12.85714,4,13,5.14286],"texture":"#1"},"up":{"uv":[13,6.28571,12.85714,5.14286],"rotation":90,"texture":"#1"},"down":{"uv":[13,6.28571,12.85714,7.42857],"rotation":270,"texture":"#1"}}},{"from":[4.01247,9.98753,0.9],"to":[6.01247,11.98753,1.4],"rotation":{"angle":45,"axis":"z","origin":[8,8,4.4]},"faces":{"north":{"uv":[12.28571,1.71429,12.85714,2.28571],"texture":"#1"},"east":{"uv":[13.42857,2.28571,13.57143,2.85714],"texture":"#1"},"south":{"uv":[12.28571,1.14286,12.85714,1.71429],"texture":"#1"},"west":{"uv":[2.85714,13.42857,3,14],"texture":"#1"},"up":{"uv":[13.57143,3.42857,13.42857,2.85714],"rotation":90,"texture":"#1"},"down":{"uv":[3.28571,13.42857,3.14286,14],"rotation":270,"texture":"#1"}}},{"from":[2.01247,7.98753,1.65],"to":[8.01247,13.98753,1.65],"rotation":{"angle":45,"axis":"z","origin":[8,8,4.4]},"faces":{"north":{"uv":[10.28571,8.85714,12,10.57143],"texture":"#1"},"east":{"uv":[0,0,0,1.71429],"texture":"#1"},"south":{"uv":[5.71429,10.28571,7.42857,12],"texture":"#1"},"west":{"uv":[0,0,0,1.71429],"texture":"#1"},"up":{"uv":[0,1.71429,0,0],"rotation":90,"texture":"#1"},"down":{"uv":[0,0,0,1.71429],"rotation":270,"texture":"#1"}}},{"from":[6.025,4.5,1.9],"to":[7.025,11.5,2.4],"rotation":{"angle":0,"axis":"y","origin":[8,8,4.4]},"faces":{"north":{"uv":[6.28571,12,6.57143,14],"texture":"#1"},"east":{"uv":[11.42857,12.28571,11.57143,14.28571],"texture":"#1"},"south":{"uv":[6,12,6.28571,14],"texture":"#1"},"west":{"uv":[12.28571,11.42857,12.42857,13.42857],"texture":"#1"},"up":{"uv":[5,10.28571,4.85714,10],"rotation":90,"texture":"#1"},"down":{"uv":[13.57143,5.14286,13.42857,5.42857],"rotation":270,"texture":"#1"}}},{"from":[0.525,4.5,1.9],"to":[1.525,11.5,2.4],"rotation":{"angle":0,"axis":"y","origin":[8,8,4.4]},"faces":{"north":{"uv":[6.85714,12,7.14286,14],"texture":"#1"},"east":{"uv":[11.71429,12.28571,11.85714,14.28571],"texture":"#1"},"south":{"uv":[6.57143,12,6.85714,14],"texture":"#1"},"west":{"uv":[12,12.28571,12.14286,14.28571],"texture":"#1"},"up":{"uv":[13.57143,5.71429,13.42857,5.42857],"rotation":90,"texture":"#1"},"down":{"uv":[13.57143,5.71429,13.42857,6],"rotation":270,"texture":"#1"}}},{"from":[6.275,1.25,2.15],"to":[8.275,3.25,3.15],"rotation":{"angle":0,"axis":"y","origin":[8,8,4.4]},"faces":{"north":{"uv":[12.28571,2.28571,12.85714,2.85714],"texture":"#1"},"east":{"uv":[12.85714,7.42857,13.14286,8],"texture":"#1"},"south":{"uv":[2.28571,12.28571,2.85714,12.85714],"texture":"#1"},"west":{"uv":[12.85714,9.71429,13.14286,10.28571],"texture":"#1"},"up":{"uv":[10.57143,13.42857,10.28571,12.85714],"rotation":90,"texture":"#1"},"down":{"uv":[10.85714,12.85714,10.57143,13.42857],"rotation":270,"texture":"#1"}}},{"from":[-0.725,1.25,2.15],"to":[1.275,3.25,3.15],"rotation":{"angle":0,"axis":"y","origin":[8,8,4.4]},"faces":{"north":{"uv":[12.28571,2.85714,12.85714,3.42857],"texture":"#1"},"east":{"uv":[10.85714,12.85714,11.14286,13.42857],"texture":"#1"},"south":{"uv":[2.85714,12.28571,3.42857,12.85714],"texture":"#1"},"west":{"uv":[12.85714,11.71429,13.14286,12.28571],"texture":"#1"},"up":{"uv":[13.14286,12.85714,12.85714,12.28571],"rotation":90,"texture":"#1"},"down":{"uv":[13.14286,12.85714,12.85714,13.42857],"rotation":270,"texture":"#1"}}},{"from":[0.025,2,3.4],"to":[8.025,14,4.4],"rotation":{"angle":0,"axis":"y","origin":[8,8,4.4]},"faces":{"north":{"uv":[5.14286,3.42857,7.42857,6.85714],"texture":"#1"},"east":{"uv":[12,0,12.28571,3.42857],"texture":"#1"},"south":{"uv":[5.14286,0,7.42857,3.42857],"texture":"#1"},"west":{"uv":[0.28571,12,0.57143,15.42857],"texture":"#1"},"up":{"uv":[2.28571,14.28571,2,12],"rotation":90,"texture":"#1"},"down":{"uv":[12.28571,3.42857,12,5.71429],"rotation":270,"texture":"#1"}}},{"from":[7.725,12.75,2.15],"to":[9.725,14.75,3.15],"rotation":{"angle":0,"axis":"y","origin":[8,8,4.4]},"faces":{"north":{"uv":[3.42857,12.28571,4,12.85714],"texture":"#1"},"east":{"uv":[13.14286,0.57143,13.42857,1.14286],"texture":"#1"},"south":{"uv":[12.28571,3.42857,12.85714,4],"texture":"#1"},"west":{"uv":[13.14286,0,13.42857,0.57143],"texture":"#1"},"up":{"uv":[13.42857,1.71429,13.14286,1.14286],"rotation":270,"texture":"#1"},"down":{"uv":[13.42857,1.71429,13.14286,2.28571],"rotation":90,"texture":"#1"}}},{"from":[7.975,1.5,2.4],"to":[16.475,14.5,3.4],"rotation":{"angle":0,"axis":"y","origin":[8,8,4.4]},"faces":{"north":{"uv":[0,3.71429,2.42857,7.42857],"texture":"#1"},"east":{"uv":[0,12,0.28571,15.71429],"texture":"#1"},"south":{"uv":[2.57143,3.71429,5,7.42857],"texture":"#1"},"west":{"uv":[11.71429,0,12,3.71429],"texture":"#1"},"up":{"uv":[1.71429,14.42857,1.42857,12],"rotation":270,"texture":"#1"},"down":{"uv":[2,12,1.71429,14.42857],"rotation":90,"texture":"#1"}}},{"from":[14.725,12.75,2.15],"to":[16.725,14.75,3.15],"rotation":{"angle":0,"axis":"y","origin":[8,8,4.4]},"faces":{"north":{"uv":[12.28571,4,12.85714,4.57143],"texture":"#1"},"east":{"uv":[13.14286,2.85714,13.42857,3.42857],"texture":"#1"},"south":{"uv":[12.28571,4.57143,12.85714,5.14286],"texture":"#1"},"west":{"uv":[13.14286,2.28571,13.42857,2.85714],"texture":"#1"},"up":{"uv":[13.42857,4,13.14286,3.42857],"rotation":270,"texture":"#1"},"down":{"uv":[13.42857,4,13.14286,4.57143],"rotation":90,"texture":"#1"}}},{"from":[9.975,3.5,1.9],"to":[14.475,12.5,2.4],"rotation":{"angle":0,"axis":"y","origin":[8,8,4.4]},"faces":{"north":{"uv":[10,0,11.28571,2.57143],"texture":"#1"},"east":{"uv":[10,12,10.14286,14.57143],"texture":"#1"},"south":{"uv":[10,2.57143,11.28571,5.14286],"texture":"#1"},"west":{"uv":[12,9.71429,12.14286,12.28571],"texture":"#1"},"up":{"uv":[13,1.28571,12.85714,0],"rotation":270,"texture":"#1"},"down":{"uv":[13,1.42857,12.85714,2.71429],"rotation":90,"texture":"#1"}}},{"from":[7.975,2.5,2.25],"to":[16.475,13.5,2.25],"rotation":{"angle":0,"axis":"y","origin":[8,8,4.4]},"faces":{"north":{"uv":[7.42857,3.14286,9.85714,6.28571],"texture":"#1"},"east":{"uv":[0,0,0,3.14286],"texture":"#1"},"south":{"uv":[7.42857,6.28571,9.85714,9.42857],"texture":"#1"},"west":{"uv":[0,0,0,3.14286],"texture":"#1"},"up":{"uv":[0,2.42857,0,0],"rotation":270,"texture":"#1"},"down":{"uv":[0,0,0,2.42857],"rotation":90,"texture":"#1"}}},{"from":[8.98753,8.98753,1.4],"to":[12.98753,12.98753,1.9],"rotation":{"angle":-45,"axis":"z","origin":[8,8,4.4]},"faces":{"north":{"uv":[10.85714,5.14286,12,6.28571],"texture":"#1"},"east":{"uv":[13.14286,5.71429,13.28571,6.85714],"texture":"#1"},"south":{"uv":[10.85714,6.28571,12,7.42857],"texture":"#1"},"west":{"uv":[13.14286,4.57143,13.28571,5.71429],"texture":"#1"},"up":{"uv":[13.28571,8,13.14286,6.85714],"rotation":270,"texture":"#1"},"down":{"uv":[13.28571,8,13.14286,9.14286],"rotation":90,"texture":"#1"}}},{"from":[9.98753,9.98753,0.9],"to":[11.98753,11.98753,1.4],"rotation":{"angle":-45,"axis":"z","origin":[8,8,4.4]},"faces":{"north":{"uv":[12.28571,5.14286,12.85714,5.71429],"texture":"#1"},"east":{"uv":[13.42857,3.42857,13.57143,4],"texture":"#1"},"south":{"uv":[12.28571,5.71429,12.85714,6.28571],"texture":"#1"},"west":{"uv":[3.42857,13.42857,3.57143,14],"texture":"#1"},"up":{"uv":[13.57143,4.57143,13.42857,4],"rotation":270,"texture":"#1"},"down":{"uv":[13.57143,4.57143,13.42857,5.14286],"rotation":90,"texture":"#1"}}},{"from":[7.98753,7.98753,1.65],"to":[13.98753,13.98753,1.65],"rotation":{"angle":-45,"axis":"z","origin":[8,8,4.4]},"faces":{"north":{"uv":[2.28571,10.57143,4,12.28571],"texture":"#1"},"east":{"uv":[0,0,0,1.71429],"texture":"#1"},"south":{"uv":[10.28571,10.57143,12,12.28571],"texture":"#1"},"west":{"uv":[0,0,0,1.71429],"texture":"#1"},"up":{"uv":[0,1.71429,0,0],"rotation":270,"texture":"#1"},"down":{"uv":[0,0,0,1.71429],"rotation":90,"texture":"#1"}}},{"from":[8.975,4.5,1.9],"to":[9.975,11.5,2.4],"rotation":{"angle":0,"axis":"y","origin":[8,8,4.4]},"faces":{"north":{"uv":[7.14286,12,7.42857,14],"texture":"#1"},"east":{"uv":[8.57143,12.57143,8.71429,14.57143],"texture":"#1"},"south":{"uv":[7.42857,12,7.71429,14],"texture":"#1"},"west":{"uv":[8.28571,12.57143,8.42857,14.57143],"texture":"#1"},"up":{"uv":[13.57143,6.28571,13.42857,6],"rotation":270,"texture":"#1"},"down":{"uv":[13.57143,6.28571,13.42857,6.57143],"rotation":90,"texture":"#1"}}},{"from":[14.475,4.5,1.9],"to":[15.475,11.5,2.4],"rotation":{"angle":0,"axis":"y","origin":[8,8,4.4]},"faces":{"north":{"uv":[7.71429,12,8,14],"texture":"#1"},"east":{"uv":[9.14286,12.57143,9.28571,14.57143],"texture":"#1"},"south":{"uv":[8,12,8.28571,14],"texture":"#1"},"west":{"uv":[8.85714,12.57143,9,14.57143],"texture":"#1"},"up":{"uv":[13.57143,6.85714,13.42857,6.57143],"rotation":270,"texture":"#1"},"down":{"uv":[13.57143,6.85714,13.42857,7.14286],"rotation":90,"texture":"#1"}}},{"from":[7.725,1.25,2.15],"to":[9.725,3.25,3.15],"rotation":{"angle":0,"axis":"y","origin":[8,8,4.4]},"faces":{"north":{"uv":[12.28571,6.28571,12.85714,6.85714],"texture":"#1"},"east":{"uv":[13.14286,9.71429,13.42857,10.28571],"texture":"#1"},"south":{"uv":[12.28571,6.85714,12.85714,7.42857],"texture":"#1"},"west":{"uv":[13.14286,9.14286,13.42857,9.71429],"texture":"#1"},"up":{"uv":[13.42857,12.28571,13.14286,11.71429],"rotation":270,"texture":"#1"},"down":{"uv":[13.42857,12.28571,13.14286,12.85714],"rotation":90,"texture":"#1"}}},{"from":[14.725,1.25,2.15],"to":[16.725,3.25,3.15],"rotation":{"angle":0,"axis":"y","origin":[8,8,4.4]},"faces":{"north":{"uv":[12.28571,7.42857,12.85714,8],"texture":"#1"},"east":{"uv":[13.14286,12.85714,13.42857,13.42857],"texture":"#1"},"south":{"uv":[12.28571,9.71429,12.85714,10.28571],"texture":"#1"},"west":{"uv":[12.57143,13.14286,12.85714,13.71429],"texture":"#1"},"up":{"uv":[13.71429,0.57143,13.42857,0],"rotation":270,"texture":"#1"},"down":{"uv":[13.71429,0.57143,13.42857,1.14286],"rotation":90,"texture":"#1"}}},{"from":[7.975,2,3.4],"to":[15.975,14,4.4],"rotation":{"angle":0,"axis":"y","origin":[8,8,4.4]},"faces":{"north":{"uv":[5.14286,6.85714,7.42857,10.28571],"texture":"#1"},"east":{"uv":[0.85714,12,1.14286,15.42857],"texture":"#1"},"south":{"uv":[0,7.42857,2.28571,10.85714],"texture":"#1"},"west":{"uv":[0.57143,12,0.85714,15.42857],"texture":"#1"},"up":{"uv":[6,14.28571,5.71429,12],"rotation":270,"texture":"#1"},"down":{"uv":[12.28571,5.71429,12,8],"rotation":90,"texture":"#1"}}}],"gui_light":"front","display":{"thirdperson_righthand":{"rotation":[23,0,0],"translation":[0.25,2,5.5]},"thirdperson_lefthand":{"rotation":[23,0,0],"translation":[0.25,2,5.5]},"firstperson_righthand":{"rotation":[-28,-28,0],"translation":[8,2.25,-10.5],"scale":[1.66797,1.66797,1.66797]},"firstperson_lefthand":{"rotation":[-28,-28,0],"translation":[8,2.25,-10.5],"scale":[1.66797,1.66797,1.66797]},"ground":{"rotation":[-45,0,0],"translation":[0,10,0]},"gui":{"rotation":[12,-28,0],"translation":[-1.5,-0.75,0],"scale":[0.71484,0.71484,0.71484]},"head":{"translation":[0,13.75,4.75]},"fixed":{"rotation":[0,-180,0],"translation":[0.5,0,-12],"scale":[2,2,2]}}}