{"parent":"item/generated","textures":{"layer0":"item/bow"},"display":{"thirdperson_righthand":{"rotation":[-80,260,-40],"translation":[-1,-2,2.5],"scale":[0.9,0.9,0.9]},"thirdperson_lefthand":{"rotation":[-80,-280,40],"translation":[-1,-2,2.5],"scale":[0.9,0.9,0.9]},"firstperson_righthand":{"rotation":[0,-90,25],"translation":[1.13,3.2,1.13],"scale":[0.68,0.68,0.68]},"firstperson_lefthand":{"rotation":[0,90,-25],"translation":[1.13,3.2,1.13],"scale":[0.68,0.68,0.68]}},"overrides":[{"predicate":{"pulling":1},"model":"item/bow_pulling_0"},{"predicate":{"pulling":1,"pull":0.65},"model":"item/bow_pulling_1"},{"predicate":{"pulling":1,"pull":0.9},"model":"item/bow_pulling_2"},{"predicate":{"custom_model_data":10000},"model":"cosmo_pack:bow"},{"predicate":{"pulling":1,"custom_model_data":10000},"model":"cosmo_pack:bow_0"},{"predicate":{"pulling":1,"pull":0.65,"custom_model_data":10000},"model":"cosmo_pack:bow_1"},{"predicate":{"pulling":1,"pull":0.9,"custom_model_data":10000},"model":"cosmo_pack:bow_2"},{"predicate":{"custom_model_data":10001},"model":"infantryset:bow"},{"predicate":{"pulling":1,"custom_model_data":10001},"model":"infantryset:bow_0"},{"predicate":{"pulling":1,"pull":0.65,"custom_model_data":10001},"model":"infantryset:bow_1"},{"predicate":{"pulling":1,"pull":0.9,"custom_model_data":10001},"model":"infantryset:bow_2"},{"predicate":{"custom_model_data":10002},"model":"elitecreatures:azgad_weapon/bow"},{"predicate":{"pulling":1,"custom_model_data":10002},"model":"elitecreatures:azgad_weapon/bow_0"},{"predicate":{"pulling":1,"pull":0.65,"custom_model_data":10002},"model":"elitecreatures:azgad_weapon/bow_1"},{"predicate":{"pulling":1,"pull":0.9,"custom_model_data":10002},"model":"elitecreatures:azgad_weapon/bow_2"},{"predicate":{"custom_model_data":10003},"model":"starlight:bow"},{"predicate":{"pulling":1,"custom_model_data":10003},"model":"starlight:bow_0"},{"predicate":{"pulling":1,"pull":0.65,"custom_model_data":10003},"model":"starlight:bow_1"},{"predicate":{"pulling":1,"pull":0.9,"custom_model_data":10003},"model":"starlight:bow_2"},{"predicate":{"custom_model_data":10004},"model":"malikaset:bow"},{"predicate":{"pulling":1,"custom_model_data":10004},"model":"malikaset:bow_0"},{"predicate":{"pulling":1,"pull":0.65,"custom_model_data":10004},"model":"malikaset:bow_1"},{"predicate":{"pulling":1,"pull":0.9,"custom_model_data":10004},"model":"malikaset:bow_2"},{"predicate":{"custom_model_data":10005},"model":"radiance_collection:bow"},{"predicate":{"pulling":1,"custom_model_data":10005},"model":"radiance_collection:bow_0"},{"predicate":{"pulling":1,"pull":0.65,"custom_model_data":10005},"model":"radiance_collection:bow_1"},{"predicate":{"pulling":1,"pull":0.9,"custom_model_data":10005},"model":"radiance_collection:bow_2"},{"predicate":{"custom_model_data":10006},"model":"frighten_set:frighten_set/bow"},{"predicate":{"pulling":1,"custom_model_data":10006},"model":"frighten_set:frighten_set/bow_0"},{"predicate":{"pulling":1,"pull":0.65,"custom_model_data":10006},"model":"frighten_set:frighten_set/bow_1"},{"predicate":{"pulling":1,"pull":0.9,"custom_model_data":10006},"model":"frighten_set:frighten_set/bow_2"},{"predicate":{"custom_model_data":10007},"model":"azureset:bow"},{"predicate":{"pulling":1,"custom_model_data":10007},"model":"azureset:bow_0"},{"predicate":{"pulling":1,"pull":0.65,"custom_model_data":10007},"model":"azureset:bow_1"},{"predicate":{"pulling":1,"pull":0.9,"custom_model_data":10007},"model":"azureset:bow_2"},{"predicate":{"custom_model_data":10008},"model":"item/bow"}]}