{"credit":"Made with Blockbench","texture_size":[32,32],"textures":{"0":"elitecreatures:azgad_weapon/azgadtex1","1":"elitecreatures:azgad_weapon/azgadtex2","2":"elitecreatures:azgad_weapon/azgadtex3","3":"elitecreatures:azgad_weapon/azgadtex4","4":"elitecreatures:azgad_weapon/azgadtex5","5":"elitecreatures:azgad_weapon/azgadtex6","6":"elitecreatures:azgad_weapon/fire","7":"elitecreatures:azgad_weapon/azgadtex7","8":"elitecreatures:azgad_weapon/eye","9":"elitecreatures:azgad_weapon/flare","particle":"elitecreatures:azgad_weapon/azgadtex1"},"elements":[{"from":[5.9,0.5,14.5],"to":[10.1,3.5,19.5],"rotation":{"angle":22.5,"axis":"x","origin":[8,5.5,12.5]},"faces":{"north":{"uv":[11.25,2.5,13.25,4],"texture":"#3"},"east":{"uv":[16,2.5,13.5,4],"texture":"#3"},"south":{"uv":[11.25,2.5,13.25,4],"texture":"#3"},"west":{"uv":[13.5,2.5,16,4],"texture":"#3"},"up":{"uv":[13.75,0,15.75,2.5],"texture":"#3"},"down":{"uv":[11.25,0,13.25,2.5],"texture":"#3"}}},{"from":[5.7,0,10],"to":[10.3,3,15],"rotation":{"angle":0,"axis":"y","origin":[8,5.5,12.5]},"faces":{"north":{"uv":[11,2.5,13.5,4],"texture":"#3"},"east":{"uv":[16,2.5,13.5,4],"texture":"#3"},"south":{"uv":[11,2.5,13.5,4],"texture":"#3"},"west":{"uv":[13.5,2.5,16,4],"texture":"#3"},"up":{"uv":[13.5,0,16,2.5],"texture":"#3"},"down":{"uv":[11,0,13.5,2.5],"texture":"#3"}}},{"from":[6.2,-5.5,12.5],"to":[9.9,-0.5,15.5],"rotation":{"angle":-22.5,"axis":"x","origin":[8,5.5,12.5]},"faces":{"north":{"uv":[11.35,0,13.1,2.5],"rotation":180,"texture":"#3"},"east":{"uv":[16,2.5,13.5,4],"rotation":270,"texture":"#3"},"south":{"uv":[13.75,0,15.75,2.5],"texture":"#3"},"west":{"uv":[13.5,2.5,16,4],"rotation":90,"texture":"#3"},"up":{"uv":[11.35,2.5,13.1,4],"rotation":180,"texture":"#3"},"down":{"uv":[11.35,2.5,13.1,4],"texture":"#3"}}},{"from":[6.4,-8.5,16.5],"to":[9.7,-3.5,19.5],"rotation":{"angle":0,"axis":"y","origin":[8,5.5,12.5]},"faces":{"north":{"uv":[11.5,0,13,2.5],"rotation":180,"texture":"#3"},"east":{"uv":[16,2.5,13.5,4],"rotation":270,"texture":"#3"},"south":{"uv":[14,0,15.5,2.5],"texture":"#3"},"west":{"uv":[13.5,2.5,16,4],"rotation":90,"texture":"#3"},"up":{"uv":[11.5,2.5,13,4],"texture":"#3"},"down":{"uv":[11.5,2.5,13,4],"texture":"#3"}}},{"from":[6.6,-9.9,16.9],"to":[9.5,-7.9,19.6],"rotation":{"angle":-22.5,"axis":"x","origin":[8.05,-9,18]},"faces":{"north":{"uv":[11.5,1.25,13,2.25],"rotation":180,"texture":"#3"},"east":{"uv":[16,2.5,15,4],"rotation":270,"texture":"#3"},"south":{"uv":[14,1.5,15.5,2.5],"texture":"#3"},"west":{"uv":[15,2.5,16,4],"rotation":90,"texture":"#3"},"up":{"uv":[11.5,2.75,13,4],"texture":"#3"},"down":{"uv":[11.5,2.75,13,4],"texture":"#3"}}},{"from":[6.8,-11.4,16.6],"to":[9.3,-9.4,19.2],"rotation":{"angle":-45,"axis":"x","origin":[8.05,-9,18]},"faces":{"north":{"uv":[11.5,1.25,13,2.25],"rotation":180,"texture":"#3"},"east":{"uv":[16,2.5,15,4],"rotation":270,"texture":"#3"},"south":{"uv":[14,1.5,15.5,2.5],"texture":"#3"},"west":{"uv":[15,2.5,16,4],"rotation":90,"texture":"#3"},"up":{"uv":[11.5,2.75,13,4],"rotation":180,"texture":"#3"},"down":{"uv":[11.5,2.75,13,4],"texture":"#3"}}},{"from":[7,-11.1,19.5],"to":[9.2,-8.8,21.5],"rotation":{"angle":22.5,"axis":"x","origin":[8.05,-9,18]},"faces":{"north":{"uv":[11.5,2.75,13,4],"texture":"#3"},"east":{"uv":[16,2.5,15,3.75],"texture":"#3"},"south":{"uv":[11.5,2.75,13,4],"texture":"#3"},"west":{"uv":[15,2.5,16,3.75],"texture":"#3"},"up":{"uv":[14.25,1.5,15.25,2.5],"texture":"#3"},"down":{"uv":[11.5,1.25,13,2.4],"texture":"#3"}}},{"from":[7.2,-12.1,20.5],"to":[9,-10.2,22.5],"rotation":{"angle":0,"axis":"y","origin":[8.05,-9,18]},"faces":{"north":{"uv":[11.5,3,13,4],"texture":"#3"},"east":{"uv":[16,2.5,15,3.5],"texture":"#3"},"south":{"uv":[11.5,3,13,4],"texture":"#3"},"west":{"uv":[15,2.5,16,3.5],"texture":"#3"},"up":{"uv":[14.25,1.5,15.25,2.5],"texture":"#3"},"down":{"uv":[11.5,1.25,13,2.25],"texture":"#3"}}},{"from":[8,-1.5,12.5],"to":[8,2.5,17.5],"rotation":{"angle":22.5,"axis":"x","origin":[8,-1.5,21]},"faces":{"north":{"uv":[13.5,7.25,13.5,9.25],"texture":"#0"},"east":{"uv":[16,7.25,13.5,9.25],"texture":"#0"},"south":{"uv":[13.5,7.25,13.5,9.25],"texture":"#0"},"west":{"uv":[13.5,7.25,16,9.25],"texture":"#0"},"up":{"uv":[13.5,7.25,13.5,9.75],"texture":"#0"},"down":{"uv":[13.5,7.25,13.5,9.75],"texture":"#0"}}},{"from":[8,1,8],"to":[8,5,15],"rotation":{"angle":0,"axis":"y","origin":[9,10,13.5]},"faces":{"north":{"uv":[0,0,0,2],"texture":"#0"},"east":{"uv":[3.5,14,0,16],"texture":"#0"},"south":{"uv":[0,0,0,2],"texture":"#0"},"west":{"uv":[0,14,3.5,16],"texture":"#0"},"up":{"uv":[0,0,0,3.5],"texture":"#0"},"down":{"uv":[0,0,0,3.5],"texture":"#0"}}},{"from":[8,-3,18],"to":[8,2,22],"rotation":{"angle":-22.5,"axis":"x","origin":[8,-1.5,21]},"faces":{"north":{"uv":[13.5,7.25,13.5,9.75],"rotation":180,"texture":"#0"},"east":{"uv":[16,7.25,13.5,9.25],"rotation":270,"texture":"#0"},"south":{"uv":[13.5,7.25,13.5,9.75],"texture":"#0"},"west":{"uv":[13.5,7.25,16,9.25],"rotation":90,"texture":"#0"},"up":{"uv":[13.5,7.25,13.5,9.25],"rotation":180,"texture":"#0"},"down":{"uv":[13.5,7.25,13.5,9.25],"texture":"#0"}}},{"from":[8,-9,19],"to":[8,-4,23],"rotation":{"angle":0,"axis":"y","origin":[0,4,3]},"faces":{"north":{"uv":[13.5,7.25,13.5,9.75],"rotation":180,"texture":"#0"},"east":{"uv":[16,7.25,13.5,9.25],"rotation":270,"texture":"#0"},"south":{"uv":[13.5,7.25,13.5,9.75],"texture":"#0"},"west":{"uv":[13.5,7.25,16,9.25],"rotation":90,"texture":"#0"},"up":{"uv":[13.5,7.25,13.5,9.25],"rotation":180,"texture":"#0"},"down":{"uv":[13.5,7.25,13.5,9.25],"texture":"#0"}}},{"from":[3,-6,7],"to":[3,5,19],"rotation":{"angle":-22.5,"axis":"y","origin":[0,0,0]},"faces":{"north":{"uv":[0,0,0,5.5],"texture":"#3"},"east":{"uv":[6,0,0,5.5],"texture":"#3"},"south":{"uv":[0,0,0,5.5],"texture":"#3"},"west":{"uv":[0,0,6,5.5],"texture":"#3"},"up":{"uv":[0,6,0,0],"texture":"#3"},"down":{"uv":[0,0,0,6],"texture":"#3"}}},{"from":[15,-11.6,0.9],"to":[18,-9.6,4.3],"rotation":{"angle":-22.5,"axis":"z","origin":[15.5,-9,2.5]},"faces":{"north":{"uv":[6,14.25,4.5,13.25],"texture":"#4"},"east":{"uv":[4.5,16,3.5,14.25],"rotation":90,"texture":"#4"},"south":{"uv":[6,14.25,4.5,13.25],"texture":"#4"},"west":{"uv":[4.5,16,3.5,14.25],"rotation":90,"texture":"#4"},"up":{"uv":[4.5,14.25,6,16],"texture":"#4"},"down":{"uv":[4.5,14.25,6,16],"texture":"#4"}}},{"from":[14.8,-10.7,1.1],"to":[16.8,-5.7,4.1],"rotation":{"angle":0,"axis":"y","origin":[15.5,-9,2.5]},"faces":{"north":{"uv":[3.5,13.5,2.5,16],"texture":"#4"},"east":{"uv":[4.5,10.75,6,13.25],"texture":"#4"},"south":{"uv":[3.5,13.5,2.5,16],"texture":"#4"},"west":{"uv":[6,10.75,4.5,13.25],"texture":"#4"},"up":{"uv":[3.5,14.25,4.5,12.75],"texture":"#4"},"down":{"uv":[3.5,14.25,4.5,12.75],"texture":"#4"}}},{"from":[2.7,-3.9,0.9],"to":[5.7,-1.9,4.3],"rotation":{"angle":22.5,"axis":"z","origin":[15.5,25,2.5]},"faces":{"north":{"uv":[6,14.25,4.5,13.25],"texture":"#4"},"east":{"uv":[4.5,16,3.5,14.25],"rotation":90,"texture":"#4"},"south":{"uv":[6,14.25,4.5,13.25],"texture":"#4"},"west":{"uv":[4.5,16,3.5,14.25],"rotation":90,"texture":"#4"},"up":{"uv":[4.5,14.25,6,16],"texture":"#4"},"down":{"uv":[4.5,14.25,6,16],"texture":"#4"}}},{"from":[-0.8,-10.7,1.1],"to":[1.2,-5.7,4.1],"rotation":{"angle":0,"axis":"y","origin":[0.5,-9,2.5]},"faces":{"north":{"uv":[2.5,13.5,3.5,16],"texture":"#4"},"east":{"uv":[4.5,10.75,6,13.25],"texture":"#4"},"south":{"uv":[2.5,13.5,3.5,16],"texture":"#4"},"west":{"uv":[6,10.75,4.5,13.25],"texture":"#4"},"up":{"uv":[4.5,14.25,3.5,12.75],"texture":"#4"},"down":{"uv":[4.5,14.25,3.5,12.75],"texture":"#4"}}},{"from":[-2,-11.6,0.9],"to":[1,-9.6,4.3],"rotation":{"angle":22.5,"axis":"z","origin":[0.5,-9,2.5]},"faces":{"north":{"uv":[4.5,14.25,6,13.25],"texture":"#4"},"east":{"uv":[4.5,14.25,3.5,16],"rotation":90,"texture":"#4"},"south":{"uv":[4.5,14.25,6,13.25],"texture":"#4"},"west":{"uv":[4.5,14.25,3.5,16],"rotation":90,"texture":"#4"},"up":{"uv":[6,14.25,4.5,16],"texture":"#4"},"down":{"uv":[6,14.25,4.5,16],"texture":"#4"}}},{"from":[10.3,-3.9,0.9],"to":[13.3,-1.9,4.3],"rotation":{"angle":-22.5,"axis":"z","origin":[0.5,25,2.5]},"faces":{"north":{"uv":[4.5,14.25,6,13.25],"texture":"#4"},"east":{"uv":[4.5,14.25,3.5,16],"rotation":90,"texture":"#4"},"south":{"uv":[4.5,14.25,6,13.25],"texture":"#4"},"west":{"uv":[4.5,14.25,3.5,16],"rotation":90,"texture":"#4"},"up":{"uv":[6,14.25,4.5,16],"texture":"#4"},"down":{"uv":[6,14.25,4.5,16],"texture":"#4"}}},{"from":[2.7,-3.9,11.7],"to":[5.7,-1.9,15.1],"rotation":{"angle":22.5,"axis":"z","origin":[15.5,25,13.5]},"faces":{"north":{"uv":[4.5,14.25,6,13.25],"texture":"#4"},"east":{"uv":[4.5,14.25,3.5,16],"rotation":90,"texture":"#4"},"south":{"uv":[4.5,14.25,6,13.25],"texture":"#4"},"west":{"uv":[4.5,14.25,3.5,16],"rotation":90,"texture":"#4"},"up":{"uv":[4.5,16,6,14.25],"texture":"#4"},"down":{"uv":[4.5,16,6,14.25],"texture":"#4"}}},{"from":[14.8,-10.7,11.9],"to":[16.8,-5.7,14.9],"rotation":{"angle":0,"axis":"y","origin":[15.5,-9,13.5]},"faces":{"north":{"uv":[2.5,13.5,3.5,16],"texture":"#4"},"east":{"uv":[6,10.75,4.5,13.25],"texture":"#4"},"south":{"uv":[2.5,13.5,3.5,16],"texture":"#4"},"west":{"uv":[4.5,10.75,6,13.25],"texture":"#4"},"up":{"uv":[3.5,12.75,4.5,14.25],"texture":"#4"},"down":{"uv":[3.5,12.75,4.5,14.25],"texture":"#4"}}},{"from":[15,-11.6,11.7],"to":[18,-9.6,15.1],"rotation":{"angle":-22.5,"axis":"z","origin":[15.5,-9,13.5]},"faces":{"north":{"uv":[4.5,14.25,6,13.25],"texture":"#4"},"east":{"uv":[4.5,14.25,3.5,16],"rotation":90,"texture":"#4"},"south":{"uv":[4.5,14.25,6,13.25],"texture":"#4"},"west":{"uv":[4.5,14.25,3.5,16],"rotation":90,"texture":"#4"},"up":{"uv":[4.5,16,6,14.25],"texture":"#4"},"down":{"uv":[4.5,16,6,14.25],"texture":"#4"}}},{"from":[-2,-11.6,11.7],"to":[1,-9.6,15.1],"rotation":{"angle":22.5,"axis":"z","origin":[0.5,-9,13.5]},"faces":{"north":{"uv":[6,14.25,4.5,13.25],"texture":"#4"},"east":{"uv":[4.5,16,3.5,14.25],"rotation":90,"texture":"#4"},"south":{"uv":[6,14.25,4.5,13.25],"texture":"#4"},"west":{"uv":[4.5,16,3.5,14.25],"rotation":90,"texture":"#4"},"up":{"uv":[6,16,4.5,14.25],"texture":"#4"},"down":{"uv":[6,16,4.5,14.25],"texture":"#4"}}},{"from":[-0.8,-10.7,11.9],"to":[1.2,-5.7,14.9],"rotation":{"angle":0,"axis":"y","origin":[0.5,-9,13.5]},"faces":{"north":{"uv":[3.5,13.5,2.5,16],"texture":"#4"},"east":{"uv":[6,10.75,4.5,13.25],"texture":"#4"},"south":{"uv":[3.5,13.5,2.5,16],"texture":"#4"},"west":{"uv":[4.5,10.75,6,13.25],"texture":"#4"},"up":{"uv":[4.5,12.75,3.5,14.25],"texture":"#4"},"down":{"uv":[4.5,12.75,3.5,14.25],"texture":"#4"}}},{"from":[10.3,-3.9,11.7],"to":[13.3,-1.9,15.1],"rotation":{"angle":-22.5,"axis":"z","origin":[0.5,25,13.5]},"faces":{"north":{"uv":[6,14.25,4.5,13.25],"texture":"#4"},"east":{"uv":[4.5,16,3.5,14.25],"rotation":90,"texture":"#4"},"south":{"uv":[6,14.25,4.5,13.25],"texture":"#4"},"west":{"uv":[4.5,16,3.5,14.25],"rotation":90,"texture":"#4"},"up":{"uv":[6,16,4.5,14.25],"texture":"#4"},"down":{"uv":[6,16,4.5,14.25],"texture":"#4"}}},{"from":[0,-12,1],"to":[16,-10,15],"rotation":{"angle":0,"axis":"y","origin":[0,-11,16]},"faces":{"north":{"uv":[8,0,16,1],"texture":"#5"},"east":{"uv":[8,1,15,2],"texture":"#5"},"south":{"uv":[8,0,16,1],"texture":"#5"},"west":{"uv":[8,1,15,2],"texture":"#5"},"up":{"uv":[8,7,0,0],"texture":"#5"},"down":{"uv":[16,16,8,9],"texture":"#5"}}},{"from":[1,-10,2],"to":[15,-6,2],"rotation":{"angle":0,"axis":"y","origin":[0,-11,16]},"faces":{"north":{"uv":[14,7,16,0],"rotation":90,"texture":"#2"},"east":{"uv":[14,13,16,7],"rotation":90,"texture":"#2"},"south":{"uv":[14,7,16,0],"rotation":90,"texture":"#2"},"west":{"uv":[14,7,16,13],"rotation":90,"texture":"#2"},"up":{"uv":[0,6,7,0],"texture":"#2"},"down":{"uv":[0,6,7,0],"texture":"#2"}}},{"from":[1,-10,14],"to":[15,-6,14],"rotation":{"angle":0,"axis":"y","origin":[0,-11,0]},"faces":{"north":{"uv":[14,0,16,7],"rotation":90,"texture":"#2"},"east":{"uv":[14,7,16,13],"rotation":90,"texture":"#2"},"south":{"uv":[14,0,16,7],"rotation":90,"texture":"#2"},"west":{"uv":[14,13,16,7],"rotation":90,"texture":"#2"},"up":{"uv":[0,0,7,6],"texture":"#2"},"down":{"uv":[0,0,7,6],"texture":"#2"}}},{"from":[7,-10,8],"to":[15,-6,8],"rotation":{"angle":0,"axis":"y","origin":[8,-5,5]},"faces":{"north":{"uv":[10,3.5,2,7.5],"texture":"#6"},"east":{"uv":[0.5,10,4.5,10],"rotation":90,"texture":"#6"},"south":{"uv":[10,7.5,2,3.5],"rotation":180,"texture":"#6"},"west":{"uv":[0.5,10,4.5,10],"rotation":90,"texture":"#6"},"up":{"uv":[14,7,16,7],"rotation":180,"texture":"#6"},"down":{"uv":[14,7,16,7],"rotation":180,"texture":"#6"}}},{"from":[1,-10,8],"to":[9,-6,8],"rotation":{"angle":0,"axis":"y","origin":[8,-5,5]},"faces":{"north":{"uv":[2,3.5,10,7.5],"texture":"#6"},"east":{"uv":[0.5,10,4.5,10],"rotation":90,"texture":"#6"},"south":{"uv":[2,7.5,10,3.5],"rotation":180,"texture":"#6"},"west":{"uv":[0.5,10,4.5,10],"rotation":90,"texture":"#6"},"up":{"uv":[16,7,14,7],"rotation":180,"texture":"#6"},"down":{"uv":[16,7,14,7],"rotation":180,"texture":"#6"}}},{"from":[16,-10,2],"to":[16,-6,14],"rotation":{"angle":0,"axis":"y","origin":[0,-11,16]},"faces":{"north":{"uv":[14,7,16,0],"rotation":90,"texture":"#2"},"east":{"uv":[14,13,16,7],"rotation":90,"texture":"#2"},"south":{"uv":[14,7,16,0],"rotation":90,"texture":"#2"},"west":{"uv":[14,7,16,13],"rotation":90,"texture":"#2"},"up":{"uv":[0,6,7,0],"texture":"#2"},"down":{"uv":[0,6,7,0],"texture":"#2"}}},{"from":[0,-10,2],"to":[0,-6,14],"rotation":{"angle":0,"axis":"y","origin":[16,-11,16]},"faces":{"north":{"uv":[14,0,16,7],"rotation":90,"texture":"#2"},"east":{"uv":[14,13,16,7],"rotation":90,"texture":"#2"},"south":{"uv":[14,0,16,7],"rotation":90,"texture":"#2"},"west":{"uv":[14,7,16,13],"rotation":90,"texture":"#2"},"up":{"uv":[7,6,0,0],"texture":"#2"},"down":{"uv":[7,6,0,0],"texture":"#2"}}},{"from":[0,-6,1],"to":[16,-4,15],"rotation":{"angle":0,"axis":"y","origin":[0,-11,16]},"faces":{"north":{"uv":[8,1,16,0],"texture":"#5"},"east":{"uv":[8,1,15,2],"texture":"#5"},"south":{"uv":[8,1,16,0],"texture":"#5"},"west":{"uv":[8,1,15,2],"texture":"#5"},"up":{"uv":[16,16,8,9],"texture":"#5"},"down":{"uv":[8,0,0,7],"texture":"#5"}}},{"from":[-3.75043,0.16721,1.7],"to":[-1.75043,2.16721,3.2],"rotation":{"angle":22.5,"axis":"z","origin":[-1.15287,0.32364,2.25]},"faces":{"north":{"uv":[6.5,9.5,7.5,8.5],"rotation":270,"texture":"#5"},"east":{"uv":[6.5,9.25,5.5,8.5],"rotation":270,"texture":"#5"},"south":{"uv":[7.5,9.5,6.5,8.5],"rotation":90,"texture":"#5"},"west":{"uv":[6.5,9.25,5.5,8.5],"rotation":270,"texture":"#5"},"up":{"uv":[8,7.5,7.25,6.5],"rotation":90,"texture":"#5"},"down":{"uv":[8,7.5,7.25,6.5],"rotation":90,"texture":"#5"}}},{"from":[-2.42923,-0.22923,1.5],"to":[2.57077,1.77077,3.4],"rotation":{"angle":0,"axis":"y","origin":[-1.15287,0.32364,2.25]},"faces":{"north":{"uv":[1,11,2,8.5],"rotation":270,"texture":"#5"},"east":{"uv":[7,7.45,6,6.5],"rotation":270,"texture":"#5"},"south":{"uv":[2,11,1,8.5],"rotation":90,"texture":"#5"},"west":{"uv":[7,7.45,6,6.5],"rotation":270,"texture":"#5"},"up":{"uv":[0.95,11,0,8.5],"rotation":90,"texture":"#5"},"down":{"uv":[0.95,11,0,8.5],"rotation":90,"texture":"#5"}}},{"from":[0.52144,-3.26686,1.4],"to":[2.52144,-1.26686,3.5],"rotation":{"angle":45,"axis":"z","origin":[-1.15287,0.32364,2.25]},"faces":{"north":{"uv":[5.25,8.5,4.25,9.5],"rotation":180,"texture":"#5"},"east":{"uv":[3.25,9.5,2.2,8.5],"rotation":180,"texture":"#5"},"south":{"uv":[5.25,9.5,4.25,8.5],"texture":"#5"},"west":{"uv":[3.25,9.5,2.2,8.5],"rotation":180,"texture":"#5"},"up":{"uv":[4.25,9.5,3.25,8.5],"texture":"#5"},"down":{"uv":[4.25,9.5,3.25,8.5],"texture":"#5"}}},{"from":[1.64957,-3.53279,1.3],"to":[3.64957,-1.53279,3.6],"rotation":{"angle":22.5,"axis":"z","origin":[-1.15287,0.32364,2.25]},"faces":{"north":{"uv":[4.75,10.5,5.75,9.5],"rotation":180,"texture":"#5"},"east":{"uv":[3.5,10.5,2.25,9.5],"rotation":180,"texture":"#5"},"south":{"uv":[4.75,10.5,5.75,9.5],"rotation":180,"texture":"#5"},"west":{"uv":[3.5,10.5,2.25,9.5],"rotation":180,"texture":"#5"},"up":{"uv":[4.75,10.5,3.5,9.5],"rotation":270,"texture":"#5"},"down":{"uv":[4.75,10.5,3.5,9.5],"rotation":270,"texture":"#5"}}},{"from":[-4.85282,-1.61582,2.1],"to":[-2.85282,0.18418,2.9],"rotation":{"angle":-22.5,"axis":"z","origin":[-1.15287,0.32364,2.25]},"faces":{"north":{"uv":[8,7.5,8.9,6.5],"rotation":270,"texture":"#5"},"east":{"uv":[8,6.5,7,6],"rotation":270,"texture":"#5"},"south":{"uv":[8.9,7.5,8,6.5],"rotation":90,"texture":"#5"},"west":{"uv":[8,6.5,7,6],"rotation":270,"texture":"#5"},"up":{"uv":[7,6.5,6,6],"rotation":180,"texture":"#5"},"down":{"uv":[7,6.5,6,6],"rotation":180,"texture":"#5"}}},{"from":[-4.3141,2.96868,2.2],"to":[-2.7141,4.46868,2.8],"rotation":{"angle":45,"axis":"z","origin":[-1.15287,0.32364,2.25]},"faces":{"north":{"uv":[8.75,5.75,8,6.5],"texture":"#5"},"east":{"uv":[9,6.5,8.75,5.75],"rotation":180,"texture":"#5"},"south":{"uv":[8.75,6.5,8,5.75],"rotation":180,"texture":"#5"},"west":{"uv":[9,6.5,8.75,5.75],"rotation":180,"texture":"#5"},"up":{"uv":[8.75,5.75,8,5.5],"texture":"#5"},"down":{"uv":[8.75,5.75,8,5.5],"texture":"#5"}}},{"from":[17.75043,0.16721,1.7],"to":[19.75043,2.16721,3.2],"rotation":{"angle":-22.5,"axis":"z","origin":[17.15287,0.32364,2.25]},"faces":{"north":{"uv":[6.5,8.5,7.5,9.5],"rotation":270,"texture":"#5"},"east":{"uv":[6.5,8.5,5.5,9.25],"rotation":270,"texture":"#5"},"south":{"uv":[7.5,8.5,6.5,9.5],"rotation":90,"texture":"#5"},"west":{"uv":[6.5,8.5,5.5,9.25],"rotation":270,"texture":"#5"},"up":{"uv":[7.875,6.5,7.125,7.5],"rotation":90,"texture":"#5"},"down":{"uv":[7.875,6.5,7.125,7.5],"rotation":90,"texture":"#5"}}},{"from":[13.42923,-0.22923,1.5],"to":[18.42923,1.77077,3.4],"rotation":{"angle":0,"axis":"y","origin":[17.15287,0.32364,2.25]},"faces":{"north":{"uv":[1,8.5,2,11],"rotation":270,"texture":"#5"},"east":{"uv":[7,6.5,6,7.45],"rotation":270,"texture":"#5"},"south":{"uv":[2,8.5,1,11],"rotation":90,"texture":"#5"},"west":{"uv":[7,6.5,6,7.45],"rotation":270,"texture":"#5"},"up":{"uv":[0.95,8.5,0,11],"rotation":90,"texture":"#5"},"down":{"uv":[0.95,8.5,0,11],"rotation":90,"texture":"#5"}}},{"from":[13.47856,-3.26686,1.4],"to":[15.47856,-1.26686,3.5],"rotation":{"angle":-45,"axis":"z","origin":[17.15287,0.32364,2.25]},"faces":{"north":{"uv":[4.25,8.5,5.25,9.5],"rotation":180,"texture":"#5"},"east":{"uv":[2.2,9.5,3.25,8.5],"rotation":180,"texture":"#5"},"south":{"uv":[4.25,9.5,5.25,8.5],"texture":"#5"},"west":{"uv":[2.2,9.5,3.25,8.5],"rotation":180,"texture":"#5"},"up":{"uv":[3.25,9.5,4.25,8.5],"texture":"#5"},"down":{"uv":[3.25,9.5,4.25,8.5],"texture":"#5"}}},{"from":[12.35043,-3.53279,1.3],"to":[14.35043,-1.53279,3.6],"rotation":{"angle":-22.5,"axis":"z","origin":[17.15287,0.32364,2.25]},"faces":{"north":{"uv":[9.375,7.5,8.375,6.5],"rotation":180,"texture":"#5"},"east":{"uv":[9.25,7.5,10.4,6.5],"rotation":180,"texture":"#5"},"south":{"uv":[8.375,7.5,9.375,6.5],"rotation":180,"texture":"#5"},"west":{"uv":[9.25,7.5,10.4,6.5],"rotation":180,"texture":"#5"},"up":{"uv":[8.4,6.5,7.25,7.5],"rotation":270,"texture":"#5"},"down":{"uv":[8.4,6.5,7.25,7.5],"rotation":270,"texture":"#5"}}},{"from":[18.85282,-1.61582,2.1],"to":[20.85282,0.18418,2.9],"rotation":{"angle":22.5,"axis":"z","origin":[17.15287,0.32364,2.25]},"faces":{"north":{"uv":[8,6.5,8.9,7.5],"rotation":270,"texture":"#5"},"east":{"uv":[7.9,6.125,7,6.525],"rotation":270,"texture":"#5"},"south":{"uv":[8.9,6.5,8,7.5],"rotation":90,"texture":"#5"},"west":{"uv":[7.9,6.125,7,6.525],"rotation":270,"texture":"#5"},"up":{"uv":[6,6.525,7,6.125],"rotation":180,"texture":"#5"},"down":{"uv":[6,6.525,7,6.125],"rotation":180,"texture":"#5"}}},{"from":[18.7141,2.96868,2.2],"to":[20.3141,4.46868,2.8],"rotation":{"angle":-45,"axis":"z","origin":[17.15287,0.32364,2.25]},"faces":{"north":{"uv":[8,5.75,8.75,6.5],"texture":"#5"},"east":{"uv":[8.75,6.5,9,5.75],"rotation":180,"texture":"#5"},"south":{"uv":[8,6.5,8.75,5.75],"rotation":180,"texture":"#5"},"west":{"uv":[8.75,6.5,9,5.75],"rotation":180,"texture":"#5"},"up":{"uv":[8,5.75,8.75,5.5],"texture":"#5"},"down":{"uv":[8,5.75,8.75,5.5],"texture":"#5"}}},{"from":[17.11257,-9.06224,-3.15501],"to":[20.51257,-7.36224,3.64499],"rotation":{"angle":0,"axis":"y","origin":[19.04238,-8.16974,2.0599]},"faces":{"north":{"uv":[6,10.75,7.75,10],"rotation":180,"texture":"#0"},"east":{"uv":[8.5,0.75,5,1.5],"texture":"#0"},"south":{"uv":[6,10.75,7.75,10],"rotation":180,"texture":"#0"},"west":{"uv":[8.5,0,5,0.75],"texture":"#0"},"up":{"uv":[6,10.75,7.75,14.25],"texture":"#0"},"down":{"uv":[6,10.75,7.75,14.25],"texture":"#0"}}},{"from":[16.69347,-9.40224,2.58639],"to":[20.09347,-6.85224,5.98639],"rotation":{"angle":22.5,"axis":"y","origin":[19.04238,-8.16974,2.0599]},"faces":{"north":{"uv":[7.75,10.75,9.5,9.5],"rotation":180,"texture":"#0"},"east":{"uv":[7.75,8.5,6,9.75],"texture":"#0"},"south":{"uv":[7.75,10.75,9.5,9.5],"rotation":180,"texture":"#0"},"west":{"uv":[11.25,9.25,9.5,10.5],"texture":"#0"},"up":{"uv":[9.5,12.5,7.75,10.75],"rotation":180,"texture":"#0"},"down":{"uv":[9.5,10.75,7.75,12.5],"rotation":180,"texture":"#0"}}},{"from":[18.13257,-9.74224,5.17499],"to":[21.53257,-6.51224,8.57499],"rotation":{"angle":0,"axis":"y","origin":[19.04238,-8.16974,2.0599]},"faces":{"north":{"uv":[11,8.75,12.75,7.25],"rotation":180,"texture":"#0"},"east":{"uv":[10.25,3.5,11.75,1.75],"rotation":90,"texture":"#0"},"south":{"uv":[11,8.75,12.75,7.25],"rotation":180,"texture":"#0"},"west":{"uv":[9.5,9,11,7.25],"rotation":90,"texture":"#0"},"up":{"uv":[12.05,1.7,10.3,0],"rotation":180,"texture":"#0"},"down":{"uv":[12.05,0,10.3,1.7],"rotation":180,"texture":"#0"}}},{"from":[12.82905,-9.91224,5.05823],"to":[16.22905,-6.34224,8.45823],"rotation":{"angle":45,"axis":"y","origin":[19.04238,-8.16974,2.0599]},"faces":{"north":{"uv":[7,3.5,3.5,0],"rotation":270,"texture":"#1"},"east":{"uv":[3.5,0,0,3.5],"rotation":270,"texture":"#1"},"south":{"uv":[7,7,3.5,3.5],"rotation":90,"texture":"#1"},"west":{"uv":[3.5,0,0,3.5],"rotation":270,"texture":"#1"},"up":{"uv":[3.5,3.5,0,7],"rotation":270,"texture":"#1"},"down":{"uv":[0,3.5,3.5,7],"rotation":270,"texture":"#1"}}},{"from":[12.44347,-10.08224,7.00639],"to":[15.84347,-6.17224,10.40639],"rotation":{"angle":22.5,"axis":"y","origin":[19.04238,-8.16974,2.0599]},"faces":{"north":{"uv":[7.5,10.5,3.5,14],"rotation":270,"texture":"#1"},"east":{"uv":[0,10.5,4,7],"rotation":90,"texture":"#1"},"south":{"uv":[8,7,4,10.5],"rotation":90,"texture":"#1"},"west":{"uv":[0,10.5,4,7],"rotation":270,"texture":"#1"},"up":{"uv":[3.5,14,0,10.5],"rotation":270,"texture":"#1"},"down":{"uv":[0,14,3.5,10.5],"rotation":270,"texture":"#1"}}},{"from":[15.33384,-8.89224,-3.7307],"to":[18.39384,-7.53224,-2.0307],"rotation":{"angle":-22.5,"axis":"y","origin":[19.04238,-8.16974,2.0599]},"faces":{"north":{"uv":[9.75,14,8.25,13.25],"rotation":180,"texture":"#0"},"east":{"uv":[8.5,12.5,9.25,13.25],"rotation":270,"texture":"#0"},"south":{"uv":[9.75,14,8.25,13.25],"rotation":180,"texture":"#0"},"west":{"uv":[7.75,12.5,8.5,13.25],"rotation":270,"texture":"#0"},"up":{"uv":[9.75,14,8.25,14.75],"rotation":180,"texture":"#0"},"down":{"uv":[9.75,14,8.25,14.75],"rotation":180,"texture":"#0"}}},{"from":[22.91946,-8.72224,-3.67218],"to":[25.46946,-7.70224,-0.95218],"rotation":{"angle":45,"axis":"y","origin":[19.04238,-8.16974,2.0599]},"faces":{"north":{"uv":[8.5,14.75,8,16],"rotation":90,"texture":"#0"},"east":{"uv":[8,14.25,6.75,14.75],"rotation":180,"texture":"#0"},"south":{"uv":[6.75,14.75,6.25,16],"rotation":90,"texture":"#0"},"west":{"uv":[8,14.25,6.75,14.75],"rotation":180,"texture":"#0"},"up":{"uv":[8,16,6.75,14.75],"rotation":270,"texture":"#0"},"down":{"uv":[6.75,16,8,14.75],"rotation":270,"texture":"#0"}}},{"from":[22.66628,-8.55224,-5.77658],"to":[25.21628,-7.87224,-3.39658],"rotation":{"angle":22.5,"axis":"y","origin":[19.04238,-8.16974,2.0599]},"faces":{"north":{"uv":[10,13.5,9.75,14.75],"rotation":270,"texture":"#0"},"east":{"uv":[9.75,16,10,14.75],"rotation":90,"texture":"#0"},"south":{"uv":[10,12.25,9.75,13.5],"rotation":90,"texture":"#0"},"west":{"uv":[9.75,16,10,14.75],"rotation":90,"texture":"#0"},"up":{"uv":[8.5,16,9.75,14.75],"rotation":90,"texture":"#0"},"down":{"uv":[8.5,16,9.75,14.75],"rotation":270,"texture":"#0"}}},{"from":[-4.51257,-9.06224,-3.15501],"to":[-1.11257,-7.36224,3.64499],"rotation":{"angle":0,"axis":"y","origin":[-3.04238,-8.16974,2.0599]},"faces":{"north":{"uv":[7.75,10.75,6,10],"rotation":180,"texture":"#0"},"east":{"uv":[5,0,8.5,0.75],"texture":"#0"},"south":{"uv":[7.75,10.75,6,10],"rotation":180,"texture":"#0"},"west":{"uv":[5,0.75,8.5,1.5],"texture":"#0"},"up":{"uv":[7.75,10.75,6,14.25],"texture":"#0"},"down":{"uv":[7.75,10.75,6,14.25],"texture":"#0"}}},{"from":[-4.09347,-9.40224,2.58639],"to":[-0.69347,-6.85224,5.98639],"rotation":{"angle":-22.5,"axis":"y","origin":[-3.04238,-8.16974,2.0599]},"faces":{"north":{"uv":[9.5,10.75,7.75,9.5],"rotation":180,"texture":"#0"},"east":{"uv":[9.5,9.25,11.25,10.5],"texture":"#0"},"south":{"uv":[9.5,10.75,7.75,9.5],"rotation":180,"texture":"#0"},"west":{"uv":[6,8.5,7.75,9.75],"texture":"#0"},"up":{"uv":[7.75,12.5,9.5,10.75],"rotation":180,"texture":"#0"},"down":{"uv":[7.75,10.75,9.5,12.5],"rotation":180,"texture":"#0"}}},{"from":[-5.53257,-9.74224,5.17499],"to":[-2.13257,-6.51224,8.57499],"rotation":{"angle":0,"axis":"y","origin":[-3.04238,-8.16974,2.0599]},"faces":{"north":{"uv":[12.75,8.75,11,7.25],"rotation":180,"texture":"#0"},"east":{"uv":[9.5,7.25,11,9],"rotation":90,"texture":"#0"},"south":{"uv":[12.75,8.75,11,7.25],"rotation":180,"texture":"#0"},"west":{"uv":[10.25,1.75,11.75,3.5],"rotation":90,"texture":"#0"},"up":{"uv":[10.3,1.7,12.05,0],"rotation":180,"texture":"#0"},"down":{"uv":[10.3,0,12.05,1.7],"rotation":180,"texture":"#0"}}},{"from":[-0.22905,-9.91224,5.05823],"to":[3.17095,-6.34224,8.45823],"rotation":{"angle":-45,"axis":"y","origin":[-3.04238,-8.16974,2.0599]},"faces":{"north":{"uv":[7,0,3.5,3.5],"rotation":270,"texture":"#1"},"east":{"uv":[3.5,3.5,0,0],"rotation":270,"texture":"#1"},"south":{"uv":[7,3.5,3.5,7],"rotation":90,"texture":"#1"},"west":{"uv":[3.5,3.5,0,0],"rotation":270,"texture":"#1"},"up":{"uv":[3.5,7,0,3.5],"rotation":270,"texture":"#1"},"down":{"uv":[0,7,3.5,3.5],"rotation":270,"texture":"#1"}}},{"from":[0.15653,-10.08224,7.00639],"to":[3.55653,-6.17224,10.40639],"rotation":{"angle":-22.5,"axis":"y","origin":[-3.04238,-8.16974,2.0599]},"faces":{"north":{"uv":[7.5,14,3.5,10.5],"rotation":270,"texture":"#1"},"east":{"uv":[0,7,4,10.5],"rotation":270,"texture":"#1"},"south":{"uv":[8,10.5,4,7],"rotation":90,"texture":"#1"},"west":{"uv":[0,7,4,10.5],"rotation":90,"texture":"#1"},"up":{"uv":[3.5,10.5,0,14],"rotation":270,"texture":"#1"},"down":{"uv":[0,10.5,3.5,14],"rotation":270,"texture":"#1"}}},{"from":[-2.39384,-8.89224,-3.7307],"to":[0.66616,-7.53224,-2.0307],"rotation":{"angle":22.5,"axis":"y","origin":[-3.04238,-8.16974,2.0599]},"faces":{"north":{"uv":[8.25,14,9.75,13.25],"rotation":180,"texture":"#0"},"east":{"uv":[7.75,13.25,8.5,12.5],"rotation":270,"texture":"#0"},"south":{"uv":[8.25,14,9.75,13.25],"rotation":180,"texture":"#0"},"west":{"uv":[8.5,13.25,9.25,12.5],"rotation":270,"texture":"#0"},"up":{"uv":[8.25,14,9.75,14.75],"rotation":180,"texture":"#0"},"down":{"uv":[8.25,14,9.75,14.75],"rotation":180,"texture":"#0"}}},{"from":[-9.46946,-8.72224,-3.67218],"to":[-6.91946,-7.70224,-0.95218],"rotation":{"angle":-45,"axis":"y","origin":[-3.04238,-8.16974,2.0599]},"faces":{"north":{"uv":[8.5,16,8,14.75],"rotation":90,"texture":"#0"},"east":{"uv":[6.75,14.25,8,14.75],"rotation":180,"texture":"#0"},"south":{"uv":[6.75,16,6.25,14.75],"rotation":90,"texture":"#0"},"west":{"uv":[6.75,14.25,8,14.75],"rotation":180,"texture":"#0"},"up":{"uv":[8,14.75,6.75,16],"rotation":270,"texture":"#0"},"down":{"uv":[6.75,14.75,8,16],"rotation":270,"texture":"#0"}}},{"from":[-9.21628,-8.55224,-5.77658],"to":[-6.66628,-7.87224,-3.39658],"rotation":{"angle":-22.5,"axis":"y","origin":[-3.04238,-8.16974,2.0599]},"faces":{"north":{"uv":[10,14.75,9.75,13.5],"rotation":270,"texture":"#0"},"east":{"uv":[9.75,14.75,10,16],"rotation":90,"texture":"#0"},"south":{"uv":[10,13.5,9.75,12.25],"rotation":90,"texture":"#0"},"west":{"uv":[9.75,14.75,10,16],"rotation":90,"texture":"#0"},"up":{"uv":[8.5,14.75,9.75,16],"rotation":90,"texture":"#0"},"down":{"uv":[8.5,14.75,9.75,16],"rotation":270,"texture":"#0"}}},{"from":[-2,2,7.8],"to":[8,7,7.8],"rotation":{"angle":0,"axis":"y","origin":[8,2.5,0]},"faces":{"north":{"uv":[11,4.25,16,6.75],"texture":"#0"},"east":{"uv":[0,0,0,2.5],"texture":"#0"},"south":{"uv":[16,4.25,11,6.75],"texture":"#0"},"west":{"uv":[0,0,0,2.5],"texture":"#0"},"up":{"uv":[11,4.25,16,4.25],"texture":"#0"},"down":{"uv":[11,4.25,16,4.25],"texture":"#0"}}},{"from":[8.2,2,7.8],"to":[18.2,7,7.8],"rotation":{"angle":0,"axis":"y","origin":[8,2.5,0]},"faces":{"north":{"uv":[16,4.25,11,6.75],"texture":"#0"},"east":{"uv":[0,0,0,2.5],"texture":"#0"},"south":{"uv":[11,4.25,16,6.75],"texture":"#0"},"west":{"uv":[0,0,0,2.5],"texture":"#0"},"up":{"uv":[16,4.25,11,4.25],"texture":"#0"},"down":{"uv":[16,4.25,11,4.25],"texture":"#0"}}},{"from":[0.1,1,6],"to":[8.1,4,6],"rotation":{"angle":0,"axis":"y","origin":[4,18.2,-1]},"faces":{"north":{"uv":[0,10.5,4,12],"texture":"#0"},"east":{"uv":[0,10.5,0,12],"texture":"#0"},"south":{"uv":[4,10.5,0,12],"texture":"#0"},"west":{"uv":[0,10.5,0,12],"texture":"#0"},"up":{"uv":[0,0,4,0],"texture":"#0"},"down":{"uv":[0,0,4,0],"texture":"#0"}}},{"from":[8.1,1,6],"to":[16.1,4,6],"rotation":{"angle":0,"axis":"y","origin":[12,18.2,-1]},"faces":{"north":{"uv":[4,10.5,0,12],"texture":"#0"},"east":{"uv":[0,10.5,0,12],"texture":"#0"},"south":{"uv":[0,10.5,4,12],"texture":"#0"},"west":{"uv":[0,10.5,0,12],"texture":"#0"},"up":{"uv":[4,0,0,0],"texture":"#0"},"down":{"uv":[4,0,0,0],"texture":"#0"}}},{"from":[5,-7,0.9],"to":[11,2,0.9],"faces":{"north":{"uv":[13,4.5,16,9],"texture":"#5"},"east":{"uv":[13,4.5,13,9],"texture":"#5"},"south":{"uv":[13,4.5,16,9],"texture":"#5"},"west":{"uv":[13,4.5,13,9],"texture":"#5"},"up":{"uv":[0,0,3,0],"texture":"#5"},"down":{"uv":[0,0,3,0],"texture":"#5"}}},{"from":[13.05043,-5,15.15779],"to":[16.05043,-2,15.15779],"rotation":{"angle":0,"axis":"y","origin":[14.89358,-1.5,16.26464]},"faces":{"north":{"uv":[16,5.5,14,4],"texture":"#3"},"east":{"uv":[6.5,7.25,6.5,0],"texture":"#3"},"south":{"uv":[14,5.5,16,4],"texture":"#3"},"west":{"uv":[6,7.25,6,0],"texture":"#3"},"up":{"uv":[7,0.5,10.5,0.5],"texture":"#3"},"down":{"uv":[7,0,10.5,0],"texture":"#3"}}},{"from":[16.03672,-5,12.3715],"to":[16.03672,-2,15.1715],"rotation":{"angle":0,"axis":"y","origin":[14.89358,-1.5,16.26464]},"faces":{"north":{"uv":[6,7.25,6,0],"texture":"#3"},"east":{"uv":[16,5.5,14,4],"texture":"#3"},"south":{"uv":[6.5,7.25,6.5,0],"texture":"#3"},"west":{"uv":[14,5.5,16,4],"texture":"#3"},"up":{"uv":[7,0.5,10.5,0.5],"rotation":90,"texture":"#3"},"down":{"uv":[7,0,10.5,0],"rotation":270,"texture":"#3"}}},{"from":[-0.05043,-5,15.15779],"to":[2.94957,-2,15.15779],"rotation":{"angle":0,"axis":"y","origin":[1.10642,-1.5,16.26464]},"faces":{"north":{"uv":[14,5.5,16,4],"texture":"#3"},"east":{"uv":[6,7.25,6,0],"texture":"#3"},"south":{"uv":[16,5.5,14,4],"texture":"#3"},"west":{"uv":[6.5,7.25,6.5,0],"texture":"#3"},"up":{"uv":[10.5,0.5,7,0.5],"texture":"#3"},"down":{"uv":[10.5,0,7,0],"texture":"#3"}}},{"from":[-0.03672,-5,12.3715],"to":[-0.03672,-2,15.1715],"rotation":{"angle":0,"axis":"y","origin":[1.10642,-1.5,16.26464]},"faces":{"north":{"uv":[6,7.25,6,0],"texture":"#3"},"east":{"uv":[16,5.5,14,4],"texture":"#3"},"south":{"uv":[6.5,7.25,6.5,0],"texture":"#3"},"west":{"uv":[14,5.5,16,4],"texture":"#3"},"up":{"uv":[7,0.5,10.5,0.5],"rotation":90,"texture":"#3"},"down":{"uv":[7,0,10.5,0],"rotation":270,"texture":"#3"}}},{"from":[-0.03672,-5,8],"to":[-0.03672,-2,10.8],"rotation":{"angle":0,"axis":"y","origin":[1.10642,-1.5,-0.26464]},"faces":{"north":{"uv":[6.5,7.25,6.5,0],"texture":"#3"},"east":{"uv":[14,5.5,16,4],"texture":"#3"},"south":{"uv":[6,7.25,6,0],"texture":"#3"},"west":{"uv":[16,5.5,14,4],"texture":"#3"},"up":{"uv":[10.5,0.5,7,0.5],"rotation":90,"texture":"#3"},"down":{"uv":[10.5,0,7,0],"rotation":270,"texture":"#3"}}},{"from":[-0.03672,-5,5.2],"to":[-0.03672,-2,8],"rotation":{"angle":0,"axis":"y","origin":[1.10642,-1.5,16.26464]},"faces":{"north":{"uv":[6,7.25,6,0],"texture":"#3"},"east":{"uv":[16,5.5,14,4],"texture":"#3"},"south":{"uv":[6.5,7.25,6.5,0],"texture":"#3"},"west":{"uv":[14,5.5,16,4],"texture":"#3"},"up":{"uv":[7,0.5,10.5,0.5],"rotation":90,"texture":"#3"},"down":{"uv":[7,0,10.5,0],"rotation":270,"texture":"#3"}}},{"from":[16.03672,-5,8],"to":[16.03672,-2,10.8],"rotation":{"angle":0,"axis":"y","origin":[14.89358,-1.5,-0.26464]},"faces":{"north":{"uv":[6.5,7.25,6.5,0],"texture":"#3"},"east":{"uv":[14,5.5,16,4],"texture":"#3"},"south":{"uv":[6,7.25,6,0],"texture":"#3"},"west":{"uv":[16,5.5,14,4],"texture":"#3"},"up":{"uv":[10.5,0.5,7,0.5],"rotation":90,"texture":"#3"},"down":{"uv":[10.5,0,7,0],"rotation":270,"texture":"#3"}}},{"from":[16.03672,-5,5.2],"to":[16.03672,-2,8],"rotation":{"angle":0,"axis":"y","origin":[14.89358,-1.5,16.26464]},"faces":{"north":{"uv":[6,7.25,6,0],"texture":"#3"},"east":{"uv":[16,5.5,14,4],"texture":"#3"},"south":{"uv":[6.5,7.25,6.5,0],"texture":"#3"},"west":{"uv":[14,5.5,16,4],"texture":"#3"},"up":{"uv":[7,0.5,10.5,0.5],"rotation":90,"texture":"#3"},"down":{"uv":[7,0,10.5,0],"rotation":270,"texture":"#3"}}},{"from":[0,-4,1],"to":[16,-1,3],"rotation":{"angle":0,"axis":"y","origin":[0,-11,16]},"faces":{"north":{"uv":[8,4.5,0,6],"texture":"#5"},"east":{"uv":[0,6,1,7.5],"texture":"#5"},"south":{"uv":[8,4.5,0,6],"texture":"#5"},"west":{"uv":[1,6,0,7.5],"texture":"#5"},"up":{"uv":[0,8.5,8,7.5],"texture":"#5"},"down":{"uv":[0,8.5,8,7.5],"texture":"#5"}}},{"from":[0,-4,13],"to":[16,-1,15],"rotation":{"angle":0,"axis":"y","origin":[0,-11,16]},"faces":{"north":{"uv":[8,4.5,0,6],"texture":"#5"},"east":{"uv":[0,6,1,7.5],"texture":"#5"},"south":{"uv":[8,4.5,0,6],"texture":"#5"},"west":{"uv":[1,6,0,7.5],"texture":"#5"},"up":{"uv":[0,8.5,8,7.5],"texture":"#5"},"down":{"uv":[0,8.5,8,7.5],"texture":"#5"}}},{"from":[0,-4,3],"to":[0,-1,13],"rotation":{"angle":0,"axis":"y","origin":[0,-11,16]},"faces":{"north":{"uv":[3.75,4.75,3.75,6.25],"texture":"#5"},"east":{"uv":[1,6,6,7.5],"texture":"#5"},"south":{"uv":[3.75,4.75,3.75,6.25],"texture":"#5"},"west":{"uv":[6,6,1,7.5],"texture":"#5"},"up":{"uv":[3.75,12.75,3.75,7.75],"texture":"#5"},"down":{"uv":[3.75,12.75,3.75,7.75],"texture":"#5"}}},{"from":[16,-4,3],"to":[16,-1,13],"rotation":{"angle":0,"axis":"y","origin":[16,-11,16]},"faces":{"north":{"uv":[3.75,4.75,3.75,6.25],"texture":"#5"},"east":{"uv":[1,6,6,7.5],"texture":"#5"},"south":{"uv":[3.75,4.75,3.75,6.25],"texture":"#5"},"west":{"uv":[6,6,1,7.5],"texture":"#5"},"up":{"uv":[3.75,12.75,3.75,7.75],"texture":"#5"},"down":{"uv":[3.75,12.75,3.75,7.75],"texture":"#5"}}},{"from":[0,-1,7],"to":[16,2,9],"rotation":{"angle":0,"axis":"y","origin":[0,-11,16]},"faces":{"north":{"uv":[8,1.5,0,3],"texture":"#5"},"east":{"uv":[8,7.5,9,9],"texture":"#5"},"south":{"uv":[8,1.5,0,3],"texture":"#5"},"west":{"uv":[9,7.5,8,9],"texture":"#5"},"up":{"uv":[0,4,8,3],"texture":"#5"},"down":{"uv":[0,4,8,3],"texture":"#5"}}},{"from":[0,-1,9],"to":[16,1,11],"rotation":{"angle":0,"axis":"y","origin":[0,-11,0]},"faces":{"north":{"uv":[8,2,16,3],"texture":"#5"},"east":{"uv":[12.5,8,11.5,9],"texture":"#5"},"south":{"uv":[8,2,16,3],"texture":"#5"},"west":{"uv":[11.5,8,12.5,9],"texture":"#5"},"up":{"uv":[8,3,16,4],"texture":"#5"},"down":{"uv":[8,3,16,4],"texture":"#5"}}},{"from":[0,-1,11],"to":[16,0,13],"rotation":{"angle":0,"axis":"y","origin":[0,-11,0]},"faces":{"north":{"uv":[0,0,8,0.5],"texture":"#5"},"east":{"uv":[12.5,7.5,11.5,8],"texture":"#5"},"south":{"uv":[0,0,8,0.5],"texture":"#5"},"west":{"uv":[11.5,7.5,12.5,8],"texture":"#5"},"up":{"uv":[0,0.5,8,1.5],"texture":"#5"},"down":{"uv":[0,0.5,8,1.5],"texture":"#5"}}},{"from":[0,-1,5],"to":[16,1,7],"rotation":{"angle":0,"axis":"y","origin":[0,-11,16]},"faces":{"north":{"uv":[16,2,8,3],"texture":"#5"},"east":{"uv":[11.5,8,12.5,9],"texture":"#5"},"south":{"uv":[16,2,8,3],"texture":"#5"},"west":{"uv":[12.5,8,11.5,9],"texture":"#5"},"up":{"uv":[8,4,16,3],"texture":"#5"},"down":{"uv":[8,4,16,3],"texture":"#5"}}},{"from":[0,-1,3],"to":[16,0,5],"rotation":{"angle":0,"axis":"y","origin":[0,-11,16]},"faces":{"north":{"uv":[8,0,0,0.5],"texture":"#5"},"east":{"uv":[11.5,7.5,12.5,8],"texture":"#5"},"south":{"uv":[8,0,0,0.5],"texture":"#5"},"west":{"uv":[12.5,7.5,11.5,8],"texture":"#5"},"up":{"uv":[0,1.5,8,0.5],"texture":"#5"},"down":{"uv":[0,1.5,8,0.5],"texture":"#5"}}},{"from":[3,-6,7],"to":[3,5,19],"rotation":{"angle":-22.5,"axis":"y","origin":[0,0,0]},"faces":{"north":{"uv":[0,0,0,5.5],"texture":"#3"},"east":{"uv":[6,0,0,5.5],"texture":"#3"},"south":{"uv":[0,0,0,5.5],"texture":"#3"},"west":{"uv":[0,0,6,5.5],"texture":"#3"},"up":{"uv":[0,6,0,0],"texture":"#3"},"down":{"uv":[0,0,0,6],"texture":"#3"}}},{"from":[0,-12.1,1],"to":[8,-12.1,15],"rotation":{"angle":0,"axis":"y","origin":[0,-11,16]},"faces":{"north":{"uv":[8,0,16,1],"texture":"#5"},"east":{"uv":[8,1,15,2],"texture":"#5"},"south":{"uv":[8,0,16,1],"texture":"#5"},"west":{"uv":[8,1,15,2],"texture":"#5"},"up":{"uv":[8,7,0,0],"texture":"#5"},"down":{"uv":[11,7,7,0],"texture":"#2"}}},{"from":[8,-12.1,1],"to":[16,-12.1,15],"rotation":{"angle":0,"axis":"y","origin":[0,-11,16]},"faces":{"north":{"uv":[8,0,16,1],"texture":"#5"},"east":{"uv":[8,1,15,2],"texture":"#5"},"south":{"uv":[8,0,16,1],"texture":"#5"},"west":{"uv":[8,1,15,2],"texture":"#5"},"up":{"uv":[8,7,0,0],"texture":"#5"},"down":{"uv":[14,7,10,0],"texture":"#2"}}},{"from":[13,-6,7],"to":[13,5,19],"rotation":{"angle":22.5,"axis":"y","origin":[16,0,0]},"faces":{"north":{"uv":[0,0,0,5.5],"texture":"#3"},"east":{"uv":[6,0,0,5.5],"texture":"#3"},"south":{"uv":[0,0,0,5.5],"texture":"#3"},"west":{"uv":[0,0,6,5.5],"texture":"#3"},"up":{"uv":[0,6,0,0],"texture":"#3"},"down":{"uv":[0,0,0,6],"texture":"#3"}}},{"from":[7,-7,-1],"to":[9,-2,1],"rotation":{"angle":0,"axis":"y","origin":[0,-1,0]},"faces":{"north":{"uv":[0,15,2.5,16],"rotation":90,"texture":"#5"},"east":{"uv":[9,8,11.5,9],"rotation":90,"texture":"#5"},"south":{"uv":[0,15,2.5,16],"rotation":90,"texture":"#5"},"west":{"uv":[9,9,11.5,8],"rotation":90,"texture":"#5"},"up":{"uv":[2.5,15,3.5,16],"texture":"#5"},"down":{"uv":[2.5,16,3.5,15],"texture":"#5"}}},{"from":[9,-6,-1],"to":[10,-3,1],"rotation":{"angle":0,"axis":"y","origin":[0,-1,0]},"faces":{"north":{"uv":[3.5,14.5,5,15],"rotation":90,"texture":"#5"},"east":{"uv":[3.5,15,5,16],"rotation":90,"texture":"#5"},"south":{"uv":[3.5,14.5,5,15],"rotation":90,"texture":"#5"},"west":{"uv":[3.5,15,5,16],"rotation":90,"texture":"#5"},"up":{"uv":[5,15,5.5,16],"texture":"#5"},"down":{"uv":[5,15,5.5,16],"texture":"#5"}}},{"from":[6,-6,-1],"to":[7,-3,1],"rotation":{"angle":0,"axis":"y","origin":[16,-1,0]},"faces":{"north":{"uv":[3.5,15,5,14.5],"rotation":90,"texture":"#5"},"east":{"uv":[3.5,16,5,15],"rotation":90,"texture":"#5"},"south":{"uv":[3.5,15,5,14.5],"rotation":90,"texture":"#5"},"west":{"uv":[3.5,16,5,15],"rotation":90,"texture":"#5"},"up":{"uv":[5.5,15,5,16],"texture":"#5"},"down":{"uv":[5.5,15,5,16],"texture":"#5"}}},{"from":[5,-4.1,0],"to":[6,-2.1,1],"rotation":{"angle":-45,"axis":"z","origin":[6.5,-4.5,0]},"faces":{"north":{"uv":[6,15,6.5,16],"texture":"#5"},"east":{"uv":[5.5,15,6,16],"texture":"#5"},"south":{"uv":[6,15,6.5,16],"texture":"#5"},"west":{"uv":[5.5,15,6,16],"texture":"#5"},"up":{"uv":[5,14.5,5.5,15],"texture":"#5"},"down":{"uv":[5,14.5,5.5,15],"texture":"#5"}}},{"from":[10,-4.1,0],"to":[11,-2.1,1],"rotation":{"angle":45,"axis":"z","origin":[9.5,-4.5,0]},"faces":{"north":{"uv":[6.5,15,6,16],"texture":"#5"},"east":{"uv":[6,15,5.5,16],"texture":"#5"},"south":{"uv":[6.5,15,6,16],"texture":"#5"},"west":{"uv":[6,15,5.5,16],"texture":"#5"},"up":{"uv":[5.5,14.5,5,15],"texture":"#5"},"down":{"uv":[5.5,14.5,5,15],"texture":"#5"}}},{"from":[5,-6.9,0],"to":[6,-4.9,1],"rotation":{"angle":45,"axis":"z","origin":[6.5,-4.5,0]},"faces":{"north":{"uv":[6,16,6.5,15],"texture":"#5"},"east":{"uv":[5.5,16,6,15],"texture":"#5"},"south":{"uv":[6,16,6.5,15],"texture":"#5"},"west":{"uv":[5.5,16,6,15],"texture":"#5"},"up":{"uv":[5,15,5.5,14.5],"texture":"#5"},"down":{"uv":[5,15,5.5,14.5],"texture":"#5"}}},{"from":[10,-6.9,0],"to":[11,-4.9,1],"rotation":{"angle":-45,"axis":"z","origin":[9.5,-4.5,0]},"faces":{"north":{"uv":[6.5,16,6,15],"texture":"#5"},"east":{"uv":[6,16,5.5,15],"texture":"#5"},"south":{"uv":[6.5,16,6,15],"texture":"#5"},"west":{"uv":[6,16,5.5,15],"texture":"#5"},"up":{"uv":[5.5,15,5,14.5],"texture":"#5"},"down":{"uv":[5.5,15,5,14.5],"texture":"#5"}}},{"from":[-0.3,2.5,-1],"to":[5,3.5,1],"rotation":{"angle":45,"axis":"z","origin":[11,2.5,-8]},"faces":{"north":{"uv":[13,16,10.5,15.5],"texture":"#7"},"east":{"uv":[11.5,15.5,10.5,15],"texture":"#7"},"south":{"uv":[13,16,10.5,15.5],"texture":"#7"},"west":{"uv":[11.5,15.5,10.5,15],"texture":"#7"},"up":{"uv":[10.5,16,8,15],"texture":"#7"},"down":{"uv":[10.5,16,8,15],"texture":"#7"}}},{"from":[0,-4.8,-0.1],"to":[6,1.2,-0.1],"rotation":{"angle":0,"axis":"y","origin":[11,-6,-8]},"faces":{"north":{"uv":[5,1.5,11,7.5],"texture":"#8"},"east":{"uv":[3,0.5,3,6.5],"texture":"#8"},"south":{"uv":[5,1.5,11,7.5],"texture":"#8"},"west":{"uv":[3,0.5,3,6.5],"texture":"#8"},"up":{"uv":[5,0,0,0],"texture":"#8"},"down":{"uv":[5,0,0,0],"texture":"#8"}}},{"from":[1,2.5,-0.9],"to":[6.3,3.5,0.9],"rotation":{"angle":-45,"axis":"z","origin":[-5,2.5,-8]},"faces":{"north":{"uv":[10.5,16,13,15.5],"texture":"#7"},"east":{"uv":[10.5,15.5,11.5,15],"texture":"#7"},"south":{"uv":[10.5,16,13,15.5],"texture":"#7"},"west":{"uv":[10.5,15.5,11.5,15],"texture":"#7"},"up":{"uv":[8,16,10.5,15],"texture":"#7"},"down":{"uv":[8,16,10.5,15],"texture":"#7"}}},{"from":[1,6.7,-0.9],"to":[6.3,7.7,0.9],"rotation":{"angle":-45,"axis":"z","origin":[-5,2.5,-8]},"faces":{"north":{"uv":[10.5,16,13,15.5],"texture":"#7"},"east":{"uv":[10.5,15.5,11.5,15],"texture":"#7"},"south":{"uv":[10.5,16,13,15.5],"texture":"#7"},"west":{"uv":[10.5,15.5,11.5,15],"texture":"#7"},"up":{"uv":[8,16,10.5,15],"texture":"#7"},"down":{"uv":[8,16,10.5,15],"texture":"#7"}}},{"from":[1,-7,-1],"to":[6.3,-6,1],"rotation":{"angle":45,"axis":"z","origin":[-5,-6,-8]},"faces":{"north":{"uv":[10.5,15.5,13,16],"texture":"#7"},"east":{"uv":[10.5,15,11.5,15.5],"texture":"#7"},"south":{"uv":[10.5,15.5,13,16],"texture":"#7"},"west":{"uv":[10.5,15,11.5,15.5],"texture":"#7"},"up":{"uv":[8,15,10.5,16],"texture":"#7"},"down":{"uv":[8,15,10.5,16],"texture":"#7"}}},{"from":[7.5,-10,-7.5],"to":[7.5,-1,1.5],"rotation":{"angle":-45,"axis":"y","origin":[9.5,21.5,6]},"faces":{"north":{"uv":[0,0,0,4.75],"texture":"#9"},"east":{"uv":[0,7,9,16],"texture":"#9"},"south":{"uv":[0,0,0,4.75],"texture":"#9"},"west":{"uv":[9,7,0,16],"texture":"#9"},"up":{"uv":[0,0,2.75,0],"rotation":90,"texture":"#9"},"down":{"uv":[0,0,2.75,0],"rotation":270,"texture":"#9"}}},{"from":[8.5,-10,-7.5],"to":[8.5,-1,1.5],"rotation":{"angle":45,"axis":"y","origin":[6.5,21.5,6]},"faces":{"north":{"uv":[0,0,0,4.75],"texture":"#9"},"east":{"uv":[0,7,9,16],"texture":"#9"},"south":{"uv":[0,0,0,4.75],"texture":"#9"},"west":{"uv":[9,7,0,16],"texture":"#9"},"up":{"uv":[0,0,2.75,0],"rotation":90,"texture":"#9"},"down":{"uv":[0,0,2.75,0],"rotation":270,"texture":"#9"}}},{"from":[8.5,-10,-7.5],"to":[8.5,-1,1.5],"rotation":{"angle":0,"axis":"y","origin":[6.5,21.5,6]},"faces":{"north":{"uv":[0,0,0,4.75],"texture":"#9"},"east":{"uv":[0,7,9,16],"texture":"#9"},"south":{"uv":[0,0,0,4.75],"texture":"#9"},"west":{"uv":[9,7,0,16],"texture":"#9"},"up":{"uv":[0,0,2.75,0],"rotation":90,"texture":"#9"},"down":{"uv":[0,0,2.75,0],"rotation":270,"texture":"#9"}}},{"from":[11,2.5,-1],"to":[16.3,3.5,1],"rotation":{"angle":-45,"axis":"z","origin":[5,2.5,-8]},"faces":{"north":{"uv":[10.5,16,13,15.5],"texture":"#7"},"east":{"uv":[10.5,15.5,11.5,15],"texture":"#7"},"south":{"uv":[10.5,16,13,15.5],"texture":"#7"},"west":{"uv":[10.5,15.5,11.5,15],"texture":"#7"},"up":{"uv":[8,16,10.5,15],"texture":"#7"},"down":{"uv":[8,16,10.5,15],"texture":"#7"}}},{"from":[10,-4.8,-0.1],"to":[16,1.2,-0.1],"rotation":{"angle":0,"axis":"y","origin":[5,-6,-8]},"faces":{"north":{"uv":[5,1.5,11,7.5],"texture":"#8"},"east":{"uv":[3,0.5,3,6.5],"texture":"#8"},"south":{"uv":[11,1.5,5,7.5],"texture":"#8"},"west":{"uv":[3,0.5,3,6.5],"texture":"#8"},"up":{"uv":[0,0,5,0],"texture":"#8"},"down":{"uv":[0,0,5,0],"texture":"#8"}}},{"from":[9.7,2.5,-0.9],"to":[15,3.5,0.9],"rotation":{"angle":45,"axis":"z","origin":[21,2.5,-8]},"faces":{"north":{"uv":[13,16,10.5,15.5],"texture":"#7"},"east":{"uv":[11.5,15.5,10.5,15],"texture":"#7"},"south":{"uv":[13,16,10.5,15.5],"texture":"#7"},"west":{"uv":[11.5,15.5,10.5,15],"texture":"#7"},"up":{"uv":[10.5,16,8,15],"texture":"#7"},"down":{"uv":[10.5,16,8,15],"texture":"#7"}}},{"from":[9.7,6.7,-0.9],"to":[15,7.7,0.9],"rotation":{"angle":45,"axis":"z","origin":[21,2.5,-8]},"faces":{"north":{"uv":[13,16,10.5,15.5],"texture":"#7"},"east":{"uv":[11.5,15.5,10.5,15],"texture":"#7"},"south":{"uv":[13,16,10.5,15.5],"texture":"#7"},"west":{"uv":[11.5,15.5,10.5,15],"texture":"#7"},"up":{"uv":[10.5,16,8,15],"texture":"#7"},"down":{"uv":[10.5,16,8,15],"texture":"#7"}}},{"from":[9.7,-7,-1],"to":[15,-6,1],"rotation":{"angle":-45,"axis":"z","origin":[21,-6,-8]},"faces":{"north":{"uv":[13,15.5,10.5,16],"texture":"#7"},"east":{"uv":[11.5,15,10.5,15.5],"texture":"#7"},"south":{"uv":[13,15.5,10.5,16],"texture":"#7"},"west":{"uv":[11.5,15,10.5,15.5],"texture":"#7"},"up":{"uv":[10.5,15,8,16],"texture":"#7"},"down":{"uv":[10.5,15,8,16],"texture":"#7"}}},{"from":[4.4,-10,21],"to":[12.4,-10,30],"rotation":{"angle":-22.5,"axis":"x","origin":[8.5,-8,25]},"faces":{"north":{"uv":[0,0,4.5,0],"texture":"#2"},"east":{"uv":[0,0,4.5,0],"texture":"#2"},"south":{"uv":[0,0,4.5,0],"texture":"#2"},"west":{"uv":[0,0,4.5,0],"texture":"#2"},"up":{"uv":[0.5,0,4.5,4.5],"texture":"#2"},"down":{"uv":[0.5,4.5,4.5,0],"texture":"#2"}}}],"gui_light":"front","display":{"thirdperson_righthand":{"rotation":[65.75,0,0],"translation":[0,2,4.5],"scale":[0.23125,0.23125,0.23125]},"thirdperson_lefthand":{"rotation":[65.75,0,0],"translation":[0,2,4.5],"scale":[0.23125,0.23125,0.23125]},"firstperson_righthand":{"translation":[-9,9.75,-12.25],"scale":[0.83594,0.83594,0.83594]},"firstperson_lefthand":{"translation":[-9,9.75,-12.25],"scale":[0.83594,0.83594,0.83594]},"ground":{"translation":[0,7,0],"scale":[0.27539,0.27539,0.27539]},"gui":{"rotation":[-163.25,0,-180],"translation":[0,5.5,-2],"scale":[0.50797,0.50797,0.50797]},"head":{"rotation":[0,180,0],"translation":[0,-3.25,0],"scale":[2,2,2]},"fixed":{"rotation":[-90,0,0],"translation":[2,0,-51],"scale":[2.5,2.5,2.5]}},"groups":[{"name":"Tail","origin":[8.05,-9,17],"color":0,"children":[0,1,2,3,4,5,6,7,8,9,10,11]},{"name":"group","origin":[0,0,0],"color":0,"children":[{"name":"Down","origin":[0,-11,16],"color":0,"children":[12,13,14,15,16,17,18,19,20,21,22,23,24,25,26,27,28,29,30,31,32]},{"name":"Horn","origin":[5,18.5,4.5],"color":0,"children":[33,34,35,36,37,38]},{"name":"Horn","origin":[5,18.5,4.5],"color":0,"children":[39,40,41,42,43,44]},{"name":"Horn","origin":[5,18.5,4.5],"color":0,"children":[45,46,47,48,49,50,51,52]},{"name":"Horn","origin":[5,18.5,4.5],"color":0,"children":[53,54,55,56,57,58,59,60]},{"name":"Accesery","origin":[12,18.2,-1],"color":0,"children":[61,62,63,64,65,66,67,68,69,70,71,72,73]},{"name":"Top","origin":[0,-11,16],"color":0,"children":[74,75,76,77,78,79,80,81,82]},{"name":"Wing","origin":[16,0,0],"color":0,"children":[83,84,85,86]}]},{"name":"group","origin":[9.5,-3.5,0],"color":0,"children":[87,88,89,90,91,92,93]},{"name":"Eye","origin":[16,0,0],"color":0,"children":[94,95,96,97,98,99,100,101]},{"name":"Eye","origin":[16,0,0],"color":0,"children":[102,103,104,105,106]},107]}