{"textures":{"0":"modelengine:entity/ecnpcs_elfmage"},"elements":[{"from":[7.2599998,2.08,5.7799997],"to":[10.219999,9.48,9.48],"faces":{"east":{"uv":[0.5,6.25,1.0,7.125],"tintindex":0,"rotation":0,"texture":"#0"},"south":{"uv":[3.875,7.25,4.25,8.125],"tintindex":0,"rotation":0,"texture":"#0"},"north":{"uv":[2.0,7.25,2.375,8.125],"tintindex":0,"rotation":0,"texture":"#0"},"west":{"uv":[1.0,6.25,1.5,7.125],"tintindex":0,"rotation":0,"texture":"#0"},"up":{"uv":[6.875,8.625,6.5,8.125],"tintindex":0,"rotation":0,"texture":"#0"},"down":{"uv":[8.625,0.375,8.25,0.875],"tintindex":0,"rotation":0,"texture":"#0"}}},{"from":[5.04,6.5200005,4.5220003],"to":[10.96,10.959999,10.441999],"faces":{"east":{"uv":[7.0,5.125,7.75,5.625],"tintindex":0,"rotation":0,"texture":"#0"},"south":{"uv":[7.0,5.625,7.75,6.125],"tintindex":0,"rotation":0,"texture":"#0"},"north":{"uv":[4.625,6.875,5.375,7.375],"tintindex":0,"rotation":0,"texture":"#0"},"west":{"uv":[7.0,6.125,7.75,6.625],"tintindex":0,"rotation":0,"texture":"#0"},"up":{"uv":[5.875,1.5,5.125,0.75],"tintindex":0,"rotation":0,"texture":"#0"},"down":{"uv":[0.75,5.25,0.0,6.0],"tintindex":0,"rotation":0,"texture":"#0"}},"rotation":{"origin":[6.89,10.59,7.63],"angle":22.5,"axis":"z"}}],"display":{"gui":{"rotation":[30,225,0]}}}