{"textures":{"0":"modelengine:entity/ecnpcs_elfmage"},"elements":[{"from":[6.34033,12.92276,5.82421],"to":[9.67033,17.36276,8.78421],"faces":{"east":{"uv":[8.25,7.25,8.625,7.75],"tintindex":0,"rotation":0,"texture":"#0"},"south":{"uv":[0.0,8.375,0.375,8.875],"tintindex":0,"rotation":0,"texture":"#0"},"north":{"uv":[7.125,8.25,7.5,8.75],"tintindex":0,"rotation":0,"texture":"#0"},"west":{"uv":[0.375,8.375,0.75,8.875],"tintindex":0,"rotation":0,"texture":"#0"},"up":{"uv":[6.375,9.125,6.0,8.75],"tintindex":0,"rotation":0,"texture":"#0"},"down":{"uv":[7.5,8.75,7.125,9.125],"tintindex":0,"rotation":0,"texture":"#0"}}},{"from":[7.26533,19.49299,1.9074702],"to":[8.74533,21.71299,7.82747],"faces":{"east":{"uv":[8.25,3.625,9.0,3.875],"tintindex":0,"rotation":0,"texture":"#0"},"south":{"uv":[8.125,3.125,8.25,3.375],"tintindex":0,"rotation":0,"texture":"#0"},"north":{"uv":[2.25,8.125,2.375,8.375],"tintindex":0,"rotation":0,"texture":"#0"},"west":{"uv":[8.25,6.0,9.0,6.25],"tintindex":0,"rotation":0,"texture":"#0"},"up":{"uv":[3.5,0.75,3.375,0.0],"tintindex":0,"rotation":0,"texture":"#0"},"down":{"uv":[3.5,0.75,3.375,1.5],"tintindex":0,"rotation":0,"texture":"#0"}},"rotation":{"origin":[8.00533,20.97299,4.86747],"angle":22.5,"axis":"x"}},{"from":[6.69183,25.78172,10.05934],"to":[6.69183,29.48172,17.45934],"faces":{"east":{"uv":[6.5,2.0,7.375,2.5],"tintindex":0,"rotation":0,"texture":"#0"},"west":{"uv":[6.5,2.5,7.375,3.0],"tintindex":0,"rotation":0,"texture":"#0"}},"rotation":{"origin":[8.00533,25.018982,9.91465],"angle":-22.5,"axis":"x"}},{"from":[7.08033,27.67435,-1.9761801],"to":[8.93033,29.894352,3.94382],"faces":{"east":{"uv":[3.0,8.375,3.75,8.625],"tintindex":0,"rotation":0,"texture":"#0"},"south":{"uv":[9.0,2.5,9.25,2.75],"tintindex":0,"rotation":0,"texture":"#0"},"north":{"uv":[9.0,2.25,9.25,2.5],"tintindex":0,"rotation":0,"texture":"#0"},"west":{"uv":[8.375,4.25,9.125,4.5],"tintindex":0,"rotation":0,"texture":"#0"},"up":{"uv":[2.75,9.125,2.5,8.375],"tintindex":0,"rotation":0,"texture":"#0"},"down":{"uv":[5.625,8.375,5.375,9.125],"tintindex":0,"rotation":0,"texture":"#0"}},"rotation":{"origin":[7.82033,32.484352,1.7238202],"angle":-45.0,"axis":"x"}},{"from":[6.34033,17.36276,5.82421],"to":[9.67033,22.54276,8.78421],"faces":{"east":{"uv":[7.875,3.375,8.25,4.0],"tintindex":0,"rotation":0,"texture":"#0"},"south":{"uv":[4.625,7.875,5.0,8.5],"tintindex":0,"rotation":0,"texture":"#0"},"north":{"uv":[6.125,7.625,6.5,8.25],"tintindex":0,"rotation":0,"texture":"#0"},"west":{"uv":[8.0,1.0,8.375,1.625],"tintindex":0,"rotation":0,"texture":"#0"},"up":{"uv":[9.0,8.75,8.625,8.375],"tintindex":0,"rotation":0,"texture":"#0"},"down":{"uv":[9.125,0.0,8.75,0.375],"tintindex":0,"rotation":0,"texture":"#0"}}},{"from":[7.26533,1.0827608,6.56421],"to":[8.74533,17.36276,8.04421],"faces":{"east":{"uv":[7.0,7.25,7.125,9.25],"tintindex":0,"rotation":0,"texture":"#0"},"south":{"uv":[5.25,7.375,5.375,9.375],"tintindex":0,"rotation":0,"texture":"#0"},"north":{"uv":[6.875,7.25,7.0,9.25],"tintindex":0,"rotation":0,"texture":"#0"},"west":{"uv":[3.75,7.625,3.875,9.625],"tintindex":0,"rotation":0,"texture":"#0"},"up":{"uv":[7.125,6.75,7.0,6.625],"tintindex":0,"rotation":0,"texture":"#0"},"down":{"uv":[7.25,4.5,7.125,4.625],"tintindex":0,"rotation":0,"texture":"#0"}}},{"from":[6.71033,23.561722,10.05934],"to":[9.30033,29.48172,12.279341],"faces":{"east":{"uv":[8.375,0.875,8.625,1.625],"tintindex":0,"rotation":0,"texture":"#0"},"south":{"uv":[3.375,7.625,3.75,8.375],"tintindex":0,"rotation":0,"texture":"#0"},"north":{"uv":[3.0,7.625,3.375,8.375],"tintindex":0,"rotation":0,"texture":"#0"},"west":{"uv":[1.0,8.375,1.25,9.125],"tintindex":0,"rotation":0,"texture":"#0"},"up":{"uv":[9.375,0.625,9.0,0.375],"tintindex":0,"rotation":0,"texture":"#0"},"down":{"uv":[9.375,0.625,9.0,0.875],"tintindex":0,"rotation":0,"texture":"#0"}},"rotation":{"origin":[8.00533,25.018982,9.91465],"angle":-22.5,"axis":"x"}},{"from":[6.89533,28.71318,4.89045],"to":[9.11533,30.933182,10.81045],"faces":{"east":{"uv":[8.25,6.625,9.0,6.875],"tintindex":0,"rotation":0,"texture":"#0"},"south":{"uv":[9.0,2.0,9.25,2.25],"tintindex":0,"rotation":0,"texture":"#0"},"north":{"uv":[8.0,7.25,8.25,7.5],"tintindex":0,"rotation":0,"texture":"#0"},"west":{"uv":[8.25,7.75,9.0,8.0],"tintindex":0,"rotation":0,"texture":"#0"},"up":{"uv":[1.5,9.125,1.25,8.375],"tintindex":0,"rotation":0,"texture":"#0"},"down":{"uv":[2.5,8.375,2.25,9.125],"tintindex":0,"rotation":0,"texture":"#0"}},"rotation":{"origin":[8.00533,31.67318,8.51645],"angle":22.5,"axis":"x"}},{"from":[9.29183,25.78172,10.05934],"to":[9.29183,29.48172,17.45934],"faces":{"east":{"uv":[6.5,2.0,7.375,2.5],"tintindex":0,"rotation":0,"texture":"#0"},"west":{"uv":[6.5,2.5,7.375,3.0],"tintindex":0,"rotation":0,"texture":"#0"}},"rotation":{"origin":[8.00533,25.018982,9.91465],"angle":-22.5,"axis":"x"}},{"from":[6.52533,20.32473,9.71286],"to":[9.485331,26.244732,11.93286],"faces":{"east":{"uv":[7.5,8.25,7.75,9.0],"tintindex":0,"rotation":0,"texture":"#0"},"south":{"uv":[1.125,7.625,1.5,8.375],"tintindex":0,"rotation":0,"texture":"#0"},"north":{"uv":[0.75,7.625,1.125,8.375],"tintindex":0,"rotation":0,"texture":"#0"},"west":{"uv":[0.75,8.375,1.0,9.125],"tintindex":0,"rotation":0,"texture":"#0"},"up":{"uv":[9.25,7.25,8.875,7.0],"tintindex":0,"rotation":0,"texture":"#0"},"down":{"uv":[9.0,8.875,8.625,9.125],"tintindex":0,"rotation":0,"texture":"#0"}},"rotation":{"origin":[8.00533,25.018982,9.91465],"angle":45.0,"axis":"x"}},{"from":[7.41333,-13.717239,6.56421],"to":[8.52333,1.0827608,8.04421],"faces":{"east":{"uv":[5.0,7.875,5.125,9.75],"tintindex":0,"rotation":0,"texture":"#0"},"south":{"uv":[5.125,7.875,5.25,9.75],"tintindex":0,"rotation":0,"texture":"#0"},"north":{"uv":[2.875,7.875,3.0,9.75],"tintindex":0,"rotation":0,"texture":"#0"},"west":{"uv":[7.75,8.0,7.875,9.875],"tintindex":0,"rotation":0,"texture":"#0"},"up":{"uv":[7.375,4.625,7.25,4.5],"tintindex":0,"rotation":0,"texture":"#0"},"down":{"uv":[7.5,2.875,7.375,3.0],"tintindex":0,"rotation":0,"texture":"#0"}}}],"display":{"gui":{"rotation":[30,225,0]}}}