{"credit":"Made with Blockbench","texture_size":[32,32],"textures":{"0":"elitecreatures:azgad_weapon/azgadtex4","3":"elitecreatures:azgad_weapon/azgadtex7","4":"elitecreatures:azgad_weapon/azgadtex6","7":"elitecreatures:azgad_weapon/eye","8":"elitecreatures:azgad_weapon/flare","10":"elitecreatures:azgad_weapon/azgadtex3","particle":"elitecreatures:azgad_weapon/azgadtex4"},"elements":[{"from":[8.1,-8,6.9],"to":[10.1,1,8.9],"rotation":{"angle":0,"axis":"y","origin":[9.1,5.25,8]},"faces":{"north":{"uv":[7.75,0,8.75,4.5],"texture":"#0"},"east":{"uv":[9.75,0,8.75,4.5],"texture":"#0"},"south":{"uv":[8.75,0,7.75,4.5],"texture":"#0"},"west":{"uv":[9.75,0,8.75,4.5],"texture":"#0"},"up":{"uv":[9.75,4.5,8.75,5.5],"rotation":180,"texture":"#0"},"down":{"uv":[9.75,5.5,8.75,4.5],"rotation":180,"texture":"#0"}}},{"from":[8.1,1,6.9],"to":[10.1,10,8.9],"rotation":{"angle":0,"axis":"y","origin":[9.1,5.25,8]},"faces":{"north":{"uv":[7.75,0,8.75,4.5],"texture":"#0"},"east":{"uv":[9.75,0,8.75,4.5],"texture":"#0"},"south":{"uv":[8.75,0,7.75,4.5],"texture":"#0"},"west":{"uv":[9.75,0,8.75,4.5],"texture":"#0"},"up":{"uv":[9.75,4.5,8.75,5.5],"rotation":180,"texture":"#0"},"down":{"uv":[9.75,5.5,8.75,4.5],"rotation":180,"texture":"#0"}}},{"from":[8.1,10,6.9],"to":[10.1,19,8.9],"rotation":{"angle":0,"axis":"y","origin":[9.1,5.25,8]},"faces":{"north":{"uv":[7.75,0,8.75,4.5],"texture":"#0"},"east":{"uv":[9.75,0,8.75,4.5],"texture":"#0"},"south":{"uv":[8.75,0,7.75,4.5],"texture":"#0"},"west":{"uv":[9.75,0,8.75,4.5],"texture":"#0"},"up":{"uv":[9.75,4.5,8.75,5.5],"rotation":180,"texture":"#0"},"down":{"uv":[9.75,5.5,8.75,4.5],"rotation":180,"texture":"#0"}}},{"from":[7.43274,-4,6.38787],"to":[10.23274,-1,6.38787],"rotation":{"angle":-45,"axis":"y","origin":[9.1,5.25,8]},"faces":{"north":{"uv":[14,4,16,5.5],"texture":"#0"},"east":{"uv":[6,0,6,7.25],"texture":"#0"},"south":{"uv":[16,4,14,5.5],"texture":"#0"},"west":{"uv":[6.5,0,6.5,7.25],"texture":"#0"},"up":{"uv":[7,0,10.5,0],"rotation":180,"texture":"#0"},"down":{"uv":[7,0.5,10.5,0.5],"rotation":180,"texture":"#0"}}},{"from":[7.50345,-1.5,6.45858],"to":[10.30345,1.5,6.45858],"rotation":{"angle":-45,"axis":"y","origin":[9.1,5.25,8]},"faces":{"north":{"uv":[14,4,16,5.5],"texture":"#0"},"east":{"uv":[6,0,6,7.25],"texture":"#0"},"south":{"uv":[16,4,14,5.5],"texture":"#0"},"west":{"uv":[6.5,0,6.5,7.25],"texture":"#0"},"up":{"uv":[7,0,10.5,0],"rotation":180,"texture":"#0"},"down":{"uv":[7,0.5,10.5,0.5],"rotation":180,"texture":"#0"}}},{"from":[7.72584,-4,6.34645],"to":[10.72584,-1,6.34645],"rotation":{"angle":45,"axis":"y","origin":[9.1,5.25,8]},"faces":{"north":{"uv":[16,4,14,5.5],"texture":"#0"},"east":{"uv":[6.5,0,6.5,7.25],"texture":"#0"},"south":{"uv":[14,4,16,5.5],"texture":"#0"},"west":{"uv":[6,0,6,7.25],"texture":"#0"},"up":{"uv":[10.5,0,7,0],"rotation":180,"texture":"#0"},"down":{"uv":[10.5,0.5,7,0.5],"rotation":180,"texture":"#0"}}},{"from":[7.72584,-4,9.65355],"to":[10.72584,-1,9.65355],"rotation":{"angle":-45,"axis":"y","origin":[9.1,5.25,8]},"faces":{"north":{"uv":[16,4,14,5.5],"texture":"#0"},"east":{"uv":[6.5,0,6.5,7.25],"texture":"#0"},"south":{"uv":[14,4,16,5.5],"texture":"#0"},"west":{"uv":[6,0,6,7.25],"texture":"#0"},"up":{"uv":[10.5,0,7,0],"rotation":180,"texture":"#0"},"down":{"uv":[10.5,0.5,7,0.5],"rotation":180,"texture":"#0"}}},{"from":[7.43274,-4,9.61213],"to":[10.23274,-1,9.61213],"rotation":{"angle":45,"axis":"y","origin":[9.1,5.25,8]},"faces":{"north":{"uv":[14,4,16,5.5],"texture":"#0"},"east":{"uv":[6,0,6,7.25],"texture":"#0"},"south":{"uv":[16,4,14,5.5],"texture":"#0"},"west":{"uv":[6.5,0,6.5,7.25],"texture":"#0"},"up":{"uv":[7,0,10.5,0],"rotation":180,"texture":"#0"},"down":{"uv":[7,0.5,10.5,0.5],"rotation":180,"texture":"#0"}}},{"from":[7.65513,-1.5,9.58284],"to":[10.65513,1.5,9.58284],"rotation":{"angle":-45,"axis":"y","origin":[9.1,5.25,8]},"faces":{"north":{"uv":[16,4,14,5.5],"texture":"#0"},"east":{"uv":[6.5,0,6.5,7.25],"texture":"#0"},"south":{"uv":[14,4,16,5.5],"texture":"#0"},"west":{"uv":[6,0,6,7.25],"texture":"#0"},"up":{"uv":[10.5,0,7,0],"rotation":180,"texture":"#0"},"down":{"uv":[10.5,0.5,7,0.5],"rotation":180,"texture":"#0"}}},{"from":[7.50345,-1.5,9.54142],"to":[10.30345,1.5,9.54142],"rotation":{"angle":45,"axis":"y","origin":[9.1,5.25,8]},"faces":{"north":{"uv":[14,4,16,5.5],"texture":"#0"},"east":{"uv":[6,0,6,7.25],"texture":"#0"},"south":{"uv":[16,4,14,5.5],"texture":"#0"},"west":{"uv":[6.5,0,6.5,7.25],"texture":"#0"},"up":{"uv":[7,0,10.5,0],"rotation":180,"texture":"#0"},"down":{"uv":[7,0.5,10.5,0.5],"rotation":180,"texture":"#0"}}},{"from":[7.65513,-1.5,6.41716],"to":[10.65513,1.5,6.41716],"rotation":{"angle":45,"axis":"y","origin":[9.1,5.25,8]},"faces":{"north":{"uv":[16,4,14,5.5],"texture":"#0"},"east":{"uv":[6.5,0,6.5,7.25],"texture":"#0"},"south":{"uv":[14,4,16,5.5],"texture":"#0"},"west":{"uv":[6,0,6,7.25],"texture":"#0"},"up":{"uv":[10.5,0,7,0],"rotation":180,"texture":"#0"},"down":{"uv":[10.5,0.5,7,0.5],"rotation":180,"texture":"#0"}}},{"from":[10.68284,-4.5,6.55513],"to":[10.68284,-1.5,9.55513],"rotation":{"angle":45,"axis":"y","origin":[9.1,5.25,8]},"faces":{"north":{"uv":[6,0,6,7.25],"texture":"#0"},"east":{"uv":[16,4,14,5.5],"texture":"#0"},"south":{"uv":[6.5,0,6.5,7.25],"texture":"#0"},"west":{"uv":[14,4,16,5.5],"texture":"#0"},"up":{"uv":[7,0,10.5,0],"rotation":90,"texture":"#0"},"down":{"uv":[7,0.5,10.5,0.5],"rotation":270,"texture":"#0"}}},{"from":[10.61213,-2,6.48442],"to":[10.61213,1,9.48442],"rotation":{"angle":45,"axis":"y","origin":[9.1,5.25,8]},"faces":{"north":{"uv":[6,0,6,7.25],"texture":"#0"},"east":{"uv":[16,4,14,5.5],"texture":"#0"},"south":{"uv":[6.5,0,6.5,7.25],"texture":"#0"},"west":{"uv":[14,4,16,5.5],"texture":"#0"},"up":{"uv":[7,0,10.5,0],"rotation":90,"texture":"#0"},"down":{"uv":[7,0.5,10.5,0.5],"rotation":270,"texture":"#0"}}},{"from":[10.64142,-4.5,6.40345],"to":[10.64142,-1.5,9.20345],"rotation":{"angle":-45,"axis":"y","origin":[9.1,5.25,8]},"faces":{"north":{"uv":[6.5,0,6.5,7.25],"texture":"#0"},"east":{"uv":[14,4,16,5.5],"texture":"#0"},"south":{"uv":[6,0,6,7.25],"texture":"#0"},"west":{"uv":[16,4,14,5.5],"texture":"#0"},"up":{"uv":[10.5,0,7,0],"rotation":90,"texture":"#0"},"down":{"uv":[10.5,0.5,7,0.5],"rotation":270,"texture":"#0"}}},{"from":[10.57071,-2,6.47416],"to":[10.57071,1,9.27416],"rotation":{"angle":-45,"axis":"y","origin":[9.1,5.25,8]},"faces":{"north":{"uv":[6.5,0,6.5,7.25],"texture":"#0"},"east":{"uv":[14,4,16,5.5],"texture":"#0"},"south":{"uv":[6,0,6,7.25],"texture":"#0"},"west":{"uv":[16,4,14,5.5],"texture":"#0"},"up":{"uv":[10.5,0,7,0],"rotation":90,"texture":"#0"},"down":{"uv":[10.5,0.5,7,0.5],"rotation":270,"texture":"#0"}}},{"from":[7.51716,-4.5,6.55513],"to":[7.51716,-1.5,9.55513],"rotation":{"angle":-45,"axis":"y","origin":[9.1,5.25,8]},"faces":{"north":{"uv":[6,0,6,7.25],"texture":"#0"},"east":{"uv":[16,4,14,5.5],"texture":"#0"},"south":{"uv":[6.5,0,6.5,7.25],"texture":"#0"},"west":{"uv":[14,4,16,5.5],"texture":"#0"},"up":{"uv":[7,0,10.5,0],"rotation":90,"texture":"#0"},"down":{"uv":[7,0.5,10.5,0.5],"rotation":270,"texture":"#0"}}},{"from":[7.58787,-2,6.48442],"to":[7.58787,1,9.48442],"rotation":{"angle":-45,"axis":"y","origin":[9.1,5.25,8]},"faces":{"north":{"uv":[6,0,6,7.25],"texture":"#0"},"east":{"uv":[16,4,14,5.5],"texture":"#0"},"south":{"uv":[6.5,0,6.5,7.25],"texture":"#0"},"west":{"uv":[14,4,16,5.5],"texture":"#0"},"up":{"uv":[7,0,10.5,0],"rotation":90,"texture":"#0"},"down":{"uv":[7,0.5,10.5,0.5],"rotation":270,"texture":"#0"}}},{"from":[7.55858,-4.5,6.40345],"to":[7.55858,-1.5,9.20345],"rotation":{"angle":45,"axis":"y","origin":[9.1,5.25,8]},"faces":{"north":{"uv":[6.5,0,6.5,7.25],"texture":"#0"},"east":{"uv":[14,4,16,5.5],"texture":"#0"},"south":{"uv":[6,0,6,7.25],"texture":"#0"},"west":{"uv":[16,4,14,5.5],"texture":"#0"},"up":{"uv":[10.5,0,7,0],"rotation":90,"texture":"#0"},"down":{"uv":[10.5,0.5,7,0.5],"rotation":270,"texture":"#0"}}},{"from":[7.62929,-2,6.47416],"to":[7.62929,1,9.27416],"rotation":{"angle":45,"axis":"y","origin":[9.1,5.25,8]},"faces":{"north":{"uv":[6.5,0,6.5,7.25],"texture":"#0"},"east":{"uv":[14,4,16,5.5],"texture":"#0"},"south":{"uv":[6,0,6,7.25],"texture":"#0"},"west":{"uv":[16,4,14,5.5],"texture":"#0"},"up":{"uv":[10.5,0,7,0],"rotation":90,"texture":"#0"},"down":{"uv":[10.5,0.5,7,0.5],"rotation":270,"texture":"#0"}}},{"from":[8,-5.06856,16.16343],"to":[10.2,-3.06856,18.16343],"rotation":{"angle":45,"axis":"x","origin":[9.1,5.25,8]},"faces":{"north":{"uv":[8.75,5.5,7.75,6.5],"texture":"#0"},"east":{"uv":[8.75,4.5,7.75,5.5],"texture":"#0"},"south":{"uv":[8.75,6.5,7.75,5.5],"texture":"#0"},"west":{"uv":[8.75,4.5,7.75,5.5],"texture":"#0"},"up":{"uv":[7.75,6.5,8.75,5.5],"rotation":180,"texture":"#0"},"down":{"uv":[7.75,6.5,8.75,5.5],"rotation":180,"texture":"#0"}}},{"from":[8.1,-6.06856,17.16343],"to":[10.1,-4.06856,19.16343],"rotation":{"angle":45,"axis":"x","origin":[9.1,5.25,8]},"faces":{"north":{"uv":[8.75,5.5,7.75,6.5],"texture":"#0"},"east":{"uv":[8.75,4.5,7.75,5.5],"texture":"#0"},"south":{"uv":[8.75,6.5,7.75,5.5],"texture":"#0"},"west":{"uv":[8.75,4.5,7.75,5.5],"texture":"#0"},"up":{"uv":[7.75,6.5,8.75,5.5],"rotation":180,"texture":"#0"},"down":{"uv":[7.75,6.5,8.75,5.5],"rotation":180,"texture":"#0"}}},{"from":[9.1,-14,6.4],"to":[9.1,-8,9.4],"rotation":{"angle":0,"axis":"y","origin":[9.1,5.25,8]},"faces":{"north":{"uv":[12.25,4,12.25,7],"texture":"#0"},"east":{"uv":[13.75,4,12.25,7],"texture":"#0"},"south":{"uv":[12.25,4,12.25,7],"texture":"#0"},"west":{"uv":[13.75,4,12.25,7],"texture":"#0"},"up":{"uv":[12,6,12,4],"rotation":180,"texture":"#0"},"down":{"uv":[12,6,12,4],"rotation":180,"texture":"#0"}}},{"from":[8.1,-14,7.9],"to":[10.1,-8,7.9],"rotation":{"angle":0,"axis":"y","origin":[9.1,5.25,8]},"faces":{"north":{"uv":[13.5,4,12.5,7],"texture":"#0"},"east":{"uv":[12.25,4,12.25,7],"texture":"#0"},"south":{"uv":[13.5,4,12.5,7],"texture":"#0"},"west":{"uv":[12.25,4,12.25,7],"texture":"#0"},"up":{"uv":[12,4,12,6],"rotation":270,"texture":"#0"},"down":{"uv":[12,4,12,6],"rotation":90,"texture":"#0"}}},{"from":[7.50345,9.5,6.45858],"to":[10.30345,12.5,6.45858],"rotation":{"angle":-45,"axis":"y","origin":[9.1,5.25,8]},"faces":{"north":{"uv":[14,5.5,16,4],"texture":"#0"},"east":{"uv":[6,7.25,6,0],"texture":"#0"},"south":{"uv":[16,5.5,14,4],"texture":"#0"},"west":{"uv":[6.5,7.25,6.5,0],"texture":"#0"},"up":{"uv":[10.5,0.5,7,0.5],"texture":"#0"},"down":{"uv":[10.5,0,7,0],"texture":"#0"}}},{"from":[7.72584,14.1,6.04645],"to":[10.72584,17.1,6.04645],"rotation":{"angle":45,"axis":"y","origin":[9.1,23.85,7.7]},"faces":{"north":{"uv":[16,4,14,5.5],"texture":"#0"},"east":{"uv":[6.5,0,6.5,7.25],"texture":"#0"},"south":{"uv":[14,4,16,5.5],"texture":"#0"},"west":{"uv":[6,0,6,7.25],"texture":"#0"},"up":{"uv":[7,0,10.5,0],"texture":"#0"},"down":{"uv":[7,0.5,10.5,0.5],"texture":"#0"}}},{"from":[7.43274,14.1,6.08787],"to":[10.23274,17.1,6.08787],"rotation":{"angle":-45,"axis":"y","origin":[9.1,23.85,7.7]},"faces":{"north":{"uv":[14,4,16,5.5],"texture":"#0"},"east":{"uv":[6,0,6,7.25],"texture":"#0"},"south":{"uv":[16,4,14,5.5],"texture":"#0"},"west":{"uv":[6.5,0,6.5,7.25],"texture":"#0"},"up":{"uv":[10.5,0,7,0],"texture":"#0"},"down":{"uv":[10.5,0.5,7,0.5],"texture":"#0"}}},{"from":[7.72584,14.1,9.95355],"to":[10.72584,17.1,9.95355],"rotation":{"angle":-45,"axis":"y","origin":[9.1,23.85,8.3]},"faces":{"north":{"uv":[16,4,14,5.5],"texture":"#0"},"east":{"uv":[6.5,0,6.5,7.25],"texture":"#0"},"south":{"uv":[14,4,16,5.5],"texture":"#0"},"west":{"uv":[6,0,6,7.25],"texture":"#0"},"up":{"uv":[7,0,10.5,0],"texture":"#0"},"down":{"uv":[7,0.5,10.5,0.5],"texture":"#0"}}},{"from":[7.43274,14.1,9.91213],"to":[10.23274,17.1,9.91213],"rotation":{"angle":45,"axis":"y","origin":[9.1,23.85,8.3]},"faces":{"north":{"uv":[14,4,16,5.5],"texture":"#0"},"east":{"uv":[6,0,6,7.25],"texture":"#0"},"south":{"uv":[16,4,14,5.5],"texture":"#0"},"west":{"uv":[6.5,0,6.5,7.25],"texture":"#0"},"up":{"uv":[10.5,0,7,0],"texture":"#0"},"down":{"uv":[10.5,0.5,7,0.5],"texture":"#0"}}},{"from":[8.72584,16.1,5.04645],"to":[11.72584,19.1,5.04645],"rotation":{"angle":45,"axis":"y","origin":[10.1,25.85,6.7]},"faces":{"north":{"uv":[16,4,14,5.5],"texture":"#0"},"east":{"uv":[6.5,0,6.5,7.25],"texture":"#0"},"south":{"uv":[14,4,16,5.5],"texture":"#0"},"west":{"uv":[6,0,6,7.25],"texture":"#0"},"up":{"uv":[7,0,10.5,0],"texture":"#0"},"down":{"uv":[7,0.5,10.5,0.5],"texture":"#0"}}},{"from":[8.43274,16.1,5.08787],"to":[11.23274,19.1,5.08787],"rotation":{"angle":-45,"axis":"y","origin":[10.1,25.85,6.7]},"faces":{"north":{"uv":[14,4,16,5.5],"texture":"#0"},"east":{"uv":[6,0,6,7.25],"texture":"#0"},"south":{"uv":[16,4,14,5.5],"texture":"#0"},"west":{"uv":[6.5,0,6.5,7.25],"texture":"#0"},"up":{"uv":[10.5,0,7,0],"texture":"#0"},"down":{"uv":[10.5,0.5,7,0.5],"texture":"#0"}}},{"from":[8.72584,16.1,10.95355],"to":[11.72584,19.1,10.95355],"rotation":{"angle":-45,"axis":"y","origin":[10.1,25.85,9.3]},"faces":{"north":{"uv":[16,4,14,5.5],"texture":"#0"},"east":{"uv":[6.5,0,6.5,7.25],"texture":"#0"},"south":{"uv":[14,4,16,5.5],"texture":"#0"},"west":{"uv":[6,0,6,7.25],"texture":"#0"},"up":{"uv":[7,0,10.5,0],"texture":"#0"},"down":{"uv":[7,0.5,10.5,0.5],"texture":"#0"}}},{"from":[8.43274,16.1,10.91213],"to":[11.23274,19.1,10.91213],"rotation":{"angle":45,"axis":"y","origin":[10.1,25.85,9.3]},"faces":{"north":{"uv":[14,4,16,5.5],"texture":"#0"},"east":{"uv":[6,0,6,7.25],"texture":"#0"},"south":{"uv":[16,4,14,5.5],"texture":"#0"},"west":{"uv":[6.5,0,6.5,7.25],"texture":"#0"},"up":{"uv":[10.5,0,7,0],"texture":"#0"},"down":{"uv":[10.5,0.5,7,0.5],"texture":"#0"}}},{"from":[7.65513,9.5,9.58284],"to":[10.65513,12.5,9.58284],"rotation":{"angle":-45,"axis":"y","origin":[9.1,5.25,8]},"faces":{"north":{"uv":[16,5.5,14,4],"texture":"#0"},"east":{"uv":[6.5,7.25,6.5,0],"texture":"#0"},"south":{"uv":[14,5.5,16,4],"texture":"#0"},"west":{"uv":[6,7.25,6,0],"texture":"#0"},"up":{"uv":[7,0.5,10.5,0.5],"texture":"#0"},"down":{"uv":[7,0,10.5,0],"texture":"#0"}}},{"from":[7.50345,9.5,9.54142],"to":[10.30345,12.5,9.54142],"rotation":{"angle":45,"axis":"y","origin":[9.1,5.25,8]},"faces":{"north":{"uv":[14,5.5,16,4],"texture":"#0"},"east":{"uv":[6,7.25,6,0],"texture":"#0"},"south":{"uv":[16,5.5,14,4],"texture":"#0"},"west":{"uv":[6.5,7.25,6.5,0],"texture":"#0"},"up":{"uv":[10.5,0.5,7,0.5],"texture":"#0"},"down":{"uv":[10.5,0,7,0],"texture":"#0"}}},{"from":[7.65513,9.5,6.41716],"to":[10.65513,12.5,6.41716],"rotation":{"angle":45,"axis":"y","origin":[9.1,5.25,8]},"faces":{"north":{"uv":[16,5.5,14,4],"texture":"#0"},"east":{"uv":[6.5,7.25,6.5,0],"texture":"#0"},"south":{"uv":[14,5.5,16,4],"texture":"#0"},"west":{"uv":[6,7.25,6,0],"texture":"#0"},"up":{"uv":[7,0.5,10.5,0.5],"texture":"#0"},"down":{"uv":[7,0,10.5,0],"texture":"#0"}}},{"from":[3.5,13.5,8.9],"to":[11.5,23.5,8.9],"rotation":{"angle":0,"axis":"y","origin":[23.5,0.5,8]},"faces":{"north":{"uv":[11,12,16,16],"rotation":270,"texture":"#0"},"east":{"uv":[5,0,0,0],"rotation":270,"texture":"#0"},"south":{"uv":[16,12,11,16],"rotation":90,"texture":"#0"},"west":{"uv":[5,0,0,0],"rotation":270,"texture":"#0"},"up":{"uv":[11,12,11,16],"rotation":90,"texture":"#0"},"down":{"uv":[11,12,11,16],"rotation":90,"texture":"#0"}}},{"from":[3.5,13.5,6.9],"to":[11.5,23.5,6.9],"rotation":{"angle":0,"axis":"y","origin":[23.5,0.5,8]},"faces":{"north":{"uv":[11,12,16,16],"rotation":270,"texture":"#0"},"east":{"uv":[5,0,0,0],"rotation":270,"texture":"#0"},"south":{"uv":[16,12,11,16],"rotation":90,"texture":"#0"},"west":{"uv":[5,0,0,0],"rotation":270,"texture":"#0"},"up":{"uv":[11,12,11,16],"rotation":90,"texture":"#0"},"down":{"uv":[11,12,11,16],"rotation":90,"texture":"#0"}}},{"from":[10.61213,10,6.48442],"to":[10.61213,13,9.48442],"rotation":{"angle":45,"axis":"y","origin":[9.1,5.25,8]},"faces":{"north":{"uv":[6,7.25,6,0],"texture":"#0"},"east":{"uv":[16,5.5,14,4],"texture":"#0"},"south":{"uv":[6.5,7.25,6.5,0],"texture":"#0"},"west":{"uv":[14,5.5,16,4],"texture":"#0"},"up":{"uv":[7,0.5,10.5,0.5],"rotation":90,"texture":"#0"},"down":{"uv":[7,0,10.5,0],"rotation":270,"texture":"#0"}}},{"from":[10.57071,10,6.47416],"to":[10.57071,13,9.27416],"rotation":{"angle":-45,"axis":"y","origin":[9.1,5.25,8]},"faces":{"north":{"uv":[6.5,7.25,6.5,0],"texture":"#0"},"east":{"uv":[14,5.5,16,4],"texture":"#0"},"south":{"uv":[6,7.25,6,0],"texture":"#0"},"west":{"uv":[16,5.5,14,4],"texture":"#0"},"up":{"uv":[10.5,0.5,7,0.5],"rotation":90,"texture":"#0"},"down":{"uv":[10.5,0,7,0],"rotation":270,"texture":"#0"}}},{"from":[10.51716,24.5,7.94487],"to":[10.51716,27.5,10.94487],"rotation":{"angle":0,"axis":"y","origin":[9.1,5.25,8]},"faces":{"north":{"uv":[6.5,7.25,6.5,0],"texture":"#0"},"east":{"uv":[14,5.5,16,4],"texture":"#0"},"south":{"uv":[6,7.25,6,0],"texture":"#0"},"west":{"uv":[16,5.5,14,4],"texture":"#0"},"up":{"uv":[10.5,0.5,7,0.5],"rotation":90,"texture":"#0"},"down":{"uv":[10.5,0,7,0],"rotation":270,"texture":"#0"}}},{"from":[10.51716,24.5,5.05513],"to":[10.51716,27.5,8.05513],"rotation":{"angle":0,"axis":"y","origin":[9.1,5.25,8]},"faces":{"north":{"uv":[6,7.25,6,0],"texture":"#0"},"east":{"uv":[16,5.5,14,4],"texture":"#0"},"south":{"uv":[6.5,7.25,6.5,0],"texture":"#0"},"west":{"uv":[14,5.5,16,4],"texture":"#0"},"up":{"uv":[7,0.5,10.5,0.5],"rotation":90,"texture":"#0"},"down":{"uv":[7,0,10.5,0],"rotation":270,"texture":"#0"}}},{"from":[9.41716,25.5,5.05513],"to":[9.41716,28.5,8.05513],"rotation":{"angle":0,"axis":"y","origin":[9.1,5.25,8]},"faces":{"north":{"uv":[6,7.25,6,0],"texture":"#0"},"east":{"uv":[16,5.5,14,4],"texture":"#0"},"south":{"uv":[6.5,7.25,6.5,0],"texture":"#0"},"west":{"uv":[14,5.5,16,4],"texture":"#0"},"up":{"uv":[7,0.5,10.5,0.5],"rotation":90,"texture":"#0"},"down":{"uv":[7,0,10.5,0],"rotation":270,"texture":"#0"}}},{"from":[9.41716,25.5,7.94487],"to":[9.41716,28.5,10.94487],"rotation":{"angle":0,"axis":"y","origin":[9.1,5.25,8]},"faces":{"north":{"uv":[6.5,7.25,6.5,0],"texture":"#0"},"east":{"uv":[14,5.5,16,4],"texture":"#0"},"south":{"uv":[6,7.25,6,0],"texture":"#0"},"west":{"uv":[16,5.5,14,4],"texture":"#0"},"up":{"uv":[10.5,0.5,7,0.5],"rotation":90,"texture":"#0"},"down":{"uv":[10.5,0,7,0],"rotation":270,"texture":"#0"}}},{"from":[7.58787,10,6.48442],"to":[7.58787,13,9.48442],"rotation":{"angle":-45,"axis":"y","origin":[9.1,5.25,8]},"faces":{"north":{"uv":[6,7.25,6,0],"texture":"#0"},"east":{"uv":[16,5.5,14,4],"texture":"#0"},"south":{"uv":[6.5,7.25,6.5,0],"texture":"#0"},"west":{"uv":[14,5.5,16,4],"texture":"#0"},"up":{"uv":[7,0.5,10.5,0.5],"rotation":90,"texture":"#0"},"down":{"uv":[7,0,10.5,0],"rotation":270,"texture":"#0"}}},{"from":[7.62929,10,6.47416],"to":[7.62929,13,9.27416],"rotation":{"angle":45,"axis":"y","origin":[9.1,5.25,8]},"faces":{"north":{"uv":[6.5,7.25,6.5,0],"texture":"#0"},"east":{"uv":[14,5.5,16,4],"texture":"#0"},"south":{"uv":[6,7.25,6,0],"texture":"#0"},"west":{"uv":[16,5.5,14,4],"texture":"#0"},"up":{"uv":[10.5,0.5,7,0.5],"rotation":90,"texture":"#0"},"down":{"uv":[10.5,0,7,0],"rotation":270,"texture":"#0"}}},{"from":[5.7,26.5,3.9],"to":[11,27.5,5.9],"rotation":{"angle":45,"axis":"z","origin":[17,26.5,-3.1]},"faces":{"north":{"uv":[13,16,10.5,15.5],"texture":"#3"},"east":{"uv":[11.5,15.5,10.5,15],"texture":"#3"},"south":{"uv":[13,16,10.5,15.5],"texture":"#3"},"west":{"uv":[11.5,15.5,10.5,15],"texture":"#3"},"up":{"uv":[10.5,16,8,15],"texture":"#3"},"down":{"uv":[10.5,16,8,15],"texture":"#3"}}},{"from":[6,19.2,4.8],"to":[12,25.2,4.8],"rotation":{"angle":0,"axis":"y","origin":[17,18,-3.1]},"faces":{"north":{"uv":[5,1.5,11,7.5],"texture":"#7"},"east":{"uv":[3,0.5,3,6.5],"texture":"#7"},"south":{"uv":[5,1.5,11,7.5],"texture":"#7"},"west":{"uv":[3,0.5,3,6.5],"texture":"#7"},"up":{"uv":[5,0,0,0],"texture":"#7"},"down":{"uv":[5,0,0,0],"texture":"#7"}}},{"from":[7,18,4.5],"to":[10,20,11.5],"rotation":{"angle":0,"axis":"y","origin":[1,0,7]},"faces":{"north":{"uv":[15,0,16,1.5],"rotation":270,"texture":"#3"},"east":{"uv":[15,1.5,16,5],"rotation":270,"texture":"#3"},"south":{"uv":[15,0,16,1.5],"rotation":90,"texture":"#3"},"west":{"uv":[15,1.5,16,5],"rotation":90,"texture":"#3"},"up":{"uv":[13.5,0,15,3.5],"texture":"#3"},"down":{"uv":[13.5,0,15,3.5],"rotation":180,"texture":"#3"}}},{"from":[7,26.5,4],"to":[12.3,27.5,5.8],"rotation":{"angle":-45,"axis":"z","origin":[1,26.5,-3.1]},"faces":{"north":{"uv":[10.5,16,13,15.5],"texture":"#3"},"east":{"uv":[10.5,15.5,11.5,15],"texture":"#3"},"south":{"uv":[10.5,16,13,15.5],"texture":"#3"},"west":{"uv":[10.5,15.5,11.5,15],"texture":"#3"},"up":{"uv":[8,16,10.5,15],"texture":"#3"},"down":{"uv":[8,16,10.5,15],"texture":"#3"}}},{"from":[7,30.7,4],"to":[12.3,31.7,5.8],"rotation":{"angle":-45,"axis":"z","origin":[1,26.5,-3.1]},"faces":{"north":{"uv":[10.5,16,13,15.5],"texture":"#3"},"east":{"uv":[10.5,15.5,11.5,15],"texture":"#3"},"south":{"uv":[10.5,16,13,15.5],"texture":"#3"},"west":{"uv":[10.5,15.5,11.5,15],"texture":"#3"},"up":{"uv":[8,16,10.5,15],"texture":"#3"},"down":{"uv":[8,16,10.5,15],"texture":"#3"}}},{"from":[7,17,3.9],"to":[12.3,18,5.9],"rotation":{"angle":45,"axis":"z","origin":[1,18,-3.1]},"faces":{"north":{"uv":[10.5,15.5,13,16],"texture":"#3"},"east":{"uv":[10.5,15,11.5,15.5],"texture":"#3"},"south":{"uv":[10.5,15.5,13,16],"texture":"#3"},"west":{"uv":[10.5,15,11.5,15.5],"texture":"#3"},"up":{"uv":[8,15,10.5,16],"texture":"#3"},"down":{"uv":[8,15,10.5,16],"texture":"#3"}}},{"from":[9.5,16.1,5],"to":[10.5,27.1,11],"rotation":{"angle":0,"axis":"y","origin":[8,19.6,8.5]},"faces":{"north":{"uv":[7,6.5,13,7],"rotation":90,"texture":"#10"},"east":{"uv":[6.5,12.75,9.5,7.25],"texture":"#10"},"south":{"uv":[7,6.5,13,7],"rotation":270,"texture":"#10"},"west":{"uv":[6.5,12.75,9.5,7.25],"texture":"#10"},"up":{"uv":[7.25,5.75,10.25,6.25],"rotation":270,"texture":"#10"},"down":{"uv":[7.25,5.75,10.25,6.25],"rotation":270,"texture":"#10"}}},{"from":[1.15435,22,12.74863],"to":[10.15435,31,12.74863],"rotation":{"angle":22.5,"axis":"y","origin":[-0.34565,-11.5,9.74863]},"faces":{"north":{"uv":[0,16,9,7],"texture":"#8"},"east":{"uv":[0,9.5,0,0],"texture":"#8"},"south":{"uv":[9,16,0,7],"texture":"#8"},"west":{"uv":[0,9.5,0,0],"texture":"#8"},"up":{"uv":[0,0,5.5,0],"texture":"#8"},"down":{"uv":[0,0,5.5,0],"texture":"#8"}}},{"from":[1.15435,19,3.25137],"to":[10.15435,28,3.25137],"rotation":{"angle":-22.5,"axis":"y","origin":[-0.34565,-11.5,6.25137]},"faces":{"north":{"uv":[0,16,9,7],"texture":"#8"},"east":{"uv":[0,9.5,0,0],"texture":"#8"},"south":{"uv":[9,16,0,7],"texture":"#8"},"west":{"uv":[0,9.5,0,0],"texture":"#8"},"up":{"uv":[0,0,5.5,0],"texture":"#8"},"down":{"uv":[0,0,5.5,0],"texture":"#8"}}},{"from":[5.7,26.5,10.1],"to":[11,27.5,12.1],"rotation":{"angle":45,"axis":"z","origin":[17,26.5,19.1]},"faces":{"north":{"uv":[10.5,16,13,15.5],"texture":"#3"},"east":{"uv":[10.5,15.5,11.5,15],"texture":"#3"},"south":{"uv":[10.5,16,13,15.5],"texture":"#3"},"west":{"uv":[10.5,15.5,11.5,15],"texture":"#3"},"up":{"uv":[10.5,15,8,16],"texture":"#3"},"down":{"uv":[10.5,15,8,16],"texture":"#3"}}},{"from":[6,19.2,11.2],"to":[12,25.2,11.2],"rotation":{"angle":0,"axis":"y","origin":[17,18,19.1]},"faces":{"north":{"uv":[11,1.5,5,7.5],"texture":"#7"},"east":{"uv":[3,0.5,3,6.5],"texture":"#7"},"south":{"uv":[11,1.5,5,7.5],"texture":"#7"},"west":{"uv":[3,0.5,3,6.5],"texture":"#7"},"up":{"uv":[5,0,0,0],"texture":"#7"},"down":{"uv":[5,0,0,0],"texture":"#7"}}},{"from":[7,26.5,10.2],"to":[12.3,27.5,12],"rotation":{"angle":-45,"axis":"z","origin":[1,26.5,19.1]},"faces":{"north":{"uv":[13,16,10.5,15.5],"texture":"#3"},"east":{"uv":[11.5,15.5,10.5,15],"texture":"#3"},"south":{"uv":[13,16,10.5,15.5],"texture":"#3"},"west":{"uv":[11.5,15.5,10.5,15],"texture":"#3"},"up":{"uv":[8,15,10.5,16],"texture":"#3"},"down":{"uv":[8,15,10.5,16],"texture":"#3"}}},{"from":[7,30.7,10.2],"to":[12.3,31.7,12],"rotation":{"angle":-45,"axis":"z","origin":[1,26.5,19.1]},"faces":{"north":{"uv":[13,16,10.5,15.5],"texture":"#3"},"east":{"uv":[11.5,15.5,10.5,15],"texture":"#3"},"south":{"uv":[13,16,10.5,15.5],"texture":"#3"},"west":{"uv":[11.5,15.5,10.5,15],"texture":"#3"},"up":{"uv":[8,15,10.5,16],"texture":"#3"},"down":{"uv":[8,15,10.5,16],"texture":"#3"}}},{"from":[7,17,10.1],"to":[12.3,18,12.1],"rotation":{"angle":45,"axis":"z","origin":[1,18,19.1]},"faces":{"north":{"uv":[13,15.5,10.5,16],"texture":"#3"},"east":{"uv":[11.5,15,10.5,15.5],"texture":"#3"},"south":{"uv":[13,15.5,10.5,16],"texture":"#3"},"west":{"uv":[11.5,15,10.5,15.5],"texture":"#3"},"up":{"uv":[8,16,10.5,15],"texture":"#3"},"down":{"uv":[8,16,10.5,15],"texture":"#3"}}},{"from":[10,24.5,4],"to":[10,31.5,12],"rotation":{"angle":0,"axis":"y","origin":[10.2,26,-7]},"faces":{"north":{"uv":[0,0,7,0],"rotation":90,"texture":"#4"},"east":{"uv":[9,7.5,13,4],"rotation":180,"texture":"#4"},"south":{"uv":[0,0,7,0],"rotation":270,"texture":"#4"},"west":{"uv":[9,4,13,7.5],"texture":"#4"},"up":{"uv":[0,0,8,0],"rotation":270,"texture":"#4"},"down":{"uv":[0,0,8,0],"rotation":270,"texture":"#4"}}},{"from":[10.5,24.5,5],"to":[10.5,29.5,11],"rotation":{"angle":0,"axis":"y","origin":[9.2,28,-7]},"faces":{"north":{"uv":[0,0,5,0],"rotation":90,"texture":"#4"},"east":{"uv":[9.5,6.5,12.5,4],"rotation":180,"texture":"#4"},"south":{"uv":[0,0,5,0],"rotation":270,"texture":"#4"},"west":{"uv":[9.5,4,12.5,6.5],"texture":"#4"},"up":{"uv":[0,0,6,0],"rotation":270,"texture":"#4"},"down":{"uv":[0,0,6,0],"rotation":270,"texture":"#4"}}}],"gui_light":"front","display":{"thirdperson_righthand":{"translation":[-0.75,8.25,2],"scale":[0.7,0.7,0.7]},"thirdperson_lefthand":{"translation":[-0.75,8.25,2],"scale":[0.7,0.7,0.7]},"firstperson_righthand":{"rotation":[-165,80,170],"translation":[2.25,1.75,-1.25],"scale":[0.63672,0.63672,0.63672]},"firstperson_lefthand":{"rotation":[-165,80,170],"translation":[2.25,1.75,-1.25],"scale":[0.63672,0.63672,0.63672]},"ground":{"rotation":[45,0,0],"translation":[0,5.25,0],"scale":[0.35,0.35,0.35]},"gui":{"rotation":[0,0,-45],"translation":[-0.25,0.5,-2],"scale":[0.45914,0.45914,0.45914]},"head":{"rotation":[-135.5,0,0],"translation":[0,20.5,4.75],"scale":[0,0,0]},"fixed":{"rotation":[0,-90,0],"translation":[-0.5,5,-4.75],"scale":[1.4,1.4,1.4]}},"groups":[0,1,2,{"name":"group","origin":[16.2,1,0.1],"color":0,"children":[3,4,5,6,7,8,9,10,{"name":"group","origin":[16,0,-0.2],"color":0,"children":[11,12,13,14]},{"name":"group","origin":[16,0,-0.2],"color":0,"children":[15,16,17,18]}]},19,20,21,22,{"name":"group","origin":[16.2,1,0.1],"color":0,"children":[23,24,25,26,27,28,29,30,31,32,33,34,35,36,{"name":"group","origin":[16,0,-0.2],"color":0,"children":[37,38]},{"name":"group","origin":[16,0,-0.2],"color":0,"children":[39,40,41,42,43,44]}]},{"name":"Eye","origin":[16,0,0],"color":0,"children":[45,46,47,48,49,50,51,52,53]},{"name":"Eye","origin":[16,0,0],"color":0,"children":[54,55,56,57,58]},59,60]}