{
	"credit": "Made with Blockbench",
	"textures": {
		"2": "shogunset:crossbow",
		"particle": "shogunset:crossbow"
	},
	"elements": [
		{
			"from": [6.04289, 6.20711, -0.25],
			"to": [6.54289, 8.20711, 1.75],
			"rotation": {"angle": 0, "axis": "y", "origin": [4.56984, 7.20711, 2.31357]},
			"faces": {
				"north": {"uv": [12.5, 3, 13.5, 3.25], "rotation": 90, "texture": "#2"},
				"east": {"uv": [3.5, 8, 2.5, 9], "rotation": 270, "texture": "#2"},
				"south": {"uv": [12.5, 3.5, 13.5, 3.75], "rotation": 270, "texture": "#2"},
				"west": {"uv": [8.5, 8, 7.5, 7], "rotation": 270, "texture": "#2"},
				"up": {"uv": [3.5, 12.5, 4.5, 12.75], "rotation": 270, "texture": "#2"},
				"down": {"uv": [12.5, 4, 13.5, 4.25], "rotation": 270, "texture": "#2"}
			}
		},
		{
			"from": [2.40135, 6.46061, 0.23848],
			"to": [3.90135, 7.96061, 2.23848],
			"rotation": {"angle": -45, "axis": "y", "origin": [3.26, 7.21061, 1.4972]},
			"faces": {
				"north": {"uv": [11.5, 1.5, 12.25, 2.25], "rotation": 90, "texture": "#2"},
				"east": {"uv": [3.75, 10.5, 3, 11.5], "rotation": 270, "texture": "#2"},
				"south": {"uv": [3, 11.5, 3.75, 12.25], "rotation": 270, "texture": "#2"},
				"west": {"uv": [11.25, 3, 10.5, 2], "rotation": 270, "texture": "#2"},
				"up": {"uv": [10.5, 0, 11.5, 0.75], "rotation": 270, "texture": "#2"},
				"down": {"uv": [10.5, 1, 11.5, 1.75], "rotation": 270, "texture": "#2"}
			}
		},
		{
			"from": [0.82058, 6.46411, 0.97341],
			"to": [2.82058, 7.95711, 2.37341],
			"rotation": {"angle": 22.5, "axis": "y", "origin": [3.26, 7.21061, 1.4972]},
			"faces": {
				"north": {"uv": [11.25, 6, 10.5, 5], "rotation": 270, "texture": "#2"},
				"south": {"uv": [11.25, 6, 10.5, 7], "rotation": 270, "texture": "#2"},
				"west": {"uv": [4, 11.5, 4.75, 12.25], "rotation": 270, "texture": "#2"},
				"up": {"uv": [4, 10.5, 5, 11.25], "texture": "#2"},
				"down": {"uv": [10.5, 4, 11.5, 4.75], "rotation": 180, "texture": "#2"}
			}
		},
		{
			"from": [3.54289, 6.46411, 0],
			"to": [6.04289, 7.95711, 1.6],
			"rotation": {"angle": 0, "axis": "y", "origin": [3.26, 7.21061, 1.4972]},
			"faces": {
				"north": {"uv": [3, 9, 3.75, 10.25], "rotation": 90, "texture": "#2"},
				"east": {"uv": [12.25, 4, 11.5, 4.75], "rotation": 270, "texture": "#2"},
				"south": {"uv": [7.5, 9, 8.25, 10.25], "rotation": 270, "texture": "#2"},
				"up": {"uv": [4, 9, 4.75, 10.25], "rotation": 270, "texture": "#2"},
				"down": {"uv": [9, 7.5, 9.75, 8.75], "rotation": 270, "texture": "#2"}
			}
		},
		{
			"from": [3.79289, 7.19561, -1.1],
			"to": [6.04289, 7.22561, 0],
			"rotation": {"angle": 0, "axis": "y", "origin": [3.26, 7.21061, 1.4972]},
			"faces": {
				"up": {"uv": [0.5, 11.5, 1, 12.75], "rotation": 270, "texture": "#2"},
				"down": {"uv": [1, 11.5, 1.5, 12.75], "rotation": 270, "texture": "#2"}
			}
		},
		{
			"from": [1.30135, 7.19561, 0.23848],
			"to": [2.40135, 7.22561, 2.48848],
			"rotation": {"angle": -45, "axis": "y", "origin": [3.26, 7.21061, 1.4972]},
			"faces": {
				"up": {"uv": [0.5, 11.5, 1, 12.75], "rotation": 180, "texture": "#2"},
				"down": {"uv": [1, 11.5, 1.5, 12.75], "texture": "#2"}
			}
		},
		{
			"from": [1.84255, 6.71061, 3.55048],
			"to": [4.34255, 7.71061, 5.05048],
			"rotation": {"angle": -45, "axis": "y", "origin": [3.26, 7.21061, 1.4972]},
			"faces": {
				"north": {"uv": [0, 11.5, 0.5, 12.75], "rotation": 90, "texture": "#2"},
				"east": {"uv": [7, 12, 6.5, 12.75], "rotation": 270, "texture": "#2"},
				"south": {"uv": [11.5, 0, 12, 1.25], "rotation": 270, "texture": "#2"},
				"west": {"uv": [6.5, 12.75, 6, 12], "rotation": 270, "texture": "#2"},
				"up": {"uv": [9, 9, 9.75, 10.25], "rotation": 270, "texture": "#2"},
				"down": {"uv": [9.5, 0, 10.25, 1.25], "rotation": 270, "texture": "#2"}
			}
		},
		{
			"from": [4.1915, 3.96411, -3.48481],
			"to": [4.2215, 6.46411, 4.51519],
			"rotation": {"angle": -45, "axis": "y", "origin": [3.26, 7.21061, 1.4972]},
			"faces": {
				"east": {"uv": [1.25, 7.5, 0, 11.5], "rotation": 270, "texture": "#2"},
				"west": {"uv": [1.25, 11.5, 0, 7.5], "rotation": 270, "texture": "#2"}
			}
		},
		{
			"from": [4.1915, 7.95711, -3.48481],
			"to": [4.2215, 10.45711, 4.51519],
			"rotation": {"angle": -45, "axis": "y", "origin": [3.26, 7.21061, 1.4972]},
			"faces": {
				"east": {"uv": [0, 7.5, 1.25, 11.5], "rotation": 270, "texture": "#2"},
				"west": {"uv": [0, 11.5, 1.25, 7.5], "rotation": 270, "texture": "#2"}
			}
		},
		{
			"from": [9.45711, 6.20711, -0.25],
			"to": [9.95711, 8.20711, 1.75],
			"rotation": {"angle": 0, "axis": "y", "origin": [11.43016, 7.20711, 2.31357]},
			"faces": {
				"north": {"uv": [12.5, 3.25, 13.5, 3], "rotation": 90, "texture": "#2"},
				"east": {"uv": [8.5, 7, 7.5, 8], "rotation": 270, "texture": "#2"},
				"south": {"uv": [12.5, 3.75, 13.5, 3.5], "rotation": 270, "texture": "#2"},
				"west": {"uv": [3.5, 9, 2.5, 8], "rotation": 270, "texture": "#2"},
				"up": {"uv": [3.5, 12.75, 4.5, 12.5], "rotation": 270, "texture": "#2"},
				"down": {"uv": [12.5, 4.25, 13.5, 4], "rotation": 270, "texture": "#2"}
			}
		},
		{
			"from": [12.09865, 6.46061, 0.23848],
			"to": [13.59865, 7.96061, 2.23848],
			"rotation": {"angle": 45, "axis": "y", "origin": [12.74, 7.21061, 1.4972]},
			"faces": {
				"north": {"uv": [11.5, 2.25, 12.25, 1.5], "rotation": 90, "texture": "#2"},
				"east": {"uv": [11.25, 2, 10.5, 3], "rotation": 270, "texture": "#2"},
				"south": {"uv": [3, 12.25, 3.75, 11.5], "rotation": 270, "texture": "#2"},
				"west": {"uv": [3.75, 11.5, 3, 10.5], "rotation": 270, "texture": "#2"},
				"up": {"uv": [10.5, 0.75, 11.5, 0], "rotation": 270, "texture": "#2"},
				"down": {"uv": [10.5, 1.75, 11.5, 1], "rotation": 270, "texture": "#2"}
			}
		},
		{
			"from": [13.17942, 6.46411, 0.97341],
			"to": [15.17942, 7.95711, 2.37341],
			"rotation": {"angle": -22.5, "axis": "y", "origin": [12.74, 7.21061, 1.4972]},
			"faces": {
				"north": {"uv": [11.25, 5, 10.5, 6], "rotation": 270, "texture": "#2"},
				"east": {"uv": [4, 12.25, 4.75, 11.5], "rotation": 270, "texture": "#2"},
				"south": {"uv": [11.25, 7, 10.5, 6], "rotation": 270, "texture": "#2"},
				"up": {"uv": [5, 10.5, 4, 11.25], "texture": "#2"},
				"down": {"uv": [11.5, 4, 10.5, 4.75], "rotation": 180, "texture": "#2"}
			}
		},
		{
			"from": [9.95711, 6.46411, 0],
			"to": [12.45711, 7.95711, 1.6],
			"rotation": {"angle": 0, "axis": "y", "origin": [12.74, 7.21061, 1.4972]},
			"faces": {
				"north": {"uv": [3, 10.25, 3.75, 9], "rotation": 90, "texture": "#2"},
				"south": {"uv": [7.5, 10.25, 8.25, 9], "rotation": 270, "texture": "#2"},
				"west": {"uv": [12.25, 4.75, 11.5, 4], "rotation": 270, "texture": "#2"},
				"up": {"uv": [4, 10.25, 4.75, 9], "rotation": 270, "texture": "#2"},
				"down": {"uv": [9, 8.75, 9.75, 7.5], "rotation": 270, "texture": "#2"}
			}
		},
		{
			"from": [11.65745, 6.71061, 3.55048],
			"to": [14.15745, 7.71061, 5.05048],
			"rotation": {"angle": 45, "axis": "y", "origin": [12.74, 7.21061, 1.4972]},
			"faces": {
				"north": {"uv": [0, 12.75, 0.5, 11.5], "rotation": 90, "texture": "#2"},
				"east": {"uv": [6.5, 12, 6, 12.75], "rotation": 270, "texture": "#2"},
				"south": {"uv": [11.5, 1.25, 12, 0], "rotation": 270, "texture": "#2"},
				"west": {"uv": [7, 12.75, 6.5, 12], "rotation": 270, "texture": "#2"},
				"up": {"uv": [9, 10.25, 9.75, 9], "rotation": 270, "texture": "#2"},
				"down": {"uv": [9.5, 1.25, 10.25, 0], "rotation": 270, "texture": "#2"}
			}
		},
		{
			"from": [11.7785, 3.96411, -3.48481],
			"to": [11.8085, 6.46411, 4.51519],
			"rotation": {"angle": 45, "axis": "y", "origin": [12.74, 7.21061, 1.4972]},
			"faces": {
				"east": {"uv": [1.25, 7.5, 0, 11.5], "rotation": 270, "texture": "#2"},
				"west": {"uv": [1.25, 11.5, 0, 7.5], "rotation": 270, "texture": "#2"}
			}
		},
		{
			"from": [9.95711, 7.19561, -1.1],
			"to": [12.20711, 7.22561, 0],
			"rotation": {"angle": 0, "axis": "y", "origin": [12.74, 7.21061, 1.4972]},
			"faces": {
				"up": {"uv": [0.5, 12.75, 1, 11.5], "rotation": 270, "texture": "#2"},
				"down": {"uv": [1, 12.75, 1.5, 11.5], "rotation": 270, "texture": "#2"}
			}
		},
		{
			"from": [13.59865, 7.19561, 0.23848],
			"to": [14.69865, 7.22561, 2.48848],
			"rotation": {"angle": 45, "axis": "y", "origin": [12.74, 7.21061, 1.4972]},
			"faces": {
				"up": {"uv": [1, 11.5, 0.5, 12.75], "rotation": 180, "texture": "#2"},
				"down": {"uv": [1.5, 11.5, 1, 12.75], "texture": "#2"}
			}
		},
		{
			"from": [11.7785, 7.95711, -3.48481],
			"to": [11.8085, 10.45711, 4.51519],
			"rotation": {"angle": 45, "axis": "y", "origin": [12.74, 7.21061, 1.4972]},
			"faces": {
				"east": {"uv": [0, 7.5, 1.25, 11.5], "rotation": 270, "texture": "#2"},
				"west": {"uv": [0, 11.5, 1.25, 7.5], "rotation": 270, "texture": "#2"}
			}
		},
		{
			"from": [6.75, 7.235, -7.53543],
			"to": [9.25, 7.265, 6.46457],
			"rotation": {"angle": 45, "axis": "z", "origin": [8, 7.25, -0.53543]},
			"faces": {
				"up": {"uv": [7.25, 7, 6, 0], "texture": "#2"},
				"down": {"uv": [7.25, 0, 6, 7], "texture": "#2"}
			}
		},
		{
			"from": [7.985, 6, -7.53543],
			"to": [8.015, 8.5, 6.46457],
			"rotation": {"angle": 45, "axis": "z", "origin": [8, 7.25, -0.53543]},
			"faces": {
				"east": {"uv": [7.25, 0, 6, 7], "rotation": 270, "texture": "#2"},
				"west": {"uv": [7.25, 7, 6, 0], "rotation": 270, "texture": "#2"}
			}
		},
		{
			"from": [7, 5, 1.5],
			"to": [9, 6, 8.5],
			"rotation": {"angle": 0, "axis": "y", "origin": [7.5, 5, 7.5]},
			"faces": {
				"east": {"uv": [2.5, 7.5, 6, 8], "texture": "#2"},
				"west": {"uv": [7.5, 3.5, 11, 4], "texture": "#2"},
				"up": {"uv": [8.5, 3.5, 7.5, 0], "texture": "#2"},
				"down": {"uv": [2.5, 7.5, 1.5, 11], "texture": "#2"}
			}
		},
		{
			"from": [7.5, 5, 10.5],
			"to": [8.5, 6, 14.5],
			"rotation": {"angle": 0, "axis": "y", "origin": [7.5, 5, 7.5]},
			"faces": {
				"east": {"uv": [8.5, 6.5, 10.5, 7], "texture": "#2"},
				"west": {"uv": [8.5, 7, 10.5, 7.5], "texture": "#2"},
				"up": {"uv": [9, 9.5, 8.5, 7.5], "texture": "#2"},
				"down": {"uv": [3, 9, 2.5, 11], "texture": "#2"}
			}
		},
		{
			"from": [7.5, 4, 13.5],
			"to": [8.5, 5, 14.5],
			"rotation": {"angle": 0, "axis": "y", "origin": [7.5, 5, 7.5]},
			"faces": {
				"north": {"uv": [8, 10.5, 8.5, 11], "texture": "#2"},
				"east": {"uv": [5, 12.5, 5.5, 13], "texture": "#2"},
				"west": {"uv": [5.5, 12.5, 6, 13], "texture": "#2"},
				"down": {"uv": [13, 5.5, 12.5, 6], "texture": "#2"}
			}
		},
		{
			"from": [7.5035, 4.15328, 10.9794],
			"to": [8.4965, 5.07828, 13.7294],
			"rotation": {"angle": 22.5, "axis": "x", "origin": [8.0035, 4.65328, 13.2294]},
			"faces": {
				"east": {"uv": [10.5, 7, 12, 7.5], "texture": "#2"},
				"west": {"uv": [11, 10.5, 12.5, 11], "texture": "#2"},
				"down": {"uv": [11.5, 11, 11, 12.5], "texture": "#2"}
			}
		},
		{
			"from": [7.25, 3.75, 14.5],
			"to": [8.75, 6.25, 15],
			"rotation": {"angle": 0, "axis": "y", "origin": [7.5, 5, 7.5]},
			"faces": {
				"north": {"uv": [9.5, 1.5, 10.25, 2.75], "texture": "#2"},
				"east": {"uv": [2.5, 12.5, 2.75, 13.75], "texture": "#2"},
				"south": {"uv": [9.5, 4, 10.25, 5.25], "texture": "#2"},
				"west": {"uv": [3, 12.5, 3.25, 13.75], "texture": "#2"},
				"up": {"uv": [0.75, 13.25, 0, 13], "texture": "#2"},
				"down": {"uv": [13.75, 1, 13, 1.25], "texture": "#2"}
			}
		},
		{
			"from": [7.4, 3.9, 15],
			"to": [8.6, 6.1, 15.5],
			"rotation": {"angle": 0, "axis": "y", "origin": [7.5, 5, 7.5]},
			"faces": {
				"east": {"uv": [12.5, 6, 12.75, 7], "texture": "#2"},
				"south": {"uv": [12, 3, 12.5, 4], "texture": "#2"},
				"west": {"uv": [12.5, 7.5, 12.75, 8.5], "texture": "#2"},
				"up": {"uv": [5.5, 13.25, 5, 13], "texture": "#2"},
				"down": {"uv": [13.5, 5, 13, 5.25], "texture": "#2"}
			}
		},
		{
			"from": [7.5, 4, 1.5],
			"to": [8.5, 5, 5.5],
			"rotation": {"angle": 0, "axis": "y", "origin": [7.5, 4, 7.5]},
			"faces": {
				"east": {"uv": [8.5, 3, 10.5, 3.5], "texture": "#2"},
				"south": {"uv": [10.5, 3, 11, 3.5], "texture": "#2"},
				"west": {"uv": [8.5, 6, 10.5, 6.5], "texture": "#2"},
				"down": {"uv": [6, 8, 5.5, 10], "texture": "#2"}
			}
		},
		{
			"from": [7.5035, 4.76537, 5.34776],
			"to": [8.4965, 5.69037, 6.84776],
			"rotation": {"angle": -22.5, "axis": "x", "origin": [7.5035, 4.76537, 7.34776]},
			"faces": {
				"east": {"uv": [12.5, 0, 13.25, 0.5], "texture": "#2"},
				"south": {"uv": [12.5, 8.5, 13, 9], "texture": "#2"},
				"west": {"uv": [12.5, 0.5, 13.25, 1], "texture": "#2"},
				"down": {"uv": [2.5, 12.5, 2, 13.25], "texture": "#2"}
			}
		},
		{
			"from": [7, 5, 8.5],
			"to": [9, 7, 10.5],
			"rotation": {"angle": 0, "axis": "y", "origin": [7.5, 5, 12.5]},
			"faces": {
				"north": {"uv": [3.5, 8, 4.5, 9], "texture": "#2"},
				"east": {"uv": [4.5, 8, 5.5, 9], "texture": "#2"},
				"south": {"uv": [7.5, 8, 8.5, 9], "texture": "#2"},
				"west": {"uv": [8.5, 0, 9.5, 1], "texture": "#2"},
				"up": {"uv": [9.5, 2, 8.5, 1], "texture": "#2"},
				"down": {"uv": [9.5, 2, 8.5, 3], "texture": "#2"}
			}
		},
		{
			"from": [6.9, 4.25, 3.5],
			"to": [9.1, 6.25, 4.5],
			"rotation": {"angle": -22.5, "axis": "x", "origin": [7.5, 4.25, 3.5]},
			"faces": {
				"north": {"uv": [8.5, 4, 9.5, 5], "texture": "#2"},
				"east": {"uv": [5, 9, 5.5, 10], "texture": "#2"},
				"south": {"uv": [8.5, 5, 9.5, 6], "texture": "#2"},
				"west": {"uv": [12, 0, 12.5, 1], "texture": "#2"},
				"up": {"uv": [10.5, 6, 9.5, 5.5], "texture": "#2"},
				"down": {"uv": [12.5, 2.5, 11.5, 3], "texture": "#2"}
			}
		},
		{
			"from": [6.9, 3.25, 1.3],
			"to": [9.1, 6.25, 2.3],
			"rotation": {"angle": -22.5, "axis": "x", "origin": [7.5, 4.25, 1.3]},
			"faces": {
				"north": {"uv": [7.5, 4, 8.5, 5.5], "texture": "#2"},
				"east": {"uv": [8.5, 9.5, 9, 11], "texture": "#2"},
				"south": {"uv": [7.5, 5.5, 8.5, 7], "texture": "#2"},
				"west": {"uv": [7.5, 10.5, 8, 12], "texture": "#2"},
				"up": {"uv": [13, 1.5, 12, 1], "texture": "#2"},
				"down": {"uv": [2.5, 12, 1.5, 12.5], "texture": "#2"}
			}
		},
		{
			"from": [7.25, 5.75, 0],
			"to": [8.75, 6.25, 1.5],
			"rotation": {"angle": 0, "axis": "y", "origin": [7.25, 5.75, 0.5]},
			"faces": {
				"north": {"uv": [9, 12.5, 9.75, 12.75], "texture": "#2"},
				"up": {"uv": [5.75, 12.25, 5, 11.5], "texture": "#2"},
				"down": {"uv": [12.25, 5, 11.5, 5.75], "texture": "#2"}
			}
		},
		{
			"from": [10.87348, 10.87652, -0.0025],
			"to": [11.87348, 11.37652, 1.5025],
			"rotation": {"angle": 45, "axis": "z", "origin": [16, 5.75, 0.4975]},
			"faces": {
				"north": {"uv": [1, 13, 1.5, 13.25], "texture": "#2"},
				"east": {"uv": [12.5, 9, 13.25, 9.25], "texture": "#2"},
				"south": {"uv": [13, 1.5, 13.5, 1.75], "texture": "#2"},
				"west": {"uv": [12.5, 9.5, 13.25, 9.75], "texture": "#2"},
				"up": {"uv": [7.5, 12.75, 7, 12], "texture": "#2"},
				"down": {"uv": [8, 12, 7.5, 12.75], "texture": "#2"}
			}
		},
		{
			"from": [6.54289, 6.45711, 0],
			"to": [7.04289, 7.95711, 1.5],
			"rotation": {"angle": 0, "axis": "y", "origin": [6.79289, 6.95711, 1]},
			"faces": {
				"north": {"uv": [11, 12.5, 11.25, 13.25], "texture": "#2"},
				"east": {"uv": [11.5, 6, 12.25, 6.75], "texture": "#2"},
				"south": {"uv": [12.5, 11, 12.75, 11.75], "texture": "#2"},
				"west": {"uv": [11.5, 7.5, 12.25, 8.25], "texture": "#2"},
				"up": {"uv": [11.75, 13.25, 11.5, 12.5], "texture": "#2"}
			}
		},
		{
			"from": [8.95711, 6.45711, 0],
			"to": [9.45711, 7.95711, 1.5],
			"rotation": {"angle": 0, "axis": "y", "origin": [9.20711, 6.95711, 1]},
			"faces": {
				"north": {"uv": [11.25, 12.5, 11, 13.25], "texture": "#2"},
				"east": {"uv": [12.25, 7.5, 11.5, 8.25], "texture": "#2"},
				"south": {"uv": [12.75, 11, 12.5, 11.75], "texture": "#2"},
				"west": {"uv": [12.25, 6, 11.5, 6.75], "texture": "#2"},
				"up": {"uv": [11.5, 13.25, 11.75, 12.5], "texture": "#2"}
			}
		},
		{
			"from": [4.12652, 10.87652, -0.0025],
			"to": [5.12652, 11.37652, 1.5025],
			"rotation": {"angle": -45, "axis": "z", "origin": [0, 5.75, 0.4975]},
			"faces": {
				"north": {"uv": [13, 2, 13.5, 2.25], "texture": "#2"},
				"east": {"uv": [12.5, 10, 13.25, 10.25], "texture": "#2"},
				"south": {"uv": [13, 2.5, 13.5, 2.75], "texture": "#2"},
				"west": {"uv": [12.5, 10.5, 13.25, 10.75], "texture": "#2"},
				"up": {"uv": [8.5, 12.75, 8, 12], "texture": "#2"},
				"down": {"uv": [9, 12, 8.5, 12.75], "texture": "#2"}
			}
		},
		{
			"from": [7.25, 3.5, 8.5],
			"to": [8.75, 5.5, 10],
			"rotation": {"angle": -22.5, "axis": "x", "origin": [7.25, 4, 8.5]},
			"faces": {
				"north": {"uv": [9, 10.5, 9.75, 11.5], "texture": "#2"},
				"east": {"uv": [1.5, 11, 2.25, 12], "texture": "#2"},
				"south": {"uv": [11, 3, 11.75, 4], "texture": "#2"},
				"west": {"uv": [8, 11, 8.75, 12], "texture": "#2"},
				"down": {"uv": [12.25, 8.5, 11.5, 9.25], "texture": "#2"}
			}
		},
		{
			"from": [7.5, 2.38164, 9.66865],
			"to": [8.5, 3.88164, 10.41865],
			"rotation": {"angle": -22.5, "axis": "x", "origin": [7.5, 1.88164, 9.91865]},
			"faces": {
				"north": {"uv": [12, 9.5, 12.5, 10.25], "texture": "#2"},
				"east": {"uv": [10, 12, 10.5, 12.75], "texture": "#2"},
				"west": {"uv": [10.5, 12, 11, 12.75], "texture": "#2"}
			}
		},
		{
			"from": [7.5, 2.13164, 10.91865],
			"to": [8.5, 4.88164, 11.41865],
			"rotation": {"angle": -22.5, "axis": "x", "origin": [7.5, 1.88164, 9.91865]},
			"faces": {
				"east": {"uv": [1.5, 12.5, 1.75, 14], "texture": "#2"},
				"south": {"uv": [2.5, 11, 3, 12.5], "texture": "#2"},
				"west": {"uv": [12.5, 1.5, 12.75, 3], "texture": "#2"},
				"down": {"uv": [13.5, 4.5, 13, 4.75], "texture": "#2"}
			}
		},
		{
			"from": [7.25, 1.88164, 9.41865],
			"to": [8.75, 2.38164, 10.41865],
			"rotation": {"angle": -22.5, "axis": "x", "origin": [7.5, 1.88164, 9.91865]},
			"faces": {
				"north": {"uv": [12.5, 12, 13.25, 12.25], "texture": "#2"},
				"east": {"uv": [3.5, 13, 4, 13.25], "texture": "#2"},
				"west": {"uv": [4, 13, 4.5, 13.25], "texture": "#2"},
				"up": {"uv": [12.75, 7.5, 12, 7], "texture": "#2"},
				"down": {"uv": [12.25, 12, 11.5, 12.5], "texture": "#2"}
			}
		},
		{
			"from": [7.25, 1.88164, 10.41865],
			"to": [8.75, 3.88164, 10.91865],
			"rotation": {"angle": -22.5, "axis": "x", "origin": [7.5, 1.88164, 9.91865]},
			"faces": {
				"north": {"uv": [11, 9.5, 11.75, 10.5], "texture": "#2"},
				"east": {"uv": [4.5, 12.5, 4.75, 13.5], "texture": "#2"},
				"south": {"uv": [10, 11, 10.75, 12], "texture": "#2"},
				"west": {"uv": [12.5, 4.5, 12.75, 5.5], "texture": "#2"},
				"down": {"uv": [12.75, 12.5, 12, 12.75], "texture": "#2"}
			}
		},
		{
			"from": [7.75, 4.07926, 7.88478],
			"to": [8.25, 5.07926, 8.38478],
			"rotation": {"angle": -22.5, "axis": "x", "origin": [7.75, 4.07926, 7.38478]},
			"faces": {
				"north": {"uv": [5.5, 13, 5.75, 13.5], "texture": "#2"},
				"east": {"uv": [13, 5.5, 13.25, 6], "texture": "#2"},
				"west": {"uv": [6, 13, 6.25, 13.5], "texture": "#2"},
				"down": {"uv": [13.25, 6, 13, 6.25], "texture": "#2"}
			}
		},
		{
			"from": [2, 7.25, 3.71457],
			"to": [14, 7.25, 8.71457],
			"rotation": {"angle": 0, "axis": "y", "origin": [6.5, 8, 3.71457]},
			"faces": {
				"up": {"uv": [6, 5, 0, 2.5], "texture": "#2"},
				"down": {"uv": [6, 2.5, 0, 5], "texture": "#2"}
			}
		},
		{
			"from": [7.91161, 6.5, 8.25],
			"to": [9.41161, 8, 10.75],
			"rotation": {"angle": 45, "axis": "z", "origin": [7.91161, 6.5, 8.5]},
			"faces": {
				"north": {"uv": [9, 11.5, 9.75, 12.25], "texture": "#2"},
				"east": {"uv": [10, 7.5, 11.25, 8.25], "texture": "#2"},
				"south": {"uv": [11.5, 11, 12.25, 11.75], "texture": "#2"},
				"west": {"uv": [10, 8.5, 11.25, 9.25], "texture": "#2"},
				"up": {"uv": [5.75, 11.25, 5, 10], "texture": "#2"},
				"down": {"uv": [10.75, 9.5, 10, 10.75], "texture": "#2"}
			}
		}
	],
	"gui_light": "front",
	"display": {
		"thirdperson_righthand": {
			"translation": [0, 3.25, 0.75]
		},
		"thirdperson_lefthand": {
			"translation": [0, 3.25, 0.75]
		},
		"firstperson_righthand": {
			"rotation": [0, -10.5, 0],
			"translation": [11.5, 4, -0.75]
		},
		"firstperson_lefthand": {
			"rotation": [0, -12.5, 0],
			"translation": [11.5, 4, -0.75]
		},
		"ground": {
			"rotation": [25, 0, 0],
			"translation": [0, 5, 0],
			"scale": [0.8, 0.8, 0.8]
		},
		"gui": {
			"rotation": [90, 45, 0],
			"translation": [2, -2, 0]
		},
		"head": {
			"rotation": [-45, 180, 0]
		},
		"fixed": {
			"rotation": [-90, 0, 0],
			"translation": [0, 0, -8.75],
			"scale": [2, 2, 2]
		}
	}
}