{"credit":"Made by PolygonMC","textures":{"1":"shogunset:shovel"},"elements":[{"from":[7.5,1.2,7.5],"to":[8.5,7.2,8.5],"rotation":{"angle":0,"axis":"y","origin":[7.5,0.2,7.5]},"faces":{"north":{"uv":[0,5,1,11],"texture":"#1"},"east":{"uv":[1,5,2,11],"texture":"#1"},"south":{"uv":[2,5,3,11],"texture":"#1"},"west":{"uv":[3,5,4,11],"texture":"#1"}}},{"from":[7,7.2,7],"to":[9,7.7,9],"rotation":{"angle":0,"axis":"y","origin":[7.5,6.2,7.5]},"faces":{"north":{"uv":[10,8,12,8.5],"texture":"#1"},"east":{"uv":[9,10,11,10.5],"texture":"#1"},"south":{"uv":[10,9,12,9.5],"texture":"#1"},"west":{"uv":[0,11,2,11.5],"texture":"#1"},"up":{"uv":[6,8,4,6],"texture":"#1"},"down":{"uv":[8,6,6,8],"texture":"#1"}}},{"from":[7.4,0.5,7.4],"to":[8.6,1.2,8.6],"rotation":{"angle":0,"axis":"y","origin":[7.5,-4.9,7.5]},"faces":{"north":{"uv":[3,11,4,11.5],"texture":"#1"},"east":{"uv":[4,11,5,11.5],"texture":"#1"},"south":{"uv":[11,4,12,4.5],"texture":"#1"},"west":{"uv":[5,11,6,11.5],"texture":"#1"},"up":{"uv":[10,6,9,5],"texture":"#1"},"down":{"uv":[12,0,11,1],"texture":"#1"}}},{"from":[7.5,0,7.5],"to":[8.5,0.5,8.5],"rotation":{"angle":0,"axis":"y","origin":[8,0.25,8]},"faces":{"north":{"uv":[11,5,12,5.5],"texture":"#1"},"east":{"uv":[6,11,7,11.5],"texture":"#1"},"south":{"uv":[11,6,12,6.5],"texture":"#1"},"west":{"uv":[7,11,8,11.5],"texture":"#1"},"down":{"uv":[12,1,11,2],"texture":"#1"}}},{"from":[7.75,-0.25,7.25],"to":[8.25,0.75,8.75],"rotation":{"angle":0,"axis":"y","origin":[8,0.25,8]},"faces":{"north":{"uv":[11,7,11.5,8],"texture":"#1"},"east":{"uv":[9,0,10.5,1],"texture":"#1"},"south":{"uv":[9,11,9.5,12],"texture":"#1"},"west":{"uv":[9,1,10.5,2],"texture":"#1"},"up":{"uv":[2.5,12.5,2,11],"texture":"#1"},"down":{"uv":[11.5,2,11,3.5],"texture":"#1"}}},{"from":[7.2535,7.7,7.25],"to":[8.7465,10.2,8.75],"rotation":{"angle":0,"axis":"x","origin":[7.5035,7.7,7.5]},"faces":{"north":{"uv":[7,0,8.5,2.5],"texture":"#1"},"east":{"uv":[7,3,8.5,5.5],"texture":"#1"},"south":{"uv":[4,8,5.5,10.5],"texture":"#1"},"west":{"uv":[6,8,7.5,10.5],"texture":"#1"},"up":{"uv":[9.5,7.5,8,6],"texture":"#1"},"down":{"uv":[9.5,8,8,9.5],"texture":"#1"}}},{"from":[7.75,11.41957,5.29289],"to":[8.25,14.41957,8.29289],"rotation":{"angle":45,"axis":"x","origin":[7.25,11.41957,7.29289]},"faces":{"north":{"uv":[9,2,9.5,5],"texture":"#1"},"east":{"uv":[12.5,0,15.5,3],"texture":"#1"},"south":{"uv":[10,2,10.5,5],"texture":"#1"},"west":{"uv":[12.5,3,15.5,6],"texture":"#1"},"up":{"uv":[10.5,8,10,5],"texture":"#1"},"down":{"uv":[8.5,10,8,13],"texture":"#1"}}},{"from":[7.985,12.9,6],"to":[8.015,17.9,10],"rotation":{"angle":0,"axis":"y","origin":[7.985,12.9,6.5]},"faces":{"east":{"uv":[4,0,0,5],"texture":"#1"},"west":{"uv":[0,0,4,5],"texture":"#1"}}},{"from":[7.995,11.9,4],"to":[8.005,13.9,7],"rotation":{"angle":0,"axis":"y","origin":[7.995,11.9,4]},"faces":{"east":{"uv":[3,13.5,0,15.5],"texture":"#1"},"west":{"uv":[0,13.5,3,15.5],"texture":"#1"}}},{"from":[7.995,11.9,9],"to":[8.005,13.9,12],"rotation":{"angle":0,"axis":"y","origin":[7.995,11.9,12]},"faces":{"east":{"uv":[0,13.5,3,15.5],"texture":"#1"},"west":{"uv":[3,13.5,0,15.5],"texture":"#1"}}},{"from":[7,9.54289,7.5],"to":[9,11.54289,9.5],"rotation":{"angle":-45,"axis":"x","origin":[7.5,10.04289,8]},"faces":{"north":{"uv":[12.5,6.5,14.5,8.5],"texture":"#1"},"east":{"uv":[12.5,9,14.5,11],"rotation":270,"texture":"#1"},"south":{"uv":[12.5,11.5,14.5,13.5],"texture":"#1"},"west":{"uv":[12.5,9,14.5,11],"texture":"#1"},"up":{"uv":[12.5,13.5,14.5,11.5],"texture":"#1"},"down":{"uv":[12.5,6.5,14.5,8.5],"texture":"#1"}}}],"gui_light":"front","display":{"thirdperson_righthand":{"translation":[0,1,1]},"thirdperson_lefthand":{"translation":[0,1,1]},"firstperson_righthand":{"rotation":[-10,0,0],"translation":[0,1.75,0]},"firstperson_lefthand":{"rotation":[-10,0,0],"translation":[0,1.75,0]},"ground":{"rotation":[-45,0,0],"translation":[0,5,0],"scale":[0.8,0.8,0.8]},"gui":{"rotation":[-90,45,90],"translation":[0.75,-0.75,0]},"head":{"rotation":[0,-90,0]},"fixed":{"rotation":[0,-90,0],"translation":[0,0,-1],"scale":[2,2,2]}}}