{
	"credit": "Made with Blockbench",
	"texture_size": [32, 32],
	"textures": {
		"0": "ec_elitewings:v2/tex10",
		"1": "ec_elitewings:v2/ani101",
		"2": "ec_elitewings:v2/ani102",
		"particle": "ec_elitewings:v2/tex10"
	},
	"elements": [
		{
			"from": [3.95581, -12.375, 13.10301],
			"to": [7.95581, -0.375, 13.10301],
			"rotation": {"angle": 45, "axis": "y", "origin": [7.95581, -7.375, 13.10301]},
			"faces": {
				"north": {"uv": [6, 6, 4, 12], "texture": "#0"},
				"east": {"uv": [0, 0, 0, 6], "texture": "#0"},
				"south": {"uv": [4, 6, 6, 12], "texture": "#0"},
				"west": {"uv": [0, 0, 0, 6], "texture": "#0"},
				"up": {"uv": [6, 0, 0, 0], "texture": "#0"},
				"down": {"uv": [6, 0, 0, 0], "texture": "#0"}
			}
		},
		{
			"from": [-0.0442, -10.375, 13.10301],
			"to": [3.95581, -2.375, 13.10301],
			"rotation": {"angle": 45, "axis": "y", "origin": [7.95581, -7.375, 13.10301]},
			"faces": {
				"north": {"uv": [4, 0, 0, 8], "texture": "#1"},
				"east": {"uv": [0, 0, 0, 8], "texture": "#1"},
				"south": {"uv": [0, 0, 4, 8], "texture": "#1"},
				"west": {"uv": [0, 0, 0, 8], "texture": "#1"},
				"up": {"uv": [6, 0, 0, 0], "texture": "#1"},
				"down": {"uv": [6, 0, 0, 0], "texture": "#1"}
			}
		},
		{
			"from": [-4.04419, -8.125, 13.10301],
			"to": [-0.0442, -0.125, 13.10301],
			"rotation": {"angle": 45, "axis": "y", "origin": [7.95581, -7.375, 13.10301]},
			"faces": {
				"north": {"uv": [4, 0, 0, 8], "texture": "#2"},
				"east": {"uv": [0, 0, 0, 6], "texture": "#2"},
				"south": {"uv": [0, 0, 4, 8], "texture": "#2"},
				"west": {"uv": [0, 0, 0, 6], "texture": "#2"},
				"up": {"uv": [6, 0, 0, 0], "texture": "#2"},
				"down": {"uv": [6, 0, 0, 0], "texture": "#2"}
			}
		},
		{
			"from": [6.42507, -8.125, 20.79853],
			"to": [6.42507, -0.125, 24.79853],
			"rotation": {"angle": -22.5, "axis": "y", "origin": [7.95581, -7.375, 13.10301]},
			"faces": {
				"north": {"uv": [0, 0, 0, 6], "texture": "#2"},
				"east": {"uv": [4, 0, 8, 8], "texture": "#2"},
				"south": {"uv": [0, 0, 0, 6], "texture": "#2"},
				"west": {"uv": [8, 0, 4, 8], "texture": "#2"},
				"up": {"uv": [6, 0, 0, 0], "rotation": 270, "texture": "#2"},
				"down": {"uv": [6, 0, 0, 0], "rotation": 90, "texture": "#2"}
			}
		},
		{
			"from": [6.42507, -10.375, 16.79853],
			"to": [6.42507, -2.375, 20.79853],
			"rotation": {"angle": -22.5, "axis": "y", "origin": [7.95581, -7.375, 13.10301]},
			"faces": {
				"north": {"uv": [0, 0, 0, 8], "texture": "#1"},
				"east": {"uv": [4, 0, 8, 8], "texture": "#1"},
				"south": {"uv": [0, 0, 0, 8], "texture": "#1"},
				"west": {"uv": [8, 0, 4, 8], "texture": "#1"},
				"up": {"uv": [6, 0, 0, 0], "rotation": 270, "texture": "#1"},
				"down": {"uv": [6, 0, 0, 0], "rotation": 90, "texture": "#1"}
			}
		},
		{
			"from": [-3.73972, -8.125, 14.63375],
			"to": [0.26028, -0.125, 14.63375],
			"rotation": {"angle": 22.5, "axis": "y", "origin": [7.95581, -7.375, 13.10301]},
			"faces": {
				"north": {"uv": [4, 8, 0, 16], "texture": "#2"},
				"east": {"uv": [0, 0, 0, 6], "texture": "#2"},
				"south": {"uv": [0, 8, 4, 16], "texture": "#2"},
				"west": {"uv": [0, 0, 0, 6], "texture": "#2"},
				"up": {"uv": [6, 0, 0, 0], "texture": "#2"},
				"down": {"uv": [6, 0, 0, 0], "texture": "#2"}
			}
		},
		{
			"from": [-2.56823, -8.125, 17.43772],
			"to": [1.43177, -0.125, 17.43772],
			"rotation": {"angle": 0, "axis": "y", "origin": [7.95581, -7.375, 13.10301]},
			"faces": {
				"north": {"uv": [8, 8, 4, 16], "texture": "#2"},
				"east": {"uv": [0, 0, 0, 6], "texture": "#2"},
				"south": {"uv": [4, 8, 8, 16], "texture": "#2"},
				"west": {"uv": [0, 0, 0, 6], "texture": "#2"},
				"up": {"uv": [6, 0, 0, 0], "texture": "#2"},
				"down": {"uv": [6, 0, 0, 0], "texture": "#2"}
			}
		},
		{
			"from": [0.26028, -10.375, 14.63375],
			"to": [4.26028, -2.375, 14.63375],
			"rotation": {"angle": 22.5, "axis": "y", "origin": [7.95581, -7.375, 13.10301]},
			"faces": {
				"north": {"uv": [16, 0, 12, 8], "texture": "#1"},
				"east": {"uv": [12, 0, 12, 8], "texture": "#1"},
				"south": {"uv": [12, 0, 16, 8], "texture": "#1"},
				"west": {"uv": [12, 0, 12, 8], "texture": "#1"},
				"up": {"uv": [6, 0, 0, 0], "texture": "#1"},
				"down": {"uv": [6, 0, 0, 0], "texture": "#1"}
			}
		},
		{
			"from": [5.12738, -8.125, 19.93144],
			"to": [5.12738, -0.125, 23.93144],
			"rotation": {"angle": 0, "axis": "y", "origin": [7.95581, -7.375, 13.10301]},
			"faces": {
				"north": {"uv": [0, 0, 0, 6], "texture": "#2"},
				"east": {"uv": [8, 0, 12, 8], "texture": "#2"},
				"south": {"uv": [0, 0, 0, 6], "texture": "#2"},
				"west": {"uv": [12, 0, 8, 8], "texture": "#2"},
				"up": {"uv": [6, 0, 0, 0], "rotation": 270, "texture": "#2"},
				"down": {"uv": [6, 0, 0, 0], "rotation": 90, "texture": "#2"}
			}
		},
		{
			"from": [2.72186, -8.125, 18.32773],
			"to": [2.72186, -0.125, 22.32773],
			"rotation": {"angle": 22.5, "axis": "y", "origin": [7.95581, -7.375, 13.10301]},
			"faces": {
				"north": {"uv": [0, 0, 0, 8], "texture": "#2"},
				"east": {"uv": [12, 0, 16, 8], "texture": "#2"},
				"south": {"uv": [0, 0, 0, 8], "texture": "#2"},
				"west": {"uv": [16, 0, 12, 8], "texture": "#2"},
				"up": {"uv": [0, 0, 6, 0], "rotation": 90, "texture": "#2"},
				"down": {"uv": [0, 0, 6, 0], "rotation": 270, "texture": "#2"}
			}
		},
		{
			"from": [5.12738, -10.375, 15.93144],
			"to": [5.12738, -2.375, 19.93144],
			"rotation": {"angle": 0, "axis": "y", "origin": [7.95581, -7.375, 13.10301]},
			"faces": {
				"north": {"uv": [0, 0, 0, 8], "texture": "#1"},
				"east": {"uv": [8, 0, 12, 8], "texture": "#1"},
				"south": {"uv": [0, 0, 0, 8], "texture": "#1"},
				"west": {"uv": [12, 0, 8, 8], "texture": "#1"},
				"up": {"uv": [6, 0, 0, 0], "rotation": 270, "texture": "#1"},
				"down": {"uv": [6, 0, 0, 0], "rotation": 90, "texture": "#1"}
			}
		},
		{
			"from": [7.95581, -12.375, 13.10301],
			"to": [11.95581, -0.375, 13.10301],
			"rotation": {"angle": -45, "axis": "y", "origin": [7.95581, -11.375, 12.97801]},
			"faces": {
				"north": {"uv": [4, 6, 6, 12], "texture": "#0"},
				"east": {"uv": [0, 0, 0, 6], "texture": "#0"},
				"south": {"uv": [6, 6, 4, 12], "texture": "#0"},
				"west": {"uv": [0, 0, 0, 6], "texture": "#0"},
				"up": {"uv": [0, 0, 6, 0], "texture": "#0"},
				"down": {"uv": [0, 0, 6, 0], "texture": "#0"}
			}
		},
		{
			"from": [11.95581, -10.375, 13.10301],
			"to": [15.95581, -2.375, 13.10301],
			"rotation": {"angle": -45, "axis": "y", "origin": [7.95581, -11.375, 12.97801]},
			"faces": {
				"north": {"uv": [0, 0, 4, 8], "texture": "#1"},
				"east": {"uv": [0, 0, 0, 8], "texture": "#1"},
				"south": {"uv": [4, 0, 0, 8], "texture": "#1"},
				"west": {"uv": [0, 0, 0, 8], "texture": "#1"},
				"up": {"uv": [0, 0, 6, 0], "texture": "#1"},
				"down": {"uv": [0, 0, 6, 0], "texture": "#1"}
			}
		},
		{
			"from": [15.95581, -8.125, 13.10301],
			"to": [19.9558, -0.125, 13.10301],
			"rotation": {"angle": -45, "axis": "y", "origin": [7.95581, -11.375, 12.97801]},
			"faces": {
				"north": {"uv": [0, 0, 4, 8], "texture": "#2"},
				"east": {"uv": [0, 0, 0, 6], "texture": "#2"},
				"south": {"uv": [4, 0, 0, 8], "texture": "#2"},
				"west": {"uv": [0, 0, 0, 6], "texture": "#2"},
				"up": {"uv": [0, 0, 6, 0], "texture": "#2"},
				"down": {"uv": [0, 0, 6, 0], "texture": "#2"}
			}
		},
		{
			"from": [9.37106, -10.375, 16.72137],
			"to": [9.37106, -2.375, 20.72137],
			"rotation": {"angle": 22.5, "axis": "y", "origin": [7.95581, -11.375, 12.97801]},
			"faces": {
				"north": {"uv": [0, 0, 0, 8], "texture": "#1"},
				"east": {"uv": [4, 0, 8, 8], "texture": "#1"},
				"south": {"uv": [0, 0, 0, 8], "texture": "#1"},
				"west": {"uv": [8, 0, 4, 8], "texture": "#1"},
				"up": {"uv": [0, 0, 6, 0], "rotation": 90, "texture": "#1"},
				"down": {"uv": [0, 0, 6, 0], "rotation": 270, "texture": "#1"}
			}
		},
		{
			"from": [9.37106, -8.125, 20.72137],
			"to": [9.37106, -0.125, 24.72137],
			"rotation": {"angle": 22.5, "axis": "y", "origin": [7.95581, -11.375, 12.97801]},
			"faces": {
				"north": {"uv": [0, 0, 0, 6], "texture": "#2"},
				"east": {"uv": [4, 0, 8, 8], "texture": "#2"},
				"south": {"uv": [0, 0, 0, 6], "texture": "#2"},
				"west": {"uv": [8, 0, 4, 8], "texture": "#2"},
				"up": {"uv": [0, 0, 6, 0], "rotation": 90, "texture": "#2"},
				"down": {"uv": [0, 0, 6, 0], "rotation": 270, "texture": "#2"}
			}
		},
		{
			"from": [11.60349, -10.375, 14.62423],
			"to": [15.60349, -2.375, 14.62423],
			"rotation": {"angle": -22.5, "axis": "y", "origin": [7.95581, -11.375, 12.97801]},
			"faces": {
				"north": {"uv": [12, 0, 16, 8], "texture": "#1"},
				"east": {"uv": [12, 0, 12, 8], "texture": "#1"},
				"south": {"uv": [16, 0, 12, 8], "texture": "#1"},
				"west": {"uv": [12, 0, 12, 8], "texture": "#1"},
				"up": {"uv": [0, 0, 6, 0], "texture": "#1"},
				"down": {"uv": [0, 0, 6, 0], "texture": "#1"}
			}
		},
		{
			"from": [15.60349, -8.125, 14.62423],
			"to": [19.60349, -0.125, 14.62423],
			"rotation": {"angle": -22.5, "axis": "y", "origin": [7.95581, -11.375, 12.97801]},
			"faces": {
				"north": {"uv": [0, 8, 4, 16], "texture": "#2"},
				"east": {"uv": [0, 0, 0, 6], "texture": "#2"},
				"south": {"uv": [4, 8, 0, 16], "texture": "#2"},
				"west": {"uv": [0, 0, 0, 6], "texture": "#2"},
				"up": {"uv": [0, 0, 6, 0], "texture": "#2"},
				"down": {"uv": [0, 0, 6, 0], "texture": "#2"}
			}
		},
		{
			"from": [10.69584, -10.375, 15.89483],
			"to": [10.69584, -2.375, 19.89483],
			"rotation": {"angle": 0, "axis": "y", "origin": [7.95581, -11.375, 12.97801]},
			"faces": {
				"north": {"uv": [0, 0, 0, 8], "texture": "#1"},
				"east": {"uv": [8, 0, 12, 8], "texture": "#1"},
				"south": {"uv": [0, 0, 0, 8], "texture": "#1"},
				"west": {"uv": [12, 0, 8, 8], "texture": "#1"},
				"up": {"uv": [0, 0, 6, 0], "rotation": 90, "texture": "#1"},
				"down": {"uv": [0, 0, 6, 0], "rotation": 270, "texture": "#1"}
			}
		},
		{
			"from": [10.69584, -8.125, 19.89483],
			"to": [10.69584, -0.125, 23.89483],
			"rotation": {"angle": 0, "axis": "y", "origin": [7.95581, -11.375, 12.97801]},
			"faces": {
				"north": {"uv": [0, 0, 0, 6], "texture": "#2"},
				"east": {"uv": [8, 0, 12, 8], "texture": "#2"},
				"south": {"uv": [0, 0, 0, 6], "texture": "#2"},
				"west": {"uv": [12, 0, 8, 8], "texture": "#2"},
				"up": {"uv": [0, 0, 6, 0], "rotation": 90, "texture": "#2"},
				"down": {"uv": [0, 0, 6, 0], "rotation": 270, "texture": "#2"}
			}
		},
		{
			"from": [13.14192, -8.125, 18.31822],
			"to": [13.14192, -0.125, 22.31822],
			"rotation": {"angle": -22.5, "axis": "y", "origin": [7.95581, -11.375, 12.97801]},
			"faces": {
				"north": {"uv": [0, 0, 0, 8], "texture": "#2"},
				"east": {"uv": [12, 0, 16, 8], "texture": "#2"},
				"south": {"uv": [0, 0, 0, 8], "texture": "#2"},
				"west": {"uv": [16, 0, 12, 8], "texture": "#2"},
				"up": {"uv": [0, 0, 6, 0], "rotation": 90, "texture": "#2"},
				"down": {"uv": [0, 0, 6, 0], "rotation": 270, "texture": "#2"}
			}
		},
		{
			"from": [14.39145, -8.125, 17.40111],
			"to": [18.39145, -0.125, 17.40111],
			"rotation": {"angle": 0, "axis": "y", "origin": [7.95581, -11.375, 12.97801]},
			"faces": {
				"north": {"uv": [4, 8, 8, 16], "texture": "#2"},
				"east": {"uv": [0, 0, 0, 6], "texture": "#2"},
				"south": {"uv": [8, 8, 4, 16], "texture": "#2"},
				"west": {"uv": [0, 0, 0, 6], "texture": "#2"},
				"up": {"uv": [0, 0, 6, 0], "texture": "#2"},
				"down": {"uv": [0, 0, 6, 0], "texture": "#2"}
			}
		},
		{
			"from": [7.95581, -15.875, 12.97801],
			"to": [14.45581, -6.875, 12.97801],
			"rotation": {"angle": -45, "axis": "y", "origin": [7.95581, -11.375, 12.97801]},
			"faces": {
				"north": {"uv": [2.875, 1.5, 6.125, 6], "texture": "#0"},
				"east": {"uv": [2.875, 1.5, 2.875, 6], "texture": "#0"},
				"south": {"uv": [6.125, 1.5, 2.875, 6], "texture": "#0"},
				"west": {"uv": [2.875, 1.5, 2.875, 6], "texture": "#0"},
				"up": {"uv": [0, 0, 6, 0], "texture": "#0"},
				"down": {"uv": [0, 0, 6, 0], "texture": "#0"}
			}
		},
		{
			"from": [1.4558, -15.875, 12.97801],
			"to": [7.45581, -6.875, 12.97801],
			"rotation": {"angle": 45, "axis": "y", "origin": [7.95581, -7.375, 13.10301]},
			"faces": {
				"north": {"uv": [5.875, 1.5, 2.875, 6], "texture": "#0"},
				"east": {"uv": [2.875, 1.5, 2.875, 6], "texture": "#0"},
				"south": {"uv": [2.875, 1.5, 5.875, 6], "texture": "#0"},
				"west": {"uv": [2.875, 1.5, 2.875, 6], "texture": "#0"},
				"up": {"uv": [6, 0, 0, 0], "texture": "#0"},
				"down": {"uv": [6, 0, 0, 0], "texture": "#0"}
			}
		}
	],
	"gui_light": "front",
	"display": {
		"thirdperson_righthand": {
			"rotation": [68.5, 0, 0],
			"translation": [0.25, 3.5, 1],
			"scale": [0.4, 0.4, 0.4]
		},
		"thirdperson_lefthand": {
			"rotation": [72, 0, 0],
			"translation": [-5.25, -5.75, 10],
			"scale": [1.15, 1.15, 1.15]
		},
		"firstperson_righthand": {
			"translation": [-2.75, 1, -2.25],
			"scale": [0.5, 0.5, 0.5]
		},
		"firstperson_lefthand": {
			"rotation": [0, -92, 0],
			"translation": [0.5, 3, 2.25],
			"scale": [0, 0, 0]
		},
		"ground": {
			"rotation": [68, 180, 0],
			"translation": [0, 0.25, 0],
			"scale": [0.5, 0.5, 0.5]
		},
		"gui": {
			"rotation": [0, 156, 0],
			"translation": [-1.5, -0.25, 0],
			"scale": [0.39031, 0.39031, 0.39031]
		},
		"head": {
			"rotation": [4, 0, 0],
			"translation": [0, -55.5, -7.5],
			"scale": [3.2, 3.2, 3.2]
		},
		"fixed": {
			"rotation": [0, 180, 0],
			"translation": [0, 4.75, -0.75],
			"scale": [1.49, 1.49, 1.49]
		}
	},
	"groups": [
		{
			"name": "group",
			"origin": [21.55, 7.5, 13.25],
			"color": 0,
			"boneType": "",
			"children": [0, 1, 2, 3, 4, 5, 6, 7, 8, 9, 10, 11, 12, 13, 14, 15, 16, 17, 18, 19, 20, 21, 22, 23]
		}
	]
}