{"credit":"Made with Blockbench","texture_size":[12,12],"textures":{"1":"frighten_set:frighten_set/axe","2":"frighten_set:frighten_set/animation_2","particle":"frighten_set:frighten_set/animation_2"},"elements":[{"from":[7.39,-0.11,7.39],"to":[8.61,1.11,8.61],"rotation":{"angle":45,"axis":"x","origin":[8,0.5,8]},"faces":{"north":{"uv":[10.66667,5.33333,11.5,6.16667],"texture":"#1"},"east":{"uv":[10.66667,6.66667,11.5,7.5],"texture":"#1"},"south":{"uv":[10.66667,8,11.5,8.83333],"texture":"#1"},"west":{"uv":[2.66667,11.33333,3.5,12.16667],"texture":"#1"},"up":{"uv":[12.16667,3.5,11.33333,2.66667],"texture":"#1"},"down":{"uv":[8.16667,11.33333,7.33333,12.16667],"texture":"#1"}}},{"from":[7.5,0,6.4],"to":[8.5,1,7.9],"rotation":{"angle":22.5,"axis":"x","origin":[8,0.5,7.15]},"faces":{"north":{"uv":[10,4,10.66667,4.66667],"texture":"#1"},"east":{"uv":[9.33333,7.33333,10.33333,8],"texture":"#1"},"south":{"uv":[10.66667,9.33333,11.33333,10],"texture":"#1"},"west":{"uv":[10,11.33333,11,12],"texture":"#1"},"up":{"uv":[4.66667,12.33333,4,11.33333],"texture":"#1"},"down":{"uv":[12,10.66667,11.33333,11.66667],"texture":"#1"}}},{"from":[7.5,0,8.1],"to":[8.5,1,9.6],"rotation":{"angle":-22.5,"axis":"x","origin":[8,0.5,8.85]},"faces":{"north":{"uv":[11.33333,9.33333,10.66667,10],"texture":"#1"},"east":{"uv":[10.33333,7.33333,9.33333,8],"texture":"#1"},"south":{"uv":[10.66667,4,10,4.66667],"texture":"#1"},"west":{"uv":[11,11.33333,10,12],"texture":"#1"},"up":{"uv":[4.66667,11.33333,4,12.33333],"texture":"#1"},"down":{"uv":[12,11.66667,11.33333,10.66667],"texture":"#1"}}},{"from":[7.45,0.75,7.45],"to":[8.55,1.85,8.55],"rotation":{"angle":0,"axis":"y","origin":[7.45,0.75,7.45]},"faces":{"north":{"uv":[12,2,12.66667,2.66667],"texture":"#1"},"east":{"uv":[4,12.66667,4.66667,13.33333],"texture":"#1"},"south":{"uv":[12.66667,4,13.33333,4.66667],"texture":"#1"},"west":{"uv":[12.66667,4.66667,13.33333,5.33333],"texture":"#1"},"up":{"uv":[13.33333,6,12.66667,5.33333],"texture":"#1"},"down":{"uv":[6.66667,12.66667,6,13.33333],"texture":"#1"}}},{"from":[7.45,4.85,7.45],"to":[8.55,5.95,8.55],"rotation":{"angle":0,"axis":"y","origin":[7.45,4.85,7.45]},"faces":{"north":{"uv":[13.33333,3.33333,14,4],"texture":"#1"},"east":{"uv":[4,13.33333,4.66667,14],"texture":"#1"},"south":{"uv":[13.33333,4,14,4.66667],"texture":"#1"},"west":{"uv":[4.66667,13.33333,5.33333,14],"texture":"#1"},"up":{"uv":[14,5.33333,13.33333,4.66667],"texture":"#1"},"down":{"uv":[6,13.33333,5.33333,14],"texture":"#1"}}},{"from":[7.5,1.85,7.5],"to":[8.5,4.85,8.5],"rotation":{"angle":0,"axis":"y","origin":[6.95,-4.3,6.95]},"faces":{"north":{"uv":[2.66667,9.33333,3.33333,11.33333],"texture":"#1"},"east":{"uv":[9.33333,2.66667,10,4.66667],"texture":"#1"},"south":{"uv":[3.33333,9.33333,4,11.33333],"texture":"#1"},"west":{"uv":[4,9.33333,4.66667,11.33333],"texture":"#1"},"up":{"uv":[13.33333,6.66667,12.66667,6],"texture":"#1"},"down":{"uv":[13.33333,6.66667,12.66667,7.33333],"texture":"#1"}}},{"from":[7.4,15.7,7],"to":[8.6,17.7,9],"rotation":{"angle":-45,"axis":"x","origin":[8,16.7,8]},"faces":{"north":{"uv":[4.66667,9.33333,5.5,10.66667],"texture":"#1"},"east":{"uv":[2.66667,6.66667,4,8],"texture":"#1"},"south":{"uv":[9.33333,4.66667,10.16667,6],"texture":"#1"},"west":{"uv":[2.66667,8,4,9.33333],"texture":"#1"},"up":{"uv":[10.16667,7.33333,9.33333,6],"texture":"#1"},"down":{"uv":[10.83333,2.66667,10,4],"texture":"#1"}}},{"from":[7.2,15.9,7.2],"to":[8.8,17.5,8.8],"rotation":{"angle":-45,"axis":"x","origin":[8,16.7,8]},"faces":{"north":{"uv":[7.33333,10,8.33333,11],"texture":"#1"},"east":{"uv":[8.66667,10,9.66667,11],"texture":"#1"},"south":{"uv":[10,10,11,11],"texture":"#1"},"west":{"uv":[10.66667,0,11.66667,1],"texture":"#1"},"up":{"uv":[11.66667,2.33333,10.66667,1.33333],"texture":"#1"},"down":{"uv":[11.66667,4,10.66667,5],"texture":"#1"}}},{"from":[7.58,16.76,7.16],"to":[8.42,18.44,8.84],"rotation":{"angle":-45,"axis":"x","origin":[8,17.6,8]},"faces":{"north":{"uv":[0.66667,12,1.16667,13.16667],"texture":"#1"},"east":{"uv":[9.33333,0,10.5,1.16667],"texture":"#1"},"south":{"uv":[1.33333,12,1.83333,13.16667],"texture":"#1"},"west":{"uv":[9.33333,1.33333,10.5,2.5],"texture":"#1"},"up":{"uv":[2.5,13.16667,2,12],"texture":"#1"},"down":{"uv":[12.5,4,12,5.16667],"texture":"#1"}}},{"from":[7.5,16,6.3],"to":[8.5,17,7.3],"rotation":{"angle":0,"axis":"y","origin":[7.5,15,6.3]},"faces":{"north":{"uv":[7.33333,12.66667,8,13.33333],"texture":"#1"},"east":{"uv":[12.66667,7.33333,13.33333,8],"texture":"#1"},"south":{"uv":[8,12.66667,8.66667,13.33333],"texture":"#1"},"west":{"uv":[12.66667,8,13.33333,8.66667],"texture":"#1"},"up":{"uv":[9.33333,13.33333,8.66667,12.66667],"texture":"#1"},"down":{"uv":[13.33333,8.66667,12.66667,9.33333],"texture":"#1"}}},{"from":[7.5,15,6.8],"to":[8.5,16,7.3],"rotation":{"angle":0,"axis":"y","origin":[7.5,14,6.3]},"faces":{"north":{"uv":[13.33333,1.33333,14,2],"texture":"#1"},"east":{"uv":[0,14,0.33333,14.66667],"texture":"#1"},"south":{"uv":[2,13.33333,2.66667,14],"texture":"#1"},"west":{"uv":[14,0,14.33333,0.66667],"texture":"#1"},"up":{"uv":[1.33333,14.33333,0.66667,14],"texture":"#1"},"down":{"uv":[14.66667,0.66667,14,1],"texture":"#1"}}},{"from":[7.5,18.30776,5.42988],"to":[8.5,19.30776,5.92988],"rotation":{"angle":-45,"axis":"x","origin":[8,18.80776,5.67988]},"faces":{"north":{"uv":[13.33333,2,14,2.66667],"texture":"#1"},"east":{"uv":[1.33333,14,1.66667,14.66667],"texture":"#1"},"south":{"uv":[13.33333,2.66667,14,3.33333],"texture":"#1"},"west":{"uv":[14,1.33333,14.33333,2],"texture":"#1"},"up":{"uv":[2.66667,14.33333,2,14],"texture":"#1"},"down":{"uv":[14.66667,2,14,2.33333],"texture":"#1"}}},{"from":[7.495,16.61732,6.37612],"to":[8.505,17.61732,7.37612],"rotation":{"angle":-22.5,"axis":"x","origin":[7.52,16.61732,6.37612]},"faces":{"north":{"uv":[9.33333,12.66667,10,13.33333],"texture":"#1"},"east":{"uv":[12.66667,9.33333,13.33333,10],"texture":"#1"},"south":{"uv":[12.66667,10,13.33333,10.66667],"texture":"#1"},"west":{"uv":[12.66667,10.66667,13.33333,11.33333],"texture":"#1"},"up":{"uv":[13.33333,12,12.66667,11.33333],"texture":"#1"},"down":{"uv":[12.66667,12.66667,12,13.33333],"texture":"#1"}}},{"from":[7.5,17.21677,6.21021],"to":[8.5,18.21677,7.21021],"rotation":{"angle":-45,"axis":"x","origin":[7.5,17.21677,6.21021]},"faces":{"north":{"uv":[12.66667,12,13.33333,12.66667],"texture":"#1"},"east":{"uv":[12.66667,12.66667,13.33333,13.33333],"texture":"#1"},"south":{"uv":[13.33333,0,14,0.66667],"texture":"#1"},"west":{"uv":[0.66667,13.33333,1.33333,14],"texture":"#1"},"up":{"uv":[14,1.33333,13.33333,0.66667],"texture":"#1"},"down":{"uv":[2,13.33333,1.33333,14],"texture":"#1"}}},{"from":[7.4,15.7,6.45],"to":[8.6,16.2,6.95],"rotation":{"angle":-45,"axis":"x","origin":[8,15.95,6.7]},"faces":{"north":{"uv":[13.33333,9.33333,14.16667,9.66667],"texture":"#1"},"east":{"uv":[14,2.66667,14.33333,3],"texture":"#1"},"south":{"uv":[13.33333,10,14.16667,10.33333],"texture":"#1"},"west":{"uv":[14,3.33333,14.33333,3.66667],"texture":"#1"},"up":{"uv":[14.16667,11,13.33333,10.66667],"texture":"#1"},"down":{"uv":[14.16667,11.33333,13.33333,11.66667],"texture":"#1"}}},{"from":[7.4,18,5.45],"to":[8.6,18.5,5.95],"rotation":{"angle":-45,"axis":"x","origin":[8,18.25,5.7]},"faces":{"north":{"uv":[12,13.33333,12.83333,13.66667],"texture":"#1"},"east":{"uv":[4,14,4.33333,14.33333],"texture":"#1"},"south":{"uv":[13.33333,12,14.16667,12.33333],"texture":"#1"},"west":{"uv":[14,4,14.33333,4.33333],"texture":"#1"},"up":{"uv":[14.16667,13,13.33333,12.66667],"texture":"#1"},"down":{"uv":[14.16667,13.33333,13.33333,13.66667],"texture":"#1"}}},{"from":[7.5,5.95,7.5],"to":[8.5,6.95,8.5],"rotation":{"angle":0,"axis":"y","origin":[6.95,3.9,6.95]},"faces":{"north":{"uv":[13.33333,5.33333,14,6],"texture":"#1"},"east":{"uv":[6,13.33333,6.66667,14],"texture":"#1"},"south":{"uv":[13.33333,6,14,6.66667],"texture":"#1"},"west":{"uv":[6.66667,13.33333,7.33333,14],"texture":"#1"},"up":{"uv":[14,7.33333,13.33333,6.66667],"texture":"#1"},"down":{"uv":[8,13.33333,7.33333,14],"texture":"#1"}}},{"from":[7.5,14.95,7.5],"to":[8.5,15.95,8.5],"rotation":{"angle":0,"axis":"y","origin":[6.95,12.9,6.95]},"faces":{"north":{"uv":[13.33333,7.33333,14,8],"texture":"#1"},"east":{"uv":[8,13.33333,8.66667,14],"texture":"#1"},"south":{"uv":[13.33333,8,14,8.66667],"texture":"#1"},"west":{"uv":[8.66667,13.33333,9.33333,14],"texture":"#1"},"up":{"uv":[14,9.33333,13.33333,8.66667],"texture":"#1"},"down":{"uv":[10,13.33333,9.33333,14],"texture":"#1"}}},{"from":[7.4,6.95,7.4],"to":[8.6,14.95,8.6],"rotation":{"angle":0,"axis":"y","origin":[6.95,4.9,6.95]},"faces":{"north":{"uv":[4,4,4.83333,9.33333],"texture":"#1"},"east":{"uv":[5.33333,4,6.16667,9.33333],"texture":"#1"},"south":{"uv":[0,6.66667,0.83333,12],"texture":"#1"},"west":{"uv":[1.33333,6.66667,2.16667,12],"texture":"#1"},"up":{"uv":[9.5,12.16667,8.66667,11.33333],"texture":"#1"},"down":{"uv":[12.16667,9.33333,11.33333,10.16667],"texture":"#1"}}},{"from":[7.7475,16.87746,2.24566],"to":[8.2525,19.39746,7.28566],"rotation":{"angle":22.5,"axis":"x","origin":[8.3775,17.50746,4.13566]},"faces":{"north":{"uv":[12,5.33333,12.33333,7],"texture":"#1"},"east":{"uv":[4,0,7.33333,1.66667],"texture":"#1"},"south":{"uv":[12,7.33333,12.33333,9],"texture":"#1"},"west":{"uv":[4,2,7.33333,3.66667],"texture":"#1"},"up":{"uv":[6.33333,12.66667,6,9.33333],"texture":"#1"},"down":{"uv":[7,10,6.66667,13.33333],"texture":"#1"}}},{"from":[7.7538,15.99583,2.72784],"to":[8.2462,18.51583,6.50784],"rotation":{"angle":-22.5,"axis":"x","origin":[8.3838,16.62583,4.61784]},"faces":{"north":{"uv":[10,12,10.33333,13.66667],"texture":"#1"},"east":{"uv":[6.66667,4,9.16667,5.66667],"texture":"#1"},"south":{"uv":[10.66667,12,11,13.66667],"texture":"#1"},"west":{"uv":[6.66667,6,9.16667,7.66667],"texture":"#1"},"up":{"uv":[5,13.16667,4.66667,10.66667],"texture":"#1"},"down":{"uv":[5.66667,10.66667,5.33333,13.16667],"texture":"#1"}}},{"from":[7.7601,14.18651,3.1128],"to":[8.2399,16.70651,5.8928],"rotation":{"angle":0,"axis":"x","origin":[8.3901,14.81651,5.0028]},"faces":{"north":{"uv":[12,10.66667,12.33333,12.33333],"texture":"#1"},"east":{"uv":[7.33333,0,9.16667,1.66667],"texture":"#1"},"south":{"uv":[11.33333,12,11.66667,13.66667],"texture":"#1"},"west":{"uv":[7.33333,2,9.16667,3.66667],"texture":"#1"},"up":{"uv":[0.33333,13.83333,0,12],"texture":"#1"},"down":{"uv":[12.33333,0,12,1.83333],"texture":"#1"}}},{"from":[7.77396,13.55651,3.89566],"to":[8.22604,16.07651,6.41566],"rotation":{"angle":-45,"axis":"x","origin":[8.40396,14.18651,5.78566]},"faces":{"north":{"uv":[12.66667,0,13,1.66667],"texture":"#1"},"east":{"uv":[6.66667,8,8.33333,9.66667],"texture":"#1"},"south":{"uv":[12.66667,2,13,3.66667],"texture":"#1"},"west":{"uv":[8.66667,8,10.33333,9.66667],"texture":"#1"},"up":{"uv":[3,14.33333,2.66667,12.66667],"texture":"#1"},"down":{"uv":[3.66667,12.66667,3.33333,14.33333],"texture":"#1"}}},{"from":[8,11,1],"to":[8,21,7],"rotation":{"angle":0,"axis":"y","origin":[8,16,4]},"faces":{"north":{"uv":[0,0,0,6.66667],"texture":"#1"},"east":{"uv":[4,0,0,6.66667],"texture":"#1"},"south":{"uv":[0,0,0,6.66667],"texture":"#1"},"west":{"uv":[0,0,4,6.66667],"texture":"#1"},"up":{"uv":[0,4,0,0],"texture":"#1"},"down":{"uv":[0,0,0,4],"texture":"#1"}}},{"from":[7.5,16,8.7],"to":[8.5,17,9.7],"rotation":{"angle":0,"axis":"y","origin":[7.5,15,9.7]},"faces":{"north":{"uv":[8.66667,12.66667,8,13.33333],"texture":"#1"},"east":{"uv":[13.33333,7.33333,12.66667,8],"texture":"#1"},"south":{"uv":[8,12.66667,7.33333,13.33333],"texture":"#1"},"west":{"uv":[13.33333,8,12.66667,8.66667],"texture":"#1"},"up":{"uv":[9.33333,12.66667,8.66667,13.33333],"texture":"#1"},"down":{"uv":[13.33333,9.33333,12.66667,8.66667],"texture":"#1"}}},{"from":[7.495,16.61732,8.62388],"to":[8.505,17.61732,9.62388],"rotation":{"angle":22.5,"axis":"x","origin":[7.52,16.61732,9.62388]},"faces":{"north":{"uv":[13.33333,10,12.66667,10.66667],"texture":"#1"},"east":{"uv":[13.33333,9.33333,12.66667,10],"texture":"#1"},"south":{"uv":[10,12.66667,9.33333,13.33333],"texture":"#1"},"west":{"uv":[13.33333,10.66667,12.66667,11.33333],"texture":"#1"},"up":{"uv":[13.33333,11.33333,12.66667,12],"texture":"#1"},"down":{"uv":[12.66667,13.33333,12,12.66667],"texture":"#1"}}},{"from":[7.5,17.21677,8.78979],"to":[8.5,18.21677,9.78979],"rotation":{"angle":45,"axis":"x","origin":[7.5,17.21677,9.78979]},"faces":{"north":{"uv":[14,0,13.33333,0.66667],"texture":"#1"},"east":{"uv":[13.33333,12.66667,12.66667,13.33333],"texture":"#1"},"south":{"uv":[13.33333,12,12.66667,12.66667],"texture":"#1"},"west":{"uv":[1.33333,13.33333,0.66667,14],"texture":"#1"},"up":{"uv":[14,0.66667,13.33333,1.33333],"texture":"#1"},"down":{"uv":[2,14,1.33333,13.33333],"texture":"#1"}}},{"from":[7.5,15,8.7],"to":[8.5,16,9.2],"rotation":{"angle":0,"axis":"y","origin":[7.5,14,9.7]},"faces":{"north":{"uv":[2.66667,13.33333,2,14],"texture":"#1"},"east":{"uv":[0.33333,14,0,14.66667],"texture":"#1"},"south":{"uv":[14,1.33333,13.33333,2],"texture":"#1"},"west":{"uv":[14.33333,0,14,0.66667],"texture":"#1"},"up":{"uv":[1.33333,14,0.66667,14.33333],"texture":"#1"},"down":{"uv":[14.66667,1,14,0.66667],"texture":"#1"}}},{"from":[7.5,18.30776,10.07012],"to":[8.5,19.30776,10.57012],"rotation":{"angle":45,"axis":"x","origin":[8,18.80776,10.32012]},"faces":{"north":{"uv":[14,2.66667,13.33333,3.33333],"texture":"#1"},"east":{"uv":[1.66667,14,1.33333,14.66667],"texture":"#1"},"south":{"uv":[14,2,13.33333,2.66667],"texture":"#1"},"west":{"uv":[14.33333,1.33333,14,2],"texture":"#1"},"up":{"uv":[2.66667,14,2,14.33333],"texture":"#1"},"down":{"uv":[14.66667,2.33333,14,2],"texture":"#1"}}},{"from":[7.4,15.7,9.05],"to":[8.6,16.2,9.55],"rotation":{"angle":45,"axis":"x","origin":[8,15.95,9.3]},"faces":{"north":{"uv":[14.16667,10,13.33333,10.33333],"texture":"#1"},"east":{"uv":[14.33333,2.66667,14,3],"texture":"#1"},"south":{"uv":[14.16667,9.33333,13.33333,9.66667],"texture":"#1"},"west":{"uv":[14.33333,3.33333,14,3.66667],"texture":"#1"},"up":{"uv":[14.16667,10.66667,13.33333,11],"texture":"#1"},"down":{"uv":[14.16667,11.66667,13.33333,11.33333],"texture":"#1"}}},{"from":[7.4,18,10.05],"to":[8.6,18.5,10.55],"rotation":{"angle":45,"axis":"x","origin":[8,18.25,10.3]},"faces":{"north":{"uv":[14.16667,12,13.33333,12.33333],"texture":"#1"},"east":{"uv":[4.33333,14,4,14.33333],"texture":"#1"},"south":{"uv":[12.83333,13.33333,12,13.66667],"texture":"#1"},"west":{"uv":[14.33333,4,14,4.33333],"texture":"#1"},"up":{"uv":[14.16667,12.66667,13.33333,13],"texture":"#1"},"down":{"uv":[14.16667,13.66667,13.33333,13.33333],"texture":"#1"}}},{"from":[7.7475,16.87746,8.71434],"to":[8.2525,19.39746,13.75434],"rotation":{"angle":-22.5,"axis":"x","origin":[8.3775,17.50746,11.86434]},"faces":{"north":{"uv":[12.33333,7.33333,12,9],"texture":"#1"},"east":{"uv":[7.33333,0,4,1.66667],"texture":"#1"},"south":{"uv":[12.33333,5.33333,12,7],"texture":"#1"},"west":{"uv":[7.33333,2,4,3.66667],"texture":"#1"},"up":{"uv":[6.33333,9.33333,6,12.66667],"texture":"#1"},"down":{"uv":[7,13.33333,6.66667,10],"texture":"#1"}}},{"from":[7.7538,15.99583,9.49216],"to":[8.2462,18.51583,13.27216],"rotation":{"angle":22.5,"axis":"x","origin":[8.3838,16.62583,11.38216]},"faces":{"north":{"uv":[11,12,10.66667,13.66667],"texture":"#1"},"east":{"uv":[9.16667,4,6.66667,5.66667],"texture":"#1"},"south":{"uv":[10.33333,12,10,13.66667],"texture":"#1"},"west":{"uv":[9.16667,6,6.66667,7.66667],"texture":"#1"},"up":{"uv":[5,10.66667,4.66667,13.16667],"texture":"#1"},"down":{"uv":[5.66667,13.16667,5.33333,10.66667],"texture":"#1"}}},{"from":[7.7601,14.18651,10.1072],"to":[8.2399,16.70651,12.8872],"rotation":{"angle":0,"axis":"x","origin":[8.3901,14.81651,10.9972]},"faces":{"north":{"uv":[11.66667,12,11.33333,13.66667],"texture":"#1"},"east":{"uv":[9.16667,0,7.33333,1.66667],"texture":"#1"},"south":{"uv":[12.33333,10.66667,12,12.33333],"texture":"#1"},"west":{"uv":[9.16667,2,7.33333,3.66667],"texture":"#1"},"up":{"uv":[0.33333,12,0,13.83333],"texture":"#1"},"down":{"uv":[12.33333,1.83333,12,0],"texture":"#1"}}},{"from":[7.77396,13.55651,9.58434],"to":[8.22604,16.07651,12.10434],"rotation":{"angle":45,"axis":"x","origin":[8.40396,14.18651,10.21434]},"faces":{"north":{"uv":[13,2,12.66667,3.66667],"texture":"#1"},"east":{"uv":[8.33333,8,6.66667,9.66667],"texture":"#1"},"south":{"uv":[13,0,12.66667,1.66667],"texture":"#1"},"west":{"uv":[10.33333,8,8.66667,9.66667],"texture":"#1"},"up":{"uv":[3,12.66667,2.66667,14.33333],"texture":"#1"},"down":{"uv":[3.66667,14.33333,3.33333,12.66667],"texture":"#1"}}},{"from":[8,11,9],"to":[8,21,15],"rotation":{"angle":0,"axis":"y","origin":[8,12,16]},"faces":{"north":{"uv":[0,0,0,6.66667],"texture":"#1"},"east":{"uv":[0,0,4,6.66667],"texture":"#1"},"south":{"uv":[0,0,0,6.66667],"texture":"#1"},"west":{"uv":[4,0,0,6.66667],"texture":"#1"},"up":{"uv":[0,0,0,4],"texture":"#1"},"down":{"uv":[0,4,0,0],"texture":"#1"}}},{"from":[7.9,9.4,0.2],"to":[7.9,21.4,5.2],"rotation":{"angle":-22.5,"axis":"x","origin":[8,16,3]},"faces":{"north":{"uv":[0,0,0,16],"texture":"#2"},"south":{"uv":[0,0,0,16],"texture":"#2"},"west":{"uv":[0,0,6.66667,16],"texture":"#2"},"up":{"uv":[0,6.66667,0,0],"texture":"#2"},"down":{"uv":[0,0,0,6.66667],"texture":"#2"}}},{"from":[8.1,9.4,0.2],"to":[8.1,21.4,5.2],"rotation":{"angle":-22.5,"axis":"x","origin":[8,16,3]},"faces":{"north":{"uv":[0,0,0,16],"texture":"#2"},"east":{"uv":[6.66667,0,0,16],"texture":"#2"},"south":{"uv":[0,0,0,16],"texture":"#2"},"up":{"uv":[0,6.66667,0,0],"texture":"#2"},"down":{"uv":[0,0,0,6.66667],"texture":"#2"}}},{"from":[8.1,9.4,10.8],"to":[8.1,21.4,15.8],"rotation":{"angle":22.5,"axis":"x","origin":[8,16,13]},"faces":{"north":{"uv":[0,0,0,16],"texture":"#2"},"east":{"uv":[0,0,6.66667,16],"texture":"#2"},"south":{"uv":[0,0,0,16],"texture":"#2"},"up":{"uv":[0,0,0,6.66667],"texture":"#2"},"down":{"uv":[0,6.66667,0,0],"texture":"#2"}}},{"from":[7.9,9.4,10.8],"to":[7.9,21.4,15.8],"rotation":{"angle":22.5,"axis":"x","origin":[8,16,13]},"faces":{"north":{"uv":[0,0,0,16],"texture":"#2"},"south":{"uv":[0,0,0,16],"texture":"#2"},"west":{"uv":[6.66667,0,0,16],"texture":"#2"},"up":{"uv":[0,0,0,6.66667],"texture":"#2"},"down":{"uv":[0,6.66667,0,0],"texture":"#2"}}}],"gui_light":"front","display":{"thirdperson_righthand":{"translation":[0,2.75,1.5]},"thirdperson_lefthand":{"translation":[0,2.75,1.5]},"firstperson_righthand":{"rotation":[-10.8,5.99,7.69],"translation":[-1.25,3,2.75],"scale":[0.6875,0.6875,0.6875]},"firstperson_lefthand":{"rotation":[-10.8,5.99,7.69],"translation":[-1.25,3,2.75],"scale":[0.6875,0.6875,0.6875]},"ground":{"rotation":[2.15,-1.8,-78.97],"translation":[-2.25,-0.25,0],"scale":[1.07227,1.07227,1.07227]},"gui":{"rotation":[90,-135,90],"translation":[-2,-2.25,0],"scale":[0.71289,0.71289,0.71289]},"head":{"scale":[0,0,0]},"fixed":{"rotation":[0,-90,0],"translation":[0,-4,-1.75],"scale":[2.25,2.25,2.25]}}}